indroea;anomes_ci;dia_ci;hci;qci
1010;194512;;1.24;130
1010;194610;;;34.9
1010;194611;;;42.8
1010;194612;;;213.3
1010;194701;;;96.3
1010;194702;;3.12;530
1010;194703;;;136.6
1010;194704;;;42.8
1010;194705;;;25.2
1010;194706;;;6
1010;194707;;;5
1010;194708;;;4
1010;194709;;;6.6
1010;194810;;0.36;
1010;195002;;0.2;
1010;195102;;1.42;
1010;195111;;0.92;
1010;195211;;2;
1010;195403;;0.84;
1010;195501;;1.74;
1010;195609;;0.42;
1010;195702;;0.2;
1010;195803;;1.3;
1018;194512;;4.36;552.2
1018;194610;;;111.26
1018;194611;;;259.7
1018;194612;;;642
1018;194701;;;471.1
1018;194702;;7.2;1185
1018;194703;;;529
1018;194704;;;442.15
1018;194705;;;224.96
1018;194706;;;67.2
1018;194707;;;26.735
1018;194708;;;15.9
1018;194709;;;25.7
1018;194901;;2.9;
1018;195002;;2.6;
1018;195102;;5;
1018;195203;;3.5;
1019;194606;;0.7;15.1
1019;194610;;;1
1019;194611;;;2.4
1019;194612;;;5.8
1019;194701;;;7.4
1019;194702;;0.9;23.9
1019;194703;;;9.55
1019;194704;;;5
1019;194705;;;1.85
1019;194706;;;0.46
1019;194707;;;0.3
1019;194708;;;0.25
1019;194709;;;0.3
1019;194812;;0.4;
1019;195002;;0.24;
1019;195204;;0.5;
1603;200801;15;0.71;6.82
1603;200802;26;0.49;2.62
1603;200803;27;0.58;4.03
1603;200804;9;1.38;30.77
1603;200805;23;0.72;7.07
1603;200806;16;0.6;4.4
1603;200807;1;0.28;0.64
1603;200808;16;0.24;0.43
1603;200809;5;0.3;0.76
1603;200810;9;;1.04
1603;200811;29;0.72;7.07
1603;200812;13;1.18;22.1
1603;200901;29;1.34;28.93
1603;200902;4;0.9;12.08
1603;200903;5;0.58;3.65
1603;200904;18;0.49;2.41
1603;200905;23;0.55;3.2
1603;200906;10;0.47;2.17
1603;200907;23;0.36;1.12
1603;200908;2;0.26;0.5
1603;200909;16;0.2;0.26
1603;200910;22;0.36;1.12
1603;200911;15;1.33;24.93
1603;200912;6;2.21;46.56
1603;201001;14;1.92;39.17
1603;201004;1;0.69;5.6
1603;201005;11;0.46;2.06
1603;201006;11;1.74;34.7
1603;201007;2;0.37;1.2
1603;201008;1;0.24;0.41
1603;201009;8;0.2;0.26
1603;201010;3;0.49;2.41
1603;201011;20;1.22;22.42
1603;201012;8;1.34;25.17
1603;201101;6;2.21;46.56
1603;201102;16;0.98;13.33
1603;201103;1;0.52;2.79
1603;201104;23;0.51;2.65
1603;201105;2;0.42;1.64
1603;201106;1;0.27;0.55
1603;201107;3;0.24;0.41
1603;201108;21;0.18;0.2
1603;201109;2;0.17;0.18
1603;201110;26;0.56;3.35
1603;201111;11;0.35;1.05
1603;201112;16;0.58;3.65
1603;201201;2;0.4;1.46
1603;201202;7;0.37;1.2
1603;201203;1;0.29;0.66
1603;201204;18;0.79;7.83
1603;201205;5;0.5;2.53
1603;201206;18;0.37;1.2
1603;201207;1;0.23;0.37
1603;201208;15;0.19;0.23
1603;201209;25;0.21;0.3
1603;201210;17;0.31;0.78
1603;201211;28;0.44;1.84
1603;201212;14;1.3;24.24
1603;201301;19;2.21;46.56
1603;201302;1;1.19;21.53
1603;201303;29;1.62;31.78
1603;201304;11;1.58;30.82
1603;201305;18;0.6;3.97
1603;201306;9;0.4;1.46
1603;201307;1;0.28;0.6
1603;201308;1;0.22;0.33
1603;201309;28;0.2;0.26
1603;201310;22;0.51;2.65
1603;201311;2;0.62;4.3
1603;201312;24;1.16;20.21
1603;201401;4;1.18;21.09
1603;201402;3;;75.12
1603;201403;3;1.05;15.8
1603;201404;2;0.57;3.49
1603;201405;1;0.45;1.95
1603;201406;1;0.32;0.84
1603;201407;20;0.37;1.2
1603;201408;9;0.21;0.3
1603;201409;11;0.3;0.72
1603;201410;16;0.69;5.6
1603;201411;23;1.18;21.09
1603;201412;13;0.69;5.6
1603;201501;31;1.09;17.333
1603;201502;3;1.11;18.13
1603;201503;3;1.28;23.79
1603;201504;10;0.4;1.46
1603;201505;5;0.47;2.17
1603;201506;5;0.38;1.28
1603;201507;2;0.21;0.3
1603;201508;1;0.19;0.23
1603;201509;16;0.31;0.78
1603;201510;5;0.45;1.95
1603;201511;3;0.37;1.2
1603;201512;30;0.33;0.91
1603;201601;8;2.3;50.9
1603;201602;12;1.82;36.67
1603;201603;7;1.1;17.73
1603;201604;17;0.98;13.33
1603;201605;12;0.65;4.83
1603;201606;1;0.4;1.46
1603;201607;1;0.28;0.6
1603;201608;1;0.22;0.33
1603;201609;15;0.25;0.46
1603;201610;16;0.21;0.297
1603;201611;24;0.53;2.92
1603;201612;16;0.33;0.906
1603;201701;17;0.25;0.456
1603;201702;4;1.76;35.191
1603;201703;23;0.7;5.805
1603;201704;1;0.55;3.2
1603;201705;29;0.72;6.224
1603;201706;1;0.33;0.906
1603;201707;1;0.27;0.552
1603;201708;1;0.16;0.152
1603;201709;1;0.14;0.109
1603;201710;3;0.14;0.109
1603;201711;25;0.28;0.604
1603;201712;10;0.72;6.224
1603;201801;5;0.78;7.584
1603;201802;16;1.12;18.536
1603;201803;15;1.57;30.578
1603;201804;4;1.17;20.647
1603;201805;1;0.43;1.742
1603;201806;9;0.47;2.17
1603;201807;4;0.36;1.123
1603;201808;1;0.24;0.413
1603;201809;5;0.22;0.333
1603;201810;29;0.41;1.549
1603;201811;11;0.61;4.132
1603;201812;15;0.68;5.404
1603;201901;31;0.99;13.666
1603;201902;2;1.27;23.557
1603;201903;6;0.8;8.074
1603;201904;26;0.71;6.012
1603;201905;10;0.51;2.655
1603;201906;7;0.32;0.84
1603;201907;5;0.3;0.716
1603;201908;2;0.21;0.297
1603;201909;22;0.18;0.203
1603;201910;20;0.41;1.549
1603;201911;23;1.6;31.298
1603;201912;19;1.76;35.191
1603;202001;29;0.75;6.884
1603;202002;1;0.59;3.806
1603;202003;5;1.11;18.13
1603;202004;1;0.4;1.457
1603;202005;1;0.38;1.284
1603;202006;12;0.28;0.604
1603;202007;1;0.22;0.333
1603;202008;18;0.25;0.456
1603;202009;20;0.23;0.371
1603;202010;25;0.44;1.844
1603;202011;9;0.5;2.529
1603;202012;11;1.48;28.436
1603;202101;25;1.59;31.058
1603;202102;21;1.31;24.473
1603;202103;1;0.66;5.02
1603;202104;26;0.49;2.406
1603;202105;16;0.46;2.058
1603;202106;22;0.4;1.457
1603;202107;1;0.29;0.659
1603;202108;1;0.22;0.333
1603;202109;15;0.24;0.413
1605;200801;16;1.36;36.63
1605;200802;4;1.03;25.43
1605;200803;28;1.29;34.23
1605;200804;12;;78.29
1605;200805;25;1.61;45.77
1605;200806;1;0.94;22.58
1605;200807;1;0.29;5.03
1605;200808;17;0.23;3.78
1605;200809;6;0.53;10.56
1605;200810;31;0.49;9.59
1605;200811;30;1.67;43.31
1605;200812;15;2.38;86.44
1605;200901;26;2.35;83.8
1605;200902;1;2.01;56.35
1605;200903;5;1.06;24.76
1605;200904;19;0.74;15.92
1605;200905;26;0.7;14.86
1605;200906;11;0.98;22.48
1605;200907;23;0.58;11.79
1605;200908;2;0.19;2.99
1605;200909;17;0.12;1.7
1605;200910;8;0.48;9.34
1605;200911;17;1.61;41.41
1605;200912;7;2.68;114.67
1605;201001;15;2.36;84.68
1605;201002;26;2.54;101.08
1605;201003;1;2;55.61
1605;201004;4;1.14;27.08
1605;201005;9;0.6;12.3
1605;201006;12;2.46;93.64
1605;201007;9;0.38;7.01
1605;201008;1;0.15;2.24
1605;201009;8;0.13;1.87
1605;201010;31;0.52;10.31
1605;201011;22;1.68;43.63
1605;201012;9;2.06;60.1
1605;201101;7;2.69;115.67
1605;201102;17;1.55;39.52
1605;201103;16;0.86;19.15
1605;201104;23;0.67;14.09
1605;201105;2;0.49;9.59
1605;201106;1;0.28;4.82
1605;201107;13;0.13;1.87
1605;201108;1;0.1;1.36
1605;201109;3;0.11;1.53
1605;201110;27;0.66;13.83
1605;201111;12;0.52;10.31
1605;201112;17;0.88;19.7
1605;201201;2;0.67;14.09
1605;201202;8;0.53;10.56
1605;201203;19;0.26;4.4
1605;201204;21;1.5;37.95
1605;201205;9;0.87;19.42
1605;201206;18;0.49;9.59
1605;201207;8;0.19;2.99
1605;201208;1;0.1;1.36
1605;201209;26;0.14;2.05
1605;201210;18;0.38;7.01
1605;201211;29;0.85;18.87
1605;201212;16;1.81;47.82
1605;201301;20;3.11;166.81
1605;201302;3;1.72;44.91
1605;201303;30;2.13;65.52
1605;201304;13;2.17;68.7
1605;201305;19;1.11;26.21
1605;201306;9;0.55;11.05
1605;201307;2;0.31;5.46
1605;201308;1;0.14;2.05
1605;201309;28;0.14;2.05
1605;201310;24;0.66;13.83
1605;201311;5;1.26;30.63
1605;201312;26;1.58;40.46
1605;201401;7;1.73;45.23
1605;201402;9;2.03;57.84
1605;201403;4;1.69;43.95
1605;201404;3;0.79;17.25
1605;201405;1;0.5;9.83
1605;201406;1;0.31;5.46
1605;201407;7;0.27;4.61
1605;201408;4;0.12;1.7
1605;201409;11;0.14;2.05
1605;201410;17;0.92;20.8
1605;201411;24;1.35;33.34
1605;201412;5;1.49;37.64
1605;201501;31;1.7;44.27
1605;201502;5;1.97;53.07
1605;201503;4;2.05;59.34
1605;201504;10;0.48;9.34
1605;201505;5;0.82;18.06
1605;201506;6;0.27;4.61
1605;201507;1;0.13;1.87
1605;201508;29;0.11;1.53
1605;201509;16;0.2;3.18
1605;201510;6;0.5;9.83
1605;201511;23;0.39;7.24
1605;201512;31;0.32;5.68
1605;201601;9;2.67;113.68
1605;201602;13;2.56;102.98
1605;201603;1;1.43;35.79
1605;201604;18;1.54;39.2
1605;201605;13;0.91;20.53
1605;201606;1;0.76;16.45
1605;201607;1;0.34;6.12
1605;201608;1;0.15;2.24
1605;201609;15;0.16;2.42
1605;201610;14;0.21;3.381
1605;201611;25;0.95;21.641
1605;201612;17;0.35;6.337
1605;201701;18;0.26;4.396
1605;201702;6;1.93;51.75
1605;201703;24;1.13;26.789
1605;201704;2;0.64;13.313
1605;201705;29;1.09;25.627
1605;201706;1;0.52;10.312
1605;201707;1;0.28;4.816
1605;201708;28;0.1;1.357
1605;201709;1;0.09;1.192
1605;201710;1;0.08;1.032
1605;201711;25;0.18;2.797
1605;201712;12;1.13;26.789
1605;201801;12;1.33;32.735
1605;201802;18;1.66;42.994
1605;201803;31;2;55.614
1605;201804;1;2.02;57.094
1605;201805;1;0.54;10.802
1605;201806;9;0.79;17.249
1605;201807;5;0.76;16.446
1605;201808;1;0.2;3.184
1605;201809;4;0.11;1.526
1605;201810;29;0.55;11.049
1605;201811;12;1.07;25.05
1605;201812;19;1.1;25.917
1605;201901;31;1.39;34.56
1605;201902;2;2.11;63.952
1605;201903;7;1.24;30.032
1605;201904;26;1.07;25.05
1605;201905;10;0.95;21.641
1605;201906;8;0.37;6.785
1605;201907;6;0.25;4.189
1605;201908;1;0.1;1.357
1605;201909;21;0.13;1.874
1605;201910;20;0.62;12.803
1605;201911;16;2.3;79.485
1605;201912;20;2.52;99.202
1605;202001;30;1.38;34.255
1605;202002;1;1.05;24.476
1605;202003;6;1.74;45.556
1605;202004;19;0.6;12.297
1605;202005;2;0.65;13.569
1605;202006;13;0.28;4.816
1605;202007;1;0.15;2.235
1605;202008;13;0.46;8.869
1605;202009;15;0.13;1.874
1605;202010;25;0.58;11.795
1605;202011;9;0.85;18.874
1605;202012;12;2.19;70.32
1605;202101;26;2.46;93.644
1605;202102;13;1.92;51.42
1605;202103;2;1;23.05
1605;202104;26;0.77;16.713
1605;202105;16;0.89;19.972
1605;202106;23;0.72;15.388
1605;202107;1;0.35;6.337
1605;202108;1;0.14;2.053
1605;202109;16;0.14;2.913
1607;197410;;;0.79
1607;197411;;;21.58
1607;197412;;;4.4
1607;197501;;;47.8
1607;197502;;;24
1607;197503;10;2.04;98
1607;197504;;;27.86
1607;197505;;;14.76
1607;197506;;;6.52
1607;197507;;;1.43
1607;197508;;;0.53
1607;197509;;;42.34
1607;197610;;;43.42
1607;197611;;;72.2
1607;197612;9;2.84;162.2
1607;197701;;;151
1607;197702;;;145.4
1607;197703;;;56
1607;197704;;;54.8
1607;197705;;;43.42
1607;197706;;;32.2
1607;197707;;;69.4
1607;197708;;;20.74
1607;197709;;;14.76
1607;197710;;;78
1607;197711;;;18.94
1607;197712;;;78.5
1607;197801;;;127
1607;197802;;;119
1607;197803;2;2.67;148.6
1607;197804;;;68
1607;197805;;;43.96
1607;197806;;;34
1607;197807;;;15.18
1607;197808;;;2.39
1607;197809;;;1.43
1607;197903;;;92
1607;197904;;;92
1607;197905;;;7576
1607;197906;;;7059
1607;197907;;;3.48
1607;197908;;;2.22
1607;198102;;;73.17
1607;198103;;;70.59
1607;198104;;;46.7
1607;198105;;;74.25
1607;198106;;;31.87
1607;198107;;;3.24
1607;198108;;;1.05
1607;198109;;;5.7
1607;198110;;;14.86
1607;198111;;;2.22
1607;198112;;;153
1607;198201;1;2.67;154
1607;198202;;;39.64
1607;198203;;;29.32
1607;198204;;;5.7
1607;198205;;;7.8
1607;198206;;;6.6
1607;198207;;;3.72
1607;198208;;;2.42
1607;198209;;;2.22
1607;198210;;;38.08
1607;198211;;;50
1607;198212;;;109.294
1607;198301;;;20.31
1607;198302;;;114.667
1607;198303;;;46.7
1607;198304;;;113.833
1607;198305;;;91.25
1607;198306;;;62.6
1607;198307;;;14.12
1607;198308;;;7.2
1607;198310;;;3.48
1607;198311;;;12.64
1607;198312;24;1.92;89
1607;198401;;;75.759
1607;198402;;;89
1607;198403;;;65.6
1607;198404;;;87.5
1607;198405;;;58.4
1607;198406;;;54.8
1607;198407;;;42.34
1607;198408;;;2.22
1607;198409;;;2.415
1607;198410;;;93.5
1607;198411;;;89.75
1607;198412;;;95.75
1607;198501;;;101.882
1607;198502;15;2.34;124.667
1607;198503;;;78.345
1607;198504;;;71.233
1607;198505;;;29.74
1607;198506;;;25.96
1607;198507;;;4.68
1607;198508;;;3.24
1607;198509;;;0.92
1607;198510;;;1.44
1607;198511;;;19.9
1607;198512;;;47.8
1607;198601;;;93.5
1607;198602;17;2.3;121.333
1607;198603;;;69.293
1607;198604;;;68
1607;198605;;;38.08
1607;198606;;;10.85
1607;198607;;;2.61
1607;198608;;;1.05
1607;198609;;;27.92
1607;198610;22;0.22;3.48
1607;198611;15;1.08;38.08
1607;198612;22;1.3;50
1607;198701;13;0.95;31.337
1607;198702;17;1.27;48.35
1607;198703;28;1.12;40.18
1607;198704;4;1.5;62
1607;198705;11;0.52;12.64
1607;198706;14;0.68;19.04
1607;198707;18;0.64;17.32
1607;198708;6;0.17;2.415
1607;198711;26;2.18;81.461
1607;198712;10;1.58;46.821
1607;198801;31;2.29;88.721
1607;198802;7;2.4;96.066
1607;198803;31;1.04;22.826
1607;198804;14;1.42;38.969
1607;198805;4;1.69;52.557
1607;198806;16;1.5;42.8
1607;198807;7;1.1;25.104
1607;198808;1;0.36;3.682
1607;198809;3;0.26;2.108
1607;198810;14;0.36;3.683
1607;198811;12;0.26;2.108
1607;198812;2;0.36;3.683
1607;198901;7;0.48;6.038
1607;198902;27;1.36;36.191
1607;198903;2;1.58;46.821
1607;198904;14;1.6;47.826
1607;198905;31;0.86;16.444
1607;198906;1;0.87;16.777
1607;198907;10;0.2;1.337
1607;198908;20;0.22;1.587
1607;198909;13;0.2;1.337
1607;198910;25;0.17;1.024
1607;198911;26;0.34;3.339
1607;198912;22;2.48;101.738
1607;199001;31;1.4;38.011
1607;199002;2;1.62;48.877
1607;199003;1;0.54;7.389
1607;199004;23;0.91;18.123
1607;199005;1;0.48;6.038
1607;199006;1;0.27;2.252
1607;199007;2;0.18;1.128
1607;199008;5;0.12;0.57
1607;199009;10;0.08;0.293
1607;199010;31;1.18;28.346
1607;199011;27;1.68;52.032
1607;199012;31;1.84;60.85
1607;199101;12;2.61;110.995
1607;199102;10;1.94;66.647
1607;199103;24;1.6;47.826
1607;199104;6;1.2;29.157
1607;199105;3;0.94;19.162
1607;199106;8;0.73;12.409
1607;199107;8;0.56;7.865
1607;199108;2;0.3;2.686
1607;199109;30;1.1;25.104
1607;199110;1;0.7;17.693
1607;199111;16;1.53;48.749
1607;199112;1;0.52;12.122
1607;199201;10;0.95;26.121
1607;199202;13;0.52;12.122
1607;199203;31;1.4;43.295
1607;199204;2;1.64;53.524
1607;199205;19;0.46;10.346
1607;199206;8;0.74;18.991
1607;199207;2;0.31;6.024
1607;199208;31;0.6;14.545
1607;199209;26;0.78;20.307
1607;199210;31;2.12;77.708
1607;199211;1;2.11;77.083
1607;199212;7;2.5;93.215
1607;199301;13;1.17;22.266
1607;199302;28;0.55;9.262
1607;199303;5;0.84;15.291
1607;199304;27;2.37;82.529
1607;199305;24;1.42;29.243
1607;199306;11;1.2;22.916
1607;199307;1;0.84;15.291
1607;199308;27;0.91;16.757
1607;199309;14;0.71;12.579
1607;199311;30;1.5;32.055
1607;199312;30;1.66;38.711
1607;199401;7;3.1;152.029
1607;199402;8;1.68;40.776
1607;199403;3;0.78;15.401
1607;199404;24;0.72;14.009
1607;199405;21;1.36;29.592
1607;199406;19;0.82;16.337
1607;199407;17;0.37;6.232
1607;199408;12;0.19;2.578
1607;199409;26;0.76;14.935
1607;199411;10;1.3;27.962
1607;199412;31;2.06;60.597
1607;199501;2;3.08;149.826
1607;199502;18;2.38;83.279
1607;199503;6;2.17;67.814
1607;199504;23;0.58;10.82
1607;199505;17;0.54;9.925
1607;199506;1;0.21;2.965
1607;199507;2;0.19;2.578
1607;199508;3;0.13;1.46
1607;199509;21;0.32;5.185
1607;199510;5;0.3;4.769
1607;199511;17;1.56;36.04
1607;199512;31;2.5;93.215
1607;199601;1;2.61;102.587
1607;199602;14;1.46;32.586
1607;199603;1;0.98;20.136
1607;199604;2;1.94;53.371
1607;199605;19;1.94;53.371
1607;199606;3;0.44;7.73
1607;199608;7;0.16;2.009
1607;199609;22;0.23;3.36
1607;199610;15;0.32;5.185
1607;199611;24;2.06;60.597
1607;199612;8;1.54;35.313
1607;199701;10;1.8;46.157
1607;199702;15;0.95;19.417
1607;199703;1;0.51;9.261
1607;199704;28;0.28;3.964
1607;199705;20;0.7;13.547
1607;199706;3;0.91;18.463
1607;199707;1;0.38;6.378
1607;199708;11;0.45;7.945
1607;199709;20;0.21;2.315
1607;199710;21;1.1;23.038
1607;199711;13;2.12;64.533
1607;199712;3;2.06;60.597
1607;199801;1;1.51;34.221
1607;199802;22;0.7;13.547
1607;199803;5;0.92;18.702
1607;199804;12;2.2;69.782
1607;199805;2;3.02;143.219
1607;199806;2;1;20.616
1607;199807;3;0.81;16.102
1607;199808;3;0.19;2.578
1607;199809;27;0.29;4.566
1607;199810;25;0.25;3.754
1607;199811;3;0.45;7.945
1607;199812;31;0.98;20.136
1607;199901;27;1.38;30.136
1607;199902;10;1.04;21.585
1607;199904;22;1.62;38.316
1607;199905;20;1.45;32.268
1607;199906;2;0.84;16.807
1607;199907;6;0.29;4.566
1607;199908;10;0.22;3.162
1607;199909;22;0.81;16.102
1607;199910;25;1.27;27.22
1607;199911;3;1.48;33.221
1607;199912;16;2.42;86.466
1607;200001;16;2.04;59.284
1607;200002;12;0.62;11.722
1607;200003;29;0.53;9.704
1607;200004;15;1.96;54.467
1607;200005;6;1.35;29.321
1607;200006;1;0.4;6.868
1607;200007;5;0.24;3.557
1607;200008;4;0.14;1.64
1607;200009;30;0.16;2.009
1607;200010;31;0.8;15.867
1607;200011;8;2.63;104.462
1607;200012;8;4.4;
1607;200102;8;2.1;63.221
1607;200103;22;2.87;127.613
1607;200104;1;1.74;43.42
1607;200105;4;1.09;22.796
1607;200106;11;0.28;4.363
1607;200107;6;0.29;4.566
1607;200108;28;0.18;2.388
1607;200109;23;0.63;11.949
1607;200110;23;1.24;26.477
1607;200111;11;0.38;6.444
1607;200112;31;0.51;9.261
1607;200201;24;1.36;29.592
1607;200202;4;1.4;30.679
1607;200203;17;0.96;19.657
1607;200204;13;1.46;32.586
1607;200205;14;0.73;14.24
1607;200206;8;0.76;14.935
1607;200207;1;0.26;3.957
1607;200208;11;0.16;2.009
1607;200209;18;0.16;2.009
1607;200210;25;1.06;22.069
1607;200211;24;2.34;80.28
1607;200212;2;2.22;71.282
1607;200301;22;2.27;75.031
1607;200302;5;1.68;40.776
1607;200303;4;1.54;35.313
1607;200304;20;0.52;9.482
1607;200305;1;0.49;8.82
1607;200306;3;0.27;4.16
1607;200307;28;0.24;3.557
1607;200308;1;0.16;2.009
1607;200309;10;0.13;1.46
1607;200310;30;0.9;18.225
1607;200311;17;1.7;41.596
1607;200312;4;2.7;111.023
1607;200401;28;1.58;36.768
1607;200402;1;0.84;16.807
1607;200403;12;0.71;13.778
1607;200404;21;0.74;14.471
1607;200405;10;0.86;17.279
1607;200501;14;0.98;14.012
1607;200502;23;0.86;10.506
1607;200503;7;0.9;11.635
1607;200504;22;0.98;14.012
1607;200505;16;1.08;17.182
1607;200506;1;0.58;3.694
1607;200507;1;0.49;2.3
1607;200508;2;0.4;1.338
1607;200509;12;0.45;1.82
1607;200510;20;0.54;3.01
1607;200511;15;1.16;19.873
1607;200512;3;1.26;39.417
1607;200601;1;1.02;26.058
1607;200602;22;2.06;98.276
1607;200603;25;1.66;66.356
1607;200604;6;0.94;22.099
1607;200605;1;0.57;7.566
1607;200606;2;0.42;3.581
1607;200607;5;0.32;1.644
1607;200608;28;0.3;1.313
1607;200609;26;0.32;1.644
1607;200610;24;1.46;52.217
1607;200611;29;2.24;114.772
1607;200612;10;2.46;136.892
1607;200701;26;1.12;31.342
1607;200702;25;1.54;57.729
1607;200703;8;1.04;27.099
1607;200704;1;0.86;18.434
1607;200705;3;0.67;10.868
1607;200706;15;0.58;7.874
1607;200707;24;0.48;5.029
1607;200710;25;0.35;2.14
1607;200711;22;0.43;3.809
1607;200712;10;0.49;5.284
1607;200801;17;1.03;26.579
1607;200802;4;0.8;15.859
1607;200803;28;0.99;24.527
1607;200804;11;1.9;84.779
1607;200805;25;1.22;37.022
1607;200806;1;0.76;14.245
1607;200807;1;0.44;4.036
1607;200808;17;0.4;3.127
1607;200809;6;0.57;7.566
1607;200810;30;0.51;5.34
1607;200811;30;1.28;37.25
1607;200812;15;1.98;137.5
1607;200901;26;2.06;154.44
1607;200902;1;1.62;70.09
1607;200903;5;0.95;24.51
1607;200904;19;0.77;14.65
1607;200905;26;0.71;12.01
1607;200906;11;0.86;19.21
1607;200907;23;0.61;8.28
1607;200908;3;0.41;3.13
1607;200909;18;0.34;1.98
1607;200910;25;0.59;7.63
1607;200911;17;1.41;40.64
1607;200912;7;2.54;269.1
1607;201001;15;2.33;216.32
1607;201002;26;2.39;231
1607;201003;1;1.96;133.37
1607;201004;4;1.1;32.5
1607;201005;9;0.69;11.2
1607;201006;12;2.17;178.8
1607;201007;9;0.53;5.87
1607;201008;2;0.38;2.6
1607;201009;9;0.34;1.98
1607;201010;31;0.65;9.67
1607;201011;22;1.66;76.81
1607;201012;9;1.94;129.28
1607;201101;8;2.52;263.91
1607;201102;17;1.57;61.99
1607;201103;16;0.93;23.27
1607;201104;23;0.85;18.67
1607;201105;2;0.62;8.62
1607;201106;1;0.49;4.84
1607;201107;14;0.36;2.28
1607;201108;8;0.32;1.7
1607;201109;3;0.32;1.7
1607;201110;27;0.66;10.04
1607;201111;12;0.61;8.28
1607;201112;17;0.86;19.21
1607;201201;2;0.73;12.86
1607;201202;8;0.63;8.96
1607;201203;19;0.49;4.84
1607;201204;20;1.56;60.41
1607;201205;9;0.89;20.89
1607;201206;18;0.63;8.96
1607;201207;8;0.45;3.93
1607;201208;1;0.33;1.84
1607;201209;26;0.37;2.43
1607;201210;18;0.54;6.056
1607;201211;29;0.8;15.982
1607;201212;15;1.75;58.22
1607;201301;20;3.33;235.632
1607;201302;3;1.84;62.517
1607;201303;30;2;74.192
1607;201304;12;2.05;78.377
1607;201305;19;1.12;30.892
1607;201306;9;0.63;8.86
1607;201307;1;0.46;4.076
1607;201308;1;0.36;2.225
1607;201309;29;0.36;2.225
1607;201310;22;0.72;12.321
1607;201311;5;1.37;41.124
1607;201312;26;1.58;50.356
1607;201401;7;1.81;61.074
1607;201402;9;1.96;70.934
1607;201403;4;1.69;55.406
1607;201404;2;0.81;16.479
1607;201405;1;0.63;8.86
1607;201406;1;0.5;5.008
1607;201407;7;0.46;4.076
1607;201408;4;0.34;1.932
1607;201409;12;0.37;2.381
1607;201410;17;0.92;22.568
1607;201411;17;1.36;40.699
1607;201412;4;1.44;44.14
1607;201501;31;1.95;70.132
1607;201502;1;1.95;70.132
1607;201503;4;1.88;64.66
1607;201504;10;0.63;8.96
1607;201505;5;0.95;24.43
1607;201506;1;0.44;3.65
1607;201507;3;0.36;2.23
1607;201508;29;0.36;2.23
1607;201509;16;0.47;4.3
1607;201510;6;0.62;8.52
1607;201511;23;0.59;7.53
1607;201512;31;0.51;5.26
1607;201601;9;2.51;122.91
1607;201602;13;2.62;135.2
1607;201603;8;1.43;43.7
1607;201604;18;1.61;51.72
1607;201605;13;0.76;14.08
1607;201606;1;0.69;11.09
1607;201607;1;0.45;3.86
1607;201608;1;0.35;2.08
1607;201609;1;0.3;1.42
1607;201610;14;0.43;3.451
1607;201611;25;0.88;20.222
1607;201612;17;0.54;6.056
1607;201701;18;0.49;4.764
1607;201702;6;1.89;65.427
1607;201703;24;1.27;36.928
1607;201704;2;0.74;13.183
1607;201705;29;0.86;19.106
1607;201706;1;0.55;6.336
1607;201707;1;0.43;3.451
1607;201708;29;0.3;1.419
1607;201709;1;0.29;1.305
1607;201710;19;0.29;1.305
1607;201711;26;0.39;2.711
1607;201712;12;1.43;43.705
1607;201801;12;1.36;40.699
1607;201802;18;1.67;54.477
1607;201803;31;1.92;67.757
1607;201804;1;1.92;67.757
1607;201805;1;0.64;9.212
1607;201806;9;0.7;11.493
1607;201807;5;0.59;7.535
1607;201808;1;0.37;2.381
1607;201809;8;0.35;2.076
1607;201810;29;0.62;8.517
1607;201811;11;1.17;32.868
1607;201812;20;1.19;33.669
1607;201901;31;1.45;44.576
1607;201902;3;1.96;70.934
1607;201903;7;1.39;41.979
1607;201904;26;1.09;29.724
1607;201905;10;0.97;25.187
1607;201906;8;0.52;5.517
1607;201907;6;0.41;3.068
1607;201908;1;0.33;1.795
1607;201909;22;0.35;2.076
1607;201910;20;0.69;11.092
1607;201911;16;2.25;96.391
1607;201912;21;2.47;118.597
1607;202001;31;1.56;49.453
1607;202002;1;1.15;32.074
1607;202003;3;1.77;59.167
1607;202004;19;0.71;11.903
1607;202005;2;0.72;12.321
1607;202006;13;0.45;3.861
1607;202007;1;0.37;2.381
1607;202008;13;0.55;6.336
1607;202009;21;0.36;2.225
1607;202010;25;0.73;12.748
1607;202011;10;0.9;21.376
1607;202012;12;1.98;72.553
1607;202101;26;2.25;96.391
1607;202102;13;1.87;63.969
1607;202103;2;1.13;31.284
1607;202104;27;0.89;20.794
1607;202105;17;0.99;25.927
1607;202106;22;0.7;11.493
1607;202107;1;0.51;5.258
1607;202108;1;0.37;2.381
1607;202109;16;0.38;2.543
1608;197410;;;4.62
1608;197411;;;15.85
1608;197412;;;7.8
1608;197501;;;33.3
1608;197502;;;54
1608;197503;10;2;54
1608;197504;;;14.73
1608;197505;;;14.21
1608;197506;;;8.26
1608;197507;;;4.98
1608;197508;;;2.35
1608;197509;;;26.8
1608;197610;;;28.7
1608;197611;;;43.2
1608;197612;;;43.2
1608;197701;27;2.24;63.6
1608;197702;;;61.2
1608;197703;;;41.2
1608;197704;;;42.8
1608;197705;;;26.45
1608;197706;;;18.9
1608;197707;;;29.6
1608;197708;;;14.21
1608;197709;;;9.45
1608;198010;;;10.2
1608;198011;;;39.6
1608;198102;;;37.2
1608;198103;;;47.2
1608;198104;;;29.3
1608;198105;;;28.1
1608;198106;;;20.4
1608;198107;;;4.44
1608;198108;;;2.35
1608;198109;;;9.24
1608;198110;;;18.6
1608;198111;;;5.34
1608;198112;31;3.25;123.3
1608;198201;;;123.3
1608;198202;;;27.45
1608;198203;;;18.9
1608;198204;;;8.04
1608;198205;;;8.52
1608;198206;;;7.8
1608;198207;;;5.7
1608;198208;;;3.13
1608;198209;;;4.26
1608;198210;;;29.74
1608;198211;;;39.685
1608;198301;;;14.8
1608;198307;;;8.28
1608;198308;;;7.59
1608;198310;;;4.44
1608;198311;;;13.3
1608;198312;;;57.405
1608;198401;;;62.94
1608;198402;2;2.2;77
1608;198403;;;42.295
1608;198404;;;58.02
1608;198405;;;55.56
1608;198406;;;36.205
1608;198407;;;24.46
1608;198408;;;5.7
1608;198409;;;4.08
1608;198410;;;71.2
1608;198411;;;62.94
1608;198412;;;71.2
1608;198501;27;2.2;77
1608;198502;;;77
1608;198503;;;49.775
1608;198504;;;46.45
1608;198505;;;21
1608;198506;;;15.7
1608;198507;;;4.98
1608;198508;;;3.435
1608;198509;;;1.845
1608;198604;;;47.4
1608;198605;;;23.68
1608;198606;;;6.75
1608;198607;;;4.44
1608;198608;;;2.66
1608;198609;;;23.68
1608;198610;22;0.47;5.16
1608;198611;15;1.26;29.32
1608;198612;22;1.46;37.95
1608;198701;13;1.13;24.07
1608;198702;17;1.42;35.917
1608;198703;28;1.27;29.74
1608;198704;4;1.62;46.083
1608;198705;11;0.7;10.2
1608;198706;14;0.8;12.7
1608;198707;18;0.72;10.7
1608;198708;3;0.34;2.97
1608;198711;26;2.26;80.9
1608;198712;11;1.68;48.878
1608;198801;31;2.26;80.9
1608;198802;7;2.42;91.483
1608;198803;31;1.11;23.29
1608;198804;14;1.46;37.865
1608;198805;4;1.68;48.878
1608;198806;16;1.5;39.841
1608;198807;7;1.12;23.68
1608;198808;1;0.48;5.326
1608;198809;4;0.37;3.416
1608;198810;14;0.48;5.296
1608;198811;11;0.42;4.197
1608;198812;2;0.56;6.929
1608;198901;7;0.68;9.743
1608;198902;27;1.54;41.251
1608;198903;2;1.72;50.163
1608;198904;14;1.68;48.114
1608;198905;31;0.9;15.946
1608;198906;1;0.9;15.946
1608;198907;9;0.36;2.44
1608;198908;18;0.37;2.616
1608;198909;13;0.3;1.493
1608;198910;24;0.39;2.967
1608;198911;27;0.57;6.805
1608;198912;22;2.52;98.872
1608;199001;31;1.46;37.534
1608;199003;1;0.68;9.636
1608;199004;24;0.99;18.872
1608;199005;1;0.59;7.292
1608;199006;2;0.34;2.111
1608;199007;1;0.28;1.232
1608;199008;27;0.26;0.971
1608;199009;30;0.26;0.971
1608;199010;31;1.42;35.723
1608;199011;27;1.88;58.732
1608;199012;31;1.92;60.966
1608;199101;12;2.57;102.331
1608;199102;10;1.95;62.676
1608;199103;13;1.7;49.115
1608;199104;6;1.3;30.537
1608;199105;3;1.02;19.908
1608;199106;8;0.88;15.334
1608;199107;8;0.7;10.175
1608;199108;2;0.44;3.92
1608;199109;30;1.02;19.908
1608;199110;15;0.76;11.843
1608;199111;16;1.72;50.163
1608;199112;1;0.87;15.029
1608;199201;10;1.14;24.238
1608;199202;13;0.72;10.731
1608;199203;31;1.52;40.297
1608;199204;2;1.72;50.163
1608;199205;3;0.6;7.536
1608;199206;8;0.82;13.54
1608;199207;2;0.45;4.115
1608;199208;31;0.84;14.125
1608;199209;26;0.92;16.584
1608;199210;31;2.21;78.251
1608;199211;1;2.2;77.603
1608;199212;7;2.54;94.203
1608;199301;13;1.3;24.21
1608;199302;28;0.75;11.701
1608;199303;5;1.02;17.819
1608;199304;27;2.52;92.454
1608;199305;24;1.5;29.865
1608;199306;11;1.41;27.078
1608;199307;1;0.98;16.91
1608;199308;27;1.03;18.047
1608;199309;14;0.84;13.735
1608;199310;14;2.22;68.147
1608;199311;30;1.5;29.865
1608;199312;30;1.66;36.004
1608;199401;7;3.1;152.61
1608;199402;8;1.72;38.615
1608;199403;3;0.92;15.547
1608;199404;24;0.82;13.282
1608;199405;21;1.42;27.387
1608;199406;19;0.89;14.867
1608;199407;17;0.46;5.21
1608;199408;12;0.4;3.884
1608;199409;26;0.86;14.187
1608;199410;23;1.27;23.524
1608;199411;10;1.4;26.768
1608;199412;31;2.2;66.613
1608;199501;2;3.26;172.526
1608;199502;18;2.43;84.58
1608;199503;6;2.22;68.147
1608;199504;23;0.72;11.614
1608;199505;8;0.54;7.491
1608;199506;1;0.37;3.649
1608;199507;4;0.34;2.983
1608;199508;12;0.27;1.455
1608;199509;21;0.62;9.319
1608;199510;5;0.49;6.352
1608;199511;17;1.65;35.586
1608;199512;31;2.56;95.953
1608;199601;1;2.7;109.277
1608;199602;26;2;53.422
1608;199603;1;1.33;25.835
1608;199604;2;2;53.422
1608;199605;19;2;53.422
1608;199606;3;0.58;8.404
1608;199607;26;0.86;14.844
1608;199608;7;0.38;3.872
1608;199609;22;0.53;7.263
1608;199610;15;0.59;8.633
1608;199611;24;2.16;63.975
1608;199612;8;1.62;34.335
1608;199701;10;1.7;37.673
1608;199702;15;1.04;19.027
1608;199703;1;0.72;11.614
1608;199704;28;0.45;5.444
1608;199705;20;0.82;13.919
1608;199706;3;0.97;17.396
1608;199707;1;0.49;6.352
1608;199708;11;0.53;7.263
1608;199709;2;0.35;3.203
1608;199710;;1.27;24.42
1608;199711;13;2.21;67.38
1608;199712;3;2.04;56.06
1608;199801;1;1.64;35.169
1608;199802;22;0.91;14.411
1608;199803;5;1.1;18.93
1608;199804;12;2.27;71.983
1608;199805;2;3.02;143.244
1608;199806;;1.33;24.985
1608;199807;1;0.87;13.492
1608;199808;3;0.36;2.802
1608;199809;27;0.48;5.092
1608;199810;1;0.46;4.697
1608;199811;3;0.64;8.395
1608;199812;31;1.2;21.475
1608;199901;27;1.42;27.527
1608;199902;10;1.18;20.966
1608;199903;9;1.92;48.792
1608;199904;22;1.6;33.5
1608;199905;20;1.51;30.228
1608;199906;2;0.98;16.074
1608;199907;6;0.45;5.091
1608;199908;10;0.4;4.118
1608;199909;22;1;16.51
1608;199910;25;1.38;26.383
1608;199911;3;1.47;28.988
1608;199912;16;2.46;87.205
1608;200001;16;2.06;57.379
1608;200002;12;0.78;11.796
1608;200003;29;0.65;9.1
1608;200004;15;1.97;51.686
1608;200005;6;1.36;25.824
1608;200006;1;0.62;8.489
1608;200007;27;0.4;4.118
1608;200008;24;0.37;3.544
1608;200009;30;0.36;3.353
1608;200010;31;1.02;16.994
1608;200011;8;2.61;100.434
1608;200012;8;4.56;
1608;200101;6;3.3;177.64
1608;200102;9;2.13;61.996
1608;200103;22;2.86;125.641
1608;200104;1;1.77;40.971
1608;200105;4;1.22;22.009
1608;200106;11;0.49;5.88
1608;200107;6;0.5;6.077
1608;200108;28;0.36;3.353
1608;200109;23;0.81;12.427
1608;200110;23;1.38;26.383
1608;200111;11;0.62;8.489
1608;200112;31;0.74;10.959
1608;200201;24;1.5;29.865
1608;200202;4;1.5;29.865
1608;200203;18;1.1;18.93
1608;200204;13;1.56;32.046
1608;200205;14;0.88;13.914
1608;200206;8;0.9;14.342
1608;200207;1;0.44;4.896
1608;200208;12;0.36;3.353
1608;200209;18;0.37;3.544
1608;200210;25;1.27;23.345
1608;200211;24;2.4;81.956
1608;200212;2;2.3;74.284
1608;200301;22;2.35;78.12
1608;200302;5;1.75;40.029
1608;200303;4;1.66;36.004
1608;200304;20;0.72;10.544
1608;200305;1;0.72;10.544
1608;200306;2;0.43;4.702
1608;200307;28;0.42;4.507
1608;200308;1;0.32;2.601
1608;200309;10;0.3;2.227
1608;200310;31;1.09;18.688
1608;200311;17;1.8;42.385
1608;200312;4;2.72;111.241
1608;200401;27;1.66;36.004
1608;200402;1;0.99;16.292
1608;200403;12;0.9;14.342
1608;200404;21;0.88;13.914
1608;200405;10;0.99;16.292
1608;200502;23;0.77;15.31
1608;200503;7;0.72;13.345
1608;200504;22;0.84;18.278
1608;200505;17;0.86;19.175
1608;200506;1;0.38;3.527
1608;200507;2;0.24;1.298
1608;200508;2;0.19;0.765
1608;200509;12;0.23;1.186
1608;200510;20;0.52;6.818
1608;200511;15;1.12;32.783
1608;200512;3;1.17;35.814
1608;200601;1;1.03;27.695
1608;200609;26;0.3;2.108
1608;200705;3;0.61;9.485
1608;200706;15;0.52;6.818
1608;200707;24;0.43;4.581
1608;200708;30;0.32;2.442
1608;200709;1;0.27;1.689
1608;200710;25;0.3;1.559
1608;200711;20;0.39;2.985
1608;200712;10;0.46;4.442
1608;200801;17;1.03;27.695
1608;200802;4;0.8;16.334
1608;200803;28;0.99;25.52
1608;200804;11;1.81;85.787
1608;200805;25;1.11;32.177
1608;200806;1;0.73;13.239
1608;200807;1;0.38;2.809
1608;200808;17;0.35;2.282
1608;200809;6;0.48;4.925
1608;200810;31;0.52;5.72
1608;200811;30;1.22;41.8
1608;200812;15;1.9;125.32
1608;200901;27;1.97;138.4
1608;200902;1;1.53;65.28
1608;200903;5;0.94;23.82
1608;200904;19;0.74;13.39
1608;200905;26;0.68;10.92
1608;200906;11;0.83;17.65
1608;200907;23;0.57;7.14
1608;200908;2;0.36;2.36
1608;200909;7;;37.37
1608;200910;25;0.57;7.14
1608;200911;17;1.31;43.97
1608;200912;7;2.45;241.66
1608;201001;15;2.25;195.83
1608;201002;26;2.31;209.17
1608;201003;1;1.89;123.49
1608;201004;4;1.12;36.34
1608;201005;9;0.67;10.54
1608;201006;12;2.09;162.03
1608;201007;1;0.47;4.48
1608;201008;2;0.32;1.775
1608;201009;8;0.28;1.29
1608;201010;31;0.65;9.79
1608;201011;22;1.62;78.42
1608;201012;9;1.87;119.88
1608;201101;8;2.44;239.28
1608;201102;18;1.55;68.11
1608;201103;16;0.94;23.82
1608;201104;23;0.82;17.14
1608;201105;2;0.58;7.44
1608;201106;1;0.44;3.82
1608;201107;14;0.3;1.52
1608;201108;24;0.26;1.08
1608;201109;3;0.26;1.08
1608;201110;27;0.68;10.92
1608;201111;12;0.62;8.74
1608;201112;17;0.92;22.62
1608;201201;2;0.77;14.73
1608;201202;8;0.63;9.08
1608;201203;19;0.46;4.26
1608;201204;20;1.52;63.88
1608;201205;9;0.91;22.03
1608;201206;18;0.6;8.08
1608;201207;8;0.39;2.86
1608;201208;1;0.27;1.18
1608;201209;26;0.33;1.91
1608;201210;18;0.54;6.277
1608;201211;29;0.85;19.332
1608;201212;15;1.71;54.045
1608;201301;20;3.27;201.704
1608;201302;3;1.82;57.093
1608;201303;30;1.96;63.547
1608;201304;12;2.01;67.214
1608;201305;19;1.15;33.976
1608;201306;9;0.6;8.151
1608;201307;1;0.41;3.171
1608;201308;1;0.31;1.585
1608;201309;29;0.32;1.715
1608;201310;22;0.72;12.81
1608;201311;5;1.33;43.322
1608;201312;26;1.55;49.569
1608;201401;7;1.78;55.987
1608;201402;9;1.91;59.993
1608;201403;4;1.67;52.931
1608;201404;2;0.83;18.224
1608;201405;1;0.61;8.492
1608;201406;1;0.46;4.218
1608;201407;7;0.41;3.171
1608;201408;4;0.28;1.232
1608;201409;12;0.32;1.715
1608;201410;17;0.92;22.64
1608;201411;17;1.31;42.748
1608;201412;4;1.4;45.322
1608;201501;31;1.9;59.295
1608;201502;1;1.9;59.295
1608;201503;4;1.83;57.369
1608;201504;26;0.61;8.49
1608;201505;5;0.91;22.19
1608;201506;1;0.39;2.8
1608;201507;1;0.3;1.46
1608;201508;29;0.31;1.59
1608;201509;16;0.44;3.78
1608;201510;6;0.62;8.84
1608;201511;23;0.58;7.49
1608;201512;31;0.49;4.93
1608;201601;10;2.44;103.5
1608;201602;13;2.55;114.18
1608;201603;8;1.37;44.47
1608;201604;18;1.55;49.57
1608;201605;11;0.76;14.65
1608;201606;1;0.68;11.12
1608;201607;7;0.41;3.17
1608;201608;2;0.3;1.46
1608;201609;16;0.37;2.46
1608;201610;14;0.39;2.801
1608;201611;25;0.94;23.543
1608;201612;17;0.53;5.993
1608;201701;18;0.46;4.218
1608;201702;6;1.81;56.817
1608;201703;24;1.16;34.516
1608;201704;2;0.73;13.255
1608;201705;29;0.79;16.123
1608;201706;1;0.52;5.716
1608;201707;1;0.4;2.983
1608;201708;29;0.25;0.93
1608;201709;1;0.24;0.841
1608;201710;19;0.24;0.841
1608;201711;26;0.36;2.297
1608;201712;12;1.33;43.322
1608;201801;12;1.29;41.874
1608;201802;18;1.6;50.973
1608;201803;31;1.86;58.195
1608;201804;1;1.86;58.195
1608;201805;1;0.63;9.199
1608;201806;9;0.68;11.117
1608;201807;5;0.56;6.87
1608;201808;1;0.32;1.715
1608;201809;8;0.32;1.715
1608;201810;29;0.63;9.199
1608;201811;11;1.16;34.516
1608;201812;20;1.21;37.27
1608;201901;31;1.44;46.46
1608;201902;3;1.89;59.021
1608;201903;7;1.34;43.608
1608;201904;26;1.05;28.794
1608;201905;10;0.93;23.089
1608;201906;8;0.48;4.687
1608;201907;6;0.37;2.458
1608;201908;1;0.27;1.126
1608;201909;22;0.31;1.585
1608;201910;20;0.67;10.716
1608;201911;16;2.14;77.28
1608;201912;21;2.38;97.92
1608;202001;30;1.49;47.876
1608;202002;1;1.16;34.516
1608;202003;3;1.7;53.767
1608;202004;19;0.71;12.373
1608;202005;2;0.72;12.81
1608;202006;13;0.41;3.171
1608;202007;1;0.32;1.715
1608;202008;13;0.52;5.716
1608;202009;21;0.32;1.715
1608;202010;25;0.66;10.324
1608;202011;10;0.79;16.123
1608;202012;12;1.91;59.993
1608;202101;26;2.18;80.534
1608;202102;13;1.79;56.264
1608;202103;2;1;26.348
1608;202104;26;0.79;16.123
1608;202105;17;0.86;20.026
1608;202106;22;0.63;9.199
1608;202107;1;0.45;3.994
1608;202108;1;0.31;1.585
1608;202109;16;0.33;1.851
1609;194501;;;259
1609;194610;;;13.85
1609;194611;;;80.5
1609;194612;;;130
1609;194701;;;95.2
1609;194703;;;169
1609;194704;;;80.5
1609;194705;;;38.5
1609;194706;;;21.6
1609;194707;;;8.5
1609;194708;;;4.48
1609;194709;;;4.75
1609;194901;;2.94;
1609;195002;;1.2;
1609;195102;;3.4;
1609;195204;;1.5;
1609;195211;;2.44;
1609;195402;;2.84;
1609;195501;;2.2;
1609;195604;;3;
1609;195702;;1.3;
1609;195802;;1.96;
1609;195912;;3;
1609;196101;1;;142.6
1609;196111;;3.4;311
1609;196302;21;1.8;88
1609;196403;15;2.25;125.3
1609;196501;21;1.3;56
1617;197510;;;22.6
1617;197511;;;17.03
1617;197512;;;32.15
1617;197601;31;1.26;41
1617;197602;;;30.35
1617;197603;;;23.8
1617;197604;;;8.97
1617;197605;;;6.55
1617;197606;;;1.5
1617;197607;;;2.3
1617;197608;;;1.08
1617;197609;;;1.5
1617;197610;;;36.2
1617;197611;4;2.78;143.3
1617;197612;;;71.3
1617;197701;;;53.25
1617;197702;;;141.6
1617;197703;;;36.2
1617;197704;;;23.4
1617;197705;;;11.42
1617;197706;;;11.42
1617;197707;;;9.59
1617;197708;;;7.42
1617;197709;;;6.3
1617;197710;;;61.37
1617;197711;;;9.9
1617;197712;;;52.2
1617;197801;27;2.7;136.5
1617;197802;;;83
1617;197803;;;67.7
1617;197804;;;32.6
1617;197805;;;18.48
1617;197806;;;7.42
1617;197807;;;3.2
1617;197808;;;1.82
1617;197809;;;0.8
1617;197810;;;0.64
1617;197811;;;0.72
1617;197812;29;3.32;182.94
1617;197901;;;89.057
1617;197902;;;85.271
1617;197903;;;51.675
1617;197904;;;57.45
1617;197905;;;30.8
1617;197906;;;12.18
1617;197907;;;2.66
1617;197908;;;0.72
1617;197909;;;0.56
1617;198010;;;11.04
1617;198011;;;28.6
1617;198102;;;60.8
1617;198103;;;51.15
1617;198104;;;21.8
1617;198105;;;16.66
1617;198106;;;10.66
1617;198211;;;44.5
1617;198212;;;104.5
1617;198301;;;11.8
1617;198302;;;29
1617;198303;;;19.92
1617;198304;;;41
1617;198305;;;48
1617;198306;;;18.12
1617;198307;;;3.02
1617;198308;;;1.98
1617;198309;;;1.22
1617;198310;;;1.5
1617;198311;;;4.3
1617;198312;;;50.1
1617;198401;31;1.96;80.4
1617;198402;;;67.7
1617;198403;;;31.7
1617;198404;;;50.1
1617;198405;;;61.95
1617;198406;;;27.4
1617;198407;;;5.55
1617;198408;;;0.72
1617;198409;;;1.98
1617;198410;;;51.15
1617;198411;;;50.1
1617;198412;;;57.45
1617;198501;;;76.5
1617;198502;15;2.6;128
1617;198503;;;61.95
1617;198504;;;48
1617;198505;;;12.56
1617;198506;;;8.04
1617;198507;;;4.8
1617;198508;;;1.5
1617;198509;;;0.8
1617;198512;;;42
1617;198601;;;97
1617;198602;;;122.4
1617;198603;;;20.28
1617;198604;;;36.2
1617;198605;;;16.66
1617;198606;;;3.86
1617;198607;;;1.66
1617;198608;;;0.64
1617;198609;;;21
1617;198611;14;0.76;19.56
1617;198612;22;1.29;42.5
1617;198701;13;0.78;20.28
1617;198702;17;1.5;53.25
1617;198703;28;0.85;23
1617;198704;5;1.3;43
1617;198705;10;0.42;7.42
1617;198706;13;0.31;4.55
1617;198707;16;0.32;4.8
1617;198708;2;0.1;0.8
1617;198709;1;0.1;0.8
1617;198710;15;2.9;154
1617;198711;13;1.23;39.472
1617;198712;5;1.86;73.806
1617;198801;6;2.86;150.4
1617;198802;6;1.62;59.619
1617;198803;31;0.7;17.4
1617;198804;25;0.73;18.469
1617;198805;3;1.13;34.777
1617;198806;12;0.62;14.445
1617;198807;7;0.46;8.595
1617;198808;1;0.18;1.98
1617;198809;4;0.1;0.8
1617;199111;15;2;83
1617;199112;1;0.5;10.749
1617;199201;10;0.7;17.534
1617;199202;13;0.48;10.1
1617;199203;31;0.8;21
1617;199204;2;1.04;30.758
1617;199205;1;0.3;4.881
1617;199210;30;1.5;53.156
1617;199211;27;1.06;31.638
1617;199212;5;2;83
1617;199301;12;1.03;30.319
1617;199302;1;0.34;5.926
1617;199304;13;0.86;23.38
1617;199305;24;0.72;18.225
1617;199310;13;1.82;71.269
1617;199311;30;0.96;27.366
1617;199312;26;1.78;68.819
1617;199401;6;3.1;172.375
1617;199402;7;1.1;33.396
1617;199403;1;0.6;14.117
1617;199404;10;0.57;13.103
1617;199405;20;1.26;40.944
1617;199406;1;0.43;8.518
1617;199410;22;0.67;16.505
1617;199411;9;0.74;18.916
1617;199412;31;4.49;328.588
1617;199501;1;4;268
1617;199502;17;1.86;73.806
1617;199503;5;2.62;129.7
1617;199504;22;0.38;7.037
1617;199505;6;0.58;13.441
1617;199506;4;0.16;1.894
1617;199507;1;0.3;4.881
1617;199508;1;0.08;0.711
1617;199509;20;0.4;7.604
1617;199510;5;0.23;3.269
1617;199511;16;1.14;35.238
1617;199512;25;1.62;59.619
1617;199601;7;2.16;94.2
1617;199602;26;0.98;29.119
1617;199603;1;0.72;19.092
1617;199604;1;1.26;41.431
1617;199605;18;1.52;54.225
1617;199606;1;0.33;6.016
1617;199607;26;0.28;4.693
1617;199608;8;0.13;1.481
1617;199609;22;0.18;2.411
1617;199610;19;0.26;4.191
1617;199611;22;1.53;54.759
1617;199612;18;0.77;20.915
1617;199701;9;0.96;28.298
1617;199702;1;0.56;13.573
1617;199703;1;0.34;6.289
1617;199704;9;0.15;1.815
1617;199705;31;0.86;24.321
1617;199706;3;0.61;15.256
1617;199707;1;0.3;5.195
1617;199708;7;0.3;5.195
1617;199709;3;0.1;0.981
1617;199710;20;0.43;9.227
1617;199711;12;1.29;42.824
1617;199712;2;2.66;133.1
1617;199801;16;0.88;25.102
1617;199802;1;0.38;7.561
1617;199803;5;0.47;10.562
1617;199804;17;1.5;53.156
1617;199805;1;2.17;94.9
1617;199806;2;0.63;15.937
1617;199807;3;0.35;6.563
1617;199808;2;0.06;0.471
1617;199809;27;0.18;2.411
1617;199910;25;0.56;14.783
1617;199911;2;0.69;19.539
1617;199912;15;2.26;101.5
1617;200001;15;0.52;13.402
1617;200002;12;0.36;8.281
1617;200003;28;0.28;6.009
1617;200004;25;1.49;55.416
1617;200005;6;0.99;31.826
1617;200006;1;0.29;6.279
1617;200007;4;0.13;2.391
1617;200008;20;0.16;3.03
1617;200009;30;0.16;3.03
1617;200010;31;0.57;15.138
1617;200011;6;1.98;81.862
1617;200012;8;3.5;212.5
1617;200101;5;3.58;220.9
1617;200102;8;1.03;33.598
1617;200103;21;2.71;137.35
1617;200104;1;0.86;26.294
1617;200105;2;0.69;19.539
1617;200106;1;0.19;3.719
1617;200107;5;0.25;5.201
1617;200108;28;0.08;1.425
1617;200109;23;0.44;10.752
1617;200110;22;1.02;33.152
1617;200111;11;0.32;7.12
1617;200112;2;0.36;8.281
1617;200201;24;0.64;16.039
1617;200203;13;0.46;9.711
1617;200204;12;0.44;9.067
1617;200205;13;0.54;12.41
1617;200206;8;0.59;14.191
1617;200207;1;0.2;2.495
1617;200208;11;0.13;1.134
1617;200209;21;0.21;2.728
1617;200210;25;0.75;20.321
1617;200211;14;2.21;97.75
1617;200212;2;2.18;95.687
1617;200301;21;1.44;52.737
1617;200302;4;1.12;36.671
1617;200303;1;1.04;32.927
1617;200304;19;0.51;11.376
1617;200306;4;0.26;3.915
1617;200307;27;0.32;5.496
1617;200308;1;0.16;1.677
1617;200310;31;0.78;21.547
1617;200311;15;1.17;39.073
1617;200312;30;1.72;67.422
1617;200401;1;1.06;33.855
1617;200402;1;0.58;13.832
1617;200403;12;0.42;8.44
1617;200404;20;0.62;15.294
1617;200502;21;0.61;8.856
1617;200503;27;0.67;11.294
1617;200504;21;0.94;24.94
1617;200505;16;0.85;20.213
1617;200506;1;0.39;2.704
1617;200507;1;0.3;1.292
1617;200508;2;0.21;0.457
1617;200509;13;0.26;0.866
1617;200510;31;0.7;12.608
1617;200511;2;0.96;26
1617;200512;2;1.47;54.198
1617;200601;1;1.1;33.513
1617;200602;19;1.58;60.031
1617;200603;24;2.12;91.749
1617;200604;5;0.98;27.064
1617;200605;21;0.52;5.846
1617;200606;2;0.3;1.292
1617;200607;1;0.24;0.684
1617;200608;20;0.25;0.759
1617;200609;25;0.31;1.433
1617;200610;23;1.6;61.059
1617;200611;28;3.18;180.075
1617;200612;9;2.76;141.6
1617;200701;25;0.82;18.324
1617;200702;18;2.03;85.842
1617;200703;6;1.1;33.513
1617;200704;1;0.64;8.952
1617;200705;1;0.62;8.153
1617;200706;20;0.52;4.796
1617;200707;4;0.38;2.007
1617;200708;3;0.24;0.751
1617;200709;2;0.2;0.533
1617;200710;7;0.18;0.279
1617;200711;22;0.33;1.202
1617;200712;26;0.34;1.291
1617;200801;16;1.12;28.378
1617;200802;5;0.72;8.978
1617;200803;28;1.2;33.08
1617;200804;8;1.82;71.869
1617;200810;30;0.45;4.24
1617;200811;30;1.01;32.1
1617;200812;13;1.53;66.44
1617;200901;23;2;66.44
1617;200902;5;1.31;56.88
1617;200903;5;0.89;22.48
1617;200904;10;0.66;10.43
1617;200905;25;0.65;10.02
1617;200906;8;0.82;18.21
1617;200907;22;0.64;9.63
1617;200908;2;0.38;2.52
1617;200909;1;0.21;0.55
1617;200910;22;0.49;4.85
1617;200911;16;1.34;54.13
1617;200912;6;3.61;221.12
1617;201001;14;2.03;97.64
1617;201002;25;2.73;148.7
1617;201003;1;1.18;45.19
1617;201004;4;1.01;31.12
1617;201005;9;0.66;10.43
1617;201006;11;1.48;62.34
1617;201007;3;0.42;3.26
1617;201008;1;0.25;0.86
1617;201009;2;0.31;1.5
1617;201010;31;0.93;25.17
1617;201011;21;1.82;83.61
1617;201012;8;2.09;101.76
1617;201101;6;2.19;108.74
1617;201102;16;1.25;49.04
1617;201103;30;1.19;45.74
1617;201104;23;0.62;8.88
1617;201105;30;0.83;18.79
1617;201106;1;0.48;4.6
1617;201107;20;0.27;1.05
1617;201108;8;0.2;0.49
1617;201109;3;0.17;0.32
1617;201110;27;0.5;5.11
1617;201111;11;0.56;6.84
1617;201112;16;1.09;37.85
1617;201201;2;0.68;11.26
1617;201202;6;0.45;3.9
1617;201203;19;0.4;2.88
1617;201204;19;1.49;62.94
1617;201205;9;0.89;22.48
1617;201206;18;0.65;10.02
1617;201207;8;0.36;2.2
1617;201208;1;0.22;0.62
1617;201209;26;0.23;0.69
1617;201210;18;0.46;4.12
1617;201211;30;0.68;11.26
1617;201212;15;1.64;72.12
1617;201301;19;2.93;164.41
1617;201302;2;1.81;82.96
1617;201303;12;1.73;77.8
1617;201304;11;2.2;109.45
1617;201305;20;0.67;10.84
1617;201306;1;0.48;4.6
1617;201307;1;0.31;1.5
1617;201308;1;0.21;0.55
1617;201309;28;0.27;1.05
1617;201310;22;1.02;31.91
1617;201311;5;1.75;79.08
1617;201312;24;1.74;78.44
1617;201401;6;2.03;97.64
1617;201402;5;2.54;134.23
1617;201403;2;1.77;80.37
1617;201404;2;0.8;17.09
1617;201405;23;0.54;6.23
1617;201406;1;0.42;3.26
1617;201407;20;0.43;3.47
1617;201408;11;0.27;1.05
1617;201409;17;0.28;1.15
1617;201410;16;0.87;21.21
1617;201411;15;1.06;35.23
1617;201412;13;0.83;18.79
1617;201501;31;3.95;251.27
1617;201502;3;1.49;62.94
1617;201503;3;1.27;50.16
1617;201504;27;0.65;10.02
1617;201505;5;0.83;18.79
1617;201506;1;0.33;1.76
1617;201507;3;0.22;0.62
1617;201508;29;0.23;0.69
1617;201509;16;0.34;1.9
1617;201510;5;0.65;10.02
1617;201511;22;0.56;6.84
1617;201512;31;0.59;7.82
1617;201601;8;3.15;182.21
1617;201602;13;3.46;208.19
1617;201603;7;1.2;46.28
1617;201604;17;1.27;50.16
1617;201605;14;0.7;12.13
1617;201606;16;0.72;13.04
1617;201607;7;0.6;8.16
1617;201608;1;0.23;0.69
1617;201609;15;0.3;1.37
1617;201610;18;0.25;0.86
1617;201611;25;0.65;10.024
1617;201612;16;0.52;5.649
1617;201701;28;0.38;2.523
1617;201702;5;1.52;64.743
1617;201703;24;0.88;21.837
1617;201704;1;0.66;10.426
1617;201705;14;0.56;6.835
1617;201706;1;0.37;2.356
1617;201707;1;0.36;2.196
1617;201708;28;0.22;0.619
1617;201709;24;0.16;0.273
1617;201710;22;0.17;0.319
1617;201711;25;0.27;1.048
1617;201712;11;1.08;36.963
1617;201801;5;1.45;60.55
1617;201802;17;1.38;56.442
1617;201803;11;1.92;90.211
1617;201804;4;1.31;52.42
1617;201805;1;0.55;6.525
1617;201806;11;0.56;6.835
1617;201807;2;0.5;5.108
1617;201808;9;0.28;1.151
1617;201809;1;0.17;0.319
1617;201810;29;0.37;2.356
1617;201811;25;1.11;39.66
1617;201812;19;1.02;31.914
1617;201901;31;2.57;136.483
1617;201902;1;2.1;102.453
1617;201903;7;1.27;50.162
1617;201904;9;0.98;28.795
1617;201905;10;0.78;16.016
1617;201906;7;0.61;8.515
1617;201907;2;0.33;1.756
1617;201908;10;0.25;0.86
1617;201909;25;0.17;0.319
1617;201910;17;0.48;4.599
1617;201911;23;2.57;136.483
1617;201912;13;3.6;220.253
1617;202001;17;1.66;73.371
1617;202002;1;0.96;27.309
1617;202003;2;1.73;77.803
1617;202004;6;0.64;9.633
1617;202005;1;0.68;11.257
1617;202006;12;0.41;3.067
1617;202007;1;0.27;1.048
1617;202008;21;0.27;1.048
1617;202009;21;0.24;0.774
1617;202010;25;0.66;10.426
1617;202011;9;0.82;18.213
1617;202012;11;2.98;168.407
1617;202101;22;1.92;90.211
1617;202102;21;1.66;73.371
1617;202103;2;0.79;16.549
1617;202104;24;0.69;11.687
1617;202105;16;0.81;17.647
1617;202106;18;0.63;9.251
1617;202107;1;0.36;2.196
1617;202108;2;0.25;0.86
1617;202109;14;0.26;0.951
1619;197310;;;21.5
1619;197311;;;8.56
1619;197312;;;55.35
1619;197401;;;147.75
1619;197402;17;2.48;205
1619;197403;;;62.75
1619;197404;;;23.5
1619;197405;;;37.83
1619;197406;;;23.5
1619;197407;;;12.12
1619;197408;;;2.46
1619;197409;;;4.25
1619;197410;;;8.64
1619;197411;;;72
1619;197412;;;20
1619;197501;;;135.4
1619;197502;;;70.15
1619;197503;10;2.66;232.6
1619;197504;;;24.65
1619;197505;;;25.3
1619;197506;;;9.4
1619;197507;;;4.4
1619;197508;;;2.24
1619;197509;;;33.75
1619;197510;;;33.75
1619;197511;;;53.5
1619;197512;;;95.45
1619;197601;31;1.68;101.2
1619;197602;;;52.67
1619;197603;;;62.75
1619;197604;;;22
1619;197605;;;14.5
1619;197606;;;4.4
1619;197607;;;5.98
1619;197608;;;3.14
1619;197609;;;7.5
1619;197610;;;97.75
1619;197611;4;3.4;370
1619;197612;;;350
1619;197701;;;232.6
1619;197702;;;263.75
1619;197703;;;79
1619;197704;;;53.5
1619;197705;;;34.4
1619;197706;;;24
1619;197707;;;26.6
1619;197708;;;20
1619;197709;;;16
1619;197710;;;164
1619;197711;;;29.2
1619;197712;;;149
1619;197801;29;3.65;420
1619;197802;;;223
1619;197803;;;306
1619;197804;;;74
1619;197805;;;35.7
1619;197806;;;21
1619;197807;;;9.4
1619;197808;;;3.38
1619;197809;;;2.68
1619;197811;;;3.14
1619;197812;;;524
1619;197901;12;3.3;350
1619;197902;;;316
1619;197903;;;140.25
1619;197904;;;156.5
1619;197905;;;74
1619;197906;;;27.9
1619;197907;;;5.6
1619;197908;;;2.68
1619;197909;;;2.02
1619;197910;;;19
1619;197911;;;82
1619;197912;;;130.6
1619;198001;2;1.96;134.2
1619;198002;;;46.9
1619;198003;;;92
1619;198004;;;43.6
1619;198005;;;49.375
1619;198006;;;14.5
1619;198007;;;3.86
1619;198008;;;2.02
1619;198009;;;2.02
1619;198010;;;24
1619;198011;;;70.15
1619;198012;20;4.1;515
1619;198101;;;49.37
1619;198102;;;172.7
1619;198103;;;116.2
1619;198104;;;51.85
1619;198105;;;30.5
1619;198106;;;22
1619;198107;;;4.4
1619;198108;;;2.46
1619;198109;;;7.12
1619;198110;;;19
1619;198111;;;7.5
1619;198112;23;4.5;615
1619;198201;;;215.55
1619;198202;;;49.37
1619;198203;;;35.7
1619;198204;;;18.5
1619;198205;;;9.02
1619;198206;;;11.24
1619;198207;;;14
1619;198208;;;4.4
1619;198209;;;7.88
1619;198210;;;67.375
1619;198211;;;104.65
1619;198212;14;3.3;350
1619;198301;;;31.8
1619;198302;;;113.85
1619;198303;;;45.25
1619;198304;;;121
1619;198305;;;127
1619;198306;;;33.75
1619;198307;;;14.5
1619;198308;;;14.5
1619;198309;;;8.64
1619;198310;;;9.86
1619;198311;;;16
1619;198312;;;199
1619;198401;;;251.8
1619;198403;;;91
1619;198404;;;151.5
1619;198405;;;151.5
1619;198406;;;64.6
1619;198407;;;13.54
1619;198408;;;4.1
1619;198409;;;7.88
1619;198410;;;272.5
1619;198411;;;129.4
1619;198412;;;174.15
1619;198501;;;229.4
1619;198502;15;3.35;360
1619;198503;;;239
1619;198504;;;144
1619;198505;;;31.8
1619;198506;;;23.5
1619;198507;;;8.64
1619;198508;;;3.86
1619;198509;;;2.68
1619;198510;;;1.8
1619;198511;;;38.65
1619;198512;;;177.05
1619;198601;;;258.5
1619;198602;;;402
1619;198603;;;103.5
1619;198604;;;80
1619;198605;;;42.775
1619;198606;;;11.24
1619;198607;;;5
1619;198608;;;2.68
1619;198610;23;0.5;9.4
1619;198611;14;0.96;34.4
1619;198612;22;1.64;96.6
1619;198701;13;1.09;44.425
1619;198702;17;1.86;122.2
1619;198703;28;1.21;54.425
1619;198704;6;1.82;117.4
1619;198706;20;0.8;24
1619;198707;18;0.56;12.16
1619;198708;1;0.34;3.685
1619;198709;28;0.32;3.103
1619;198710;16;3.31;352
1619;198711;25;1.84;119.75
1619;198712;5;2.22;166.9
1619;198801;6;3.56;402
1619;198802;6;2.86;265.5
1619;198803;31;1.02;38.596
1619;198804;25;1.08;43.383
1619;198805;3;1.66;98.75
1619;198806;16;1.14;48.388
1619;198807;3;0.84;26.525
1619;198808;1;0.44;7.105
1619;198809;4;0.34;3.685
1619;198810;23;0.4;5.538
1619;198811;9;0.43;6.661
1619;198901;7;0.71;19.297
1619;198902;28;1.63;95.051
1619;198903;1;2.23;169.713
1619;198904;13;1.7;102.725
1619;198905;1;0.74;20.953
1619;198906;1;0.64;15.667
1619;198907;2;0.37;4.534
1619;198908;6;0.25;1.223
1619;198909;2;0.24;1.049
1619;198910;29;0.28;1.938
1619;198911;22;0.62;14.697
1619;198912;21;4.11;516.281
1619;199001;28;1.6;91.762
1619;199002;2;2.04;144.116
1619;199003;1;0.74;20.953
1619;199004;21;0.78;23.259
1619;199005;1;0.56;11.927
1619;199006;1;0.41;5.913
1619;199007;2;0.31;2.705
1619;199008;1;0.22;0.7
1619;199009;7;0.21;0.525
1619;199010;31;1.64;96.147
1619;199011;26;2.16;160.092
1619;199012;31;2.07;148.11
1619;199101;11;3.8;447.824
1619;199102;10;2.5;209.359
1619;199103;12;2.18;162.754
1619;199104;5;1.3;62.165
1619;199105;3;0.76;22.09
1619;199106;8;0.59;13.278
1619;199107;8;0.46;7.818
1619;199108;2;0.45;7.411
1619;199109;30;1.1;45.271
1619;199110;15;0.96;34.867
1619;199111;16;2.9;274.424
1619;199112;1;0.82;25.663
1619;199201;10;1.08;43.759
1619;199202;13;0.74;20.953
1619;199203;31;1.44;75.421
1619;199204;2;1.81;115.424
1619;199205;3;0.59;13.278
1619;199206;8;0.78;23.259
1619;199207;1;0.46;7.818
1619;199208;31;0.5;9.444
1619;199209;28;0.8;24.429
1619;199210;30;2.22;168.281
1619;199211;27;1.66;98.34
1619;199212;5;3.46;378.094
1619;199301;14;1.5;81.342
1619;199302;1;0.62;14.697
1619;199303;5;0.8;24.429
1619;199304;25;1.28;60.417
1619;199305;27;1.1;45.271
1619;199307;1;0.58;12.828
1619;199308;26;0.56;11.927
1619;199309;14;0.7;18.745
1619;199310;14;3.12;313.43
1619;199311;30;1.38;69.612
1619;199312;27;2.4;194.055
1619;199401;6;4.35;572.083
1619;199402;8;1.68;100.532
1619;199403;1;0.89;30.108
1619;199404;24;0.82;25.663
1619;199405;17;1.62;93.955
1619;199406;1;0.7;18.745
1619;199407;17;0.48;8.631
1619;199408;2;0.35;3.865
1619;199409;28;0.57;12.377
1619;199410;22;1.1;45.271
1619;199411;9;1.1;45.271
1619;199501;2;4.47;600.852
1619;199502;18;2.9;274.424
1619;199503;6;3.53;392.081
1619;199505;23;0.68;17.707
1619;199509;20;0.65;16.151
1619;199510;5;0.56;11.927
1619;199511;16;1.68;100.532
1619;199512;25;2.9;274.424
1619;199601;7;3.22;331.769
1619;199602;26;1.9;126.246
1619;199603;1;1.26;58.67
1619;199604;1;2.23;169.713
1619;199605;18;2.38;191.191
1619;199606;1;0.66;16.67
1619;199607;26;0.46;7.818
1619;199608;1;0.34;3.575
1619;199609;22;0.38;4.869
1619;199610;18;0.59;13.278
1619;199611;23;2.76;250.696
1619;199612;18;1.32;64.027
1619;199701;8;1.71;103.875
1619;199702;15;1.08;43.759
1619;199703;1;0.76;22.09
1619;199704;4;0.46;7.818
1619;199705;31;1.33;64.958
1619;199706;3;1.11;46.087
1619;199707;1;0.75;21.505
1619;199708;7;1.06;42.247
1619;199709;1;0.33;3.285
1619;199710;20;0.81;25.046
1619;199711;12;2.28;176.872
1619;199712;2;3.5;386.087
1619;199801;14;1.42;73.448
1619;199802;22;0.82;25.663
1619;199803;5;0.9;30.757
1619;199804;17;2.78;253.95
1619;199805;1;4.4;583.873
1619;199806;2;1.46;77.395
1619;199807;3;0.77;22.675
1619;199808;2;0.3;2.415
1619;199809;27;0.5;9.444
1619;199810;2;0.7;18.745
1619;199811;3;0.71;19.297
1619;199812;31;1.24;56.922
1619;199901;26;1.46;77.395
1619;199902;25;1.06;42.247
1619;199903;9;2.7;240.934
1619;199904;21;1.66;98.34
1619;199905;20;1.58;89.678
1619;199906;7;0.8;24.429
1619;199907;6;0.45;7.411
1619;199908;10;0.42;6.287
1619;199909;22;0.83;26.28
1619;199910;25;1.12;46.902
1619;199911;2;1.38;69.612
1619;199912;15;3.24;335.584
1619;200001;15;1.3;66.114
1619;200002;23;0.8;25.917
1619;200003;2;0.7;19.674
1619;200004;25;2.36;192.189
1619;200005;11;1.44;79.839
1619;200006;1;0.66;17.379
1619;200007;5;0.43;6.418
1619;200008;20;0.46;7.599
1619;200010;31;1.1;48.35
1619;200011;6;4.1;514.031
1619;200012;8;5;729.409
1619;200101;6;4.15;525.373
1619;200102;8;1.82;121.662
1619;200103;21;3.6;406.069
1619;200104;1;1.66;103.243
1619;200105;2;1.2;56.966
1619;200106;1;0.56;12.107
1619;200107;6;0.7;19.674
1619;200108;29;0.37;4.28
1619;200109;23;0.68;18.526
1619;200110;22;1.62;98.798
1619;200111;11;0.56;12.107
1619;200112;2;0.72;20.89
1619;200201;24;1.24;60.625
1619;200202;3;1.82;121.662
1619;200203;18;0.96;37.232
1619;200204;12;1.12;50.073
1619;200205;14;1.19;56.104
1619;200206;8;1.24;60.625
1619;200207;1;0.48;8.444
1619;200208;11;0.4;5.28
1619;200209;22;0.38;4.614
1619;200210;25;1.17;54.381
1619;200211;14;3.2;327.954
1619;200212;2;3.1;309.799
1619;200301;22;2.65;235.043
1619;200302;5;2.1;156.826
1619;200303;1;1.92;133.767
1619;200304;20;0.84;28.608
1619;200305;1;0.8;25.917
1619;200306;2;0.53;10.679
1619;200307;27;0.54;11.142
1619;200308;1;0.34;3.332
1619;200309;1;0.3;2.202
1619;200310;31;1.22;58.796
1619;200311;16;1.74;112.316
1619;200312;4;3.32;350.844
1619;200401;1;2.26;178.271
1619;200402;1;1;40.286
1619;200403;12;0.77;23.995
1619;200404;20;1.14;51.796
1619;200405;6;1.18;55.243
1619;200502;21;0.67;23.412
1619;200503;27;0.76;30.322
1619;200504;21;1.34;84.918
1619;200506;1;0.41;7.919
1619;200507;1;0.32;4.283
1619;200508;1;0.23;1.647
1619;200509;13;0.28;2.98
1619;200510;20;0.6;18.537
1619;200511;14;1.3;80.855
1619;200512;2;1.83;141.241
1619;200601;1;1.48;99.91
1619;200602;19;2.85;291.644
1619;200603;24;3.19;354.659
1619;200604;1;1.22;72.899
1619;200605;1;0.56;16.005
1619;200606;1;0.37;6.191
1619;200607;7;0.27;2.685
1619;200608;20;0.23;1.647
1619;200609;26;0.27;2.685
1619;200610;25;2.53;153.06
1619;200611;28;4.18;580.16
1619;200612;9;4.14;563.454
1619;200701;25;1.04;52.2
1619;200702;18;3.19;255.14
1619;200703;8;1.4;74.8
1619;200704;1;0.85;38.07
1619;200705;1;0.72;25.26
1619;200706;18;0.56;13.58
1619;200707;24;0.46;8.35
1619;200708;1;0.31;3.15
1619;200709;19;0.25;1.85
1619;200710;15;0.23;1.518
1619;200711;22;0.35;4.534
1619;200712;11;0.39;5.941
1619;200801;16;1.41;87.966
1619;200802;4;0.78;29.719
1619;200803;28;1.84;104.096
1619;200804;10;2.42;145.044
1619;200805;24;1.34;70.942
1619;200806;1;0.86;39.182
1619;200807;12;0.43;7.09
1619;200808;17;0.47;8.859
1619;200809;6;0.47;8.859
1619;200811;30;1.48;80
1619;200812;14;2.52;152.31
1619;200901;24;3.69;397.13
1619;200902;5;1.9;108.23
1619;200903;5;1.12;57.1
1619;200904;19;0.71;24.4
1619;200905;26;0.72;25.26
1619;200906;10;1.02;50.99
1619;200907;23;0.82;34.83
1619;200908;2;0.39;5.56
1619;200909;20;0.25;1.85
1619;200910;25;0.52;11.31
1619;200911;30;1.95;111.68
1619;200912;7;4.03;519.16
1619;201001;15;3.09;231.55
1619;201002;25;3.5;338.18
1619;201003;1;2.98;207.39
1619;201004;4;1.54;83.94
1619;201005;11;0.69;22.74
1619;201006;11;2.25;132.8
1619;201007;3;0.44;7.48
1619;201008;2;0.28;2.451
1619;201009;2;0.26;2.04
1619;201010;31;1.06;53.41
1619;201011;21;3;211.65
1619;201012;9;3.16;247.87
1619;201101;7;3.28;277.61
1619;201102;17;1.88;106.85
1619;201103;30;0.99;49.18
1619;201104;23;0.86;39.18
1619;201105;30;0.95;46.78
1619;201106;1;0.51;10.78
1619;201107;20;0.29;2.67
1619;201108;1;0.22;1.35
1619;201109;4;0.21;1.2
1619;201110;27;0.51;10.78
1619;201111;12;0.59;15.45
1619;201112;17;1.46;78.69
1619;201201;2;0.79;31.77
1619;201202;6;0.55;12.99
1619;201203;19;0.48;9.28
1619;201204;19;2.75;169.29
1619;201205;9;1.26;65.84
1619;201206;16;0.81;33.79
1619;201207;8;0.43;7.07
1619;201208;1;0.28;2.45
1619;201209;26;0.31;3.15
1619;201210;18;0.54;12.41
1619;201211;30;0.91;44.41
1619;201212;15;2.48;149.39
1619;201301;19;4.4;440.58
1619;201302;2;2.86;181
1619;201303;12;2.53;153.05
1619;201304;12;3.2;228.86
1619;201305;19;1.07;54.03
1619;201306;8;0.64;18.89
1619;201307;1;0.41;6.29
1619;201308;1;0.29;2.67
1619;201309;29;0.32;3.41
1619;201310;22;1.33;70.29
1619;201311;5;2.87;182.33
1619;201312;25;2.23;131.37
1619;201401;7;2.68;164.09
1619;201402;5;3.4;259.54
1619;201403;4;2.91;187.7
1619;201404;2;0.9;43.84
1619;201405;23;0.69;22.74
1619;201406;1;0.47;8.81
1619;201407;20;0.44;7.49
1619;201408;4;0.34;3.96
1619;201409;17;0.34;3.96
1619;201410;17;1.02;50.99
1619;201411;17;2.12;123.57
1619;201412;13;1.19;61.44
1619;201501;31;4.68;499.45
1619;201502;1;4.08;377.66
1619;201503;3;2.43;145.76
1619;201504;27;0.77;29.82
1619;201505;5;1.38;73.5
1619;201506;8;0.44;7.48
1619;201507;3;0.29;2.67
1619;201508;29;0.34;3.96
1619;201509;16;0.46;8.35
1619;201510;6;0.69;22.74
1619;201511;23;0.71;24.4
1619;201512;31;0.63;18.16
1619;201601;9;4.54;469.57
1619;201602;13;4.96;561.88
1619;201603;7;2;115.16
1619;201604;17;2.18;127.81
1619;201605;10;0.79;31.77
1619;201606;16;0.85;38.07
1619;201607;7;0.54;12.41
1619;201608;1;0.28;2.45
1619;201609;16;0.39;5.56
1619;201610;17;0.29;2.673
1619;201611;25;0.9;43.838
1619;201612;16;0.55;12.989
1619;201701;29;0.43;7.072
1619;201702;5;2.45;147.21
1619;201703;24;1.29;67.742
1619;201704;1;0.77;29.82
1619;201705;14;0.71;24.405
1619;201706;1;0.45;7.912
1619;201707;1;0.45;7.912
1619;201708;1;0.24;1.675
1619;201709;27;0.25;1.853
1619;201710;22;0.23;1.508
1619;201711;25;0.34;3.959
1619;201712;12;2.2;129.234
1619;201801;5;1.93;110.299
1619;201802;17;2.13;124.275
1619;201803;31;2.82;175.722
1619;201804;1;2.61;158.921
1619;201805;1;0.63;18.165
1619;201806;9;0.79;31.77
1619;201807;2;0.6;16.103
1619;201808;10;0.34;3.959
1619;201809;1;0.24;1.675
1619;201810;29;0.48;9.28
1619;201811;11;1.55;84.596
1619;201812;19;1.52;82.618
1619;201901;31;3.5;275.572
1619;201902;1;3.6;292.068
1619;201903;7;1.88;106.851
1619;201904;26;1.38;73.502
1619;201905;10;1.16;59.572
1619;201906;7;0.74;27.032
1619;201907;1;0.37;4.879
1619;201908;9;0.3;2.906
1619;201909;25;0.24;1.675
1619;201910;20;0.55;12.989
1619;201911;23;3.54;282.115
1619;201912;13;4.22;404.609
1619;202001;17;2.17;127.105
1619;202002;1;1.28;67.107
1619;202003;3;2.76;170.038
1619;202004;30;0.77;29.82
1619;202005;1;0.86;39.182
1619;202006;13;0.46;8.354
1619;202007;1;0.33;3.678
1619;202008;13;0.49;9.765
1619;202009;21;0.38;5.211
1619;202010;25;0.86;39.182
1619;202011;9;0.88;41.471
1619;202012;11;3.88;340.709
1619;202101;26;3.37;254.819
1619;202102;12;3.01;201.449
1619;202103;2;1.02;50.986
1619;202104;26;0.83;35.892
1619;202105;16;1.41;75.44
1619;202106;18;0.81;33.794
1619;202107;8;0.49;9.765
1619;202108;5;0.35;4.253
1619;202109;15;0.33;3.678
1620;200801;16;0.89;20.45
1620;200802;4;0.58;8.02
1620;200803;27;0.65;10.412
1620;200804;9;1.51;49.02
1620;200805;23;;11.141
1620;200806;1;0.49;5.36
1620;200807;1;0.26;1.07
1620;200808;17;0.23;0.79
1620;200809;6;0.38;2.79
1620;200810;7;0.4;3.18
1620;200811;30;0.57;7.7
1620;200812;13;1.09;30.86
1620;200901;29;1.18;36.11
1620;200902;5;1.08;30.3
1620;200903;5;0.69;10.42
1620;200904;10;0.49;4.76
1620;200905;17;0.39;2.82
1620;200906;10;0.65;9.09
1620;200907;23;0.38;2.66
1620;200908;1;0.22;0.76
1620;200909;1;0.14;0.27
1620;200910;8;0.41;3.16
1620;200911;15;1;24.38
1620;200912;6;2.21;116.1
1620;201001;14;1.86;92.47
1620;201002;25;2.26;119.58
1620;201003;1;1.05;27.26
1620;201004;4;0.83;15.91
1620;201005;9;0.53;5.7
1620;201006;11;0.96;22.21
1620;201007;8;0.34;2.06
1620;201008;3;0.19;0.54
1620;201009;2;0.24;0.93
1620;201010;31;0.63;8.46
1620;201011;21;1.11;30.96
1620;201012;8;1.64;75.69
1620;201101;6;2.19;114.71
1620;201102;17;1.07;28.47
1620;201103;27;0.66;9.42
1620;201104;22;0.48;4.54
1620;201105;2;0.59;7.28
1620;201106;1;0.29;1.43
1620;201107;3;0.18;0.48
1620;201108;1;0.12;0.19
1620;201109;1;0.11;0.16
1620;201110;27;0.49;4.76
1620;201111;11;0.45;3.92
1620;201112;16;0.81;15.05
1620;201201;2;0.46;4.12
1620;201202;2;0.3;1.55
1620;201203;18;0.3;1.55
1620;201204;19;0.68;10.08
1620;201205;8;0.73;11.86
1620;201206;16;0.49;4.76
1620;201207;8;0.27;1.22
1620;201208;1;0.16;0.37
1620;201209;26;0.19;0.54
1620;201210;18;0.3;1.55
1620;201211;30;0.43;3.53
1620;201212;14;1.46;58
1620;201301;19;2.16;112.64
1620;201302;2;1.35;48.48
1620;201303;28;1.17;34.93
1620;201304;11;1.72;83.39
1620;201305;17;0.52;5.45
1620;201306;1;0.37;2.5
1620;201307;1;0.26;1.115
1620;201308;1;0.16;0.37
1620;201309;28;0.25;1.02
1620;201310;22;0.78;13.8
1620;201311;2;0.93;20.65
1620;201312;24;1.25;40.64
1620;201401;6;1.91;95.76
1620;201402;5;1.8;88.55
1620;201403;1;1.04;26.67
1620;201404;2;0.63;8.46
1620;201405;1;0.39;2.82
1620;201406;1;0.32;1.79
1620;201407;7;0.26;1.11
1620;201408;11;0.17;0.42
1620;201409;21;0.19;0.54
1620;201410;16;0.68;10.08
1620;201411;15;0.83;15.91
1620;201412;13;0.78;13.8
1620;201501;31;1.56;67.5
1620;201502;3;1.09;29.7
1620;201503;3;1.03;26.09
1620;201504;27;0.44;3.72
1620;201505;4;0.7;10.77
1620;201506;1;0.27;1.22
1620;201507;3;0.15;0.32
1620;201508;18;0.13;0.23
1620;201509;16;0.28;1.32
1620;201510;5;0.46;4.12
1620;201511;22;0.35;2.2
1620;201512;29;0.4;2.99
1620;201601;14;1.94;97.75
1620;201602;12;1.59;70.51
1620;201603;31;0.96;22.21
1620;201604;16;1.01;24.94
1620;201605;28;0.65;9.09
1620;201606;16;0.48;4.54
1620;201607;7;0.64;8.77
1620;201608;1;0.17;0.42
1620;201609;15;0.22;0.76
1620;201610;17;0.2;0.612
1620;201611;25;0.43;3.529
1620;201612;16;0.34;2.061
1620;201701;30;0.26;1.115
1620;201702;5;1.56;67.503
1620;201703;23;0.61;7.861
1620;201704;1;0.53;5.697
1620;201705;12;0.57;6.73
1620;201706;1;0.29;1.432
1620;201707;1;0.24;0.928
1620;201708;28;0.16;0.367
1620;201709;17;0.1;0.125
1620;201710;21;0.2;0.156
1620;201711;26;0.19;0.544
1620;201712;11;0.84;16.356
1620;201801;5;1.03;26.09
1620;201802;17;1.03;26.09
1620;201803;11;1.72;83.391
1620;201804;3;1.11;30.964
1620;201805;1;0.45;3.917
1620;201806;11;0.46;4.119
1620;201807;2;0.36;2.35
1620;201808;22;0.2;0.612
1620;201809;9;0.15;0.316
1620;201810;29;0.35;2.203
1620;201811;10;0.95;21.68
1620;201812;16;0.91;19.646
1620;201901;31;1.07;28.468
1620;201902;2;1.12;31.607
1620;201903;6;1;24.382
1620;201904;8;0.84;16.356
1620;201905;10;0.57;6.73
1620;201906;6;0.37;2.502
1620;201907;4;0.27;1.216
1620;201908;10;0.21;0.684
1620;201909;27;0.12;0.19
1620;201910;17;0.41;3.165
1620;201911;23;1.34;47.658
1620;201912;20;1.73;84.032
1620;202001;30;1.04;26.673
1620;202002;1;0.99;23.827
1620;202003;5;1.29;43.684
1620;202004;6;0.63;8.464
1620;202005;1;0.59;7.283
1620;202006;14;0.32;1.794
1620;202007;2;0.21;0.684
1620;202008;20;0.25;1.019
1620;202009;20;0.15;0.316
1620;202010;25;0.47;4.327
1620;202011;9;0.51;5.217
1620;202012;16;1.14;32.914
1620;202101;22;1.61;72.561
1620;202102;3;1.45;57.096
1620;202103;1;0.62;8.159
1620;202104;24;0.6;7.569
1620;202105;16;0.54;5.946
1620;202106;18;0.52;5.454
1620;202107;3;0.32;1.794
1620;202108;5;0.22;0.761
1620;202109;14;0.21;0.684
1621;194605;;2;282.5
1621;194610;;;73
1621;194611;;;232.8
1621;194612;;;410
1621;194701;;;225.3
1621;194702;22;5.6;1030
1621;194703;;;500
1621;194704;;;243
1621;194705;;;120.3
1621;194706;;;78.7
1621;194707;;;10.4
1621;194708;;;6.45
1621;194709;;;4.65
1621;194901;;1.96;
1621;195002;;1.72;
1621;195102;;2.64;
1621;195201;;1.66;
1621;195211;;2.7;
1621;195402;;2.3;
1621;195501;;2.54;
1621;195604;;3.4;
1621;195702;;1.6;
1621;195802;;2;
1621;195912;;3.6;
1621;196012;31;;393.5
1621;196203;;3.5;553
1621;196302;7;2.15;280
1621;196403;15;2.4;329.3
1621;196501;21;1.95;242.4
1621;200012;7;6.2;1185.858
1622;200810;31;1.08;31.3
1622;200811;30;1.77;183.6
1622;200812;14;2.41;311.5
1622;200901;24;2.86;452
1622;200902;6;;257.6
1622;200903;5;1.6;138.3
1622;200904;19;1.26;63.5
1622;200905;26;1.26;59.2
1622;200906;10;1.44;101
1622;200907;24;;54.6
1622;200908;3;;15.3
1622;200909;23;;9.4
1622;200910;25;1.24;32.8
1622;200911;30;2.1;234.6
1622;200912;7;3.63;706
1622;201001;15;3.14;496.7
1622;201002;26;3.45;619
1622;201003;1;3.06;453.9
1622;201004;4;1.97;187.5
1622;201005;9;1.36;54.1
1622;201006;12;2.35;269.4
1622;201007;1;1.15;24.7
1622;201008;16;0.99;11.2
1622;201009;15;0.97;11.5
1622;201010;31;1.48;72.5
1622;201011;22;2.65;319.3
1622;201012;9;2.88;395.4
1622;201101;7;3.22;522
1622;201102;17;2.29;255.9
1622;201103;30;1.62;93.8
1622;201104;23;1.53;76.3
1622;201105;2;1.36;45.5
1622;201106;1;1.19;22
1622;201107;20;;9.3
1622;201108;8;;9.4
1622;201109;4;0.92;7.03
1622;201110;27;1.26;43.791
1622;201111;12;1.24;40.731
1622;201112;17;1.76;146.725
1622;201201;2;1.42;71.274
1622;201202;8;1.21;36.307
1622;201203;19;1.1;21.942
1622;201204;20;2.31;327.804
1622;201205;9;1.72;136.587
1622;201206;18;1.35;58.612
1622;201207;8;1.08;19.671
1622;201208;1;0.96;8.639
1622;201209;26;0.97;9.373
1622;201210;18;1.18;32.02
1622;201211;30;1.49;85.03
1622;201212;15;2.36;258.8
1622;201301;20;4.32;867.46
1622;201302;2;2.65;341.22
1622;201303;28;2.65;341.22
1622;201304;12;3.08;481.49
1622;201305;19;1.67;112.38
1622;201306;9;1.27;45.38
1622;201307;1;1.07;18.43
1622;201308;1;0.96;8.37
1622;201309;29;0.97;9.12
1622;201310;22;1.59;99.69
1622;201311;5;2.42;274.81
1622;201312;25;2.27;235.8
1622;201401;6;2.76;375.87
1622;201402;5;3.05;473.36
1622;201403;4;2.67;347.38
1622;201404;2;1.55;93.67
1622;201405;1;1.29;48.59
1622;201406;1;1.14;26.71
1622;201407;7;1.09;20.66
1622;201408;4;0.99;10.73
1622;201409;18;0.98;9.91
1622;201410;17;1.57;96.65
1622;201411;17;2.1;195.62
1622;201412;14;1.82;138.49
1622;201501;31;3.76;681.3
1622;201502;1;3.7;662.49
1622;201503;3;2.57;317.2
1622;201504;27;1.32;53.56
1622;201505;5;1.66;110.74
1622;201506;1;1.06;17.37
1622;201507;1;0.97;9.12
1622;201508;29;0.98;9.91
1622;201509;16;1.1;21.81
1622;201510;6;1.32;53.56
1622;201511;23;1.27;45.38
1622;201512;31;1.2;34.83
1622;201601;9;3.85;709.92
1622;201602;13;4.55;949.4
1622;201603;7;2.26;233.32
1622;201604;17;2.34;253.59
1622;201605;12;1.5;86.44
1622;201606;16;1.41;69.46
1622;201607;7;1.18;32.02
1622;201608;1;0.98;9.91
1622;201609;16;1.06;17.37
1622;201610;18;1;10.92
1622;201611;25;1.55;80.85
1622;201612;17;1.18;28.46
1622;201701;30;1.08;17.93
1622;201702;5;2.54;309.04
1622;201703;24;1.77;121.03
1622;201704;2;1.44;63.2
1622;201705;30;1.36;51.43
1622;201706;1;1.19;29.61
1622;201707;1;1.08;17.93
1622;201708;30;0.94;6.05
1622;201709;1;0.93;5.34
1622;201710;20;0.93;5.34
1622;201711;26;1.02;12.42
1622;201712;12;2.13;199.93
1622;201801;5;2.05;181.03
1622;201802;17;2.27;234.86
1622;201803;31;2.75;373.2
1622;201804;1;2.72;363.68
1622;201805;1;1.33;47.26
1622;201806;9;1.35;50.03
1622;201807;3;1.21;31.94
1622;201808;1;0.99;9.9
1622;201809;9;0.99;9.9
1622;201810;29;1.22;33.13
1622;201811;11;1.87;141.35
1622;201812;19;1.9;147.69
1622;201901;31;2.62;332.8
1622;201902;1;2.98;450.89
1622;201903;7;2.11;195.13
1622;201904;10;1.8;127
1622;201905;10;1.58;85.95
1622;201906;7;1.23;34.34
1622;201907;6;1.07;16.97
1622;201908;10;1;10.92
1622;201909;22;0.99;9.9
1622;201910;20;1.33;47.26
1622;201911;24;3.01;462.61
1622;201912;20;3.43;580.66
1622;202001;30;2.23;224.64
1622;202002;1;1.94;156.31
1622;202003;3;2.58;320.82
1622;202004;6;1.4;57.2
1622;202005;1;1.48;69.42
1622;202006;13;1.13;22.99
1622;202007;1;1.03;13.29
1622;202008;13;1.17;27.34
1622;202009;21;1.05;15.09
1622;202010;26;1.47;67.84
1622;202011;10;1.52;75.87
1622;202012;12;3.21;517.4
1622;202101;26;3.14;497.93
1622;202102;13;2.83;399.23
1622;202103;2;1.77;121.03
1622;202104;26;1.52;75.87
1622;202105;17;1.73;113.26
1622;202106;22;1.45;64.73
1622;202107;1;1.17;27.34
1622;202108;2;1.03;13.29
1622;202109;15;1.05;15.09
1624;200801;16;0.56;28.02
1624;200802;4;0.39;15.71
1624;200803;27;;40.13
1624;200804;10;;40.13
1624;200805;24;;40.13
1624;200806;1;0.69;39.21
1624;200807;1;0.22;6.68
1624;200808;16;0.16;4.22
1624;200809;6;0.17;4.61
1624;200810;31;0.17;4.61
1624;200811;29;0.42;16.95
1624;200812;15;1.13;56.33
1624;200901;29;1.82;142.7
1624;200902;5;1.51;99.15
1624;200903;7;0.74;36.08
1624;200904;10;0.36;13.58
1624;200905;17;0.35;13.04
1624;200906;10;0.55;24.99
1624;200907;23;0.29;9.94
1624;200908;2;0.19;5.41
1624;200909;2;0.12;2.79
1624;200910;22;0.23;7.12
1624;200911;16;1.16;59.29
1624;200912;7;2.26;217.66
1624;201001;14;2.01;173.18
1624;201002;25;2.83;337.49
1624;201003;1;1.42;87.95
1624;201004;1;0.84;38.28
1624;201005;11;0.42;16.95
1624;201006;11;1.36;80.85
1624;201007;9;0.4;15.8
1624;201008;1;0.15;3.85
1624;201009;24;0.15;3.85
1624;201010;31;0.47;19.93
1624;201011;21;1.34;78.55
1624;201012;8;1.08;51.58
1624;201101;6;4.09;692.05
1624;201102;16;1.23;66.47
1624;201103;27;0.56;25.65
1624;201104;23;0.52;23.05
1624;201105;8;0.32;11.46
1624;201106;1;0.19;5.41
1624;201107;10;0.14;3.48
1624;201108;26;0.12;2.79
1624;201109;5;0.12;2.79
1624;201110;27;0.32;11.46
1624;201111;12;0.21;6.25
1624;201112;17;0.43;17.53
1624;201201;2;0.31;10.95
1624;201202;7;0.22;6.68
1624;201203;19;0.19;5.41
1624;201204;19;0.88;38.98
1624;201205;6;0.57;26.31
1624;201206;2;0.27;8.97
1624;201207;1;0.16;4.22
1624;201208;5;0.11;2.46
1624;201209;26;0.14;3.48
1624;201210;18;0.27;8.97
1624;201211;30;0.28;9.45
1624;201212;15;1.41;86.75
1624;201301;19;3;378.15
1624;201302;2;1.26;69.66
1624;201303;29;1.76;133.67
1624;201304;11;2.02;174.87
1624;201305;18;0.54;24.34
1624;201306;1;0.32;11.46
1624;201307;1;0.2;5.82
1624;201308;1;0.15;3.85
1624;201309;28;0.15;3.85
1624;201310;22;0.47;19.93
1624;201311;2;0.97;41.83
1624;201312;24;1.16;59.29
1624;201401;4;1.81;141.17
1624;201402;8;1.96;164.88
1624;201403;2;1.46;92.85
1624;201404;2;0.59;27.65
1624;201405;1;0.37;14.12
1624;201406;23;0.62;29.7
1624;201407;2;0.21;6.25
1624;201408;10;0.15;3.85
1624;201409;15;0.18;5
1624;201410;17;0.6;28.33
1624;201411;17;0.89;39.14
1624;201412;16;0.57;26.31
1624;201501;31;1.78;136.64
1624;201502;1;1.47;94.09
1624;201503;3;1.14;57.31
1624;201504;27;0.57;26.31
1624;201505;5;0.47;19.93
1624;201506;1;0.22;6.68
1624;201507;1;0.14;3.48
1624;201508;14;0.15;3.85
1624;201509;16;0.26;8.5
1624;201510;6;0.31;10.95
1624;201511;3;0.29;9.94
1624;201512;31;0.24;7.57
1624;201601;11;2.81;332.85
1624;201602;15;2.15;197.48
1624;201603;7;1.18;61.3
1624;201604;17;1.16;59.29
1624;201605;7;0.66;32.5
1624;201606;16;0.44;18.12
1624;201607;1;0.26;8.5
1624;201608;25;0.16;4.22
1624;201609;15;0.18;5
1624;201610;7;0.15;3.848
1624;201611;25;0.33;11.977
1624;201612;16;0.2;5.823
1624;201701;28;0.16;4.223
1624;201702;5;2.02;174.868
1624;201703;24;0.44;18.124
1624;201704;1;0.41;16.372
1624;201705;29;0.38;14.675
1624;201706;1;0.22;6.68
1624;201707;1;0.18;5.004
1624;201708;30;0.11;2.462
1624;201709;1;0.1;2.146
1624;201710;6;0.11;2.462
1624;201711;25;0.14;3.484
1624;201712;11;1.03;47.023
1624;201801;5;1;44.389
1624;201802;14;1.21;64.373
1624;201803;15;1.8;139.655
1624;201804;4;1.35;79.694
1624;201805;24;0.52;23.053
1624;201806;9;0.47;19.93
1624;201807;16;0.72;35.523
1624;201808;1;0.19;5.409
1624;201809;5;0.23;7.122
1624;201810;29;0.27;9.141
1624;201811;10;0.5;22.547
1624;201812;18;0.73;37.38
1624;201901;31;1.87;152.392
1624;201902;1;1.86;150.906
1624;201903;6;0.91;48.947
1624;201904;26;0.71;36.085
1624;201905;1;0.43;18.195
1624;201906;7;0.25;8.141
1624;201907;5;0.2;5.818
1624;201908;9;0.14;3.42
1624;201909;1;0.12;2.73
1624;201910;20;0.31;11.244
1624;201911;13;1.6;115.328
1624;201912;20;2.6;284.541
1624;202001;29;0.67;33.491
1624;202002;1;0.61;29.601
1624;202003;5;1.07;60.119
1624;202004;1;0.38;15.201
1624;202005;1;0.38;15.201
1624;202006;12;0.23;7.18
1624;202007;1;0.16;4.167
1624;202008;18;0.17;4.561
1624;202009;21;0.16;4.167
1624;202010;25;0.41;16.984
1624;202011;7;0.24;7.656
1624;202012;11;1.92;159.95
1624;202101;25;1.68;125.655
1624;202102;18;2.21;208.12
1624;202103;2;0.73;37.38
1624;202104;11;0.41;16.984
1624;202105;16;0.39;15.791
1624;202106;22;0.31;11.244
1624;202107;1;0.22;6.716
1624;202108;4;0.16;4.167
1624;202109;15;0.16;4.167
1625;200810;31;0.43;
1625;200811;4;0.52;
1625;200812;5;0.78;
1625;200901;29;1.12;22.018
1625;200902;5;;20.206
1625;200903;7;0.82;10.125
1625;200904;18;;2.513
1625;200905;17;;2.308
1625;200906;10;;4.135
1625;200907;23;0.51;1.836
1625;200908;2;0.39;0.755
1625;200909;3;;0.245
1625;200910;26;0.4;0.839
1625;201001;1;1.24;35.29
1625;201002;25;1.61;64.93
1625;201003;1;1.08;25.16
1625;201004;1;0.8;11.42
1625;201005;11;0.54;3.34
1625;201006;11;1.11;26.94
1625;201007;8;0.54;3.34
1625;201008;1;0.38;0.72
1625;201009;11;0.38;0.72
1625;201010;31;0.57;4.04
1625;201011;21;0.87;14.37
1625;201012;8;0.82;12.23
1625;201101;6;2.16;124.64
1625;201102;16;0.81;11.82
1625;201103;28;0.64;5.9
1625;201104;1;0.59;4.53
1625;201105;8;0.48;2.14
1625;201106;1;0.41;1.07
1625;201107;1;0.35;0.43
1625;201108;8;0.35;0.43
1625;201109;4;0.36;0.52
1625;201110;27;0.56;3.8
1625;201111;12;0.44;1.48
1625;201112;16;0.64;5.9
1625;201201;2;0.51;2.71
1625;201202;7;0.45;1.64
1625;201203;1;0.42;1.2
1625;201204;19;0.85;13.49
1625;201205;6;0.75;9.51
1625;201206;2;0.55;3.57
1625;201207;1;0.39;0.82
1625;201208;15;0.34;0.35
1625;201209;26;0.38;0.72
1625;201210;18;0.5;2.51
1625;201211;30;0.47;1.97
1625;201212;14;1.29;38.79
1625;201301;19;1.71;74.41
1625;201302;2;0.88;14.82
1625;201303;11;1.1;26.34
1625;201304;11;1.18;31.3
1625;201305;19;0.64;5.9
1625;201306;3;0.51;2.71
1625;201307;1;0.41;1.07
1625;201308;8;0.37;0.61
1625;201309;6;0.39;0.82
1625;201310;22;0.72;8.44
1625;201311;2;0.95;18.14
1625;201312;24;0.97;19.15
1625;201401;6;1.17;30.66
1625;201402;8;1.48;53.54
1625;201403;2;1.17;30.66
1625;201404;3;0.65;6.19
1625;201405;1;0.54;3.34
1625;201406;23;1.26;36.67
1625;201407;3;0.49;2.32
1625;201408;8;0.46;1.8
1625;201409;28;0.44;1.48
1625;201410;17;0.74;9.15
1625;201411;17;0.92;16.68
1625;201412;16;0.62;5.33
1625;201501;31;1.35;43.21
1625;201502;3;1.09;25.75
1625;201503;3;0.88;14.82
1625;201504;27;0.59;4.53
1625;201505;5;0.62;5.33
1625;201506;1;0.47;1.97
1625;201507;1;0.4;0.94
1625;201508;13;0.43;1.34
1625;201509;16;0.59;4.53
1625;201510;5;0.65;6.19
1625;201511;3;0.51;2.71
1625;201512;31;0.52;2.91
1625;201601;11;1.8;83.47
1625;201602;14;1.47;52.71
1625;201603;9;0.93;17.16
1625;201604;17;1.05;23.44
1625;201605;14;0.69;7.44
1625;201606;16;0.61;5.06
1625;201607;1;0.46;1.8
1625;201608;2;0.37;0.61
1625;201609;15;0.4;0.94
1625;201610;31;0.39;0.825
1625;201611;24;0.5;2.513
1625;201612;16;0.41;1.067
1625;201701;30;0.38;0.716
1625;201702;5;1.35;43.206
1625;201703;6;0.58;4.282
1625;201704;1;0.52;2.913
1625;201705;29;0.53;3.123
1625;201706;30;0.43;1.337
1625;201707;1;0.41;1.067
1625;201708;28;0.38;0.716
1625;201709;10;0.39;0.825
1625;201710;18;0.4;0.942
1625;201711;25;0.42;1.198
1625;201712;11;1.11;26.935
1625;201801;5;0.79;11.022
1625;201802;14;0.91;16.203
1625;201803;15;1.33;41.711
1625;201804;4;1.15;29.391
1625;201805;1;0.57;4.036
1625;201806;11;0.65;6.195
1625;201807;16;0.94;17.647
1625;201808;1;0.43;1.337
1625;201809;27;0.55;3.566
1625;201810;14;0.5;2.513
1625;201811;10;0.87;14.37
1625;201812;18;0.86;13.929
1625;201901;31;1.55;59.545
1625;201902;1;1.48;53.542
1625;201903;6;0.8;11.417
1625;201904;26;0.74;9.146
1625;201905;1;0.64;5.901
1625;201906;7;0.47;1.966
1625;201907;5;0.43;1.337
1625;201908;1;0.39;0.825
1625;201909;15;0.5;2.513
1625;201910;19;0.57;4.036
1625;201911;13;1.2;32.606
1625;201912;20;1.65;68.65
1625;202001;1;0.72;8.443
1625;202002;1;0.71;8.102
1625;202003;6;0.79;11.022
1625;202004;11;0.59;4.534
1625;202005;3;0.6;4.794
1625;202006;1;0.45;1.637
1625;202007;1;0.4;0.942
1625;202008;24;0.4;0.942
1625;202009;27;0.42;1.198
1625;202010;25;0.66;6.496
1625;202011;7;0.47;1.966
1625;202012;11;1.22;33.937
1625;202101;26;1.01;21.244
1625;202102;18;1.4;47.056
1625;202103;1;0.77;10.252
1625;202104;10;0.52;2.913
1625;202105;14;0.54;3.341
1625;202106;22;0.54;3.341
1625;202107;1;0.43;1.337
1625;202108;2;0.39;0.825
1625;202109;15;0.42;1.198
1626;197010;;;0.7
1626;197011;;;2.4
1626;197012;;;2.4
1626;197101;25;0.92;18.1
1626;197102;;;10.7
1626;197103;;;9.8
1626;197104;;;9.5
1626;197105;;;12.7
1626;197106;;;9.8
1626;197107;;;6.4
1626;197108;;;3.6
1626;197109;;;1.5
1626;197110;;;1.4
1626;197111;;;2.7
1626;197112;;;6.4
1626;197201;;;24.4
1626;197202;11;1.84;71
1626;197203;;;18.9
1626;197204;;;7.1
1626;197205;;;4.3
1626;197206;;;2.7
1626;197207;;;1.4
1626;197208;;;1
1626;197209;;;0.95
1626;197210;;;1.4
1626;197211;;;4.5
1626;197212;;;7.7
1626;197301;;;12.3
1626;197302;27;0.83;15
1626;197303;;;11.4
1626;197304;;;4.1
1626;197305;;;12.7
1626;197306;;;5.6
1626;197307;;;2.3
1626;197308;;;1.4
1626;197309;;;0.8
1626;197310;;;10.53
1626;197311;;;1.48
1626;197312;;;4.18
1626;197401;;;46.24
1626;197402;17;1.68;59.22
1626;197403;;;8.01
1626;197404;;;3.99
1626;197405;;;4.36
1626;197406;;;3.99
1626;197407;;;3.11
1626;197408;;;1.9
1626;197409;;;0.85
1626;197410;;;1.27
1626;197411;24;1;21.2
1626;197412;;;4.18
1626;197501;;;8.96
1626;197502;;;6.14
1626;197503;;;20.44
1626;197504;;;7.18
1626;197505;;;2.71
1626;197506;;;3.25
1626;197507;;;1.69
1626;197508;;;0.95
1626;197509;;;2.44
1626;197510;;;3.81
1626;197511;;;5.62
1626;197512;3;0.67;9.91
1626;197601;;;9.91
1626;197602;;;8.64
1626;197603;;;5.36
1626;197604;;;4.36
1626;197605;;;1.9
1626;197606;;;1.06
1626;197607;;;1.69
1626;197608;;;1.06
1626;197609;;;2.17
1626;197610;;;24.96
1626;197611;3;1.76;64.94
1626;197612;;;48.66
1626;197701;;;48.06
1626;197702;;;59.93
1626;197703;;;18.16
1626;197704;;;11.17
1626;197705;;;5.1
1626;197706;;;5.1
1626;197707;;;17.4
1626;197708;;;3.25
1626;197709;;;2.98
1626;197710;;;6.66
1626;197711;;;2.71
1626;197712;;;41.4
1626;197801;;;63.51
1626;197802;28;2.28;107.8
1626;197803;;;59.22
1626;197804;;;10.85
1626;197805;;;14.68
1626;197806;;;3.12
1626;197807;;;1.9
1626;197808;;;1.38
1626;197809;;;1.38
1626;197811;;;1.06
1626;197812;;;186
1626;197901;;;32.76
1626;197902;;;106.95
1626;197905;;;8.96
1626;197908;;;0.73
1626;197910;;;7.18
1626;197911;;;50.475
1626;197912;;;38.16
1626;198001;22;1.61;54.215
1626;198002;;;8.645
1626;198003;;;13.055
1626;198004;;;17.4
1626;198005;;;5.1
1626;198006;;;3.435
1626;198007;;;1.795
1626;198008;;;0.85
1626;198009;;;0.79
1626;198010;;;3.99
1626;198011;;;1.9
1626;198012;20;1.84;71.04
1626;198101;;;7.7
1626;198102;;;8.31
1626;198103;;;8.92
1626;198104;;;7.18
1626;198105;;;4.92
1626;198106;;;3.99
1626;198107;;;1.59
1626;198108;;;0.85
1626;198109;;;1.9
1626;198210;;;4.36
1626;198211;;;15.7
1626;198212;20;1.58;52.29
1626;198401;;;17.78
1626;198402;;;16.04
1626;198403;;;18.92
1626;198404;3;1.46;45.03
1626;198405;;;25.9
1626;198406;;;16.04
1626;198407;;;3.435
1626;198408;;;1.27
1626;198409;;;0.85
1626;198410;;;6.66
1626;198411;16;1.8;67.8
1626;198412;;;11.4
1626;198501;;;24.96
1626;198502;;;62.08
1626;198503;;;24.96
1626;198504;;;12.7
1626;198505;;;2.98
1626;198506;;;2.71
1626;198507;;;1.27
1626;198508;;;1.06
1626;198509;;;1.06
1626;198511;;;3.115
1626;198512;;;10.75
1626;198601;;;15.02
1626;198602;;;129.05
1626;198603;;;11.4
1626;198604;;;7.18
1626;198605;;;5.1
1626;198606;;;1.9
1626;198607;;;1.585
1626;198608;;;0.79
1626;198609;;;3.62
1626;198610;2;0.21;0.955
1626;198611;14;0.59;7.44
1626;198612;27;0.39;3.115
1626;198701;28;0.46;4.36
1626;198702;17;0.84;15.36
1626;198703;1;0.49;4.915
1626;198704;7;0.8;14
1626;198705;1;0.42;3.62
1626;198706;13;0.29;1.8
1626;198707;2;0.22;1.06
1626;198708;25;0.17;0.67
1626;198709;26;0.37;2.84
1626;198710;15;1.82;69.386
1626;198711;13;0.66;9.498
1626;198712;31;0.52;5.59
1626;198801;6;1.28;34.785
1626;198802;6;1.43;43.149
1626;198803;1;0.39;3.105
1626;198804;18;0.62;8.294
1626;198805;2;0.66;9.498
1626;198806;1;0.39;3.105
1626;198807;5;0.37;2.815
1626;198808;2;0.24;1.232
1626;198809;3;0.17;0.64
1626;198810;14;0.26;1.476
1626;198811;12;0.22;1.074
1626;198812;2;0.23;1.17
1626;198901;7;0.24;1.265
1626;198902;28;0.44;4.12
1626;198903;1;0.6;7.593
1626;198904;13;0.72;10.919
1626;198905;24;1.02;21.869
1626;198906;16;0.61;7.854
1626;198907;1;0.22;1.074
1626;198908;4;0.17;0.66
1626;198909;1;0.13;0.403
1626;198910;23;0.19;0.809
1626;198911;19;0.36;2.779
1626;198912;21;1.86;72.739
1626;199001;27;0.72;10.919
1626;199002;2;1;20.989
1626;199003;1;0.4;3.408
1626;199004;23;0.31;2.076
1626;199005;1;0.29;1.823
1626;199006;3;0.2;0.884
1626;199007;2;0.17;0.66
1626;199008;1;0.13;0.403
1626;199010;31;0.47;4.696
1626;199011;26;0.42;3.764
1626;199012;27;0.7;10.312
1626;199101;11;1.72;62.165
1626;199102;9;0.7;10.312
1626;199103;12;1.08;24.511
1626;199104;3;0.49;5.093
1626;199105;2;0.35;2.622
1626;199106;8;0.27;1.592
1626;199108;7;0.15;0.511
1626;199109;29;0.3;1.939
1626;199110;15;0.36;2.779
1626;199111;15;0.76;12.153
1626;199112;1;0.43;3.942
1626;199201;9;0.58;7.112
1626;199202;13;0.3;1.939
1626;199203;30;0.68;9.747
1626;199204;3;0.9;17.009
1626;199205;2;0.34;2.485
1626;199206;10;0.4;3.408
1626;199207;2;0.26;1.476
1626;199208;31;0.42;3.764
1626;199209;1;0.33;2.349
1626;199210;29;1.3;35.462
1626;199212;4;1.38;39.999
1626;199302;3;0.31;2.076
1626;199303;2;0.3;1.939
1626;199304;27;0.58;7.112
1626;199305;30;0.72;10.919
1626;199306;11;1.32;36.596
1626;199307;4;0.66;9.182
1626;199308;1;0.27;1.592
1626;199309;18;0.29;1.823
1626;199310;14;1.36;38.865
1626;199311;30;0.65;8.9
1626;199312;31;1.05;23.19
1626;199401;6;2.33;114.435
1626;199402;3;0.72;10.919
1626;199403;1;0.56;6.631
1626;199404;24;0.35;2.622
1626;199405;20;0.64;8.639
1626;199406;18;0.52;5.731
1626;199407;1;0.27;1.592
1626;199408;11;0.2;0.884
1626;199409;27;0.27;1.592
1626;199410;22;0.58;7.112
1626;199411;9;0.82;14.141
1626;199412;31;1.5;47.228
1626;199501;1;1.9;75.857
1626;199502;17;1.82;61.563
1626;199503;5;1.68;51.394
1626;199504;1;0.4;2.987
1626;199505;18;0.36;2.397
1626;199506;27;0.36;2.397
1626;199507;10;0.24;0.981
1626;199508;27;0.26;1.176
1626;199509;20;0.43;3.485
1626;199510;29;0.32;1.866
1626;199511;16;0.7;9.315
1626;199512;24;1.78;58.489
1626;199601;8;2.15;92.323
1626;199602;1;0.7;8.245
1626;199603;1;0.65;7.016
1626;199604;1;0.92;14.73
1626;199605;21;0.54;4.645
1626;199606;1;0.38;2.017
1626;199607;21;0.32;1.294
1626;199608;27;0.3;1.074
1626;199609;22;0.32;1.294
1626;199610;14;0.36;1.756
1626;199611;23;1.52;41.351
1626;199612;18;0.71;8.509
1626;199701;9;0.99;17.142
1626;199702;2;0.55;4.835
1626;199703;1;0.45;3.033
1626;199704;2;0.32;1.294
1626;199705;28;0.52;4.266
1626;199706;8;0.52;4.266
1626;199707;3;0.42;2.581
1626;199708;7;0.38;2.017
1626;199709;27;0.32;1.294
1626;199710;20;1.02;18.249
1626;199711;12;1.06;19.76
1626;199712;2;1.62;47.448
1626;199801;7;0.74;9.301
1626;199802;2;0.52;4.266
1626;199803;5;0.46;3.204
1626;199804;30;1.76;57.036
1626;199805;1;1.76;57.036
1626;199806;2;0.67;7.508
1626;199807;3;0.38;2.017
1626;199808;16;0.3;1.074
1626;199809;27;0.43;2.731
1626;199810;1;0.44;2.882
1626;199811;3;0.36;1.756
1626;199812;31;0.46;3.204
1626;199901;17;0.53;4.455
1626;199902;9;0.54;4.645
1626;199903;8;0.68;7.753
1626;199904;27;0.72;8.773
1626;199905;19;0.66;7.262
1626;199906;2;0.5;3.886
1626;199907;6;0.36;1.756
1626;199908;10;0.32;1.294
1626;199909;22;1.31;30.32
1626;199910;25;1.78;58.489
1626;199911;2;0.96;16.086
1626;199912;15;1.21;25.829
1626;200001;1;0.65;7.016
1626;200002;2;0.47;3.374
1626;200003;1;0.43;2.731
1626;200004;14;1.48;39.067
1626;200005;4;0.73;9.037
1626;200006;1;0.45;3.033
1626;200007;4;0.33;1.405
1626;200008;23;0.29;0.985
1626;200009;30;0.24;0.565
1626;200010;31;0.48;3.545
1626;200011;6;1.6;46.141
1626;200012;7;4.05;317.637
1626;200101;5;2.32;111.715
1626;200102;8;1.4;35.281
1626;200103;4;1.96;73.42
1626;200104;1;0.76;12.854
1626;200105;3;0.41;4.756
1626;200106;2;0.25;2.161
1626;200107;14;0.21;1.65
1626;200108;28;0.17;1.193
1626;200109;4;0.17;1.193
1626;200110;22;0.29;2.74
1626;200111;1;0.16;1.084
1626;200112;16;0.2;1.522
1626;200201;24;0.37;4.039
1626;200202;7;0.52;6.967
1626;200203;18;0.39;4.39
1626;200204;4;0.27;2.451
1626;200205;26;0.26;2.306
1626;200206;6;0.4;4.566
1626;200207;2;0.2;1.522
1626;200208;1;0.13;0.795
1626;200209;9;0.14;0.884
1626;200210;22;0.58;8.307
1626;200211;21;0.83;14.83
1626;200212;27;2.04;81.086
1626;200301;20;1.18;26.276
1626;200302;4;0.54;7.401
1626;200303;1;0.44;5.325
1626;200304;20;0.5;6.533
1626;200305;1;0.39;4.39
1626;200306;2;0.22;1.778
1626;200307;1;0.2;1.522
1626;200308;30;0.16;1.084
1626;200309;2;0.12;0.705
1626;200310;31;0.36;3.864
1626;200311;30;0.71;11.513
1626;200312;31;1.19;26.633
1626;200401;14;1.53;41.95
1626;200402;1;0.53;7.184
1626;200403;13;0.32;3.206
1626;200404;3;0.29;2.74
1626;200405;26;0.34;3.527
1626;200406;1;0.24;2.033
1626;200407;7;0.17;1.193
1626;200408;20;0.14;0.884
1626;200409;7;0.13;0.795
1626;200410;31;0.76;12.854
1626;200411;1;0.51;6.75
1626;200412;28;0.52;6.967
1626;200501;1;0.41;4.756
1626;200502;1;0.24;2.033
1626;200503;30;0.26;2.306
1626;200504;25;0.43;5.135
1626;200505;16;0.49;6.329
1626;200506;1;0.28;2.595
1626;200507;1;0.19;1.412
1626;200508;10;0.44;5.325
1626;200509;2;0.11;0.616
1626;200510;30;0.24;2.033
1626;200511;9;0.22;1.778
1626;200512;30;0.62;9.25
1626;200601;1;0.54;7.401
1626;200602;21;0.61;9.008
1626;200603;24;1.02;20.734
1626;200604;1;0.49;6.329
1626;200605;11;0.32;3.206
1626;200606;1;0.18;1.303
1626;200607;5;0.14;0.884
1626;200608;16;0.1;0.526
1626;200609;24;0.16;1.084
1626;200610;22;0.86;15.707
1626;200611;24;2.34;114.095
1626;200612;5;1.47;38.692
1626;200701;1;0.33;3.367
1626;200702;12;0.96;18.778
1626;200703;6;0.57;8.077
1626;200704;1;0.36;3.864
1626;200705;1;0.34;3.527
1626;200706;4;0.25;2.161
1626;200707;1;0.21;1.65
1626;200708;3;0.17;1.193
1626;200709;17;0.19;1.412
1626;200710;1;0.18;1.105
1626;200711;22;0.22;1.556
1626;200712;11;0.16;0.898
1626;200801;16;0.46;5.392
1626;200802;3;0.35;3.403
1626;200803;27;0.62;8.874
1626;200804;21;1.06;22.079
1626;200805;30;0.86;15.318
1626;200806;1;0.64;9.353
1626;200807;1;0.24;1.801
1626;200808;4;0.16;0.898
1626;200809;6;0.18;1.105
1626;200810;31;0.16;0.898
1626;200811;4;0.32;2.934
1626;200812;5;0.72;11.377
1626;200901;29;1.2;26.989
1626;200902;5;1.12;24.138
1626;200903;7;0.82;14.127
1626;200904;13;0.31;2.778
1626;200905;17;0.32;2.934
1626;200906;10;0.42;4.633
1628;200810;7;0.1;1.13
1628;200811;29;0.24;4.38
1628;200812;7;;14.01
1628;200901;29;0.98;41.08
1628;200902;5;1.04;44.963
1628;200903;7;0.56;17.55
1628;200904;16;0.27;5.79
1628;200905;17;0.23;4.54
1628;200906;10;0.38;9.73
1628;200907;23;0.27;5.79
1628;200908;1;0.12;1.69
1628;200909;2;0.06;0.59
1628;200910;6;0.15;2.37
1628;200911;15;0.71;25.17
1628;200912;6;1.24;58.74
1628;201001;1;1.12;50.32
1628;201002;25;1.72;96.6
1628;201003;1;0.88;34.88
1628;201004;1;0.53;16.14
1628;201005;10;0.31;7.14
1628;201006;11;0.83;31.91
1628;201007;9;0.39;10.12
1628;201008;1;0.09;1.09
1628;201009;1;0.07;0.74
1628;201010;3;0.34;8.22
1628;201011;21;0.63;20.99
1628;201012;8;0.71;25.17
1628;201101;6;2.05;126.13
1628;201102;16;0.82;31.33
1628;201103;27;0.42;11.33
1628;201104;23;0.42;11.33
1628;201105;8;0.25;5.15
1628;201106;1;0.13;1.91
1628;201107;10;0.08;0.91
1628;201108;3;0.06;0.59
1628;201109;1;0.05;0.45
1628;201110;27;0.26;5.47
1628;201111;11;0.16;2.61
1628;201112;16;0.34;8.22
1628;201201;2;0.26;5.47
1628;201202;7;0.16;2.61
1628;201203;1;0.13;1.91
1628;201204;19;0.54;16.6
1628;201205;6;0.46;13.01
1628;201206;2;0.28;6.12
1628;201207;1;0.12;1.69
1628;201208;16;0.06;0.59
1628;201209;25;0.08;0.91
1628;201210;18;0.2;3.67
1628;201211;30;0.18;3.13
1628;201212;15;0.9;39.5
1628;201301;19;1.57;98.93
1628;201302;1;0.73;27.96
1628;201303;11;0.93;41.7
1628;201304;11;1.1;55
1628;201305;19;0.35;8.59
1628;201306;9;0.21;3.95
1628;201307;1;0.12;1.69
1628;201308;1;0.07;0.74
1628;201309;28;0.09;1.09
1628;201310;22;0.43;11.75
1628;201311;2;0.73;27.96
1628;201312;24;0.85;35.95
1628;201401;6;1.02;48.56
1628;201402;5;1.59;101.02
1628;201403;2;0.76;29.88
1628;201404;2;0.43;11.75
1628;201405;1;0.23;4.54
1628;201406;23;0.65;23.09
1628;201407;4;0.14;2.13
1628;201408;9;0.07;0.74
1628;201409;28;0.11;1.48
1628;201410;17;0.4;10.52
1628;201411;17;0.58;19.13
1628;201412;16;0.4;10.52
1628;201501;31;0.99;46.23
1628;201502;3;0.81;33.2
1628;201503;3;0.6;20.23
1628;201504;27;0.34;8.22
1628;201505;5;0.32;7.49
1628;201506;1;0.12;1.69
1628;201507;1;0.07;0.74
1628;201508;13;0.07;0.74
1628;201509;16;0.18;3.13
1628;201510;6;0.29;6.45
1628;201511;5;0.18;3.13
1628;201512;31;0.19;3.39
1628;201601;11;1.67;109.54
1628;201602;15;1.26;68.82
1628;201603;7;0.7;26.09
1628;201604;17;0.84;35.25
1628;201605;7;0.44;12.16
1628;201606;17;0.32;7.49
1628;201607;1;0.18;3.13
1628;201608;1;0.11;1.48
1628;201609;15;0.1;1.28
1628;201610;10;0.08;0.911
1628;201611;24;0.21;3.951
1628;201612;16;0.12;1.688
1628;201701;28;0.09;1.09
1628;201702;5;0.97;44.696
1628;201703;6;0.29;6.454
1628;201704;1;0.26;5.467
1628;201705;29;0.31;7.142
1628;201706;1;0.15;2.369
1628;201707;1;0.12;1.688
1628;201708;30;0.07;0.744
1628;201709;1;0.06;0.589
1628;201710;19;0.07;0.744
1628;201711;25;0.08;0.911
1628;201712;11;0.68;24.874
1628;201801;5;0.53;16.487
1628;201802;13;0.69;25.48
1628;201803;15;1.21;64.372
1628;201804;4;0.91;40.227
1628;201805;23;0.36;8.965
1628;201806;11;0.35;8.589
1628;201807;16;0.65;23.089
1628;201808;1;0.14;2.133
1628;201809;5;0.16;2.614
1628;201810;14;0.17;2.866
1628;201811;10;0.43;11.745
1628;201812;18;0.53;16.487
1628;201901;31;1.03;49.349
1628;201902;1;1.07;52.551
1628;201903;6;0.62;21.357
1628;201904;26;0.44;12.162
1628;201905;1;0.32;7.495
1628;201906;7;0.18;3.126
1628;201907;5;0.16;2.614
1628;201908;1;0.08;0.911
1628;201909;16;0.07;0.744
1628;201910;19;0.25;5.15
1628;201911;28;0.82;33.876
1628;201912;19;1.7;112.808
1628;202001;29;0.5;14.976
1628;202002;1;0.46;13.051
1628;202003;5;0.55;17.527
1628;202004;1;0.3;6.795
1628;202005;1;0.3;6.795
1628;202006;2;0.16;2.614
1628;202007;1;0.11;1.479
1628;202008;18;0.12;1.688
1628;202009;18;0.08;0.911
1628;202010;25;0.31;7.142
1628;202011;26;0.16;2.614
1628;202012;11;0.8;32.523
1628;202101;25;0.8;32.523
1628;202102;18;1.29;71.544
1628;202103;1;0.49;14.485
1628;202104;11;0.34;8.219
1628;202105;16;0.27;5.789
1628;202106;22;0.25;5.15
1628;202107;1;0.14;2.133
1628;202108;2;0.11;1.479
1628;202109;15;0.09;1.09
1629;195204;;2.42;
1629;195211;;3.82;
1629;195402;;3.24;
1629;195501;;3.7;
1629;195601;;4.02;
1629;195702;;2.54;
1629;195804;;13.42;
1629;195912;;4.62;
1631;201010;9;2.76;500.23
1631;201011;19;;626.67
1631;201012;8;;630.04
1631;201101;7;5.75;1260.08
1631;201102;14;;628.12
1631;201103;16;;632.18
1631;201104;1;3.11;630.25
1631;201105;1;3.06;591.74
1631;201106;5;;369.14
1631;201107;1;1.84;307.56
1631;201108;11;1.5;200.338
1631;201109;30;2.02;311.5
1631;201110;17;;363.62
1631;201111;4;2.27;373.88
1631;201112;20;2.77;509.89
1631;201201;14;2.44;471.04
1631;201202;13;;373.05
1631;201203;27;2.12;342.28
1631;201204;20;3.25;622.58
1631;201205;7;;397.3
1631;201206;25;2.3;365.65
1631;201207;21;2.3;375.51
1631;201208;5;2.26;370.79
1631;201209;23;2.31;381.98
1631;201210;16;2.28;368.61
1631;201211;8;2.89;549.95
1631;201212;28;3.44;656.42
1631;201301;19;6.88;2225.32
1631;201302;3;4.25;859.93
1631;201303;30;6.09;1625.56
1631;201304;11;5.61;1447.52
1631;201305;21;3.17;633.66
1631;201306;17;2.91;558.8
1631;201307;5;2.36;429.17
1631;201308;9;2.2;378.34
1631;201309;6;2.35;410.28
1631;201310;31;2.89;616.95
1631;201311;20;;646.83
1631;201312;30;;653.27
1631;201401;7;4.47;922
1631;201402;9;6.99;2418.66
1631;201403;2;5.43;1348.04
1631;201404;2;3.36;644.66
1631;201405;4;;625.02
1631;201406;8;;386.44
1631;201407;1;2.03;326.97
1631;201408;4;;521.55
1631;201409;10;2.2;375.51
1631;201410;20;2.23;379.23
1631;201411;18;3.53;697.6
1631;201412;24;3.55;721.99
1631;201501;31;5.47;1349.23
1631;201502;1;4.68;1037.04
1631;201503;7;3.61;730.35
1631;201504;16;2.82;544.48
1631;201505;22;3.06;682.89
1631;201506;27;2.33;402.62
1631;201507;10;2.56;496.53
1631;201508;7;2.16;404.43
1631;201509;16;2.14;523.54
1631;201510;30;2.72;502.51
1631;201511;30;3.5;708.12
1631;201512;2;2.8;535.35
1631;201601;11;7.11;2276
1631;201602;14;8.13;3054.45
1631;201603;11;3.98;906.39
1631;201604;17;4.23;859.53
1631;201605;14;3.53;720.24
1631;201606;5;3.55;719.34
1631;201607;20;3.49;670.56
1631;201608;2;2.24;397.23
1631;201609;26;2.63;543.06
1631;201610;27;3.46;613.72
1631;201611;2;2.23;360.134
1631;201612;2;2.57;458.804
1631;201701;19;2.71;504.486
1631;201702;5;3.63;689.02
1631;201703;6;3.21;609.748
1631;201704;30;2.14;336.767
1631;201705;30;3.45;654.412
1631;201706;13;2.28;373.599
1631;201707;20;2.36;395.877
1631;201708;3;2.67;491.12
1631;201709;19;3.49;662.02
1631;201710;23;1.6;235.41
1631;201711;28;1.35;204.78
1631;201712;30;2.81;497.83
1631;201801;22;3.5;643.66
1631;201802;16;3.49;629.2
1631;201803;31;4.69;972.05
1631;201804;3;4.94;1148.89
1631;201805;11;3.33;613.83
1631;201806;21;3.29;590.33
1631;201807;18;3.29;627.9
1631;201808;20;2.24;350.87
1631;201809;18;2.75;518
1631;201810;17;2.67;493.79
1631;201811;14;3.5;631.08
1631;201812;25;3.37;622.6
1631;201901;31;3.5;634.54
1631;201902;1;3.92;719.04
1631;201903;14;3.49;638.73
1631;201904;13;3.5;636.86
1631;201905;1;2.88;530.9
1631;201906;9;1.95;291.13
1631;201907;25;2.65;465.29
1631;201908;6;1.73;244.66
1631;201909;19;2.25;357.4
1631;201910;30;2.6;468.77
1631;201911;30;3.82;710.77
1631;201912;20;9.17;3489.98
1631;202001;1;4.42;987.84
1631;202002;19;3.66;643.1
1631;202003;6;3.51;647.71
1631;202004;19;3.43;622.14
1631;202005;12;3.44;651.79
1631;202006;3;2.37;400.5
1631;202007;5;2.25;366.72
1631;202008;26;3.34;617.27
1631;202009;24;3.34;553.57
1631;202010;30;2.73;820.54
1631;202011;26;3.4;626.56
1631;202012;11;6.24;1648.15
1631;202101;26;4.81;1048.82
1631;202102;10;5.86;1432.28
1631;202103;23;3.45;664.75
1631;202104;18;3.46;637.1
1631;202105;7;3.32;613.18
1631;202106;16;2.68;489.28
1631;202107;10;2.99;558.31
1631;202108;30;2.15;351.04
1631;202109;1;2.13;350.3
1638;200801;15;0.96;17.76
1638;200802;3;0.42;3.38
1638;200803;31;0.42;3.38
1638;200804;19;0.98;18.11
1638;200805;23;0.71;9.92
1638;200806;1;0.52;5.31
1638;200807;1;0.28;1.32
1638;200808;1;0.22;0.71
1638;200809;5;0.29;1.44
1638;200810;7;0.29;1.44
1638;200811;29;0.31;1.69
1638;200812;7;1.16;25.41
1638;200901;29;1.2;27.09
1638;200902;4;1.29;31.03
1638;200903;6;0.48;4.22
1638;200904;16;0.41;2.89
1638;200905;23;0.59;6.95
1638;200906;10;0.71;10.85
1638;200907;23;0.31;1.47
1638;200908;1;0.22;0.64
1638;200909;4;0.17;0.35
1638;200910;25;0.78;13.61
1638;200911;15;1.58;74
1638;200912;28;1.94;107.29
1638;201001;3;1.63;78.29
1638;201002;27;1.7;84.48
1638;201003;1;1.18;36.92
1638;201004;4;0.76;12.79
1638;201005;10;0.6;7.23
1638;201006;11;0.51;4.89
1638;201007;1;0.29;1.25
1638;201008;1;0.2;0.51
1638;201009;8;0.15;0.26
1638;201010;9;1.09;30.49
1638;201011;14;1.3;46.62
1638;201012;8;1.44;59.66
1638;201101;6;2.49;168.57
1638;201102;16;1.04;27.23
1638;201103;15;0.69;10.13
1638;201104;20;0.53;5.36
1638;201105;1;0.47;4.02
1638;201106;5;0.31;1.47
1638;201107;9;0.23;0.72
1638;201108;1;0.16;0.3
1638;201109;3;0.15;0.26
1638;201110;27;0.93;20.8
1638;201111;3;0.78;13.61
1638;201112;16;0.79;14.04
1638;201201;2;0.49;4.44
1638;201202;1;0.3;1.36
1638;201203;18;0.28;1.15
1638;201204;25;0.54;5.61
1638;201205;9;1;24.77
1638;201206;18;0.46;3.81
1638;201207;27;0.39;2.56
1638;201208;15;0.21;0.58
1638;201209;26;0.25;0.88
1638;201210;18;0.34;1.84
1638;201211;9;0.45;3.62
1638;201212;14;1.79;59.02
1638;201301;19;1.76;57.14
1638;201302;1;1.05;21.19
1638;201303;25;1.31;32.41
1638;201304;11;1.64;49.89
1638;201305;1;0.47;4.02
1638;201306;1;0.33;1.71
1638;201307;1;0.25;0.88
1638;201308;1;0.18;0.4
1638;201309;28;0.37;2.26
1638;201310;22;2.04;75.87
1638;201311;2;1.48;40.97
1638;201312;24;1.38;35.82
1638;201401;6;1.84;62.23
1638;201402;8;2;73.04
1638;201403;1;0.82;13.18
1638;201404;2;0.82;13.18
1638;201405;1;0.42;3.06
1638;201406;7;0.32;1.59
1638;201407;2;0.25;0.88
1638;201408;9;0.21;0.58
1638;201409;19;0.33;1.71
1638;201410;16;1.44;38.87
1638;201411;13;1.33;33.37
1638;201412;13;0.63;7.95
1638;201501;30;1.04;20.81
1638;201502;2;0.89;15.43
1638;201503;3;0.6;7.23
1638;201504;26;0.44;3.42
1638;201505;4;0.79;12.27
1638;201506;1;0.3;1.36
1638;201507;1;0.2;0.51
1638;201508;2;0.15;0.26
1638;201509;15;0.36;2.11
1638;201510;5;0.71;10
1638;201511;5;0.56;6.13
1638;201512;30;0.53;5.36
1638;201601;10;1.84;62.23
1638;201602;12;1.29;31.47
1638;201603;29;0.96;17.84
1638;201604;17;1.26;30.08
1638;201605;12;0.67;8.95
1638;201606;1;0.5;4.66
1638;201607;7;0.33;1.71
1638;201608;1;0.21;0.58
1638;201609;13;0.21;0.58
1638;201610;23;0.29;1.254
1638;201611;25;0.42;3.062
1638;201612;16;0.32;1.59
1638;201701;31;0.45;3.616
1638;201702;4;1.66;51.07
1638;201703;6;0.49;4.44
1638;201704;1;0.41;2.889
1638;201705;12;0.48;4.225
1638;201706;1;0.29;1.254
1638;201707;1;0.22;0.645
1638;201708;1;0.13;0.181
1638;201709;7;0.13;0.181
1638;201710;21;0.15;0.256
1638;201711;25;0.19;0.453
1638;201712;10;1.08;22.373
1638;201801;5;0.88;15.1
1638;201802;15;0.66;8.691
1638;201803;11;1.68;52.258
1638;201804;2;1.13;24.404
1638;201805;1;0.45;3.616
1638;201806;30;0.58;6.666
1638;201807;1;0.45;3.616
1638;201808;1;0.22;0.645
1638;201809;8;0.17;0.346
1638;201810;14;0.35;1.973
1638;201811;10;1.32;32.89
1638;201812;18;1.01;19.672
1638;201901;31;0.96;17.845
1638;201902;1;0.86;14.448
1638;201903;6;1.06;21.585
1638;201904;8;0.79;12.274
1638;201905;10;0.5;4.661
1638;201906;6;0.37;2.256
1638;201907;13;0.63;7.949
1638;201908;9;0.22;0.645
1638;201909;22;0.18;0.397
1638;201910;19;0.74;10.826
1638;201911;22;1.1;23.176
1638;201912;19;2.04;75.866
1638;202001;28;0.76;11.395
1638;202002;1;0.94;17.138
1638;202003;5;1.28;31.003
1638;202004;5;0.76;11.395
1638;202005;12;1.07;21.977
1638;202006;1;0.37;2.256
1638;202007;1;0.27;1.056
1638;202008;20;0.27;1.056
1638;202009;23;0.25;0.877
1638;202010;25;0.64;8.193
1638;202011;8;0.83;13.495
1638;202012;16;1.49;41.503
1638;202101;22;1.24;29.169
1638;202102;18;1.85;62.882
1638;202103;1;0.66;8.691
1638;202104;25;0.56;6.125
1638;202105;16;0.61;7.471
1638;202106;21;0.37;2.256
1638;202107;1;0.27;1.056
1638;202108;2;0.32;1.59
1638;202109;10;0.21;0.576
1639;200810;29;1.71;
1639;200811;1;1.71;
1639;200812;13;1.96;
1639;200901;29;2.11;121.813
1639;200902;5;2.11;118.002
1639;200903;2;;35.201
1639;200904;14;;19.108
1639;200905;24;;10.206
1639;200906;10;1.55;28.99
1639;200907;23;1.21;6.716
1639;200908;2;;2.449
1639;200909;19;;0.704
1639;200910;31;1.8;35.641
1639;200911;16;2.22;97.812
1639;200912;28;2.45;184.7
1639;201008;27;1.81;79.79
1639;201009;2;1.81;79.79
1639;201010;8;1.95;111.4
1639;201011;14;2.07;132.68
1639;201012;8;2.24;164.8
1639;201101;6;3.73;525.76
1639;201102;16;1.96;113.13
1639;201103;2;1.9;102.89
1639;201104;1;1.85;89.57
1639;201105;27;1.87;94.81
1639;201106;30;1.77;70.89
1639;201107;1;1.81;79.79
1639;201108;31;1.78;73.04
1639;201109;27;1.82;82.15
1639;201110;27;1.7;62.253
1639;201111;11;1.7;62.253
1639;201112;12;1.73;64.946
1639;201201;7;1.65;48.9
1639;201202;21;1.6;41.56
1639;201203;28;1.61;42.95
1639;201204;26;1.68;53.79
1639;201205;9;1.84;87.04
1639;201206;18;1.69;61.297
1639;201207;27;1.65;57.07
1639;201208;10;1.68;60.305
1639;201209;27;1.68;60.305
1639;201210;18;1.7;62.253
1639;201211;9;1.73;64.946
1639;201212;14;2.49;168.493
1639;201301;18;2.42;159.832
1639;201302;2;1.87;76.864
1639;201303;25;2.05;100.279
1639;201304;11;2.21;130.383
1639;201305;8;1.69;61.297
1639;201306;6;1.7;62.253
1639;201307;2;1.69;61.297
1639;201308;2;1.65;57.07
1639;201309;16;1.44;24.486
1639;201310;22;2.47;166.03
1639;201311;2;2.09;107.32
1639;201312;24;2.2;128.48
1639;201401;6;2.31;145.98
1639;201402;8;2.6;181.89
1639;201403;3;1.81;71.56
1639;201404;2;1.71;63.18
1639;201405;24;1.66;58.2
1639;201406;10;1.67;59.27
1639;201407;16;1.64;55.89
1639;201408;7;1.63;54.65
1639;201409;29;1.62;53.35
1639;201410;16;1.95;85.59
1639;201411;13;1.94;84.36
1639;201412;15;1.66;58.2
1639;201501;31;1.9;79.86
1639;201502;2;1.81;71.56
1639;201503;2;1.7;62.25
1639;201504;16;1.69;61.3
1639;201505;4;1.81;71.56
1639;201506;2;1.7;62.25
1639;201507;2;1.64;55.89
1639;201508;7;1.61;51.99
1639;201509;24;1.63;54.65
1639;201510;29;1.66;58.2
1639;201511;5;1.69;61.3
1639;201512;31;1.68;60.3
1639;201601;11;3.44;277.7
1639;201602;13;2.22;132.26
1639;201603;28;1.87;76.86
1639;201604;17;1.97;88.17
1639;201605;11;1.71;63.18
1639;201606;3;1.68;60.3
1639;201607;9;1.66;58.2
1639;201608;3;1.62;53.35
1639;201609;3;1.62;53.35
1639;201610;3;1.61;51.989
1639;201611;22;1.63;54.653
1639;201612;15;1.62;53.354
1639;201701;3;1.61;51.989
1639;201702;4;2.22;132.258
1639;201703;27;1.67;59.273
1639;201704;4;1.64;55.89
1639;201705;15;1.66;58.196
1639;201706;14;1.52;36.26
1639;201707;13;1.51;34.623
1639;201708;28;0.95;1.834
1639;201709;2;1.57;45.782
1639;201710;1;1.45;25.797
1639;201711;16;1.57;45.782
1639;201712;10;1.81;71.563
1639;201801;5;1.78;69.1
1639;201802;15;1.7;62.253
1639;201803;11;2.06;101.984
1639;201804;6;1.91;80.93
1639;201805;3;1.64;55.89
1639;201806;4;1.63;54.653
1639;201807;23;1.63;54.653
1639;201808;1;1.61;51.989
1639;201809;2;1.6;50.553
1639;201810;30;1.61;51.989
1639;201811;26;1.75;66.638
1639;201812;18;1.83;73.253
1639;201901;31;1.83;73.253
1639;201902;1;1.77;68.284
1639;201903;7;1.76;67.465
1639;201904;8;1.75;66.638
1639;201905;7;1.69;61.297
1639;201906;17;1.68;60.305
1639;201907;4;1.67;59.273
1639;201908;27;1.59;49.043
1639;201909;30;1.57;45.782
1639;201910;17;1.6;50.553
1639;201911;28;1.86;75.925
1639;201912;19;2.53;173.393
1639;202001;29;1.68;60.305
1639;202002;1;1.67;59.273
1639;202003;5;1.96;86.859
1639;202004;5;1.68;60.305
1639;202005;13;1.77;68.284
1639;202006;2;1.64;55.89
1639;202007;1;1.6;50.553
1639;202008;1;1.31;11.194
1639;202009;30;1.52;42.752
1639;202010;22;1.54;45.14
1639;202011;9;1.6;52.641
1639;202012;16;2.09;117.409
1639;202101;25;1.77;75.382
1639;202102;18;2.35;149.243
1639;202103;2;1.66;60.507
1639;202104;26;1.62;55.231
1639;202105;19;1.63;56.539
1639;202106;16;1.61;53.931
1639;202107;1;1.61;53.931
1639;202108;10;1.54;45.14
1639;202109;19;1.87;88.928
1640;200801;6;6.89;845.452
1640;200802;13;5.97;678.911
1640;200803;14;1.82;55.107
1640;200804;19;2.25;90.025
1640;200805;27;1.84;56.932
1640;200806;1;1.82;55.107
1640;200807;28;1.78;51.514
1640;200808;28;1.71;45.432
1640;200809;9;1.69;43.744
1640;200810;29;1.69;43.744
1640;200811;27;1.75;48.875
1640;200812;13;2.19;85.383
1640;200901;29;2.47;108.993
1640;200902;5;2.53;114.357
1640;200903;6;1.88;60.64
1640;200904;17;1.84;56.932
1640;200905;2;1.66;41.257
1640;200906;10;1.53;31.14
1640;200907;23;1.05;5.397
1640;200908;2;0.88;1.937
1640;200909;1;0.78;0.839
1640;200910;22;1.86;58.777
1640;200911;15;2.67;127.09
1640;200912;6;3;159.296
1640;201001;3;2.85;144.147
1640;201002;25;3.4;207.214
1640;201003;1;2.6;120.679
1640;201004;4;2.07;76.071
1640;201005;11;1.9;62.116
1640;201006;7;1.79;52.405
1640;201007;5;1.8;53.3
1640;201008;27;1.66;41.257
1640;201009;17;1.74;48.006
1640;201010;8;2.01;71.273
1640;201011;14;2.22;87.696
1640;201012;8;2.51;112.564
1640;201101;7;4.19;363.219
1640;201102;16;2.1;78.425
1640;201103;1;1.98;68.822
1640;201104;1;1.9;62.116
1640;201105;27;1.86;58.777
1640;201106;21;1.69;43.744
1640;201107;1;1.53;31.14
1640;201108;30;1.63;38.825
1640;201109;27;1.63;38.825
1640;201110;27;1.87;59.707
1640;201111;11;1.91;62.968
1640;201112;18;1.91;62.968
1640;201201;9;1.86;58.777
1640;201202;21;1.79;52.405
1640;201203;28;1.73;47.142
1640;201204;26;1.89;61.262
1640;201205;9;2.17;83.843
1640;201206;26;1.82;55.107
1640;201207;27;1.76;49.749
1640;201208;9;1.8;53.3
1640;201209;27;1.77;50.629
1640;201210;20;1.82;55.107
1640;201211;8;1.86;58.777
1640;201212;14;3.25;187.586
1640;201301;19;3.4;207.214
1640;201302;2;2.23;88.47
1640;201303;25;2.57;117.96
1640;201304;11;2.85;144.147
1640;201305;1;1.89;61.262
1640;201306;6;1.85;57.852
1640;201307;8;1.8;53.3
1640;201308;5;1.78;51.514
1640;201309;16;1.43;24.161
1640;201310;22;3;159.3
1640;201311;2;2.66;126.17
1640;201312;24;2.86;145.13
1640;201401;6;3.09;168.96
1640;201402;8;3.59;236.09
1640;201403;1;2.17;83.84
1640;201404;2;1.98;68.82
1640;201405;7;1.84;56.93
1640;201406;10;1.84;56.93
1640;201407;25;1.82;55.11
1640;201408;28;1.78;51.51
1640;201409;29;1.78;51.51
1640;201410;16;2.32;95.75
1640;201411;13;2.34;97.5
1640;201412;4;1.84;56.93
1640;201501;31;2.24;89.25
1640;201502;2;2.1;78.42
1640;201503;4;1.93;64.66
1640;201504;10;1.87;59.71
1640;201505;4;2.03;72.89
1640;201506;2;1.86;58.78
1640;201507;14;1.61;37.24
1640;201508;7;1.74;48.01
1640;201509;30;1.78;51.51
1640;201510;7;1.83;56.02
1640;201511;5;1.91;62.97
1640;201512;31;1.82;55.11
1640;201601;11;4.43;413.23
1640;201602;13;3.58;234.44
1640;201603;29;2.24;89.25
1640;201604;17;2.35;98.38
1640;201605;11;1.98;68.82
1640;201606;7;1.97;68
1640;201607;21;1.98;68.82
1640;201608;3;1.9;62.12
1640;201609;6;1.9;62.12
1640;201610;3;1.87;59.707
1640;201611;26;1.85;57.852
1640;201612;15;1.75;48.875
1640;201701;31;1.68;42.909
1640;201702;4;2.89;148.087
1640;201703;6;2;70.46
1640;201704;4;1.93;64.659
1640;201705;19;1.97;67.998
1640;201706;21;1.44;24.825
1640;201707;13;1.33;17.964
1640;201708;10;1.04;5.11
1640;201709;8;1.98;68.822
1640;201710;1;1.74;48.006
1640;201711;9;1.86;58.777
1640;201712;11;2.16;83.073
1640;201801;15;2.03;72.887
1640;201802;17;1.98;68.822
1640;201803;11;2.71;130.801
1640;201804;4;2.2;86.153
1640;201806;5;1.67;42.08
1640;201807;24;1.67;42.08
1640;201808;7;1.66;41.257
1640;201809;27;1.56;33.375
1640;201810;30;1.64;39.629
1640;201811;10;1.97;67.998
1640;201812;18;2.15;82.303
1640;201901;31;2.16;83.073
1640;201902;2;2;70.46
1640;201903;8;2.06;75.28
1640;201904;10;2.01;71.273
1640;201905;7;1.86;58.777
1640;201906;7;1.78;51.514
1640;201907;5;1.8;53.3
1640;201908;27;1.65;40.44
1640;201909;30;1.52;30.409
1640;201910;21;1.79;52.405
1640;201911;29;2.28;92.383
1640;201912;20;3.81;276.968
1640;202001;29;2.02;72.082
1640;202002;2;1.95;66.336
1640;202003;5;2.51;112.564
1640;202004;6;1.97;67.998
1640;202005;13;2.04;73.688
1640;202006;2;1.8;53.3
1640;202007;1;1.78;51.514
1640;202008;1;1.7;44.585
1640;202009;15;1.76;49.749
1640;202010;28;1.76;49.749
1640;202011;9;1.86;58.777
1640;202012;16;2.68;128.014
1640;202101;25;2.18;84.613
1640;202102;18;3.18;179.183
1640;202103;1;2;70.46
1640;202104;13;1.86;58.777
1640;202105;27;1.85;57.852
1640;202106;16;1.85;57.852
1640;202107;1;1.8;53.3
1640;202108;10;1.78;51.514
1640;202109;15;1.61;37.235
1641;194512;;8.8;2294
1641;194610;;;420
1641;194611;;;1290
1641;194612;;;2528
1641;194701;;;1566
1641;194702;;17.1;6700
1641;194703;;;3000
1641;194704;;;2186
1641;194705;;;776
1641;194706;;;245.6
1641;194707;;;88.2
1641;194708;;;52
1641;194709;;;60
1641;194812;;6.4;
1641;195002;;6.8;
1641;195102;;11.6;
1641;195204;;6;
1641;195212;;8.2;
1641;195402;;5.6;
1641;195501;;9.2;
1641;195601;;9.2;
1641;195702;;6.54;
1641;195803;;9.3;
1641;195912;;7.2;
1641;196203;;;5999
1641;196303;18;;2821.2
1641;196403;;;2315.5
1641;196503;16;;895
1642;200810;8;3.54;
1642;200811;15;3.85;482.4
1642;200812;14;;809.1
1642;200901;29;7.08;1828.2
1642;200902;1;;1196.6
1642;200903;31;;465.1
1642;200904;11;;524.7
1642;200905;13;4.1;552.3
1642;200906;15;4.16;579.5
1642;200907;31;4.32;680.6
1642;200908;3;3.53;403.4
1642;200909;1;3.08;275.5
1642;200910;12;3.94;583.332
1642;200911;16;5.14;846.087
1642;200912;31;7.41;1917.574
1642;201001;15;8.22;2435.998
1642;201002;26;9.03;2850.196
1642;201003;1;7.84;2199.37
1642;201004;2;5.12;843.328
1642;201005;3;4.53;749.311
1642;201006;12;3.41;436.534
1642;201007;14;3.39;431.401
1642;201008;17;3.11;362.656
1642;201009;21;3.07;353.311
1642;201010;4;3.48;454.733
1642;201011;25;4.43;726.933
1642;201012;8;5.19;853.105
1642;201101;7;7.94;2263.257
1642;201102;15;4.83;802.699
1642;201103;20;4.74;788.486
1642;201104;20;4.58;759.534
1642;201105;2;4.36;709.622
1642;201106;9;3.29;406.181
1642;201107;25;1.84;98.469
1642;201108;25;1.75;87.696
1642;201109;24;2.72;276.633
1642;201110;29;3.31;411.166
1642;201111;5;3.62;492.218
1642;201112;18;4.58;759.534
1642;201201;14;4.51;745.047
1642;201202;10;3.57;478.664
1642;201203;23;3.34;418.698
1642;201204;20;4.78;794.957
1642;201205;5;5.21;855.975
1642;201206;4;4;601.256
1642;201207;10;3.53;467.954
1642;201208;2;3.5;459.999
1642;201209;22;3.58;481.36
1642;201210;30;3.43;441.697
1642;201211;9;4.16;650.347
1642;201212;15;6.3;1229.211
1642;201301;19;9.9;3059.292
1642;201302;2;5.63;937.247
1642;201303;30;8.07;2344.73
1642;201304;12;7.65;2075.84
1642;201305;6;4.82;801.179
1642;201306;18;3.61;489.492
1642;201307;15;4.6;763.455
1642;201308;5;3.42;439.112
1642;201309;6;3.54;470.62
1642;201310;24;4.31;696.38
1642;201311;5;4.85;805.7
1642;201312;24;5.57;921.93
1642;201401;7;6.77;1503.22
1642;201402;8;9.22;2920.95
1642;201403;2;7.47;1957.24
1642;201404;3;5.09;839.22
1642;201405;5;4.48;738.46
1642;201406;7;3.93;580.37
1642;201407;28;3.57;478.66
1642;201408;6;3.56;475.97
1642;201409;16;3.5;460
1642;201410;17;4.11;634.8
1642;201411;16;5.22;857.43
1642;201412;5;4.97;822.84
1642;201501;31;7.43;1930.8
1642;201502;1;7.34;1871.3
1642;201503;2;5.24;860.37
1642;201504;29;4.44;729.29
1642;201505;12;4.86;807.18
1642;201506;23;3.56;475.97
1642;201507;13;4.1;631.72
1642;201508;7;3.53;467.95
1642;201509;18;4.18;656.61
1642;201510;30;4.62;767.28
1642;201511;6;4.6;763.45
1642;201512;1;4.73;786.83
1642;201601;11;9.89;3058.75
1642;201602;13;11.15;3221.65
1642;201603;1;5.44;893.89
1642;201604;17;6.13;1141
1642;201605;12;4.74;788.49
1642;201606;3;4.61;765.38
1642;201607;21;4.5;742.88
1642;201608;3;4.25;678.79
1642;201609;5;3.57;478.66
1642;201610;6;3.58;481.36
1642;201611;22;3.43;441.697
1642;201612;15;3.54;470.62
1642;201701;26;4.31;696.381
1642;201702;5;5.54;914.883
1642;201703;3;4.43;726.933
1642;201704;3;4.32;699.089
1642;201705;30;3.75;528.322
1642;201706;2;3.12;365.011
1642;201707;3;2.59;248.265
1642;201708;29;2.68;268.453
1642;201709;25;4.32;699.089
1642;201710;3;1.68;80.405
1642;201711;25;1.8;93.473
1642;201712;11;5.33;874.373
1642;201801;6;5.05;833.778
1642;201802;16;5.11;841.955
1642;201803;17;6.75;1490.843
1642;201804;4;6.52;1352.669
1642;201805;8;4.67;776.47
1642;201806;26;4.69;779.999
1642;201807;20;4.82;801.179
1642;201808;29;3.52;465.295
1642;201809;20;3.57;478.664
1642;201810;26;4.16;650.347
1642;201811;23;4.72;785.147
1642;201812;20;4.91;814.428
1642;201901;31;5.7;957.421
1642;201902;1;5.66;945.569
1642;201903;7;4.84;804.206
1642;201904;10;4.96;821.454
1642;201905;11;5.02;829.695
1642;201906;8;4.11;634.804
1642;201907;1;4.25;678.786
1642;201908;28;2.68;268.453
1642;201909;30;3.32;413.669
1642;201910;21;3.58;481.36
1642;201911;29;5.64;939.969
1642;201912;21;11.25;3234.2
1642;202001;1;5.12;843.328
1642;202002;2;4.67;776.47
1642;202003;5;5.05;833.778
1642;202004;29;4.49;740.679
1642;202005;3;4.33;701.767
1642;202006;3;4.05;616.395
1642;202007;1;3.1;360.309
1642;202008;27;3.42;439.112
1642;202009;22;4.15;647.223
1642;202010;31;4.33;628.68
1642;202011;10;4.56;697.198
1642;202012;12;7.74;1798.815
1642;202101;26;6.26;1241.183
1642;202102;10;8.01;1921.522
1642;202103;1;4.57;700.219
1642;202104;14;4.4;649.326
1642;202105;8;4.37;640.454
1642;202106;22;4;534.253
1642;202107;2;4.26;608.233
1642;202108;14;3.67;445.632
1642;202109;2;3.38;373.555
1644;200810;7;1.39;
1644;200811;11;0.82;
1644;200812;13;2.9;
1644;200901;23;3.26;133.828
1644;200902;9;2.64;43.933
1644;200903;5;0.99;10.981
1644;200904;17;;8.19
1644;200905;17;1.49;17.773
1644;200906;10;2.49;82.461
1644;200907;23;0.76;5.87
1644;200908;2;;2.423
1644;200909;4;;0.695
1644;201001;14;2.87;165.5
1644;201002;25;2.73;149.45
1644;201003;30;1.53;44.99
1644;201004;2;1.45;40.16
1644;201005;10;1.57;47.51
1644;201006;9;0.81;11.25
1644;201007;1;0.44;2.576
1644;201008;24;0.38;1.738
1644;201009;8;0.41;2.14
1644;201010;3;2.79;156.23
1644;201011;14;3.13;197.44
1644;201012;8;2.37;111.86
1644;201101;6;3.23;210.46
1644;201102;19;1.59;48.79
1644;201103;27;1.26;29.76
1644;201104;1;0.76;9.73
1644;201105;1;0.5;3.57
1644;201106;18;0.42;2.28
1644;201107;9;0.46;2.89
1644;201108;21;0.45;2.73
1644;201109;1;0.4;2
1644;201110;26;2.57;132.09
1644;201111;11;1.66;53.42
1644;201112;16;2.73;149.45
1644;201201;2;1.53;44.99
1644;201202;1;0.41;2.14
1644;201203;4;0.45;2.73
1644;201204;25;2.77;153.95
1644;201205;9;2.38;112.83
1644;201206;17;1.81;64.02
1644;201207;7;0.57;4.94
1644;201208;15;0.5;3.57
1644;201209;25;1.12;17.71
1644;201210;17;2.42;116.76
1644;201211;3;1.83;65.5
1644;201212;14;4.17;191.886
1644;201301;18;3.56;149.832
1644;201302;1;2.75;105.433
1644;201303;25;3.25;131.4
1644;201304;11;3.16;126.4
1644;201305;19;0.77;10.02
1644;201306;18;0.77;10.02
1644;201307;1;0.41;2.14
1644;201308;1;0.23;0.8
1644;201309;28;0.76;9.73
1644;201310;22;3.76;162.74
1644;201311;2;3.21;129.16
1644;201312;24;3.51;146.73
1644;201401;6;3.25;131.4
1644;201402;8;3.74;161.41
1644;201403;1;2.3;85.63
1644;201404;26;2.09;77.44
1644;201405;22;1.17;25.36
1644;201406;13;0.49;3.4
1644;201407;6;1.08;21.32
1644;201408;9;0.8;10.93
1644;201409;18;1.59;48.79
1644;201410;16;3.61;152.98
1644;201411;13;3.13;124.76
1644;201412;13;0.96;16.45
1644;201501;30;2.8;107.83
1644;201502;2;1.87;68.52
1644;201503;3;1.94;71.98
1644;201504;26;1.14;23.98
1644;201505;3;1.91;70.92
1644;201506;1;0.48;3.22
1644;201507;1;0.31;0.97
1644;201508;27;0.76;9.73
1644;201509;15;3.21;129.16
1644;201510;5;3.33;135.98
1644;201511;5;3.07;121.54
1644;201512;30;1.65;52.74
1644;201601;8;4.39;209.1
1644;201602;12;4.25;198.01
1644;201603;28;3.07;121.54
1644;201604;15;2.13;78.95
1644;201605;12;1.16;24.9
1644;201606;16;1.07;20.89
1644;201607;1;0.34;1.27
1644;201608;1;0.16;0.73
1644;201609;13;0.18;0.75
1644;201610;23;0.8;10.934
1644;201611;20;2.5;94.04
1644;201612;16;0.65;6.763
1644;201701;31;1.4;37.272
1644;201702;4;3.42;141.278
1644;201703;6;1.49;42.539
1644;201704;1;0.71;8.314
1644;201705;12;1.3;31.82
1644;201706;28;0.52;3.942
1644;201707;6;0.46;2.891
1644;201708;1;0.36;1.495
1644;201709;4;0.35;1.38
1644;201710;17;0.41;2.137
1644;201711;25;0.76;9.726
1644;201712;10;3.63;154.256
1644;201801;5;2.89;112.263
1644;201802;15;2.44;91.454
1644;201803;11;2.47;92.74
1644;201804;4;2.11;78.196
1644;201805;1;0.64;6.519
1644;201806;10;0.83;11.885
1644;201807;3;0.69;7.779
1644;201808;1;0.42;2.279
1644;201809;5;0.37;1.614
1644;201810;15;0.47;3.055
1644;201811;10;3.7;158.781
1644;201812;15;3.05;120.483
1644;201901;31;3.23;130.28
1644;201902;10;2.83;109.295
1644;201903;6;2.44;91.454
1644;201904;8;2.15;79.718
1644;201905;10;1.2;26.791
1644;201906;7;0.63;1.495
1644;201907;1;0.43;0.725
1644;201908;9;0.57;0.873
1644;201909;30;0.51;1.164
1644;201910;17;2.63;99.838
1644;201911;13;3.07;121.543
1644;201912;18;2.95;115.293
1644;202001;29;2.74;104.958
1644;202002;1;2.75;105.433
1644;202003;5;3.1;123.145
1644;202004;30;1.92;71.269
1644;202005;1;2.92;113.77
1644;202006;28;0.46;2.891
1644;202007;2;0.37;1.614
1644;202008;20;0.8;10.934
1644;202009;23;0.57;4.939
1644;202010;25;3.55;149.208
1644;202011;8;1.99;73.763
1644;202012;11;3.29;133.679
1644;202101;23;2.71;103.542
1644;202102;2;3.3;134.252
1644;202103;1;0.86;12.875
1644;202104;27;0.57;4.939
1644;202105;16;2.19;81.263
1644;202106;21;1.18;25.836
1644;202107;6;0.41;2.137
1644;202108;2;0.23;0.799
1644;202109;10;0.15;0.715
1645;199910;23;4;268.414
1645;199912;14;4;268.414
1645;200004;25;4.5;360.622
1645;200110;22;5.85;684.476
1645;200301;;5.95;712.31
1645;200810;7;1.22;38.5
1645;200811;11;1;14.1
1645;200812;13;2.01;171.3
1645;200901;23;;219.5
1645;200902;9;1.93;145.8
1645;200903;5;1.11;23.5
1645;200904;16;1.07;20
1645;200905;17;1.31;45.32
1645;200906;9;;53.7
1645;200907;23;1.03;14.4
1645;200908;1;0.9;5.5
1645;200909;6;;4.7
1645;200910;24;2.08;166.06
1645;200911;15;2.65;227.04
1645;200912;6;3.31;272.33
1645;201001;14;2.16;180.09
1645;201002;24;2.04;158.23
1645;201003;1;1.56;57.93
1645;201004;2;1.36;38.75
1645;201005;10;1.42;43.68
1645;201006;9;1.02;10.24
1645;201007;1;0.89;2.09
1645;201008;1;0.84;1.26
1645;201009;8;0.84;1.26
1645;201010;3;1.95;138.6
1645;201011;14;2.16;184.3
1645;201012;8;1.95;145.4
1645;201101;6;2.62;246.7
1645;201102;19;1.47;52.5
1645;201103;27;1.2;28.8
1645;201104;1;1.02;12.9
1645;201105;2;;6
1645;201106;1;;3.3
1645;201107;9;0.88;3.3
1645;201108;9;;2.8
1645;201109;2;0.85;2.6
1645;201110;26;1.92;111.7
1645;201111;11;1.45;49.9
1645;201112;16;1.96;149.7
1645;201201;2;1.37;45.6
1645;201202;4;0.92;6
1645;201203;4;0.9;3.9
1645;201204;25;1.98;148.2
1645;201205;9;1.87;123.4
1645;201206;17;1.5;56.3
1645;201207;8;0.95;6.8
1645;201208;15;0.91;4
1645;201209;25;1.11;20.9
1645;201210;17;1.87;106.5
1645;201211;3;1.55;60.4
1645;201212;14;3.92;295.3
1645;201301;18;3.38;267.49
1645;201302;1;2.02;157
1645;201303;25;2.47;233.1
1645;201304;11;2.43;227.1
1645;201305;7;1.06;17.5
1645;201306;18;1.01;13
1645;201307;5;0.9;5.4
1645;201308;17;0.85;4.3
1645;201309;28;1;12.3
1645;201310;22;2.81;264
1645;201311;4;2.35;216.4
1645;201312;24;2.43;228
1645;201401;6;2.81;256
1645;201402;8;2.93;286.7
1645;201403;1;1.86;122.2
1645;201404;26;1.72;88.2
1645;201405;22;1.17;26.9
1645;201406;11;;8.1
1645;201407;6;1.13;20.2
1645;201408;9;1.03;11.5
1645;201409;18;1.43;43.8
1645;201410;16;2.62;224.9
1645;201411;13;2.17;181.69
1645;201412;13;1.16;22.58
1645;201501;30;2.09;167.93
1645;201502;2;1.68;75.52
1645;201503;3;1.69;77.27
1645;201504;26;1.19;25.15
1645;201505;3;1.65;70.54
1645;201506;1;0.95;5.06
1645;201507;1;0.9;2.48
1645;201508;27;1.03;11.09
1645;201509;16;2.19;184.78
1645;201510;5;2.13;175.09
1645;201511;5;2.11;171.58
1645;201512;30;1.5;51.18
1645;201601;8;3.84;307.95
1645;201602;13;4.37;344.57
1645;201603;28;2.18;183.25
1645;201604;15;1.82;104.14
1645;201605;12;1.25;30.09
1645;201606;16;1.19;25.15
1645;201607;1;0.97;6.37
1645;201608;1;0.9;2.48
1645;201609;13;0.93;3.95
1645;201610;23;1.04;11.945
1645;201611;20;1.81;101.811
1645;201612;16;0.99;7.832
1645;201701;30;1.26;30.887
1645;201702;4;2.59;222.755
1645;201703;6;1.44;45.434
1645;201704;1;1.05;12.817
1645;201705;12;1.24;29.283
1645;201706;28;0.95;5.06
1645;201707;7;0.92;3.464
1645;201708;30;0.87;1.559
1645;201709;24;0.88;1.78
1645;201710;18;0.89;2.086
1645;201711;25;1.02;10.241
1645;201712;11;2.98;250.001
1645;201801;5;2.13;175.09
1645;201802;15;2.01;152.028
1645;201803;11;2.03;156.195
1645;201804;4;1.87;116.308
1645;201805;1;1.13;19.947
1645;201806;10;1.13;19.947
1645;201807;3;1.06;13.698
1645;201808;1;0.91;2.952
1645;201809;6;0.87;1.559
1645;201810;11;0.93;3.945
1645;201811;10;2.73;232.688
1645;201812;15;2.15;178.459
1645;201901;31;2.42;210.394
1645;201902;10;2.07;164.153
1645;201903;6;1.86;113.807
1645;201904;8;1.75;88.733
1645;201905;10;1.28;32.469
1645;201906;7;1.03;11.086
1645;201907;1;0.9;2.481
1645;201908;9;0.93;3.945
1645;201909;24;0.91;2.952
1645;201910;17;1.92;129.207
1645;201911;13;2.32;201.63
1645;201912;19;2.27;195.787
1645;202001;29;2.04;158.233
1645;202002;1;2.08;166.061
1645;202003;5;2.24;191.908
1645;202004;30;1.5;51.181
1645;202005;1;2.08;166.061
1645;202006;12;0.9;2.481
1645;202007;1;0.87;1.559
1645;202008;20;1;8.611
1645;202009;23;0.91;2.952
1645;202010;25;2.34;203.767
1645;202011;8;1.59;61.768
1645;202012;11;2.61;224.187
1645;202101;23;2;149.899
1645;202102;3;2.64;226.326
1645;202103;1;1.23;28.472
1645;202104;27;1.01;9.415
1645;202105;16;1.78;95.079
1645;202106;21;1.28;32.469
1645;202107;6;0.94;4.475
1645;202108;2;0.87;1.559
1645;202109;14;0.85;1.32
1646;200810;7;0.9;
1646;200811;28;0.59;
1646;200812;7;1.86;
1646;200901;23;1.85;24.113
1646;200902;5;;6.385
1646;200903;5;0.54;1.533
1646;200904;16;0.69;1.785
1646;200905;17;0.71;2.023
1646;200906;10;;4.324
1646;200907;22;0.5;1.032
1646;200908;1;0.38;0.746
1646;200909;3;;0.588
1646;201001;14;1.53;29.81
1646;201002;27;1.72;40.03
1646;201003;1;1.06;9.1
1646;201004;3;0.67;3.65
1646;201005;10;0.65;3.44
1646;201006;9;0.49;1.96
1646;201007;8;0.2;0.33
1646;201008;4;0.14;0.16
1646;201009;6;0.2;0.33
1646;201010;8;1.34;20.56
1646;201011;14;1.53;29.81
1646;201012;8;1.96;54.15
1646;201101;6;2.81;113.19
1646;201102;13;0.74;4.45
1646;201103;15;0.57;2.65
1646;201104;21;0.62;3.13
1646;201105;1;0.49;1.96
1646;201106;1;0.16;0.21
1646;201107;8;0.17;0.24
1646;201108;22;0.72;4.22
1646;201109;4;0.16;0.21
1646;201110;26;2.98;126.45
1646;201111;22;1.01;8.27
1646;201112;16;0.9;6.57
1646;201201;1;0.54;2.38
1646;201202;1;0.23;0.44
1646;201203;17;0.27;0.6
1646;201204;25;0.94;7.17
1646;201205;8;0.93;7.02
1646;201206;17;0.69;3.87
1646;201207;13;0.42;1.44
1646;201208;15;0.52;2.21
1646;201209;25;0.59;2.84
1646;201210;17;0.6;2.93
1646;201211;3;0.9;6.57
1646;201212;14;2.52;91.62
1646;201301;18;2.3;76.2
1646;201302;1;1.04;8.76
1646;201303;25;1.64;35.62
1646;201304;11;1.67;37.25
1646;201305;7;0.47;1.8
1646;201306;18;0.44;1.58
1646;201307;1;0.19;0.3
1646;201308;1;0.12;0.12
1646;201309;28;0.55;2.47
1646;201310;22;2.1;62.96
1646;201311;4;1.47;26.78
1646;201312;24;1.24;16.12
1646;201401;6;1.95;53.54
1646;201402;8;2.14;65.54
1646;201403;1;1.75;41.72
1646;201404;26;0.98;7.79
1646;201405;22;0.55;2.47
1646;201406;6;0.45;1.65
1646;201407;6;0.31;0.79
1646;201408;2;0.27;0.6
1646;201409;17;1.29;18.3
1646;201410;16;2.42;84.5
1646;201411;3;1.38;22.42
1646;201412;13;0.77;4.82
1646;201501;30;2.01;57.25
1646;201502;2;0.99;7.95
1646;201503;2;0.92;6.87
1646;201504;25;0.5;2.04
1646;201505;4;0.91;6.72
1646;201506;14;0.33;0.89
1646;201507;1;0.21;0.36
1646;201508;13;0.26;0.55
1646;201509;15;0.77;4.82
1646;201510;5;1.04;8.76
1646;201511;5;1.01;8.27
1646;201512;30;0.83;5.59
1646;201601;8;2.52;91.62
1646;201602;13;3.11;136.88
1646;201603;28;1.1;10.5
1646;201604;15;1.35;21.02
1646;201605;22;0.7;3.99
1646;201606;16;0.38;1.18
1646;201607;1;0.19;0.3
1646;201608;2;0.14;0.16
1646;201609;13;0.83;5.59
1646;201610;23;0.44;1.582
1646;201611;9;0.65;3.439
1646;201612;15;0.42;1.442
1646;201701;31;0.47;1.804
1646;201702;4;1.28;17.856
1646;201703;3;0.62;3.13
1646;201704;30;0.39;1.244
1646;201705;13;0.58;2.741
1646;201706;28;0.3;0.738
1646;201707;7;0.37;1.121
1646;201708;9;0.11;0.1
1646;201709;19;0.1;0.083
1646;201710;21;0.19;0.297
1646;201711;24;0.4;1.309
1646;201712;10;1.87;48.706
1646;201801;5;1.17;13.218
1646;201802;28;0.61;3.031
1646;201803;1;1.32;19.642
1646;201804;10;1.12;11.254
1646;201805;25;0.82;5.461
1646;201806;10;1.11;10.873
1646;201807;2;0.27;0.599
1646;201808;5;0.15;0.186
1646;201809;4;0.23;0.435
1646;201810;11;0.6;2.933
1646;201811;10;1.49;29.632
1646;201812;15;1.14;15.982
1646;201901;31;1.91;50.897
1646;201902;1;0.99;11.821
1646;201903;5;1.13;15.663
1646;201904;7;0.89;9.732
1646;201905;8;0.39;2.365
1646;201906;6;0.5;3.796
1646;201907;1;0.15;0.354
1646;201908;18;0.31;1.486
1646;201909;24;0.41;2.61
1646;201910;19;1.14;15.982
1646;201911;13;2.06;59.618
1646;201912;18;2.39;80.777
1646;202001;16;1.33;22.808
1646;202002;1;1.16;16.636
1646;202003;5;1.35;23.622
1646;202004;17;0.64;5.773
1646;202005;1;0.88;9.547
1646;202006;1;0.5;3.796
1646;202007;1;0.16;0.408
1646;202008;19;0.4;2.487
1646;202009;23;0.56;4.632
1646;202010;25;1.39;25.282
1646;202011;8;0.83;8.67
1646;202012;16;2.41;82.143
1646;202101;31;1.74;41.719
1646;202102;18;3;126.523
1646;202103;1;0.72;6.943
1646;202104;13;0.56;4.632
1646;202105;13;0.89;9.732
1646;202106;17;0.54;4.351
1646;202107;5;0.3;1.39
1646;202108;2;0.28;1.207
1646;202109;14;0.34;1.795
1647;198310;;;2.8
1647;198311;;;6.7
1647;198312;22;2.28;59.48
1647;198401;;;38.06
1647;198402;;;28.92
1647;198403;;;32.72
1647;198404;;;37.04
1647;198405;;;8.7
1647;198406;;;4.9
1647;198407;;;1.57
1647;198408;;;1.71
1647;198409;;;0.44
1647;198410;;;8.7
1647;198411;;;47.24
1647;198412;;;23.75
1647;198501;;;47.24
1647;198502;15;2.42;66.62
1647;198503;;;23.75
1647;198504;;;38.06
1647;198505;;;6.34
1647;198506;;;5.08
1647;198507;;;1.99
1647;198508;;;0.822
1647;198509;;;0.698
1647;198510;;;0.46
1647;198511;;;9.48
1647;198512;;;31.2
1647;198601;;;28.92
1647;198602;17;2.12;51.32
1647;198603;;;14.52
1647;198604;;;7.1
1647;198605;;;6.34
1647;198606;;;4.15
1647;198607;;;1.71
1647;198608;;;0.672
1647;198609;;;15.14
1647;199710;20;1.36;44.411
1647;199711;14;1.81;64.512
1647;199712;22;1.02;30.342
1647;199801;7;0.77;19.384
1647;199802;21;0.59;11.678
1647;199803;5;0.72;17.219
1647;199805;1;0.62;12.938
1647;199806;2;0.52;8.895
1647;199807;1;0.31;2.383
1647;199808;5;0.24;0.978
1647;199809;25;0.59;11.678
1647;199810;1;0.4;4.784
1647;199811;2;0.57;10.859
1647;199812;31;0.61;12.513
1647;199901;16;0.69;15.928
1647;199902;9;0.52;8.895
1647;199903;10;0.7;16.356
1647;199904;27;0.66;14.642
1647;199905;5;0.65;14.214
1647;199906;3;0.53;9.277
1647;199907;4;0.27;1.532
1647;199909;22;1.47;34.477
1647;199910;24;1.56;37.585
1647;199911;2;1.01;19.608
1647;199912;15;1.56;37.585
1647;200001;13;0.57;7.462
1647;200002;1;0.56;7.217
1647;200003;16;0.38;3.181
1647;200004;25;1.72;43.245
1647;200005;1;0.62;8.707
1647;200006;1;0.4;3.584
1647;200007;3;0.29;1.487
1647;200008;23;0.4;3.584
1647;200009;4;0.22;0.532
1647;200010;31;0.61;8.453
1647;200011;6;1.92;50.557
1647;200103;22;4.4;164.197
1647;200105;16;0.72;11.314
1647;200106;1;0.41;3.799
1647;200110;22;2.46;71.641
1647;200111;1;0.43;4.228
1647;200112;31;0.38;3.181
1647;200201;23;0.8;13.496
1647;200202;3;0.74;11.851
1647;200203;17;0.76;12.395
1647;200204;1;0.5;5.789
1647;200205;13;0.71;11.045
1647;200206;8;0.57;7.462
1647;200207;1;0.29;1.487
1647;200208;20;0.26;0.997
1647;200209;16;0.34;2.392
1647;200210;23;0.79;13.221
1647;200211;14;1.53;36.541
1647;200212;28;2.06;55.847
1647;200301;2;1.9;49.81
1647;200302;27;0.76;12.395
1647;200303;1;1.46;34.136
1647;200304;25;0.72;11.314
1647;200305;1;0.63;8.96
1647;200306;29;0.49;5.563
1647;200307;27;0.48;5.337
1647;200308;29;0.59;7.953
1647;200310;31;0.66;9.73
1647;200401;14;0.8;13.496
1647;200402;1;0.66;9.73
1647;200403;12;0.56;7.217
1647;200410;31;0.86;15.193
1647;200411;1;0.6;8.199
1647;200412;29;0.58;7.708
1647;200910;25;0.65;12.115
1647;200911;30;1.53;
1647;200912;6;1.72;
1647;201001;14;1.2;32.99
1647;201002;28;1.54;46.23
1647;201003;1;1.31;37.14
1647;201004;3;0.56;11.77
1647;201005;9;0.42;7.97
1647;201006;1;0.17;2.35
1647;201007;3;0.13;1.63
1647;201008;1;0.06;0.57
1647;201009;7;0.07;0.71
1647;201010;3;0.71;16.22
1647;201011;14;0.76;17.78
1647;201012;8;1.06;27.89
1647;201101;7;1.48;43.81
1647;201102;16;0.67;15
1647;201103;15;0.51;10.37
1647;201104;21;0.32;5.52
1647;201105;1;0.25;3.95
1647;201106;1;0.12;1.46
1647;201107;9;0.1;1.14
1647;201108;22;0.33;5.75
1647;201109;4;0.11;1.3
1647;201110;27;1.19;32.62
1647;201111;22;0.64;14.1
1647;201112;16;0.57;12.05
1647;201201;2;0.43;8.23
1647;201202;1;0.18;2.53
1647;201203;4;0.16;2.16
1647;201204;19;0.65;14.39
1647;201205;9;0.65;14.39
1647;201206;17;0.38;6.96
1647;201207;7;0.16;2.16
1647;201208;15;0.28;4.61
1647;201209;25;0.24;3.74
1647;201210;17;0.45;8.75
1647;201211;3;0.53;10.92
1647;201212;14;1.81;57.52
1647;201301;19;2.22;75.82
1647;201302;2;0.72;16.53
1647;201303;29;0.97;24.74
1647;201304;11;1.15;31.14
1647;201305;7;0.35;6.23
1647;201306;18;0.28;4.61
1647;201307;1;0.12;1.46
1647;201308;7;0.06;0.57
1647;201309;28;0.34;5.99
1647;201310;22;0.96;24.39
1647;201311;5;0.81;19.39
1647;201312;24;0.98;25.08
1647;201401;6;1.49;44.21
1647;201402;8;1.84;58.81
1647;201403;2;1.12;30.05
1647;201404;26;0.59;12.63
1647;201405;22;0.45;8.75
1647;201406;6;0.27;4.39
1647;201407;6;0.2;2.92
1647;201408;2;0.15;1.98
1647;201409;18;0.68;15.3
1647;201410;17;0.94;23.71
1647;201411;13;0.93;23.37
1647;201412;13;0.6;12.92
1647;201501;31;1.48;43.81
1647;201502;1;0.86;21.02
1647;201503;2;0.54;11.2
1647;201504;25;0.38;6.96
1647;201505;4;0.64;14.1
1647;201506;1;0.14;1.8
1647;201507;2;0.07;0.71
1647;201508;13;0.1;1.14
1647;201509;15;0.6;12.92
1647;201510;5;0.66;14.7
1647;201511;5;0.56;11.77
1647;201512;30;0.51;10.37
1647;201601;11;2.19;74.43
1647;201602;13;3.46;138.18
1647;201603;28;0.83;20.04
1647;201604;16;0.95;24.05
1647;201605;28;0.51;10.37
1647;201606;1;0.31;5.29
1647;201607;1;0.14;1.8
1647;201608;1;0.04;0.33
1647;201609;13;0.44;8.49
1647;201610;23;0.31;5.288
1647;201611;20;0.45;8.754
1647;201612;16;0.4;7.465
1647;201701;31;0.41;7.718
1647;201702;5;0.96;24.394
1647;201703;3;0.52;10.645
1647;201704;1;0.26;4.168
1647;201705;12;0.37;6.718
1647;201706;6;0.13;1.632
1647;201707;7;0.1;1.145
1647;201708;10;0.02;0.13
1647;201709;12;0.03;0.225
1647;201710;21;0.06;0.574
1647;201711;24;0.57;12.052
1647;201712;11;1.2;32.989
1647;201801;5;0.64;14.096
1647;201802;16;0.51;10.369
1647;201803;15;0.75;17.469
1647;201804;10;0.7;15.913
1647;201805;26;0.4;7.465
1647;201806;10;0.57;12.052
1647;201807;2;0.19;2.727
1647;201808;1;0.08;0.574
1647;201809;5;0.16;0.993
1647;201810;14;0.33;5.754
1647;201811;10;1.02;33.776
1647;201812;16;0.67;18.693
1647;201901;31;1.26;45.692
1647;201902;1;1.24;44.621
1647;201903;6;0.68;19.096
1647;201904;8;0.59;15.543
1647;201905;4;0.32;6.195
1647;201906;6;0.35;7.102
1647;201907;1;0.11;1.263
1647;201908;9;0.2;3.033
1647;201909;24;0.17;2.379
1647;201910;19;0.61;16.318
1647;201911;13;0.89;27.932
1647;201912;21;3.07;274.86
1647;202001;31;0.7;19.906
1647;202002;1;0.73;21.135
1647;202003;5;0.78;23.215
1647;202004;5;0.45;10.394
1647;202005;1;0.54;13.644
1647;202006;1;0.34;6.795
1647;202007;1;0.13;1.605
1647;202008;20;0.27;4.781
1647;202009;23;0.32;6.195
1647;202010;25;0.63;17.102
1647;202011;8;0.54;13.644
1647;202012;12;1.23;44.093
1647;202101;31;0.83;25.335
1647;202102;18;1.8;86.733
1647;202103;1;0.49;11.809
1647;202104;25;0.45;10.394
1647;202105;13;0.55;14.019
1647;202106;18;0.3;5.614
1647;202107;6;0.16;2.175
1647;202108;2;0.1;1.105
1647;202109;15;0.15;1.977
1659;200801;15;0.71;19.06
1659;200802;26;0.43;11.57
1659;200803;28;0.57;18.05
1659;200804;18;;19.06
1659;200805;27;;19.06
1659;200806;1;0.53;16.08
1659;200807;8;0.27;5.59
1659;200808;12;0.18;2.99
1659;200809;7;0.1;1.21
1659;200810;24;0.22;4.07
1659;200811;29;0.37;9.14
1659;200812;5;;19.06
1659;200901;29;1.6;100.979
1659;200902;5;1.4;80.903
1659;200903;5;0.55;17.05
1659;200904;21;0.46;12.86
1659;200905;24;0.43;11.57
1659;200906;10;0.66;19.06
1659;200907;23;0.31;6.93
1659;200908;5;0.24;4.66
1659;200909;1;0.07;0.7
1659;200910;25;0.43;11.57
1659;200911;16;1.07;51.78
1659;201001;14;1.91;135.49
1659;201002;25;2.45;204.84
1659;201003;1;1.6;100.98
1659;201004;7;0.93;41.03
1659;201005;12;0.56;17.68
1659;201006;12;0.55;17.16
1659;201007;8;0.38;9.29
1659;201008;4;0.19;2.94
1659;201009;7;0.18;2.69
1659;201010;9;0.61;20.37
1659;201011;21;0.99;45.51
1659;201012;8;0.95;42.5
1659;201101;7;2.11;159.85
1659;201102;16;1.17;60.06
1659;201103;15;1.04;49.39
1659;201104;20;0.65;22.64
1659;201105;2;0.47;13.21
1659;201106;5;0.37;8.88
1659;201107;5;0.28;5.59
1659;201108;4;0.18;2.69
1659;201109;17;0.17;2.44
1659;201110;27;0.57;18.203
1659;201111;16;0.51;15.134
1659;201112;11;0.58;18.736
1659;201201;2;0.36;8.489
1659;201202;15;0.36;8.489
1659;201203;2;0.28;5.593
1659;201204;19;1;46.28
1659;201205;5;0.85;35.337
1659;201206;4;0.32;6.981
1659;201207;3;0.29;5.929
1659;201208;2;0.19;2.938
1659;201209;28;0.18;2.686
1659;201210;31;0.31;6.623
1659;201211;9;0.37;8.884
1659;201212;15;1.49;89.719
1659;201301;19;3.4;352.897
1659;201302;2;0.85;35.337
1659;201303;27;1.63;104.142
1659;201304;11;1.55;95.795
1659;201305;8;0.69;24.997
1659;201306;4;0.49;14.162
1659;201307;12;0.33;7.347
1659;201308;5;0.28;5.593
1659;201309;28;0.15;1.985
1659;201310;22;0.94;41.76
1659;201311;3;0.88;37.43
1659;201312;25;1.41;81.86
1659;201401;3;1.5;90.72
1659;201402;8;2.55;218.9
1659;201403;2;1.78;120.53
1659;201404;2;0.82;33.29
1659;201405;22;0.52;15.63
1659;201406;2;0.36;8.49
1659;201407;16;0.35;8.1
1659;201408;7;0.25;4.63
1659;201409;26;0.3;6.27
1659;201410;17;1.16;59.21
1659;201411;15;0.89;38.14
1659;201412;13;0.53;16.13
1659;201501;31;2.13;162.37
1659;201502;1;1.09;53.4
1659;201503;2;0.62;20.93
1659;201504;26;0.64;22.06
1659;201505;5;0.55;17.16
1659;201506;5;0.34;7.72
1659;201507;3;0.23;4.04
1659;201508;12;0.14;1.77
1659;201509;17;0.26;4.95
1659;201510;5;0.35;8.1
1659;201511;6;0.33;7.35
1659;201512;31;0.36;8.49
1659;201601;11;2.54;217.48
1659;201602;13;3.15;310.88
1659;201603;4;1.02;47.83
1659;201604;17;1.35;76.16
1659;201605;10;0.98;44.75
1659;201606;17;0.63;21.49
1659;201607;1;0.35;8.1
1659;201608;2;0.24;4.33
1659;201609;22;0.21;3.47
1659;201610;14;0.3;6.272
1659;201611;25;0.4;10.111
1659;201612;16;0.39;9.695
1659;201701;31;0.3;6.272
1659;201702;5;1.47;87.728
1659;201703;6;0.49;14.162
1659;201704;2;0.38;9.286
1659;201705;12;0.42;10.964
1659;201706;1;0.29;5.929
1659;201707;8;0.33;7.347
1659;201708;30;0.12;1.37
1659;201709;23;0.16;2.209
1659;201710;25;0.08;0.699
1659;201711;26;0.31;6.623
1659;201712;11;0.9;38.854
1659;201801;5;0.72;26.827
1659;201802;14;0.68;24.398
1659;201803;11;1.46;86.74
1659;201804;10;1.35;76.164
1659;201805;7;0.62;20.93
1659;201806;10;0.57;18.203
1659;201807;1;0.5;14.645
1659;201808;10;0.28;5.593
1659;201809;11;0.25;4.634
1659;201810;15;0.28;5.593
1659;201811;23;0.66;23.219
1659;201812;19;0.69;24.997
1659;201901;31;1.39;79.946
1659;201902;1;1.25;67.029
1659;201903;7;0.83;33.967
1659;201904;10;1.04;49.393
1659;201905;1;0.55;17.155
1659;201906;7;0.44;11.845
1659;201907;1;0.32;6.981
1659;201908;9;0.22;3.748
1659;201909;11;0.14;1.77
1659;201910;20;0.62;20.93
1659;201911;13;1.65;106.271
1659;201912;20;2.98;283.526
1659;202001;15;0.77;29.989
1659;202002;1;0.62;20.93
1659;202003;20;0.94;41.762
1659;202004;6;0.63;21.493
1659;202005;3;0.62;20.93
1659;202006;15;0.42;10.964
1659;202007;8;0.32;6.981
1659;202008;18;0.16;2.209
1659;202009;30;0.19;2.938
1659;202010;26;0.42;10.964
1659;202011;9;0.35;8.101
1659;202012;11;1.65;106.271
1659;202101;31;0.89;38.14
1659;202102;9;1.89;133.143
1659;202103;2;0.94;41.762
1659;202104;24;0.61;20.372
1659;202105;7;0.51;15.134
1659;202106;19;0.47;13.215
1659;202107;8;0.38;9.286
1659;202108;9;0.27;5.266
1659;202109;10;0.24;4.331
1705;196011;17;;150
1705;196203;;;835
1705;196303;11;;206.7
1705;196311;15;;184
1705;196503;17;;116.8
1715;200801;15;0.59;7.83
1715;200802;3;0.28;1.29
1715;200803;27;0.45;4.26
1715;200804;10;0.62;8.71
1715;200805;27;0.48;4.95
1715;200806;1;0.45;4.26
1715;200807;1;0.26;1.071
1715;200808;1;0.2;0.55
1715;200809;5;0.2;0.55
1715;200810;7;0.23;0.79
1715;200811;11;0.24;0.88
1715;200812;7;0.54;6.45
1715;200901;23;1.4;41.31
1715;200902;9;0.89;16.81
1715;200903;7;0.55;6.76
1715;200904;1;0.39;2.91
1715;200905;12;0.34;2.08
1715;200906;10;0.45;4.13
1715;200907;23;0.38;2.73
1715;200908;1;0.24;0.89
1715;200909;16;0.18;0.44
1715;200910;22;0.35;2.23
1715;200911;16;0.79;14
1715;200912;29;1.04;21.33
1715;201001;1;0.78;13.73
1715;201002;25;1.09;22.92
1715;201003;1;0.74;12.67
1715;201004;21;0.69;11.38
1715;201005;1;0.54;6.46
1715;201006;11;0.6;8.37
1715;201007;3;0.34;2.08
1715;201008;1;0.24;0.89
1715;201009;7;0.21;0.64
1715;201010;4;0.54;6.46
1715;201011;14;0.76;13.2
1715;201012;6;0.83;15.1
1715;201101;6;1.28;29.3
1715;201102;22;0.64;9.8
1715;201103;30;0.52;5.89
1715;201104;1;0.51;5.62
1715;201105;1;0.37;2.56
1715;201106;6;0.29;1.41
1715;201107;12;0.23;0.8
1715;201108;22;0.2;0.57
1715;201109;1;0.21;0.64
1715;201110;27;0.48;4.84
1715;201111;11;0.4;3.1
1715;201112;16;0.67;10.88
1715;201201;2;0.32;1.79
1715;201202;4;0.27;1.18
1715;201203;1;0.22;0.72
1715;201204;21;0.5;5.35
1715;201205;8;0.68;11.13
1715;201206;1;0.35;2.23
1715;201207;1;0.24;0.89
1715;201208;15;0.21;0.64
1715;201209;25;0.26;1.08
1715;201210;17;0.26;1.08
1715;201211;3;0.33;1.93
1715;201212;14;1.1;23.24
1715;201301;19;1.6;41.23
1715;201302;1;0.8;14.28
1715;201303;29;1.23;27.57
1715;201304;1;0.86;15.95
1715;201305;7;0.47;4.6
1715;201306;1;0.33;1.93
1715;201307;14;0.29;1.41
1715;201308;1;0.21;0.64
1715;201309;29;0.24;0.89
1715;201310;24;0.76;13.2
1715;201311;2;1.03;21.01
1715;201312;24;1.17;25.54
1715;201401;6;0.93;17.98
1715;201402;14;0.93;17.98
1715;201403;1;0.87;16.23
1715;201404;2;0.68;11.13
1715;201405;23;0.47;4.6
1715;201406;1;0.36;2.39
1715;201407;6;0.29;1.41
1715;201408;3;0.22;0.72
1715;201409;23;0.22;0.72
1715;201410;17;0.6;8.37
1715;201411;20;0.6;8.37
1715;201412;1;0.45;4.13
1715;201501;30;1.29;29.65
1715;201502;1;0.73;12.41
1715;201503;3;0.78;13.73
1715;201504;26;0.44;3.91
1715;201505;4;0.74;12.67
1715;201506;1;0.31;1.66
1715;201507;31;0.48;4.84
1715;201508;1;0.29;1.41
1715;201509;15;0.89;16.81
1715;201510;19;0.64;9.8
1715;201511;5;0.56;7.06
1715;201512;28;0.48;4.84
1715;201601;10;1.6;41.23
1715;201602;13;1.7;45.24
1715;201603;29;0.71;11.89
1715;201604;21;0.87;16.23
1715;201605;12;0.62;9.07
1715;201606;1;0.4;3.1
1715;201607;1;0.29;1.41
1715;201608;24;0.23;0.8
1715;201609;16;0.23;0.8
1715;201610;23;0.26;1.078
1715;201611;20;0.43;3.698
1715;201612;1;0.23;0.798
1715;201701;30;0.27;1.183
1715;201702;4;1.18;25.875
1715;201703;6;0.51;5.617
1715;201704;1;0.39;2.911
1715;201705;13;0.39;2.911
1715;201706;1;0.27;1.183
1715;201707;1;0.23;0.798
1715;201708;28;0.2;0.567
1715;201709;1;0.17;0.381
1715;201710;17;0.19;0.5
1715;201711;25;0.28;1.293
1715;201712;10;1.41;33.978
1715;201801;3;0.67;10.884
1715;201802;16;0.63;9.427
1715;201803;10;0.88;16.518
1715;201804;4;0.8;14.276
1715;201805;1;0.51;5.617
1715;201806;8;0.68;11.134
1715;201807;11;0.48;4.842
1715;201808;1;0.29;1.409
1715;201809;4;0.26;1.078
1715;201810;14;0.26;1.078
1715;201811;11;0.82;14.826
1715;201812;16;0.53;6.173
1715;201901;31;1.1;23.239
1715;201902;1;0.92;17.68
1715;201903;6;0.56;7.064
1715;201904;27;0.53;6.173
1715;201905;1;0.49;5.093
1715;201906;7;0.37;2.559
1715;201907;9;0.27;1.183
1715;201908;8;0.22;0.716
1715;201909;17;0.38;2.732
1715;201910;19;0.45;4.134
1715;201911;28;1.11;23.563
1715;201912;21;1.38;32.878
1715;202001;1;0.56;7.064
1715;202002;1;0.6;8.365
1715;202003;5;0.81;14.55
1715;202004;17;0.45;4.134
1715;202005;1;0.55;6.759
1715;202006;1;0.32;1.793
1715;202007;1;0.26;1.078
1715;202008;17;0.28;1.293
1715;202009;22;0.24;0.886
1715;202010;25;0.75;12.934
1715;202011;2;0.34;2.08
1715;202012;11;1.1;23.239
1715;202101;25;0.99;19.779
1715;202102;3;0.95;18.57
1715;202103;1;0.55;6.759
1715;202104;1;0.36;2.393
1715;202105;16;0.51;5.617
1715;202106;21;0.44;3.912
1715;202107;1;0.29;1.409
1715;202108;1;0.21;0.639
1715;202109;14;0.26;1.078
1718;196011;16;;149.2
1718;196204;;2.37;227
1718;196303;11;1.4;105.5
1718;196403;21;1.25;84.5
1718;196503;25;;55.2
1719;200810;14;0.14;
1719;200811;4;0.13;
1719;200812;13;0.14;
1719;200901;31;;4.633
1719;200902;1;0.15;4.448
1719;200903;25;;4.677
1719;200904;24;;4.988
1719;200905;11;;4.613
1719;200906;2;;4.25
1719;200907;5;;3.985
1719;200908;20;;3.92
1719;200909;11;;3.544
1719;200912;29;0.31;11.48
1719;201001;13;0.31;11.48
1719;201002;1;0.29;10.47
1719;201003;31;0.3;10.97
1719;201004;21;0.31;11.48
1719;201005;1;0.24;8.15
1719;201006;9;0.16;4.99
1719;201007;7;0.13;3.98
1719;201008;1;0.12;3.67
1719;201009;6;0.17;5.34
1719;201010;3;0.18;5.71
1719;201011;9;0.16;4.99
1719;201012;5;0.14;4.31
1719;201101;4;0.13;3.98
1719;201102;16;0.14;4.31
1719;201103;27;0.15;4.64
1719;201104;7;0.16;4.99
1719;201105;7;0.16;4.99
1719;201106;2;0.16;4.99
1719;201107;12;0.19;6.09
1719;201108;1;0.15;4.64
1719;201109;26;0.16;4.99
1719;201110;24;0.15;4.087
1719;201111;1;0.13;3.397
1719;201112;1;0.13;3.397
1719;201201;1;0.13;3.397
1719;201202;1;0.13;3.397
1719;201203;1;0.13;3.397
1719;201204;28;0.17;4.856
1719;201205;14;0.18;5.272
1719;201206;1;0.17;4.856
1719;201207;13;0.15;4.087
1719;201208;1;0.14;3.732
1719;201209;6;0.14;3.732
1719;201210;17;0.15;4.087
1719;201211;3;0.15;4.087
1719;201212;14;0.16;4.461
1719;201301;19;0.18;5.272
1719;201302;5;0.37;17.606
1719;201303;31;0.69;44.435
1719;201304;8;0.7;45.478
1719;201305;26;0.13;3.397
1719;201306;17;0.12;3.081
1719;201307;13;0.16;4.461
1719;201308;9;0.12;3.081
1719;201309;30;0.15;4.09
1719;201310;22;0.16;4.46
1719;201311;2;0.17;4.86
1719;201312;24;0.15;4.09
1719;201401;17;0.56;31.52
1719;201402;1;0.56;31.52
1719;201403;1;0.56;31.52
1719;201404;8;0.56;31.52
1719;201405;1;0.25;8.8
1719;201406;6;0.13;3.66
1719;201407;17;0.14;3.88
1719;201408;1;0.14;3.88
1719;201409;22;0.14;3.88
1719;201410;8;0.17;4.86
1719;201411;3;0.15;4.12
1719;201412;18;0.13;3.66
1719;201501;9;0.13;3.66
1719;201502;17;0.41;20.05
1719;201503;6;0.41;20.05
1719;201504;14;0.13;3.66
1719;201505;4;0.19;5.71
1719;201506;4;0.15;4.02
1719;201507;1;0.15;4.02
1719;201508;7;0.15;4.02
1719;201509;15;0.16;4.46
1719;201510;5;0.17;4.86
1719;201511;3;0.14;3.84
1719;201512;28;0.14;3.84
1719;201601;10;0.16;4.46
1719;201602;15;0.65;39.91
1719;201603;1;0.63;37.88
1719;201604;21;0.6;34.97
1719;201605;1;0.59;34.04
1719;201606;16;0.14;3.84
1719;201607;1;0.1;3.18
1719;201608;26;0.13;3.66
1719;201609;13;0.19;5.71
1719;201610;13;0.13;3.664
1719;201611;20;0.13;3.664
1719;201612;1;0.11;3.336
1719;201701;2;0.11;3.336
1719;201702;4;0.14;3.837
1719;201703;21;0.12;3.497
1719;201704;19;0.16;4.461
1719;201705;26;0.15;4.015
1719;201706;21;0.16;4.461
1719;201707;4;0.16;4.461
1719;201708;1;0.16;4.461
1719;201709;1;0.15;4.015
1719;201710;1;0.13;3.664
1719;201711;24;0.11;3.336
1719;201712;10;0.15;4.015
1719;201801;10;0.09;3.031
1719;201802;22;0.12;3.497
1719;201803;28;0.49;25.637
1719;201804;25;0.6;34.971
1719;201805;1;0.6;34.971
1719;201806;29;0.14;3.837
1719;201807;13;0.2;6.167
1719;201808;2;0.13;3.664
1719;201809;8;0.14;3.837
1719;201810;1;0.13;3.664
1719;201811;10;0.13;3.664
1719;201812;1;0.12;3.497
1719;201901;5;0.12;3.497
1719;201902;8;0.14;3.837
1719;201903;1;0.13;3.664
1719;201904;8;0.13;3.664
1719;201905;22;0.14;3.837
1719;201906;24;0.15;4.015
1719;201907;3;0.2;6.167
1719;201908;27;0.23;7.675
1719;201909;13;0.14;3.837
1719;201910;19;0.15;4.015
1719;201911;27;0.56;31.342
1719;201912;20;1.26;112.914
1719;202001;1;0.67;42.009
1719;202002;19;0.16;4.461
1719;202003;2;0.16;4.461
1719;202004;1;0.13;3.664
1719;202005;7;0.12;3.497
1719;202006;24;0.15;4.015
1719;202007;25;0.14;3.837
1719;202008;11;0.22;7.15
1719;202009;8;0.13;3.664
1719;202010;19;0.14;3.837
1719;202011;9;0.15;4.015
1719;202012;10;0.15;4.015
1719;202101;8;0.16;4.461
1719;202102;9;0.17;4.856
1719;202103;4;0.16;4.461
1719;202104;16;0.16;4.461
1719;202105;7;0.17;4.856
1719;202106;14;0.18;5.272
1719;202107;13;0.17;4.856
1719;202108;29;0.16;4.461
1719;202109;1;0.16;4.461
1720;200902;14;0.22;1.001
1720;200903;5;0.27;1.369
1720;200904;5;;1.069
1720;200905;14;;1.113
1720;200906;30;;1.652
1720;200907;23;0.62;2.45
1720;200908;1;0.32;1.783
1720;200909;20;;1.52
1720;200912;31;0.58;3.86
1720;201001;14;0.65;4.38
1720;201002;25;0.97;6.84
1720;201003;1;0.35;2.2
1720;201004;21;0.32;2
1720;201005;11;0.27;1.65
1720;201006;9;0.34;2.14
1720;201007;30;0.26;1.58
1720;201008;6;0.27;1.65
1720;201009;1;0.3;1.86
1720;201010;3;0.45;2.91
1720;201011;20;0.36;2.28
1720;201012;6;0.47;3.06
1720;201101;6;0.61;4.09
1720;201102;16;0.44;2.84
1720;201103;27;0.29;1.79
1720;201104;18;0.23;1.38
1720;201105;29;0.23;1.38
1720;201106;7;0.24;1.45
1720;201107;12;0.33;2.07
1720;201108;22;0.29;1.79
1720;201109;1;0.31;1.93
1720;201110;24;0.21;1.25
1720;201111;11;0.17;0.99
1720;201112;2;0.11;0.61
1720;201201;2;0.11;0.61
1720;201202;4;0.15;0.86
1720;201203;8;0.07;0.37
1720;201204;18;0.27;1.65
1720;201205;27;0.24;1.45
1720;201206;2;0.26;1.58
1720;201207;14;0.25;1.52
1720;201208;15;0.32;2
1720;201209;25;0.27;1.65
1720;201210;24;0.21;1.25
1720;201211;3;0.23;1.38
1720;201212;14;0.42;2.7
1720;201301;19;0.82;5.67
1720;201302;23;0.38;2.42
1720;201303;29;0.67;4.53
1720;201304;1;0.64;4.31
1720;201305;17;0.21;1.25
1720;201306;14;0.2;1.19
1720;201307;13;0.29;1.79
1720;201308;7;0.25;1.52
1720;201309;30;0.3;1.86
1720;201310;22;0.59;3.94
1720;201311;2;0.56;3.72
1720;201402;8;0.71;4.83
1720;201403;1;0.73;4.99
1720;201404;3;0.33;2.07
1720;201405;22;0.29;1.79
1720;201406;24;0.39;2.49
1720;201407;19;0.36;2.28
1720;201408;2;0.28;1.72
1720;201409;17;0.37;2.35
1720;201410;8;0.39;2.49
1720;201411;15;0.37;2.35
1720;201412;13;0.26;1.58
1720;201501;30;0.44;2.84
1720;201502;2;0.37;2.35
1720;201503;3;0.17;0.99
1720;201504;22;0.3;1.86
1720;201505;4;0.42;2.7
1720;201506;10;0.31;1.93
1720;201507;31;0.38;2.42
1720;201508;1;0.31;1.93
1720;201509;15;0.45;2.91
1720;201510;19;0.44;2.84
1720;201511;5;0.29;1.79
1720;201512;28;0.34;2.14
1720;201601;11;0.91;6.37
1720;201602;15;0.77;5.29
1720;201603;29;0.39;2.49
1720;201604;16;0.52;3.42
1720;201605;12;0.52;3.42
1720;201606;30;0.25;1.52
1720;201607;1;0.24;1.45
1720;201608;26;0.31;1.93
1720;201609;13;0.33;2.07
1720;201610;13;0.24;1.451
1720;201611;20;0.22;1.317
1720;201612;14;0.11;0.61
1720;201701;3;0.09;0.488
1720;201702;4;0.45;2.915
1720;201703;31;0.12;0.672
1720;201704;30;0.17;0.989
1720;201705;26;0.34;2.135
1720;201706;28;0.28;1.721
1720;201707;8;0.26;1.585
1720;201708;27;0.33;2.066
1720;201709;1;0.23;1.384
1720;201710;17;0.22;1.317
1720;201711;25;0.22;1.317
1720;201712;11;0.43;2.771
1720;201801;10;0.25;1.518
1720;201802;13;0.25;1.518
1720;201803;24;0.4;2.558
1720;201804;4;0.42;2.7
1720;201805;29;0.28;1.721
1720;201806;8;0.44;2.843
1720;201807;11;0.32;1.996
1720;201808;31;0.28;1.721
1720;201809;4;0.29;1.79
1720;201810;11;0.3;1.858
1720;201811;11;0.31;1.927
1720;201812;16;0.26;1.585
1720;201901;31;0.4;2.558
1720;201902;1;0.49;3.204
1720;201903;6;0.21;1.251
1720;201904;9;0.26;1.585
1720;201905;10;0.26;1.585
1720;201906;20;0.41;2.629
1720;201907;28;0.3;1.858
1720;201908;7;0.34;2.135
1720;201909;22;0.34;2.135
1720;201910;19;0.42;2.7
1720;201911;23;0.54;3.569
1720;201912;20;0.97;6.837
1720;202001;29;0.34;2.135
1720;202002;8;0.27;1.653
1720;202003;3;0.41;2.629
1720;202004;10;0.35;2.205
1720;202005;12;0.21;1.251
1720;202006;24;0.29;1.79
1720;202007;30;0.37;2.346
1720;202008;17;0.41;2.629
1720;202009;20;0.36;2.275
1720;202010;25;0.28;1.721
1720;202011;25;0.18;1.054
1720;202012;11;0.38;2.416
1720;202101;25;0.36;2.275
1720;202102;12;0.67;4.534
1720;202103;1;0.35;2.205
1720;202104;27;0.22;1.317
1720;202105;13;0.32;1.996
1720;202106;14;0.37;2.346
1720;202107;28;0.32;1.72
1720;202108;30;0.32;1.72
1720;202109;14;0.42;2.69
1721;200710;1;0.28;1.728
1721;200711;22;0.34;4.127
1721;200712;10;0.31;2.799
1721;200801;16;0.56;21.721
1721;200802;4;0.39;6.912
1721;200803;27;0.67;35.701
1721;200804;23;0.73;44.784
1721;200805;1;0.55;20.621
1721;200806;1;0.47;12.852
1721;200807;4;0.35;4.627
1721;200808;1;0.28;1.728
1721;200809;6;0.28;1.728
1721;200810;7;0.31;2.799
1721;200811;11;0.37;5.712
1721;200812;7;0.72;43.199
1721;200901;23;1.19;224.176
1721;200902;10;0.92;89.377
1721;200903;7;0.76;49.71
1721;200904;1;0.48;13.724
1721;200905;1;0.45;11.196
1721;200906;10;0.48;13.724
1721;200907;23;0.37;5.712
1721;200908;1;0.28;1.728
1721;200909;1;0.25;0.914
1721;200910;22;0.39;6.912
1721;200911;16;0.82;60.335
1721;200912;30;1.03;143.72
1721;201001;14;1.09;173.73
1721;201002;25;1.22;239.4
1721;201003;1;0.97;113.96
1721;201004;1;0.73;44.78
1721;201005;9;0.57;22.85
1721;201006;11;0.76;49.71
1721;201007;1;0.41;8.23
1721;201008;1;0.32;3.21
1721;201009;17;0.31;2.8
1721;201010;31;0.8;56.68
1721;201011;21;0.94;99.18
1721;201012;8;0.87;69.97
1721;201101;6;1.31;285.29
1721;201102;22;0.76;49.71
1721;201103;28;0.6;26.41
1721;201104;1;0.56;21.72
1721;201105;2;0.47;12.85
1721;201106;5;0.37;5.71
1721;201107;13;0.45;11.2
1721;201108;24;0.44;10.41
1721;201109;25;0.72;43.2
1721;201110;27;0.5;15.55
1721;201111;12;0.43;10.17
1721;201112;16;0.6;26.41
1721;201201;2;0.38;7.54
1721;201202;7;0.41;8.86
1721;201203;1;0.34;5.26
1721;201204;21;0.63;30.22
1721;201205;8;0.71;41.64
1721;201206;2;0.43;10.17
1721;201207;1;0.32;4.18
1721;201208;15;0.27;2
1721;201209;26;0.29;2.4
1721;201210;18;0.35;5.76
1721;201211;18;0.36;6.31
1721;201212;14;1.02;138.74
1721;201301;19;1.32;290.41
1721;201302;2;0.94;99.18
1721;201303;29;1.13;193.85
1721;201304;1;0.97;113.96
1721;201305;7;0.52;17.49
1721;201306;1;0.43;10.83
1721;201307;4;0.33;4.73
1721;201308;4;0.29;2.81
1721;201309;29;0.29;2.81
1721;201310;22;0.84;64.1
1721;201311;4;1.07;163.7
1721;201312;24;1.12;188.81
1721;201401;6;1.05;153.7
1721;201402;8;1.1;178.75
1721;201403;2;1.08;168.71
1721;201404;2;0.86;67.99
1721;201405;1;0.51;16.51
1721;201406;1;0.45;12.14
1721;201407;2;0.37;6.9
1721;201408;2;0.31;3.69
1721;201409;8;0.31;3.69
1721;201410;16;0.69;38.61
1721;201411;17;0.67;35.7
1721;201412;1;0.49;14.77
1721;201501;31;1.41;336.61
1721;201502;1;0.94;99.18
1721;201503;2;0.88;71.99
1721;201504;1;0.5;15.55
1721;201505;4;0.7;40.11
1721;201506;1;0.36;6.31
1721;201507;2;0.3;3.24
1721;201508;1;0.29;2.81
1721;201509;16;0.62;28.92
1721;201510;29;0.51;16.51
1721;201511;5;0.54;19.55
1721;201512;29;0.43;10.83
1721;201601;11;1.4;331.46
1721;201602;13;1.43;346.91
1721;201603;29;0.75;48.04
1721;201604;20;0.9;79.61
1721;201605;12;0.64;31.55
1721;201606;17;0.47;13.46
1721;201607;1;0.36;6.31
1721;201608;1;0.29;2.81
1721;201609;16;0.33;4.73
1721;201610;23;0.31;3.694
1721;201611;20;0.45;12.142
1721;201612;1;0.33;4.728
1721;201701;30;0.34;5.255
1721;201702;4;1.14;198.891
1721;201703;6;0.52;17.494
1721;201704;1;0.44;11.485
1721;201705;12;0.41;9.514
1721;201706;30;0.39;8.199
1721;201707;1;0.39;8.199
1721;201708;29;0.31;3.694
1721;201709;1;0.26;1.643
1721;201710;17;0.29;2.807
1721;201711;25;0.32;4.18
1721;201712;11;1.12;188.811
1721;201801;3;0.7;40.114
1721;201802;17;0.74;46.397
1721;201803;10;0.96;109.023
1721;201804;4;0.86;67.989
1721;201805;1;0.55;20.621
1721;201806;8;0.64;31.546
1721;201807;7;0.53;18.508
1721;201808;1;0.32;4.18
1721;201809;5;0.29;2.807
1721;201810;28;0.31;3.694
1721;201811;10;0.7;41.285
1721;201812;16;0.63;31.731
1721;201901;31;1.05;97.698
1721;201902;1;1.03;94.23
1721;201903;6;0.62;30.46
1721;201904;26;0.58;25.64
1721;201905;1;0.52;19.255
1721;201906;7;0.37;7.376
1721;201907;1;0.27;1.999
1721;201908;7;0.25;1.287
1721;201909;22;0.27;1.999
1721;201910;19;0.45;13.087
1721;201911;13;1.1;106.914
1721;201912;20;1.34;172.125
1721;202001;1;0.53;20.247
1721;202002;1;0.55;22.318
1721;202003;3;0.69;39.856
1721;202004;17;0.42;10.814
1721;202005;4;0.39;8.711
1721;202006;25;0.35;6.069
1721;202007;3;0.32;4.18
1721;202008;18;0.33;4.767
1721;202009;21;0.3;3.238
1721;202010;25;0.67;37.059
1721;202011;1;0.4;9.397
1721;202012;11;1.29;154.611
1721;202101;25;1.04;
1721;202102;3;1.01;
1721;202103;1;0.57;
1721;202104;1;0.36;
1721;202105;16;0.42;
1721;202106;22;0.36;
1721;202107;9;0.32;4.18
1721;202108;1;0.27;1.999
1721;202109;25;0.3;3.238
1722;199510;28;1.12;5.419
1722;199511;18;1.94;39.072
1722;199512;24;2.28;62.143
1722;199601;8;2.82;109.067
1722;199602;8;1.8;31.108
1722;199603;31;1.7;26.004
1722;199604;1;1.76;29.066
1722;199605;18;1.36;12.107
1722;199606;3;1.3;10.138
1722;199607;7;1.08;4.564
1722;199608;26;0.95;2.257
1722;199609;21;1.12;5.419
1722;199610;14;1;3.038
1722;199611;22;1.92;37.87
1722;199612;18;1.5;17.159
1722;199701;10;1.64;23.214
1722;199702;25;1.36;12.107
1722;199703;1;1.25;8.726
1722;199704;2;1.02;3.42
1722;199705;20;1.2;7.313
1722;199706;10;1.2;7.313
1722;199707;16;1.12;5.419
1722;199708;23;1.03;3.61
1722;199709;19;0.94;2.124
1722;199710;20;1.56;19.676
1722;199711;30;1.68;25.074
1722;199712;2;1.98;41.477
1722;199801;3;1.58;20.515
1722;199802;1;1.22;7.878
1722;199803;29;1.15;6.129
1722;199804;30;1.93;38.471
1722;199805;1;1.92;37.87
1722;199806;2;1.28;9.573
1722;199807;2;1.16;6.366
1722;199808;16;0.96;2.413
1722;199809;27;1.32;10.794
1722;199810;1;1.26;9.008
1722;199811;2;1.17;6.603
1722;199812;11;1.21;7.595
1722;199901;20;1.28;9.573
1722;199902;9;1.17;6.603
1722;199903;10;1.51;17.578
1722;199904;20;1.51;17.578
1722;199905;6;1.35;11.779
1722;199906;1;1.18;6.84
1722;199907;5;0.98;2.726
1722;199908;9;0.95;2.257
1722;199909;22;2.08;48.034
1722;199910;23;2.22;57.584
1722;199911;2;1.66;24.144
1722;199912;14;2.08;48.034
1722;200001;1;1.38;12.764
1722;200002;2;1.12;5.419
1722;200003;1;1.06;4.183
1722;200004;25;1.93;38.471
1722;200005;1;1.5;17.159
1722;200006;1;1.26;9.008
1722;200007;10;1.01;3.229
1722;200008;2;0.93;1.991
1722;200009;28;0.93;1.991
1722;200010;30;1.19;7.076
1722;200011;5;2.89;116.044
1722;200012;7;2.66;93.907
1722;200101;5;3.21;151.194
1722;200102;6;2.18;54.727
1722;200103;21;2.77;104.252
1722;200104;1;1.72;27.025
1722;200105;16;1.33;10.768
1722;200106;2;1.08;3.91
1722;200107;2;1.1;4.304
1722;200108;1;0.92;1.162
1722;200109;23;0.99;2.176
1722;200110;22;1.3;9.729
1722;200111;14;1.06;3.516
1722;200112;25;1;2.333
1722;200201;23;1.41;13.588
1722;200202;5;1.45;15.175
1722;200203;18;1.31;10.075
1722;200204;2;1.12;4.797
1722;200205;25;1.12;4.797
1722;200206;7;1.27;8.842
1722;200207;1;1;2.333
1722;200208;10;0.99;2.176
1722;200209;18;0.96;1.705
1722;200210;22;1.54;18.837
1722;200211;30;1.88;35.555
1722;200212;26;2.54;83.163
1722;200301;1;2.12;50.711
1722;200302;4;1.7;26.004
1722;200303;1;1.66;24.144
1722;200304;26;1.24;7.954
1722;200305;2;1.15;5.537
1722;200306;29;1.06;3.516
1722;200307;13;1.06;3.516
1722;200308;29;0.92;1.162
1722;200309;1;0.9;0.905
1722;200310;31;1.4;13.191
1722;200311;30;1.9;36.667
1722;200312;30;2.02;44.019
1722;200401;14;1.86;34.443
1722;200402;1;1.42;13.985
1722;200403;12;1.42;13.985
1722;200404;20;1.2;6.771
1722;200405;14;1.26;8.546
1722;200406;1;1.08;4.129
1722;200407;1;0.94;1.629
1722;200408;6;1.24;7.954
1722;200409;8;0.98;2.263
1722;200410;20;1.84;33.332
1722;200411;1;1.47;15.969
1722;200412;28;1.27;8.842
1722;200501;13;1.32;10.421
1722;200502;1;1.12;4.965
1722;200503;21;1.36;11.806
1722;200504;21;1.36;11.806
1722;200505;1;1.21;7.067
1722;200506;19;1.41;13.588
1722;200507;1;0.94;1.629
1722;200508;3;0.9;1.067
1722;200509;11;1;2.592
1722;200510;30;1.51;17.578
1722;200511;1;1.22;7.363
1722;200512;2;1.72;27.025
1722;200601;2;1.31;10.075
1722;200602;18;1.26;8.546
1722;200603;24;2.17;54.057
1722;200604;1;1.57;20.096
1722;200605;4;1.2;6.771
1722;200606;12;1.32;10.421
1722;200607;24;1;2.592
1722;200608;16;0.92;1.348
1722;200609;24;1.17;6.094
1722;200610;25;2.61;89.204
1722;200611;24;2.57;85.713
1722;200612;7;2.06;46.695
1722;200701;1;1.34;11.114
1722;200702;23;1.86;34.443
1722;200703;7;1.57;20.096
1722;200704;1;1.25;8.25
1722;200705;20;1.12;4.965
1722;200706;14;1.23;7.658
1722;200707;1;1.04;3.36
1722;200708;11;0.98;2.263
1722;200709;2;0.93;1.489
1722;200710;24;0.91;1.208
1722;200711;22;1.04;3.36
1722;200712;9;0.97;2.099
1722;200801;15;1.5;17.159
1722;200802;23;1.08;4.129
1722;200803;27;1.6;21.354
1722;200804;23;1.64;23.214
1722;200805;1;1.39;12.845
1722;200806;1;1.26;8.546
1722;200807;3;1.02;2.976
1722;200808;1;0.94;1.629
1722;200809;1;0.92;1.348
1722;200810;7;1.06;3.745
1722;200811;11;1.06;3.745
1722;200812;7;1.66;24.144
1722;200901;23;2.28;62.143
1722;200902;9;1.96;40.275
1722;200903;6;1.62;22.284
1722;200904;1;1.21;7.067
1722;200905;23;1.22;7.363
1722;200906;10;1.32;10.421
1723;200801;16;;9.65
1723;200802;3;0.57;4.74
1723;200803;27;1.09;9.65
1723;200804;9;;9.65
1723;200805;3;;9.65
1723;200806;1;0.82;7.45
1723;200807;2;0.5;3.81
1723;200808;1;0.33;1.9
1723;200809;17;0.35;2.1
1723;200810;7;0.53;4.21
1723;200811;11;0.54;4.34
1723;200812;7;1.14;19.62
1723;200901;22;;60
1723;200902;9;1.45;36.15
1723;200903;6;1.15;20.06
1723;200904;1;0.78;7.48
1723;200905;1;0.78;7.48
1723;200906;10;0.9;10.76
1723;200907;23;0.57;4.5
1723;200908;1;0.38;2.29
1723;200909;8;0.4;2.5
1723;200910;22;0.69;5.61
1723;200911;16;1.32;28.47
1723;200912;6;1.55;42.82
1723;201001;14;1.57;44.23
1723;201002;25;1.71;54.95
1723;201003;1;1.33;29.02
1723;201004;1;1.06;16.31
1723;201005;9;0.88;10.17
1723;201006;11;1.06;16.31
1723;201007;1;0.55;4.24
1723;201008;1;0.34;1.91
1723;201009;16;0.51;3.74
1723;201010;9;1.27;25.81
1723;201011;1;1.36;30.72
1723;201012;8;1.3;27.39
1723;201101;6;1.9;71.81
1723;201102;22;1.13;19.19
1723;201103;27;0.88;10.17
1723;201104;1;0.83;8.76
1723;201105;2;0.68;5.53
1723;201106;6;0.47;3.26
1723;201107;3;0.48;3.38
1723;201108;2;0.31;1.64
1723;201109;1;0.33;1.82
1723;201110;24;0.87;9.88
1723;201111;11;0.75;6.77
1723;201112;16;0.94;12.02
1723;201201;2;0.56;4.37
1723;201202;7;0.58;4.63
1723;201203;1;0.39;2.39
1723;201204;21;0.97;13.02
1723;201205;8;1.14;19.62
1723;201206;2;0.8;7.98
1723;201207;1;0.39;2.39
1723;201208;1;0.29;1.46
1723;201209;25;0.3;1.55
1723;201210;17;0.42;2.71
1723;201211;3;0.41;2.6
1723;201212;14;1.57;44.23
1723;201301;19;1.99;80.77
1723;201302;2;1.42;34.27
1723;201303;29;1.63;48.65
1723;201304;1;1.37;31.29
1723;201305;1;0.78;7.48
1723;201306;1;0.62;5.05
1723;201307;13;0.39;2.39
1723;201308;7;0.27;1.3
1723;201309;29;0.27;1.3
1723;201310;22;1.33;29.02
1723;201311;4;1.51;40.07
1723;201312;24;1.62;47.9
1723;201401;6;1.53;41.43
1723;201402;8;1.64;49.42
1723;201403;2;1.5;39.4
1723;201404;2;1.29;26.86
1723;201405;1;0.8;7.98
1723;201406;1;0.65;5.29
1723;201407;2;0.42;2.71
1723;201408;2;0.32;1.72
1723;201409;22;0.34;1.91
1723;201410;16;1.11;18.34
1723;201411;13;1.05;15.92
1723;201412;1;0.74;6.55
1723;201501;30;2.16;94.72
1723;201502;1;1.3;27.39
1723;201503;3;1.34;29.58
1723;201504;1;0.8;7.98
1723;201505;4;1.12;18.76
1723;201506;1;0.47;3.26
1723;201507;21;0.33;1.82
1723;201508;14;0.26;1.22
1723;201509;16;1.09;17.51
1723;201510;29;0.8;7.98
1723;201511;5;0.77;7.24
1723;201512;28;0.64;5.21
1723;201601;10;1.97;78.73
1723;201602;13;1.83;65.28
1723;201603;29;1.15;20.06
1723;201604;19;1.28;26.33
1723;201605;8;0.91;11.07
1723;201606;1;0.66;5.37
1723;201607;6;0.44;2.92
1723;201608;15;0.28;1.38
1723;201609;16;0.34;1.91
1723;201610;23;0.33;1.815
1723;201611;20;0.81;8.236
1723;201612;1;0.3;1.549
1723;201701;30;0.3;1.549
1723;201702;4;1.6;46.413
1723;201703;6;0.74;6.547
1723;201704;1;0.61;4.974
1723;201705;16;0.78;7.483
1723;201706;13;0.5;3.617
1723;201707;1;0.37;2.194
1723;201708;28;0.88;10.166
1723;201709;1;0.18;0.663
1723;201710;17;0.37;2.194
1723;201711;24;0.35;2.001
1723;201712;11;1.59;45.679
1723;201801;3;0.97;13.019
1723;201802;16;1.13;19.186
1723;201803;10;1.41;33.666
1723;201804;4;1.25;24.793
1723;201805;1;0.85;9.309
1723;201806;8;0.94;12.02
1723;201807;7;1.01;14.426
1723;201808;1;0.35;2.001
1723;201809;5;0.32;1.724
1723;201810;14;0.41;2.602
1723;201811;10;1.13;19.186
1723;201812;16;0.97;13.019
1723;201901;31;1.5;39.395
1723;201902;1;1.37;31.293
1723;201903;6;0.93;11.698
1723;201904;26;0.93;11.698
1723;201905;1;0.82;8.497
1723;201906;20;0.88;10.166
1723;201907;13;0.65;5.29
1723;201908;8;0.27;1.3
1723;201909;19;0.43;2.816
1723;201910;19;0.79;7.729
1723;201911;13;1.65;50.186
1723;201912;19;2.04;85.9
1723;202001;1;0.98;13.362
1723;202002;1;1.01;14.426
1723;202003;5;1.09;17.508
1723;202004;17;0.83;8.763
1723;202005;1;0.81;8.236
1723;202006;24;0.54;4.11
1723;202007;1;0.34;1.907
1723;202008;17;0.51;3.738
1723;202009;20;0.96;12.681
1723;202010;25;1.13;19.186
1723;202011;1;0.57;4.496
1723;202012;11;1.8;62.598
1723;202101;25;1.53;41.427
1723;202102;3;1.59;45.679
1723;202103;2;0.99;13.711
1723;202104;2;0.59;4.761
1723;202105;16;0.82;8.497
1723;202106;14;0.93;11.698
1723;202107;1;0.46;3.149
1723;202108;26;0.43;2.816
1723;202109;25;0.43;2.816
1724;197310;;;19.2
1724;197311;;;4.95
1724;197312;;;11.35
1724;197401;9;3.04;107.8
1724;197402;;;69.2
1724;197403;;;29.15
1724;197404;;;14.85
1724;197405;;;12.75
1724;197406;;;31.4
1724;197407;;;8.39
1724;197408;;;3.65
1724;197409;;;5.28
1724;197410;;;13.8
1724;197411;25;2.28;50.8
1724;197412;;;12.05
1724;197501;;;49.6
1724;197502;;;16.6
1724;197503;;;43.8
1724;197504;;;13.8
1724;197505;;;8.63
1724;197506;;;5.6
1724;197507;;;3.98
1724;197508;;;3.33
1724;197509;;;16.25
1724;197604;;;11
1724;197605;;;7.92
1724;197606;;;3.65
1724;197607;;;6.73
1724;197608;;;6.96
1724;197609;;;4.47
1724;197610;;;22
1724;197611;;;155.5
1724;197612;;;87.5
1724;197701;;;135.6
1724;197702;10;3.6;167
1724;197703;;;30.5
1724;197704;;;18.8
1724;197705;;;15.2
1724;197706;;;9.58
1724;197707;;;9.1
1724;197708;;;10.05
1724;197709;;;5.12
1724;197710;;;44.9
1724;197711;;;11
1724;197712;7;2.95;99.87
1724;197801;;;86.72
1724;197802;;;104
1724;197803;;;96.57
1724;197804;;;24.4
1724;197805;;;36.65
1724;197806;;;10.05
1724;197807;;;7.68
1724;197808;;;3.98
1724;197809;;;3
1724;197810;;;7.202
1724;197811;;;5.764
1724;197901;;;141.9
1724;197909;;;7.202
1724;197910;;;20.046
1724;197911;;;65.634
1724;197912;;;64.965
1724;198001;;;85.703
1724;198002;;;27.532
1724;198003;;;54.931
1724;198004;;;27.532
1724;198005;;;22.016
1724;198006;;;12.555
1724;198008;;;4.27
1724;198009;;;8.215
1724;198010;;;12.65
1724;198011;;;23.99
1724;198012;20;3.72;179.5
1724;198101;;;29.11
1724;198102;;;26.74
1724;198103;;;25.96
1724;198104;;;27.14
1724;198105;;;14.1
1724;198106;;;12.65
1724;198107;;;5.2
1724;198108;;;2.55
1724;198109;;;9.29
1724;198110;;;41.55
1724;198111;;;8.08
1724;198112;;;340
1724;198202;;;24.38
1724;198203;;;20.05
1724;198204;;;10.25
1724;198205;;;7.36
1724;198206;;;10.97
1724;198207;;;1.49
1724;198208;;;1.2
1724;198209;;;1.83
1724;198210;;;32.654
1724;198211;;;33.836
1724;198212;;;61.62
1724;198301;;;19.36
1724;198302;25;2.4;80
1724;198303;;;26.06
1724;198304;;;41.09
1724;198305;;;68
1724;198306;;;23.9
1724;198307;;;8.64
1724;198308;;;11.76
1724;198309;;;2.75
1724;198310;;;1.2
1724;198311;;;6.4
1724;198312;23;2.64;124.4
1724;198401;;;71.6
1724;198402;;;45.35
1724;198403;;;65.6
1724;198404;;;111.8
1724;198405;;;26.06
1724;198406;;;51.74
1724;198407;;;5.9
1724;198408;;;4.9
1724;198409;;;2.27
1724;198410;;;93.5
1724;198411;;;265
1724;198412;;;75.2
1724;198501;;;128.6
1724;198502;12;3.4;330
1724;198503;;;111.8
1724;198504;;;66.8
1724;198505;;;12.745
1724;198506;;;14.47
1724;198507;;;11.12
1724;198508;;;1.95
1724;198509;;;1.35
1724;198511;;;17.8
1724;198512;;;111.8
1724;198601;;;145.4
1724;198602;;;189.5
1724;198603;;;65.6
1724;198604;;;18.97
1724;198605;;;23.9
1724;198606;;;8.08
1724;198607;;;2.43
1724;198608;;;1.95
1724;198609;;;23.07
1724;198610;10;1.32;6.96
1724;198611;14;2.32;70.4
1724;198612;21;1.66;17.5
1724;198701;28;1.87;29.518
1724;198702;17;2.24;60.8
1724;198703;1;1.88;30.32
1724;198704;7;2.16;52.79
1724;198705;1;1.5;11.46
1724;198706;20;1.36;7.14
1724;198707;3;1.42;8.89
1724;198708;15;1.08;1.14
1724;198709;26;1.44;9.5
1724;198711;1;1.93;33.573
1724;198712;14;2.08;45.774
1724;198801;29;3.1;216.34
1724;198804;18;1.96;35.859
1724;198805;7;2.13;50.035
1724;198806;15;1.57;13.968
1724;198807;19;1.76;21.729
1724;198808;1;1.31;5.806
1724;198809;28;1.25;4.348
1724;198810;14;1.51;11.754
1724;198811;30;1.2;3.21
1724;198812;1;1.8;23.697
1724;198901;7;1.58;14.32
1724;198902;25;2.39;58.708
1724;198903;1;2.6;74.328
1724;198904;12;1.92;29.723
1724;198905;1;1.78;22.79
1724;198906;15;1.96;31.868
1724;198907;3;2.16;43.543
1724;198908;4;2.1;39.969
1724;198909;9;1.22;2.432
1724;198910;23;1.5;10.522
1724;198911;19;2.38;58.035
1724;198912;21;3.18;125.832
1724;199001;31;1.96;31.311
1724;199002;2;2.18;41.836
1724;199003;1;1.6;16.42
1724;199004;24;1.35;8.107
1724;199005;14;1.28;6.153
1724;199006;26;1.2;4.127
1724;199007;3;1.02;0.743
1724;199008;30;1.02;0.743
1724;199009;28;1.05;1.153
1724;199010;31;1.86;26.87
1724;199011;24;1.62;17.171
1724;199012;27;2.34;50.085
1724;199101;7;2.8;78.546
1724;199102;9;1.9;28.616
1724;199103;12;2.66;68.65
1724;199107;31;1.16;3.231
1724;199109;30;1.88;19.462
1724;199110;15;1.74;21.843
1724;199111;15;3.04;98.919
1724;199112;1;1.7;20.239
1724;199201;9;1.9;28.616
1724;199202;13;1.32;7.254
1724;199203;27;1.42;10.251
1724;199204;3;2.24;44.877
1724;199205;1;1.58;15.696
1724;199206;8;1.44;10.886
1724;199207;2;1.18;3.679
1724;199208;31;1.26;5.622
1724;199209;28;1.3;6.685
1724;199210;29;2.33;49.553
1724;199211;18;1.9;28.616
1724;199212;7;2.8;78.546
1724;199301;13;1.54;14.262
1724;199302;1;1.29;6.419
1724;199303;14;1.34;7.823
1724;199304;30;1.49;12.537
1724;199305;27;1.92;29.511
1724;199306;1;1.7;20.239
1724;199307;1;1.32;7.254
1724;199308;3;1.08;1.667
1724;199309;14;1.28;6.153
1724;199310;14;2.7;71.286
1724;199311;30;1.66;18.685
1724;199312;26;2.58;63.511
1724;199401;9;3.32;127.424
1724;199402;3;2.38;52.213
1724;199403;6;1.83;25.584
1724;199404;10;1.47;11.87
1724;199405;21;2.5;58.775
1724;199406;1;1.42;10.251
1724;199408;19;1.08;1.667
1724;199409;26;1.23;4.864
1724;199410;22;1.99;32.686
1724;199411;9;2.15;40.353
1724;199412;31;2.84;81.718
1724;199501;1;2.74;74.19
1724;199502;14;2.66;68.65
1724;199503;5;2.78;77.094
1724;199504;1;1.46;11.537
1724;199505;28;1.58;15.696
1724;199506;9;1.44;10.886
1724;199507;9;1.5;12.87
1724;199509;17;1.8;24.31
1724;199510;29;1.57;15.334
1724;199511;16;2.65;63.101
1724;199512;24;3.7;174.379
1724;199601;8;4.68;344.48
1724;199602;6;2.52;63.941
1724;199603;31;2;35.162
1724;199604;1;2.27;49.234
1724;199605;18;1.6;17.88
1724;199606;3;1.3;7.681
1724;199607;17;1.29;7.394
1724;199608;26;1.22;5.382
1724;199609;21;1.56;16.415
1724;199610;15;1.34;8.936
1724;199611;22;2.86;86.854
1724;199612;11;2.02;36.158
1724;199701;11;2.26;48.683
1724;199702;15;1.7;21.806
1724;199703;1;1.5;14.217
1724;199704;3;1.22;5.382
1724;199705;20;1.42;11.498
1724;199706;8;1.45;12.518
1724;199707;16;1.26;6.531
1724;199708;27;1.11;2.458
1724;199709;1;1.08;1.832
1724;199710;20;1.79;25.576
1724;199711;30;2.24;47.583
1724;199712;2;2.72;76.905
1724;199801;3;2.1;40.14
1724;199802;1;1.52;14.95
1724;199803;29;1.4;10.818
1724;199804;30;2.81;83.138
1724;199805;1;2.72;76.905
1724;199806;2;1.6;17.88
1724;199807;3;1.34;8.936
1724;199808;14;1.08;1.832
1724;199809;27;1.78;25.157
1724;199810;1;1.72;22.644
1724;199811;3;1.52;14.95
1724;199812;11;1.56;16.415
1724;199901;20;1.6;17.88
1724;199902;9;1.44;12.178
1724;199903;11;1.96;33.276
1724;199904;21;2;35.162
1724;199905;6;1.71;22.225
1724;199906;1;1.39;10.504
1724;199907;5;1.2;4.807
1724;199908;9;1.13;2.98
1724;199909;22;2.81;83.138
1724;199910;24;3;97.872
1724;199911;2;2.16;43.285
1724;199912;14;2.79;81.709
1724;200001;1;1.73;23.063
1724;200002;2;1.34;8.936
1724;200003;1;1.26;6.531
1724;200004;25;2.48;61.476
1724;200005;1;1.95;32.804
1724;200006;2;1.46;12.857
1724;200007;3;1.24;5.957
1724;200008;1;1.07;1.649
1724;200009;29;1.12;2.719
1724;200010;11;1.52;14.95
1724;200011;5;4.03;222.427
1724;200012;7;3.86;196.985
1724;200101;5;4.95;360.114
1724;200102;6;2.96;94.777
1724;200104;1;2.08;40.937
1724;200105;16;1.54;19.338
1724;200106;1;1.2;6.726
1724;200107;6;1.12;3.993
1724;200108;31;1.04;1.553
1724;200109;23;1.09;3.017
1724;200110;22;1.62;22.437
1724;200111;4;1.22;7.443
1724;200112;4;1.09;3.017
1724;200201;24;1.64;23.222
1724;200202;5;1.74;27.165
1724;200203;19;1.5;17.794
1724;200204;2;1.26;8.876
1724;200205;27;1.23;7.801
1724;200206;8;1.48;17.037
1724;200207;2;1.12;3.993
1724;200208;11;1.06;2.138
1724;200209;19;1.09;3.017
1724;200210;22;1.78;28.755
1724;200211;30;2.4;56.652
1724;200212;26;3.34;130.067
1724;200301;1;3.13;109.526
1724;200302;4;2.12;42.587
1724;200303;3;1.97;36.419
1724;200304;26;1.49;17.415
1724;200305;1;1.4;14.007
1724;200306;5;1.19;6.384
1724;200307;1;1.14;4.676
1724;200308;8;1.06;2.138
1724;200309;1;1.08;2.724
1724;200310;31;1.66;24.006
1724;200311;30;2.45;59.733
1724;200312;30;2.61;69.647
1724;200401;14;2.28;50.192
1724;200402;1;1.68;22.647
1724;200403;12;1.58;18.55
1724;200404;20;1.47;14.294
1724;200405;14;1.48;14.667
1724;200406;2;1.19;5.016
1724;200407;1;1.08;2.199
1724;200408;16;1.18;4.739
1724;200409;1;1.04;1.342
1724;200410;20;2.31;51.807
1724;200411;1;1.8;27.817
1724;200412;28;1.51;15.807
1724;200501;13;1.77;26.514
1724;200502;2;1.3;8.352
1724;200503;22;1.54;16.983
1724;200504;21;1.63;20.576
1724;200505;1;1.42;12.464
1724;200506;19;1.26;7.091
1724;200507;1;1.09;2.423
1724;200508;10;1.02;0.969
1724;200509;12;1.06;1.752
1724;200510;30;1.76;26.08
1724;200511;1;1.48;14.667
1724;200512;2;1.95;34.523
1724;200601;2;1.59;18.942
1724;200602;19;1.54;16.983
1724;200603;24;2.86;87.038
1724;200702;23;1.68;78.94
1724;200703;7;1.22;41.07
1724;200704;2;0.73;13.64
1724;200705;1;0.58;7.821
1724;200706;20;0.6;8.53
1724;200707;4;0.53;6.16
1724;200708;1;0.43;3.39
1724;200709;17;0.42;3.16
1724;200710;24;0.4;3.152
1724;200711;22;0.47;4.769
1724;200712;10;0.42;3.587
1724;200801;16;0.93;22.959
1724;200802;4;0.55;6.803
1724;200803;27;1.18;38.07
1724;200804;23;1.32;49.637
1724;200805;1;0.9;21.358
1724;200806;1;0.72;12.931
1724;200807;3;0.43;3.397
1724;200808;17;0.38;2.356
1724;200809;3;0.37;2.179
1724;200810;30;0.46;4.57
1724;200811;11;0.57;7.69
1724;200812;7;1.31;43.98
1724;200901;23;2.34;104.483
1724;200902;1;;55.66
1724;200903;7;1.26;39.29
1724;200904;30;0.7;11.39
1724;200905;1;0.72;12.19
1724;200906;10;0.81;16.19
1724;200907;23;0.52;5.56
1724;200908;28;;51.99
1724;200909;30;0.39;2.78
1724;200910;22;0.6;7.86
1724;200911;16;1.57;55.62
1724;200912;30;2.04;84.12
1724;201001;14;2.19;94.1
1724;201002;25;2.45;112.35
1724;201003;1;1.77;67.22
1724;201004;1;1.2;36.37
1724;201005;9;0.85;18.19
1724;201006;11;1.26;39.29
1724;201007;1;0.61;8.18
1724;201008;13;0.41;3.14
1724;201009;17;0.42;3.33
1724;201010;31;1.5;51.75
1724;201011;21;1.76;66.62
1724;201012;8;1.59;56.74
1724;201101;6;2.86;143.46
1724;201102;22;1.36;44.33
1724;201103;28;0.94;23.18
1724;201104;1;0.87;19.24
1724;201105;2;0.65;9.53
1724;201106;5;0.48;4.59
1724;201107;3;0.39;2.78
1724;201108;2;0.38;2.61
1724;201109;12;0.32;1.73
1724;201110;27;0.83;17.17
1724;201111;12;0.69;11
1724;201112;16;1.08;30.8
1724;201201;2;0.56;6.65
1724;201202;7;0.63;8.84
1724;201203;27;0.45;3.93
1724;201204;21;1.09;31.25
1724;201205;8;1.28;40.28
1724;201206;2;0.66;9.89
1724;201207;1;0.41;3.14
1724;201208;4;0.35;2.14
1724;201209;26;0.38;2.61
1724;201210;18;0.51;5.31
1724;201211;18;0.52;5.56
1724;201212;14;2.05;84.77
1724;201301;19;2.81;139.52
1724;201302;2;1.77;67.22
1724;201303;29;2.23;96.83
1724;201304;1;1.8;69.03
1724;201305;7;0.79;15.25
1724;201306;1;0.63;8.84
1724;201307;4;0.47;4.36
1724;201308;4;0.39;2.78
1724;201309;28;0.36;2.29
1724;201310;22;1.54;53.95
1724;201311;4;2.02;82.82
1724;201312;24;2.23;96.83
1724;201401;6;2.02;82.82
1724;201402;8;2.2;94.78
1724;201403;2;2.14;90.73
1724;201404;2;1.62;58.44
1724;201405;1;0.79;15.25
1724;201406;1;0.66;9.89
1724;201407;2;0.54;6.1
1724;201408;2;0.44;3.72
1724;201409;8;0.39;2.78
1724;201410;16;1.23;37.82
1724;201411;13;1.17;34.95
1724;201412;1;0.77;14.33
1724;201501;30;3.01;155.53
1724;201502;1;1.71;63.65
1724;201503;2;1.65;60.16
1724;201504;1;0.79;15.25
1724;201505;4;1.24;38.31
1724;201506;3;0.54;6.1
1724;201507;2;0.42;3.33
1724;201508;1;0.35;2.14
1724;201509;16;1.07;30.35
1724;201510;29;0.82;16.68
1724;201511;5;0.9;20.87
1724;201512;29;0.68;10.62
1724;201601;10;2.94;149.86
1724;201602;13;3.05;158.81
1724;201603;29;1.38;45.36
1724;201604;19;1.68;61.9
1724;201605;12;1.08;30.8
1724;201606;17;0.74;13.02
1724;201607;6;0.53;5.83
1724;201608;19;0.39;2.78
1724;201609;16;0.46;4.14
1724;201610;23;0.39;2.782
1724;201611;20;0.74;13.024
1724;201612;1;0.45;3.928
1724;201701;31;0.44;3.721
1724;201702;4;2.2;94.779
1724;201703;6;0.85;18.189
1724;201704;1;0.67;10.25
1724;201705;17;0.62;8.503
1724;201706;30;0.56;6.653
1724;201707;1;0.54;6.095
1724;201708;28;0.52;5.565
1724;201709;7;0.3;1.478
1724;201710;17;0.36;2.294
1724;201711;25;0.42;3.326
1724;201712;11;2.16;92.071
1724;201801;3;1.23;37.821
1724;201802;17;1.34;43.302
1724;201803;10;1.82;70.242
1724;201804;5;1.58;56.178
1724;201805;1;0.89;20.32
1724;201806;8;1.08;30.796
1724;201807;7;0.9;20.875
1724;201808;1;0.44;3.721
1724;201809;5;0.43;3.52
1724;201810;14;0.44;3.721
1724;201811;10;1.32;44.73
1724;201812;16;1.14;33.69
1724;201901;31;2.13;103.01
1724;201902;1;2;92.75
1724;201903;6;1.01;26.35
1724;201904;26;1.04;27.99
1724;201905;1;0.87;19.19
1724;201906;20;0.69;11.5
1724;201907;14;0.47;4.52
1724;201908;7;0.35;2.07
1724;201909;20;0.36;2.23
1724;201910;19;0.72;12.65
1724;201911;13;2.22;110.38
1724;201912;20;2.76;161.7
1724;202001;29;1.07;29.66
1724;202002;1;1.11;31.94
1724;202003;3;1.42;51.22
1724;202004;17;0.9;20.65
1724;202005;1;0.79;15.51
1724;202006;3;0.55;6.73
1724;202007;3;0.47;4.52
1724;202008;18;0.52;5.85
1724;202009;20;0.51;5.57
1724;202010;25;1.23;39.1
1724;202011;1;0.62;8.99
1724;202012;11;2.62;146.9
1724;202101;25;2.1;100.6
1724;202102;3;2.02;94.3
1724;202103;2;1.11;31.94
1724;202104;1;0.61;8.65
1724;202105;16;0.72;12.65
1724;202106;22;0.79;15.51
1724;202107;2;0.56;7.04
1724;202108;26;0.41;3.16
1724;202109;25;0.4;2.96
1725;200810;30;1.31;
1725;200811;11;1.39;
1725;200812;7;2.48;
1725;200901;23;3.17;
1725;200902;10;2.19;
1725;200903;7;2.21;
1725;200904;30;1.53;
1725;200905;1;1.52;
1725;200906;10;1.72;
1725;200907;23;1.14;
1725;200908;17;1.43;
1725;200909;1;1.39;
1725;200910;22;1.26;4.43
1725;201001;14;2.61;26.48
1725;201002;25;3.27;35.27
1725;201004;1;1.85;13.27
1725;201005;11;1.46;6.43
1725;201006;12;2.98;35.06
1725;201007;1;1.04;2.35
1725;201008;1;0.71;0.66
1725;201009;3;0.72;0.68
1725;201010;31;2.91;40.47
1725;201011;21;;40.99
1725;201012;8;;20.14
1725;201101;7;3.3;46.37
1725;201102;22;2.44;17.83
1725;201103;30;1.9;10.67
1725;201104;4;;9.63
1725;201105;1;;4.55
1725;201106;5;0.8;0.99
1725;201107;19;0.8;0.99
1725;201108;2;0.69;0.58
1725;201109;1;0.64;0.44
1725;201110;27;1.64;8.924
1725;201111;11;1.31;4.76
1725;201112;16;2.25;20.73
1725;201201;4;1.21;3.76
1725;201202;7;1.53;7.35
1725;201203;4;0.9;1.47
1725;201204;21;2.28;21.02
1725;201205;8;2.11;17.57
1725;201206;12;1.16;3.35
1725;201207;6;0.9;1.45
1725;201208;1;0.73;0.52
1725;201209;25;1.14;3.12
1725;201210;18;1.29;4.48
1725;201211;3;1.22;3.82
1725;201212;14;3.05;44.79
1725;201301;18;3.25;51.77
1725;201302;1;2.77;35.05
1725;201303;29;2.88;39.01
1725;201304;1;2.3;22.21
1725;201305;7;1.43;6.16
1725;201306;1;1.24;4.02
1725;201307;14;1.09;2.733
1725;201308;8;0.68;0.555
1725;201309;28;0.55;0.24
1725;201310;22;2.14;18.41
1725;201311;4;3.11;47.03
1725;201312;24;2.84;37.48
1725;201401;6;2.52;27.22
1725;201402;14;2.62;31.03
1725;201403;2;3.25;52.08
1725;201404;2;;28.47
1725;201405;29;;9.28
1725;201406;1;1.27;4.34
1725;201407;20;0.88;1.37
1725;201408;3;0.67;0.52
1725;201409;7;0.97;1.88
1725;201410;16;1.99;15.36
1725;201411;17;2.44;25.27
1725;201412;16;1.4;5.7
1725;201501;30;3.41;69.04
1725;201502;1;2.5;27.23
1725;201503;2;2.58;28.68
1725;201504;27;1.52;7.24
1725;201505;5;1.95;14.33
1725;201506;6;1.03;2.26
1725;201507;1;0.69;0.58
1725;201508;13;0.76;0.83
1725;201509;16;1.47;6.56
1725;201510;29;1.4;11.94
1725;201511;5;1.6;15.14
1725;201512;28;1.37;5.81
1725;201601;10;3.17;49.29
1725;201602;12;3.4;54.89
1725;201603;29;2.16;18.7
1725;201604;19;2.17;18.66
1725;201605;14;1.79;11.41
1725;201606;17;1.83;12.17
1725;201607;1;1.04;2.34
1725;201608;1;0.89;1.44
1725;201609;16;1.12;2.96
1725;201610;17;0.88;1.39
1725;201611;20;1.4;5.707
1725;201612;1;1.06;2.492
1725;201701;30;1.1;2.793
1725;201702;4;3.1;46.112
1725;201703;6;1.84;12.249
1725;201704;1;1.43;6.065
1725;201705;13;1.43;6.065
1725;201706;30;1.4;5.707
1725;201707;1;1.24;4.006
1725;201708;6;0.76;0.83
1725;201709;11;0.74;0.754
1725;201710;20;0.76;0.85
1725;201711;25;0.99;2.02
1725;201712;11;2.89;38.72
1725;201801;3;2.27;21.5
1725;201802;17;2.08;16.93
1725;201803;10;2.33;22.31
1725;201804;4;2.3;21.17
1725;201805;14;1.57;7.88
1725;201806;8;1.77;11.01
1725;201807;1;1.25;4.13
1725;201808;1;0.88;1.36
1725;201809;9;0.86;1.26
1725;201810;14;0.89;1.44
1725;201811;10;1.9;13.4
1725;201812;16;1.9;13.22
1725;201901;31;3.22;49.76
1725;201902;1;2.93;39.85
1725;201903;6;1.77;10.99
1725;201904;26;1.82;11.95
1725;201905;1;1.55;7.68
1725;201906;7;1.28;4.38
1725;201907;1;0.91;1.56
1725;201908;9;0.88;1.37
1725;201909;22;0.77;0.89
1725;201910;19;1.4;5.77
1725;201911;13;3.25;52.16
1725;201912;13;3.28;53.97
1725;202001;29;1.97;14.85
1725;202002;1;1.79;11.36
1725;202003;3;2.4;23.61
1725;202004;17;1.77;11.01
1725;202005;1;1.5;6.87
1725;202006;24;1.48;6.75
1725;202007;30;0.98;3.23
1725;202008;17;1.21;3.74
1725;202009;27;1.09;2.74
1725;202010;25;1.98;15.02
1725;202011;1;1.25;4.11
1725;202012;11;3.5;69.91
1725;202101;25;3.18;50.74
1725;202102;3;2.67;33.84
1725;202103;2;1.71;9.9
1725;202104;1;1.03;2.31
1725;202105;13;1.49;6.72
1725;202106;22;1.9;13.13
1725;202107;1;0.97;1.9
1725;202108;4;0.88;2.05
1725;202109;14;0.86;1.25
1726;200801;15;;9.79
1726;200802;4;0.49;5.28
1726;200803;27;1.1;9.92
1726;200804;12;;9.79
1726;200805;2;;9.92
1726;200806;1;0.73;9.53
1726;200807;11;0.38;3.42
1726;200808;1;0.3;2.26
1726;200809;19;0.29;2.14
1726;200810;30;0.41;3.9
1726;200811;4;0.48;5.1
1726;200812;7;1.16;31.559
1726;200901;23;1.9;103.463
1726;200902;9;1.34;44.743
1726;200903;7;1.16;31.56
1726;200904;30;0.76;11.75
1726;200905;1;0.76;11.75
1726;200906;10;0.89;16.62
1726;200907;22;0.44;4.64
1726;200908;5;0.32;2.7
1726;200909;1;0.2;1.21
1726;200910;22;0.57;7.2
1726;200911;15;1.29;40.81
1726;200912;30;1.54;62.65
1726;201001;14;1.71;80.72
1726;201002;25;1.97;111.01
1726;201003;1;1.55;63.64
1726;201004;1;1.11;28.37
1726;201005;11;0.79;12.55
1726;201006;11;1.24;37.09
1726;201007;1;0.49;5.57
1726;201008;1;0.27;2.02
1726;201009;2;0.23;1.54
1726;201010;31;1.22;35.66
1726;201011;21;1.4;49.75
1726;201012;6;1.28;40.05
1726;201101;6;2.1;125.03
1726;201102;22;1.18;32.89
1726;201103;28;0.97;20.47
1726;201104;1;0.88;16.17
1726;201105;2;0.7;10.21
1726;201106;5;0.46;5
1726;201107;18;0.3;2.42
1726;201108;1;0.22;1.43
1726;201109;23;0.23;1.54
1726;201110;27;0.75;11.48
1726;201111;16;0.53;6.36
1726;201112;16;1.05;24.8
1726;201201;2;0.52;6.16
1726;201202;7;0.63;8.54
1726;201203;4;0.31;2.56
1726;201204;19;1.08;26.55
1726;201205;8;1.04;24.23
1726;201206;12;0.5;5.76
1726;201207;1;0.33;2.84
1726;201208;15;0.23;1.54
1726;201209;26;0.39;3.78
1726;201210;18;0.51;5.96
1726;201211;3;0.54;6.57
1726;201212;14;1.69;78.46
1726;201301;19;2.39;156.31
1726;201302;2;1.39;48.89
1726;201303;29;1.63;71.88
1726;201304;1;1.34;44.74
1726;201305;7;0.78;12.28
1726;201306;1;0.63;8.54
1726;201307;14;0.42;4.29
1726;201308;9;0.26;1.9
1726;201309;28;0.25;1.77
1726;201310;22;0.96;19.96
1726;201311;4;1.45;54.16
1726;201312;24;1.6;68.72
1726;201401;6;1.45;54.16
1726;201402;8;1.72;81.87
1726;201403;2;2;114.25
1726;201404;2;1.23;36.37
1726;201405;1;;17.46
1726;201406;1;0.63;8.54
1726;201407;1;0.38;3.61
1726;201408;9;0.26;1.9
1726;201409;24;0.3;2.42
1726;201410;16;0.96;19.96
1726;201411;17;1.15;30.9
1726;201412;16;0.69;9.97
1726;201501;30;2.69;188.66
1726;201502;1;1.4;49.75
1726;201503;2;1.27;39.29
1726;201504;26;0.74;11.23
1726;201505;5;0.98;20.99
1726;201506;1;0.4;3.95
1726;201507;4;0.28;2.15
1726;201508;13;0.23;1.54
1726;201509;16;0.89;16.62
1726;201510;29;0.75;11.48
1726;201511;5;0.85;14.87
1726;201512;29;0.64;8.77
1726;201601;10;2.47;164.94
1726;201602;13;2.65;184.35
1726;201603;29;1.18;32.89
1726;201604;19;1.16;31.56
1726;201605;14;0.96;19.96
1726;201606;17;0.84;14.45
1726;201607;6;0.51;5.96
1726;201608;1;0.27;2.02
1726;201609;16;0.33;2.84
1726;201610;18;0.24;1.655
1726;201611;20;0.62;8.309
1726;201612;1;0.34;2.992
1726;201701;30;0.35;3.143
1726;201702;5;1.82;93.865
1726;201703;6;0.83;14.038
1726;201704;1;0.63;8.538
1726;201705;13;0.62;8.309
1726;201706;30;0.49;5.57
1726;201707;1;0.45;4.819
1726;201708;14;0.15;0.744
1726;201709;27;0.17;0.921
1726;201710;18;0.15;0.744
1726;201711;25;0.32;2.699
1726;201712;11;1.53;61.672
1726;201801;3;1.06;25.373
1726;201802;17;1.04;24.23
1726;201803;10;1.25;37.814
1726;201804;4;1.36;46.376
1726;201805;1;0.76;11.746
1726;201806;8;0.82;13.632
1726;201807;1;0.64;8.77
1726;201808;9;0.28;2.151
1726;201809;9;0.25;1.774
1726;201810;11;0.24;1.655
1726;201811;10;0.92;18.639
1726;201812;16;0.92;18.639
1726;201901;31;1.89;116.837
1726;201902;1;1.72;96.122
1726;201903;6;0.92;18.639
1726;201904;26;0.99;22.909
1726;201905;1;0.84;14.622
1726;201906;7;0.55;6.778
1726;201907;4;0.32;2.699
1726;201908;6;0.25;1.774
1726;201909;18;0.25;1.774
1726;201910;19;0.65;9.004
1726;201911;13;1.99;129.279
1726;201912;21;2.21;160.036
1726;202001;29;1.01;24.25
1726;202002;1;0.96;20.996
1726;202003;3;1.2;39.4
1726;202004;17;0.87;16.016
1726;202005;1;0.81;13.369
1726;202006;25;0.6;7.859
1726;202007;1;0.36;3.298
1726;202008;18;0.43;4.461
1726;202009;27;0.32;2.699
1726;202010;25;0.97;21.62
1726;202011;1;0.48;5.378
1726;202012;11;2.56;219.748
1726;202101;25;1.86;113.176
1726;202102;3;1.63;85.328
1726;202103;1;0.98;22.258
1726;202104;1;0.59;7.637
1726;202105;14;0.7;10.213
1726;202106;22;0.84;14.622
1726;202107;1;0.38;3.615
1726;202108;27;0.33;2.844
1726;202109;17;0.3;2.419
1727;196303;11;;71.6
1727;197410;;;25.8
1727;197411;25;2.25;95.75
1727;197412;;;14.1
1727;197501;;;48.6
1727;197502;;;23.7
1727;197503;;;57.84
1727;197504;;;16.97
1727;197505;;;14.65
1727;197506;;;11.9
1727;197507;;;10.4
1727;197508;;;5.2
1727;197509;;;6.48
1727;197510;3;1.75;41
1727;197511;;;24.4
1727;197512;;;28.6
1727;197601;;;9.6
1727;197602;;;20.32
1727;197603;;;18.31
1727;197604;;;19.65
1727;197605;;;9.2
1727;197606;;;5.52
1727;197607;;;4.88
1727;197608;;;4.24
1727;197609;;;5.2
1727;197610;;;48.6
1727;197611;4;3.3;310
1727;197612;;;205.2
1727;197701;;;186.5
1727;197702;;;245.05
1727;197703;;;45
1727;197704;;;32.8
1727;197705;;;13.55
1727;197706;;;12.45
1727;197707;;;6.8
1727;197708;;;11.9
1727;197709;;;3.38
1727;197710;;;56.88
1727;197711;;;6.8
1727;197712;;;89.55
1727;197801;;;213.4
1727;197802;28;2.9;217.5
1727;197803;;;213.4
1727;197804;;;34.9
1727;197805;;;37.8
1727;197806;;;13.55
1727;197807;;;20.99
1727;197808;;;34.2
1727;197809;;;21.66
1727;197910;;;16.3
1727;197911;;;122.6
1727;197912;;;66.04
1727;198001;24;2.69;173.9
1727;198002;;;37
1727;198003;;;73.36
1727;198004;;;38.6
1727;198005;;;32.8
1727;198006;;;28.6
1727;198007;;;20.32
1727;198008;;;10.8
1727;198009;;;9.2
1727;198010;;;21.66
1727;198011;;;30
1727;198012;20;3.02;242.7
1727;198101;;;38.6
1727;198102;;;32.8
1727;198103;;;28.6
1727;198104;;;30
1727;198105;;;20.32
1727;198106;;;15.75
1727;198107;;;9.2
1727;198108;;;8.8
1727;198109;;;20.32
1727;198110;;;41.8
1727;198111;;;10
1727;198112;23;3.32;315
1727;198201;;;213.4
1727;198202;;;40.2
1727;198203;;;28.6
1727;198204;;;13
1727;198205;;;20.32
1727;198206;;;30
1727;198207;;;31.4
1727;198208;;;31.4
1727;198209;;;30
1727;198210;;;79.46
1727;198211;;;61.68
1727;198212;;;182.3
1727;198301;;;32.8
1727;198302;;;54.96
1727;198303;;;31.4
1727;198304;;;56.88
1727;198305;;;95.75
1727;198306;;;40.2
1727;198307;;;27.2
1727;198308;;;17.64
1727;198310;;;5.52
1727;198311;;;16.3
1727;198312;22;2.62;159.2
1727;198401;;;83.12
1727;198402;;;68.48
1727;198403;;;94.2
1727;198404;;;137
1727;198405;;;41.8
1727;198406;;;75.8
1727;198407;;;11.9
1727;198408;;;10
1727;198409;;;5.52
1727;198410;;;105.05
1727;198411;;;163.4
1727;198412;;;56.88
1727;198501;;;88
1727;198502;12;3.16;275.6
1727;198503;;;155
1727;198504;;;67.26
1727;198505;;;17.64
1727;198506;;;14.1
1727;198507;;;7.2
1727;198508;;;4.24
1727;198509;;;1.84
1727;198510;;;1.84
1727;198511;;;18.31
1727;198512;;;84.34
1727;198601;;;119
1727;198602;23;2.74;184.4
1727;198603;;;70.92
1727;198604;;;26.5
1727;198605;;;28.6
1727;198606;;;35.6
1727;198607;;;37
1727;198608;;;35.6
1727;198609;;;45
1727;198610;25;1.32;11.9
1727;198611;14;1.86;50.4
1727;198612;22;1.64;22.028
1727;198701;28;1.75;29.729
1727;198702;17;2.24;77.187
1727;198703;1;1.7;25.98
1727;198704;7;2.01;52.189
1727;198706;20;1.63;32.1
1727;198707;18;1.74;40.2
1727;198708;29;1.55;26.5
1727;198709;27;1.8;45
1727;198710;15;3.6;390
1727;198711;1;1.66;34.2
1727;198712;10;1.83;47.7
1727;198801;29;2.66;167.6
1727;198802;3;2.9;217.5
1727;198803;1;1.45;19.65
1727;198804;14;1.76;41.8
1727;198805;7;1.74;40.2
1727;198806;15;1.38;15.2
1727;198807;15;1.67;23.937
1727;198808;2;1.62;20.664
1727;198809;19;1.7;25.982
1727;198810;14;1.64;21.937
1727;198811;10;1.64;21.937
1727;198812;3;1.78;31.933
1727;198901;7;1.56;17.03
1727;198902;25;2.12;63.472
1727;198903;1;2.46;104.967
1727;198904;13;2.84;165.933
1727;198905;21;1.62;20.664
1727;198906;24;1.64;21.937
1727;198907;3;1.59;18.801
1727;198908;8;1.57;17.62
1727;198909;5;1.56;17.03
1727;198910;23;1.54;15.895
1727;198911;7;1.75;29.618
1727;198912;22;2.8;160.431
1727;199001;31;1.83;35.861
1727;199003;2;1.51;14.458
1727;199004;7;1.43;10.713
1727;199005;13;1.36;7.903
1727;199006;1;1.28;5.212
1727;199007;4;1.16;2.54
1727;199008;23;1.14;2.261
1727;199009;17;1.32;6.462
1727;199010;29;2.06;46.723
1727;199011;1;1.78;22.755
1727;199012;27;2.36;83.004
1727;199101;7;2.32;77.476
1727;199102;9;1.82;25.577
1727;199103;12;2.21;63.383
1727;199104;5;1.76;21.402
1727;199105;6;1.55;9.866
1727;199106;1;1.51;8.216
1727;199107;17;1.42;5.063
1727;199108;23;1.6;12.186
1727;199109;30;1.7;17.612
1727;199110;15;1.8;24.108
1727;199111;15;2.57;114.986
1727;199112;1;1.6;12.186
1727;199201;9;1.7;17.612
1727;199203;31;1.62;13.218
1727;199204;3;2.06;46.723
1727;199205;2;1.56;10.33
1727;199206;8;1.6;12.186
1727;199207;2;1.36;3.39
1727;199208;31;1.5;7.804
1727;199209;28;1.52;8.629
1727;199210;29;2.16;57.583
1727;199211;18;1.76;21.402
1727;199212;7;2.7;137.392
1727;199301;13;1.58;11.258
1727;199302;12;1.48;7.081
1727;199303;19;1.46;6.358
1727;199304;25;1.63;13.735
1727;199305;28;1.83;26.312
1727;199306;11;1.87;29.373
1727;199307;1;1.5;7.804
1727;199308;3;1.35;3.128
1727;199309;15;1.5;7.804
1727;199310;14;2.24;67.159
1727;199311;30;1.68;21.758
1727;199312;26;2.4;108.871
1727;199401;10;2.8;192.524
1727;199402;3;2.04;55.941
1727;199403;4;1.76;27.776
1727;199404;10;1.48;10.225
1727;199405;21;2.26;86.012
1727;199406;1;1.47;9.775
1727;199407;12;1.4;6.909
1727;199408;17;1.3;3.793
1727;199409;13;1.46;9.325
1727;199410;22;1.72;24.668
1727;199411;9;1.94;44.515
1727;199412;31;2.68;164.714
1727;199501;1;2.77;185.485
1727;199502;14;2.54;135.29
1727;199503;5;2.78;187.832
1727;199504;1;1.45;8.875
1727;199507;9;1.49;10.675
1727;199508;22;1.31;4.078
1727;199509;17;1.48;10.225
1727;199510;29;1.42;7.695
1727;199511;18;2.14;68.699
1727;199512;24;2.82;197.567
1727;199601;8;3.85;459.841
1727;199602;7;2.47;121.75
1727;199603;31;1.74;29.764
1727;199604;1;2.02;53.51
1727;199605;2;1.46;15.091
1727;199606;3;1.27;8.289
1727;199607;8;1.11;4.293
1727;199608;28;1.08;3.723
1727;199609;21;1.26;8.006
1727;199610;20;1.3;9.136
1727;199611;22;2.76;183.139
1727;199612;18;1.77;31.652
1727;199701;11;2.08;60.804
1727;199702;15;1.66;24.997
1727;199703;1;1.43;13.847
1727;199704;3;1.2;6.312
1727;199705;31;1.55;19.186
1727;199706;6;1.58;20.647
1727;199707;29;1.38;11.909
1727;199708;29;1.08;3.723
1727;199709;25;1.16;5.363
1727;199710;28;1.41;13.017
1727;199711;30;2.07;59.589
1727;199712;2;2.56;139.3
1727;199801;4;1.9;40.377
1727;199802;1;1.46;15.091
1727;199803;5;1.36;11.216
1727;199804;30;2.72;173.754
1727;199805;1;2.65;158.192
1727;199806;2;1.61;22.184
1727;199807;3;1.45;14.677
1727;199808;12;1.16;5.363
1727;199809;27;1.62;22.746
1727;199810;1;1.68;26.123
1727;199811;3;1.39;12.255
1727;199812;11;1.41;13.017
1727;199901;21;1.49;16.336
1727;199902;9;1.42;13.432
1727;199903;11;1.83;35.59
1727;199904;23;1.77;31.652
1727;199905;20;1.68;26.123
1727;199906;2;1.48;15.921
1727;199907;1;1.3;9.136
1727;199908;10;1.16;5.363
1727;199909;23;2.46;119.91
1727;199910;24;2.57;141.305
1727;199911;2;1.88;39.009
1727;199912;15;2.7;169.062
1727;200001;1;1.61;22.184
1727;200002;10;1.37;10.773
1727;200003;6;1.38;11.167
1727;200004;19;2.3;92.091
1727;200005;4;1.89;39.693
1727;200006;5;1.62;22.746
1727;200007;4;1.3;8.016
1727;200008;2;1.13;3.286
1727;200009;30;1.06;1.976
1727;200010;11;1.59;21.114
1727;200011;6;3.2;286.79
1727;200012;7;3.1;262.787
1727;200101;5;3.9;474.276
1727;200102;7;2.42;115.35
1727;200103;21;3.42;342.098
1727;200104;1;2.1;70.851
1727;200105;17;1.56;23.326
1727;200106;1;1.2;7.168
1727;200107;1;1.06;3.767
1727;200108;2;0.95;1.862
1727;200109;30;0.98;2.305
1727;200110;23;1.4;14.715
1727;200111;1;1;2.601
1727;200112;7;1;2.601
1727;200201;24;1.6;25.708
1727;200202;6;1.77;38.176
1727;200204;2;1.28;9.864
1727;200205;27;1.3;10.538
1727;200206;9;1.56;23.326
1727;200207;1;1.08;4.155
1727;200208;2;0.96;2.01
1727;200209;14;0.92;1.505
1727;200210;22;1.93;52.566
1727;200211;30;2.36;105.947
1727;200212;27;3.2;286.79
1727;200301;1;2.57;141.765
1727;200302;4;2.06;66.361
1727;200303;3;1.84;44.149
1727;200304;19;1.42;15.723
1727;200305;1;1.34;12.209
1727;200306;5;1.14;5.594
1727;200307;3;1.06;3.767
1727;200308;2;0.91;1.386
1727;200309;18;0.9;1.267
1727;200310;31;1.71;33.418
1727;200311;30;2.16;78.295
1727;200312;30;2.58;143.617
1727;200401;14;2.26;83.774
1727;200402;1;1.6;21.629
1727;200403;2;1.35;11.213
1727;200404;20;1.46;15.212
1727;200405;5;1.58;20.664
1727;200406;1;1.2;7.017
1727;200407;3;1.08;4.681
1727;200410;31;2.17;71.446
1727;200411;1;1.87;39.948
1727;200412;29;1.64;23.945
1727;200501;13;1.76;31.544
1727;200502;22;1.2;7.017
1727;200503;27;1.49;16.404
1727;200504;21;1.61;22.208
1727;200505;16;1.38;10.455
1727;200506;2;1.26;6.83
1727;200507;1;1.04;2.654
1727;200510;31;1.36;9.8
1727;200511;1;1.27;7.081
1727;200512;30;1.87;39.948
1727;200601;1;1.6;20.511
1727;200602;19;1.58;19.466
1727;200603;24;2.46;116.69
1727;200604;1;1.68;25.58
1727;200605;3;1.38;10.455
1727;200606;16;1.25;6.579
1727;200607;4;1.06;2.922
1727;200608;15;0.9;1.204
1727;200609;2;0.88;1.073
1727;200610;22;2.44;113.028
1727;200611;24;2.56;136.102
1727;200612;8;2.64;152.809
1727;200701;1;1.44;12.78
1727;200702;12;2.37;100.84
1727;200703;7;1.84;37.525
1727;200704;1;1.43;12.362
1727;200705;25;1.34;9.144
1727;200706;14;1.34;9.144
1727;200707;10;1.22;5.826
1727;200708;1;0.97;1.817
1727;200709;1;0.94;1.533
1727;200810;31;1.06;3.463
1727;200811;4;1.12;4.642
1727;200812;7;2.11;63.937
1727;200901;23;2.93;221.253
1727;200902;10;2.24;80.916
1727;200903;7;2;51.791
1727;200904;1;1.33;10.427
1727;200905;17;1.4;12.85
1727;200906;10;1.59;21.095
1728;200810;7;0.68;13.7
1728;200811;4;0.76;18.9
1728;200812;7;1.35;81.4
1728;200901;24;2.65;326.8
1728;200902;10;1.61;133.5
1728;200903;7;1.11;70.4
1728;200904;1;0.63;24.4
1728;200905;1;0.67;27.3
1728;200906;10;0.81;35.8
1728;200907;23;0.76;28.2
1728;200908;2;;12.5
1728;200909;19;;9.3
1728;200910;22;0.61;19.8
1728;200911;16;1.42;102.6
1728;200912;30;2.72;311.6
1728;201001;14;2.49;211.9
1728;201002;25;3.2;386.97
1728;201003;1;2.2;156.7
1728;201004;1;1.46;67.6
1728;201005;1;0.91;21.9
1728;201006;12;1.3;52.9
1728;201007;2;0.67;11.2
1728;201008;3;0.55;7.3
1728;201009;20;0.58;8.1
1728;201010;31;1.17;39.3
1728;201011;21;1.7;95.1
1728;201012;6;1.47;76.5
1728;201101;7;2.96;254.3
1728;201102;22;1.34;41.8
1728;201103;28;1.02;24
1728;201104;1;0.92;20.1
1728;201105;2;0.75;15.3
1728;201106;1;0.63;12
1728;201107;12;0.62;11.5
1728;201108;2;0.56;8.6
1728;201109;1;0.56;9.4
1728;201110;27;0.8;34.893
1728;201111;12;0.69;25.5
1728;201112;17;1.05;62.103
1728;201201;2;0.61;19.638
1728;201202;7;0.66;23.21
1728;201203;17;0.49;12.34
1728;201204;21;1.14;73.93
1728;201205;9;1.2;82.42
1728;201206;2;0.71;27.09
1728;201207;1;0.63;21.03
1728;201208;15;0.56;16.38
1728;201209;26;0.57;17.01
1728;201210;18;0.64;21.74
1728;201211;3;0.62;20.33
1728;201212;14;2.03;251.23
1728;201301;19;3.75;922.86
1728;201302;2;1.94;228.21
1728;201303;30;2.89;531.24
1728;201304;1;2.56;410.82
1728;201305;1;0.93;48.01
1728;201306;1;0.79;33.98
1728;201307;13;0.67;23.96
1728;201308;1;0.59;18.3
1728;201309;30;0.63;21.03
1728;201310;22;1.31;99.27
1728;201311;5;1.98;238.3
1728;201312;25;2.28;321.37
1728;201401;6;2.15;283.76
1728;201402;15;2.77;485.56
1728;201403;2;2.88;527.35
1728;201404;2;1.48;128.57
1728;201405;1;0.82;36.77
1728;201406;30;0.83;37.72
1728;201407;27;1.26;91.41
1728;201408;14;0.75;30.43
1728;201409;17;0.45;10.3
1728;201410;17;1.02;58.4
1728;201411;17;1.13;72.56
1728;201412;1;0.65;22.47
1728;201501;31;3.21;663.71
1728;201502;1;2.05;256.51
1728;201503;2;1.63;157.77
1728;201504;10;0.68;24.72
1728;201505;5;1.05;62.1
1728;201506;10;0.48;11.81
1728;201507;31;0.39;7.61
1728;201508;1;0.38;7.2
1728;201509;16;0.92;46.93
1728;201510;29;0.7;26.29
1728;201511;6;0.78;33.07
1728;201512;29;0.55;15.77
1728;201601;11;4.11;1120.81
1728;201602;13;4.23;1191.32
1728;201603;29;1.48;128.57
1728;201604;21;1.98;238.3
1728;201605;1;1.35;105.8
1728;201606;17;0.73;28.74
1728;201607;1;0.57;17.01
1728;201608;5;0.65;22.47
1728;201609;1;1.4;114.28
1728;201610;7;1.39;112.559
1728;201611;21;0.61;19.638
1728;201612;1;0.44;9.824
1728;201701;31;0.54;15.166
1728;201702;5;2.15;283.764
1728;201703;6;0.72;27.908
1728;201704;1;0.57;17.008
1728;201705;13;0.6;18.961
1728;201706;30;0.56;16.381
1728;201707;1;0.56;16.381
1728;201708;31;0.42;8.902
1728;201709;1;0.39;7.608
1728;201710;18;0.38;7.2
1728;201711;25;0.42;8.902
1728;201712;11;1.85;206.344
1728;201801;3;0.98;53.652
1728;201802;17;1;56
1728;201803;10;1.45;123.109
1728;201804;4;1.87;210.22
1728;201805;1;0.97;76.19
1728;201806;9;0.82;59.52
1728;201807;1;0.62;37.59
1728;201808;8;0.37;13.21
1728;201809;8;0.4;15.7
1728;201810;15;0.37;13.21
1728;201811;12;0.91;69.45
1728;201812;16;0.8;57.33
1728;201901;31;2.34;315.57
1728;201902;1;2.4;330.79
1728;201903;7;0.83;60.61
1728;201904;26;0.88;66.12
1728;201905;1;0.72;48.59
1728;201906;23;0.56;30.85
1728;201907;4;0.46;20.99
1728;201908;8;0.39;14.86
1728;201909;22;0.38;14.03
1728;201910;20;0.67;43.12
1728;201911;23;2.32;310.58
1728;201912;21;4.13;853.07
1728;202001;1;1.76;155
1728;202002;1;1.2;79.61
1728;202003;3;1.51;118.09
1728;202004;18;1.02;59.52
1728;202005;1;0.93;49.69
1728;202006;25;0.7;24.71
1728;202007;1;0.55;11.63
1728;202008;17;0.71;25.66
1728;202009;21;0.51;8.68
1728;202010;25;1.32;93.75
1728;202011;1;0.65;20.08
1728;202012;11;3.8;676.56
1728;202101;26;2.75;370.37
1728;202102;3;2.51;308.832
1728;202103;1;1.23;92.627
1728;202104;1;0.53;27.617
1728;202105;16;0.66;36.929
1728;202106;22;0.82;50.107
1728;202107;1;0.42;20.709
1728;202108;27;0.32;15.197
1728;202109;6;1.03;70.303
1729;200810;31;0.2;
1729;200811;4;0.19;
1729;200812;5;0.77;
1729;200901;23;1.36;65.008
1729;200902;10;;22.324
1729;200903;7;0.42;9.747
1729;200904;19;0.24;3.888
1729;200905;17;0.27;4.469
1729;200906;10;0.55;13.002
1729;200907;23;0.2;1.83
1729;200908;2;;0.744
1729;200909;1;;0.282
1729;201001;14;1.09;54.89
1729;201002;24;1.11;56.63
1729;201003;1;0.67;23.88
1729;201004;1;0.57;18.11
1729;201005;11;0.28;5.37
1729;201006;11;0.39;9.47
1729;201007;1;0.1;0.924
1729;201008;1;0.05;0.28
1729;201009;9;0.12;1.26
1729;201010;31;0.44;11.64
1729;201011;21;0.88;38.07
1729;201012;6;0.84;35.16
1729;201101;6;1.34;78.14
1729;201102;22;0.6;19.78
1729;201103;27;0.6;19.78
1729;201104;1;0.34;7.49
1729;201105;1;0.18;2.52
1729;201106;5;0.25;4.43
1729;201107;12;0.05;0.28
1729;201108;22;0.09;0.77
1729;201109;10;0.09;0.77
1729;201110;24;0.15;1.85
1729;201111;16;0.26;4.73
1729;201112;16;0.77;30.3
1729;201201;2;0.2;3.02
1729;201202;1;0.08;0.63
1729;201203;18;0.09;0.77
1729;201204;19;0.71;26.37
1729;201205;5;0.55;17.04
1729;201206;3;0.18;2.52
1729;201207;4;0.12;1.26
1729;201208;15;0.09;0.77
1729;201209;26;0.14;1.64
1729;201210;18;0.29;5.7
1729;201211;3;0.45;12.09
1729;201212;14;1.48;92.61
1729;201301;19;1.76;124.55
1729;201302;2;0.65;22.68
1729;201303;29;1.05;51.49
1729;201304;11;0.79;31.66
1729;201305;2;0.26;4.73
1729;201306;1;0.2;3.02
1729;201307;13;0.18;2.52
1729;201308;13;0.05;0.28
1729;201309;28;0.06;0.39
1729;201310;22;0.43;11.19
1729;201311;2;1.06;52.33
1729;201312;24;1;47.37
1729;201401;6;0.89;38.81
1729;201402;8;1.15;60.16
1729;201403;1;1.1;55.76
1729;201404;1;0.5;14.48
1729;201405;23;0.33;7.12
1729;201406;1;0.22;3.56
1729;201407;2;0.13;1.45
1729;201408;28;0.09;0.77
1729;201409;26;0.16;2.06
1729;201410;16;0.82;33.74
1729;201411;17;0.76;29.63
1729;201412;1;0.28;5.37
1729;201501;30;1.6;105.82
1729;201502;1;0.75;28.96
1729;201503;3;0.58;18.66
1729;201504;26;0.31;6.39
1729;201505;5;0.6;19.78
1729;201506;6;0.22;3.56
1729;201507;4;0.1;0.92
1729;201508;24;0.09;0.77
1729;201509;16;0.59;19.22
1729;201510;29;0.54;16.52
1729;201511;5;0.52;15.48
1729;201512;31;0.29;5.7
1729;201601;10;1.71;118.56
1729;201602;13;1.68;115.02
1729;201603;29;0.87;37.33
1729;201604;16;0.58;18.66
1729;201605;13;0.41;10.31
1729;201606;17;0.29;5.7
1729;201607;6;0.23;3.84
1729;201608;15;0.11;1.09
1729;201609;18;0.13;1.45
1729;201610;23;0.04;0.193
1729;201611;20;0.37;8.652
1729;201612;1;0.08;0.631
1729;201701;30;0.19;2.768
1729;201702;4;1.36;80.141
1729;201703;6;0.42;10.746
1729;201704;1;0.18;2.524
1729;201705;13;0.29;5.704
1729;201706;26;0.12;1.262
1729;201707;1;0.04;0.193
1729;201708;1;0.01;0.018
1729;201709;1;0.01;0.018
1729;201710;1;0.01;0.018
1729;201711;25;0.07;0.502
1729;201712;11;1.1;55.755
1729;201801;3;0.7;25.741
1729;201802;14;0.62;20.917
1729;201803;10;0.74;28.307
1729;201804;4;0.94;42.614
1729;201805;1;0.19;2.768
1729;201806;11;0.19;2.768
1729;201807;1;0.14;1.642
1729;201808;15;0.09;0.771
1729;201809;4;0.14;1.642
1729;201810;11;0.19;2.768
1729;201811;10;0.7;25.741
1729;201812;16;0.64;22.084
1729;201901;31;1.32;76.153
1729;201902;1;1.09;54.891
1729;201903;6;0.59;19.216
1729;201904;26;0.69;25.115
1729;201905;10;0.44;11.636
1729;201906;6;0.18;2.524
1729;201907;13;0.16;2.063
1729;201908;9;0.06;0.386
1729;201909;22;0.06;0.386
1729;201910;19;0.39;9.467
1729;201911;23;1.12;57.5
1729;201912;21;1.26;70.329
1729;202001;29;0.67;23.883
1729;202002;1;0.51;14.978
1729;202003;3;0.95;43.392
1729;202004;17;0.28;5.372
1729;202005;1;0.48;13.503
1729;202006;12;0.1;0.924
1729;202007;12;0.06;0.386
1729;202008;18;0.12;1.262
1729;202009;20;0.09;0.771
1729;202010;25;0.71;26.373
1729;202011;1;0.17;2.289
1729;202012;11;1.47;91.541
1729;202101;23;1.12;57.5
1729;202102;3;0.96;44.176
1729;202103;1;0.33;7.115
1729;202104;1;0.12;1.262
1729;202105;16;0.49;13.987
1729;202106;21;0.32;6.75
1729;202107;1;0.08;0.631
1729;202108;4;0.05;0.282
1729;202109;14;0.09;0.771
1734;194512;;2.3;262
1734;194610;;;10
1734;194611;;;32.75
1734;194612;;;251.6
1734;194701;;;69.2
1734;194702;;2.8;400
1734;194703;;;288
1734;194704;;;104.5
1734;194705;;;55.3
1734;194706;;;17.875
1734;194707;;;8.2
1734;194708;;;10
1734;194709;;;25.75
1734;194812;;1.2;
1734;194907;;1.2;
1734;195005;;1.5;
1734;195103;;2.2;
1734;195111;;2.5;
1734;195211;;2.5;
1734;195403;;2.14;
1734;195501;;1.9;
1734;195604;;1.64;
1734;195703;;0.92;
1734;195801;;2.04;
1734;196011;21;;125.6
1734;196204;;3.2;500
1734;196303;11;;99.8
1734;196411;11;;104.8
1734;196501;30;;285
1734;197410;;;3.3
1734;197411;16;1.66;34.44
1734;197412;;;5.84
1734;197501;;;26.88
1734;197502;;;11.7
1734;197503;;;59.4
1734;197504;;;11.1
1734;197505;;;9.05
1734;197506;;;21.38
1734;197507;;;3.5
1734;197508;;;3.8
1734;197509;;;3.6
1734;197510;;;9.9
1734;197511;13;1.24;13.7
1734;197512;;;11.4
1734;197601;;;5
1734;197602;;;8.8
1734;197603;;;10.2
1734;197604;;;15.8
1734;197605;;;10.8
1734;197606;;;7.55
1734;197607;;;10.8
1734;197608;;;5.2
1734;197609;;;3.8
1734;197610;;;18.74
1734;197611;;;77
1734;197612;;;53
1734;197701;26;2.27;82.6
1734;197702;;;67.4
1734;197703;;;23.68
1734;197704;;;20.92
1734;197705;;;9.9
1734;197706;;;11.1
1734;197707;;;5.6
1734;197708;;;2.08
1734;197709;;;1.72
1734;197710;;;12
1734;197711;;;5.84
1734;197712;;;104.2
1734;197801;;;53
1734;197802;;;113.8
1734;197803;1;2.82;126.6
1734;197804;;;10.8
1734;197805;;;13
1734;197806;;;6.8
1734;197807;;;4
1734;197808;;;1.53
1734;197809;;;1.35
1734;197810;;;11.1
1734;197811;;;4.2
1734;197812;;;137
1734;197902;;;125
1734;197903;;;61
1734;197904;;;101
1734;197905;;;9.3
1734;197906;;;8.3
1734;197907;;;6.8
1734;197908;;;2.08
1734;197909;;;1.84
1734;197910;;;23.679
1734;197911;;;90.6
1734;197912;;;39.736
1734;198001;;;63.4
1734;198002;;;15.214
1734;198003;;;25.774
1734;198004;;;35.547
1734;198005;;;35.547
1734;198006;;;13.379
1734;198007;;;6.303
1734;198008;;;4.993
1734;198010;;;3.84
1734;198011;;;25.55
1734;198012;21;1.68;55.4
1734;198101;;;2.7
1734;198102;;;10.45
1734;198103;;;14.25
1734;198104;;;25.55
1734;198105;;;9.65
1734;198106;;;8.55
1734;198107;;;2.7
1734;198108;;;2.25
1734;198109;;;8.2
1734;198110;;;22.74
1734;198111;;;3.21
1734;198112;31;2.96;163.1
1734;198201;;;121
1734;198202;;;35.96
1734;198203;;;31.23
1734;198204;;;12.25
1734;198205;;;7.9
1734;198206;;;11.05
1734;198207;;;2.33
1734;198208;;;1.9
1734;198209;;;7
1734;198210;;;19.55
1734;198211;7;2.41;113.8
1734;198212;;;100.2
1734;198301;;;16.85
1734;198302;;;20.5
1734;198303;;;18.2
1734;198304;;;63.4
1734;198305;;;55.4
1734;198306;;;17.3
1734;198307;;;8.76
1734;198308;;;4.36
1734;198309;;;1.2
1734;198310;;;1.076
1734;198311;;;19.1
1734;198312;;;55.4
1734;198401;;;30.5
1734;198402;;;26.65
1734;198403;;;51.947
1734;198404;4;2.26;101.8
1734;198405;;;34.52
1734;198406;;;45.627
1734;198407;;;6.81
1734;198408;;;2.98
1734;198409;;;2.98
1734;198410;;;17.3
1734;198411;;;106.6
1734;198412;;;65
1734;198501;;;83.4
1734;198502;12;2.96;163.68
1734;198503;;;77.8
1734;198504;;;55.4
1734;198505;;;14.72
1734;198506;;;21
1734;198507;;;5.05
1734;198508;;;3.21
1734;198509;;;2.11
1734;198510;;;2.75
1734;198511;;;9.115
1734;198512;;;55.4
1734;198601;;;58.6
1734;198602;23;1.95;77
1734;198603;;;41.413
1734;198604;;;18.2
1734;198605;;;17.75
1734;198606;;;8.76
1734;198607;;;3.67
1734;198608;;;1.414
1734;198609;;;19.1
1734;198610;25;0.78;4.59
1734;198611;14;1.8;62.112
1734;198702;17;1.87;67.925
1734;198703;1;1.38;29.4
1734;198704;7;1.3;25
1734;198705;1;1.04;13.16
1734;198706;4;0.8;5.05
1734;198707;3;1.08;14.72
1734;198708;1;0.7;2.75
1734;198709;27;1.34;27.2
1734;198710;16;2.76;141.866
1734;198711;1;1.54;36.897
1734;198712;4;2.55;124.344
1734;198801;29;2.48;118.514
1734;198802;6;2.18;93.358
1734;198803;1;1.18;15.049
1734;198804;18;1.39;26.511
1734;198805;9;1.53;36.141
1734;198806;15;1.36;24.718
1734;198807;19;1.22;16.975
1734;198808;1;0.9;4.881
1734;198809;1;0.73;1.535
1734;198810;14;1.1;11.503
1734;198811;9;1.08;10.767
1734;198812;1;1.06;10.031
1734;198901;7;0.92;5.433
1734;198902;28;1.7;49.803
1734;198903;1;1.92;69.84
1734;198904;13;1.6;43.137
1734;198905;1;1.4;30.487
1734;198906;1;1.28;23.913
1734;198907;7;0.9;8.049
1734;198908;4;0.96;10.029
1734;198909;1;0.68;2.622
1734;198910;28;0.87;7.159
1734;198911;19;2.6;128.508
1734;198912;21;3.02;163.746
1734;199001;31;1.44;32.925
1734;199002;2;1.58;41.826
1734;199003;1;1.06;13.811
1734;199004;7;0.98;10.735
1734;199005;2;0.81;5.493
1734;199006;4;0.7;2.981
1734;199007;23;0.64;1.935
1734;199008;24;0.59;1.221
1734;199009;24;0.59;1.221
1734;199010;17;1.43;32.315
1734;199011;8;1.42;31.706
1734;199012;28;1.48;35.362
1734;199101;11;1.76;55.313
1734;199102;10;1.04;13.021
1734;199103;6;2.58;126.842
1734;199104;15;1.28;23.913
1734;199105;1;1.05;13.416
1734;199106;1;0.92;8.699
1734;199109;29;0.9;5.494
1734;199110;15;0.9;5.494
1734;199111;15;1.7;43.077
1734;199112;1;0.98;7.435
1734;199201;9;1.74;46.266
1734;199202;13;0.86;4.67
1734;199203;31;0.8;3.559
1734;199204;4;1.42;24.974
1734;199205;1;1;7.955
1734;199206;17;0.86;4.67
1734;199207;1;0.77;3.089
1734;199208;31;0.86;4.67
1734;199209;1;0.8;3.559
1734;199210;30;1.11;11.346
1734;199211;18;1;7.955
1734;199212;7;2.28;95.372
1734;199301;1;0.98;7.86
1734;199302;2;0.8;4.477
1734;199303;13;0.9;6.259
1734;199304;30;1.05;9.573
1734;199305;27;1.8;51.05
1734;199306;30;1.26;17.099
1734;199307;5;1.02;8.793
1734;199308;25;0.72;3.236
1734;199309;18;0.79;4.317
1734;199310;17;2.9;155.131
1734;199311;4;1.48;28.472
1734;199312;30;1.26;18.047
1734;199401;9;2.3;97.265
1734;199402;28;1.32;20.63
1734;199403;1;1.3;19.701
1734;199404;5;0.95;7.463
1734;199405;21;1.76;47.861
1734;199406;1;1.1;11.945
1734;199407;3;0.75;3.107
1734;199408;1;0.65;1.618
1734;199409;16;0.66;1.755
1734;199410;23;0.96;7.737
1734;199411;9;1.38;23.417
1734;199412;31;1.4;24.346
1734;199501;1;1.92;61.702
1734;199502;14;1.56;33.344
1734;199503;6;2.06;74.714
1734;199504;1;1.06;10.701
1734;199505;18;1.19;15.205
1734;199506;2;0.9;6.204
1734;199507;2;0.9;6.204
1734;199509;23;0.72;2.625
1734;199510;28;0.76;3.291
1734;199511;16;1.48;28.472
1734;199512;25;3.03;167.965
1734;199601;8;3.9;
1734;199602;6;2.35;101.999
1734;199603;24;1.42;26.721
1734;199604;1;1.5;30.533
1734;199605;18;1.44;27.674
1734;199606;1;0.98;11.021
1734;199607;1;0.71;4.234
1734;199608;19;0.66;3.238
1734;199609;22;0.68;3.629
1734;199610;14;0.82;6.733
1734;199611;23;2.16;84.06
1734;199612;21;1.9;61.925
1734;199701;10;1.46;34.399
1734;199702;2;1.18;20.443
1734;199703;1;0.94;10.943
1734;199704;8;0.75;5.237
1734;199705;31;0.91;9.932
1734;199706;7;1.82;56.451
1734;199707;23;0.9;9.595
1734;199708;25;0.72;4.513
1734;199709;20;0.59;1.873
1734;199710;28;1.78;53.781
1734;199711;25;1.74;51.178
1734;199712;2;1.58;41.243
1734;199801;13;2.92;157.128
1734;199802;1;1.08;16.204
1734;199803;29;1.2;21.307
1734;199804;30;1.65;45.492
1734;199805;1;1.66;46.109
1734;199806;16;1.16;19.579
1734;199807;1;0.96;11.639
1734;199808;5;0.61;2.212
1734;199809;27;0.8;6.569
1734;199810;2;0.76;5.503
1734;199811;3;0.82;7.151
1734;199812;12;0.79;6.303
1734;199901;17;0.92;10.269
1734;199902;2;0.84;7.732
1734;199903;11;1.82;56.451
1734;199904;29;1.18;20.443
1734;199905;19;1.24;23.193
1734;199906;2;1;13.075
1734;199907;1;0.7;4.031
1734;199908;1;0.67;3.387
1734;199909;22;1.33;27.552
1734;199910;24;1.72;49.877
1734;199911;2;1.23;22.722
1734;199912;15;1.47;34.946
1734;200001;1;1.02;13.857
1734;200002;3;0.85;8.023
1734;200003;1;0.78;6.036
1734;200004;20;1.48;35.492
1734;200005;10;1.33;27.552
1734;200006;1;0.89;9.281
1734;200007;4;0.74;4.996
1734;200008;2;0.61;2.212
1734;200009;30;0.59;1.873
1734;200010;11;0.85;8.023
1734;200011;6;2.18;85.929
1734;200012;7;4.75;338.383
1734;200101;27;2.9;155.161
1734;200102;6;3.13;177.873
1734;200103;4;3.28;192.735
1734;200104;1;1.52;41.763
1734;200105;17;0.92;13.737
1734;200106;1;0.74;8.028
1734;200107;6;0.56;3.708
1734;200108;1;0.48;2.274
1734;200109;23;0.47;2.115
1734;200110;23;0.9;13.026
1734;200111;3;0.49;2.432
1734;200112;24;0.56;3.708
1734;200201;23;1.08;19.913
1734;200202;5;1.17;23.817
1734;200203;16;0.98;15.929
1734;200204;1;0.72;7.482
1734;200205;25;0.63;5.221
1734;200206;9;0.74;8.028
1734;200207;22;0.66;5.93
1734;200208;2;0.4;1.138
1734;200209;19;0.8;9.773
1734;200210;24;1.04;18.296
1734;200211;30;1.5;40.592
1734;200212;27;3.5;214.533
1734;200301;2;1.96;70.354
1734;200302;25;1.46;38.39
1734;200303;3;1.27;28.497
1734;200304;14;1.46;38.39
1734;200305;1;1.04;18.296
1734;200306;5;0.71;7.209
1734;200307;1;0.56;3.708
1734;200308;17;0.47;2.115
1734;200309;1;0.44;1.667
1734;200310;31;1.08;19.913
1734;200311;22;2.1;81.095
1734;200312;1;1.41;35.637
1734;200401;28;1.19;24.701
1734;200402;1;1.01;17.083
1734;200403;12;1.03;17.892
1734;200404;1;0.84;11.033
1734;200405;11;0.85;11.348
1734;200406;1;0.71;7.209
1734;200407;5;0.5;2.59
1734;200408;4;0.75;8.301
1734;200409;7;0.76;8.595
1734;200410;20;1.36;33.025
1734;200411;1;1.02;17.488
1734;200412;1;0.8;9.773
1734;200501;14;0.78;9.184
1734;200502;3;0.59;4.328
1734;200503;26;1;16.679
1734;200504;21;0.87;12.019
1734;200506;2;0.55;3.502
1734;200507;1;0.47;2.115
1734;200508;2;0.37;0.833
1734;200509;12;0.39;1.036
1734;200510;30;1.1;20.722
1734;200511;1;0.69;6.685
1734;200512;2;1.16;23.375
1734;200601;1;0.74;8.028
1734;200602;19;0.78;9.184
1734;200603;1;1.94;68.915
1734;200604;1;1.1;20.722
1734;200605;5;0.78;9.184
1734;200606;2;0.56;3.708
1734;200607;4;0.45;1.799
1734;200608;2;0.4;1.138
1734;200609;23;0.58;4.121
1734;200610;25;3.85;288.96
1734;200611;25;2.34;107.73
1734;200612;8;1.66;56.04
1734;200701;1;0.83;9.643
1734;200702;12;1.34;36.42
1734;200703;1;1.18;27.26
1734;200704;2;0.78;7.55
1734;200705;25;1.04;19.79
1734;200706;1;0.87;11.51
1734;200707;1;0.65;3.68
1734;200708;1;0.54;2.14
1734;200709;1;0.51;1.903
1734;200710;3;0.32;2.331
1734;200711;21;0.28;1.869
1734;200712;20;0.26;1.654
1734;200801;16;0.75;10.497
1734;200802;28;0.53;5.59
1734;200803;28;0.85;13.24
1734;200804;10;1.1;21.529
1734;200805;31;0.85;13.24
1734;200806;1;0.92;15.358
1734;200807;3;0.42;3.708
1734;200808;29;0.37;2.98
1734;200809;6;0.29;1.977
1734;200810;15;;17.09
1734;200811;4;0.4;3.21
1734;200812;7;0.93;12.79
1734;200901;23;1.8;37.77
1734;200902;1;1.36;23.85
1734;200903;8;0.98;13.94
1734;200904;2;0.66;7.29
1734;200905;1;0.52;4.93
1734;200906;10;0.42;3.47
1734;200907;1;0.33;2.34
1734;200908;16;0.41;3.34
1734;200909;20;0.2;1.03
1734;200910;22;0.45;3.89
1734;200911;17;0.97;13.7
1734;200912;30;2.1;48.64
1734;201001;1;1.56;29.87
1734;201002;27;3;91.55
1734;201003;1;1.96;43.435
1734;201004;1;1.25;20.012
1734;201005;13;1.16;15.449
1734;201006;12;1.33;22.996
1734;201007;1;0.9;5.943
1734;201008;2;0.83;3.532
1734;201009;2;0.34;2.46
1734;201010;9;1.31;22.43
1734;201011;21;1.15;18.12
1734;201012;7;1.83;38.81
1734;201101;9;1.82;38.47
1734;201102;22;1.12;17.35
1734;201103;27;1.23;20.23
1734;201104;1;1.06;15.85
1734;201105;14;0.89;11.9
1734;201106;6;0.53;5.09
1734;201107;2;0.37;2.82
1734;201108;23;0.34;2.46
1734;201109;2;0.35;2.57
1734;201110;27;1.88;40.57
1734;201111;20;1.17;18.64
1734;201112;17;0.9;12.12
1734;201201;2;0.46;4.03
1734;201202;1;0.34;2.46
1734;201203;1;0.3;2
1734;201204;21;1.41;25.31
1734;201205;5;1.69;34.06
1734;201206;3;0.48;4.32
1734;201207;28;0.45;3.89
1734;201208;5;0.3;2
1734;201209;26;0.32;2.22
1734;201210;19;0.34;2.46
1734;201211;17;0.76;9.18
1734;201212;15;1.62;31.78
1734;201301;19;2.6;69.04
1734;201302;2;1.05;15.606
1734;201303;29;1.6;31.139
1734;201304;1;1.42;25.603
1734;201305;28;1.06;15.85
1734;201306;1;0.57;5.648
1734;201510;20;1.11;17.1
1734;201511;18;1.03;15.12
1734;201512;29;1.11;17.1
1734;201601;11;2.59;68.6
1734;201602;13;2.8;77.96
1734;201603;29;1.36;23.85
1734;201604;20;1.69;34.06
1734;201605;9;1.85;39.51
1734;201606;16;1.02;14.88
1734;201607;26;0.91;12.34
1734;201608;1;0.9;12.12
1734;201609;15;0.88;11.68
1734;201610;23;0.89;11.9
1734;201611;2;1;14.406
1734;201612;16;0.89;11.9
1734;201701;30;0.88;11.681
1734;201702;5;1.74;35.731
1734;201703;9;1.01;14.643
1734;201704;20;0.93;12.79
1734;201705;14;0.95;13.244
1734;201706;30;0.91;12.342
1734;201707;8;0.97;13.704
1734;201708;28;0.97;13.704
1734;201709;1;0.84;10.823
1734;201710;18;0.87;11.464
1734;201711;3;0.92;12.565
1734;201712;11;1.31;22.432
1734;201801;17;0.96;13.473
1734;201802;14;1.05;15.606
1734;201803;10;1.74;35.731
1734;201804;4;1.46;26.797
1734;201805;5;1.03;15.122
1734;201806;10;1.16;18.376
1734;201807;21;0.95;13.244
1734;201808;1;0.91;12.342
1734;201809;4;0.94;13.016
1734;201810;15;0.9;12.12
1734;201811;14;1.15;18.117
1734;201812;16;1.11;17.095
1734;201901;31;1.69;36.518
1734;201902;1;1.74;39.333
1734;201903;6;1.17;12.02
1734;201904;3;1;5.904
1734;201905;12;1.05;7.606
1734;201906;7;1.02;6.575
1734;201907;8;1.04;7.259
1734;201908;8;0.89;2.443
1734;201909;20;0.89;2.443
1734;201910;20;1.11;9.755
1734;201911;13;1.69;36.518
1734;201912;20;3.05;179.438
1734;202001;30;0.98;5.246
1734;202002;1;0.95;4.282
1734;202003;5;0.95;4.282
1734;202004;17;1.51;27.051
1734;202005;5;0.97;4.921
1734;202006;24;1.44;23.651
1734;202007;1;0.89;2.443
1734;202008;18;0.85;1.281
1734;202009;20;0.84;0.999
1734;202010;21;1.06;7.956
1734;202011;9;1;5.904
1734;202012;11;2.6;105.407
1734;202101;26;1.67;35.414
1734;202102;21;1.59;31.129
1734;202103;7;1.06;7.956
1734;202104;15;0.99;5.573
1734;202105;10;0.91;3.043
1734;202106;16;1;5.904
1734;202107;27;0.95;4.282
1734;202108;12;0.96;4.6
1734;202109;2;0.91;3.043
1739;194610;;;78.7
1739;194611;;;156
1739;194612;;;538
1739;194701;;;464
1739;194702;;4.9;1468
1739;194703;;;470
1739;194704;;;340
1739;194705;;;103
1739;194706;;;32.5
1739;194707;;;13.33
1739;194708;;;8.25
1739;194709;;;32.5
1739;194812;;0.9;
1739;195002;;1.3;
1739;195101;;2.8;
1739;195111;;1.6;
1739;195211;;2.2;
1739;195311;;0.94;
1739;195501;;3;
1739;195512;;2.4;
1739;195702;;1.2;
1739;195803;;2.78;
1739;195912;;5.14;
1739;200810;7;5.25;76
1739;200811;27;5.27;70.2
1739;200812;5;5.9;111.5
1739;200901;24;8.06;367.5
1739;200902;12;7.04;207.1
1739;200903;11;6.3;124.6
1739;200904;17;;97
1739;200905;2;5.58;82.5
1739;200906;11;;69.2
1739;200907;27;5.63;101.5
1739;200908;1;4.8;46.6
1739;200909;24;5.05;56.5
1739;200910;8;5.33;76.2
1739;200911;16;6.75;168.3
1739;200912;29;8.14;287.5
1739;201001;14;8.21;
1739;201003;1;7.71;337.8
1739;201004;1;6.87;204.9
1739;201005;3;5.72;106.3
1739;201006;12;5.96;125
1739;201007;20;5.59;92.1
1739;201008;1;4.72;32.6
1739;201009;28;5.38;82.1
1739;201010;4;;105.4
1739;201011;21;6.94;211.2
1739;201012;8;7.03;218.5
1739;201101;7;8.27;400.4
1739;201102;22;6.71;173.4
1739;201103;28;6.34;132.4
1739;201104;2;5.86;106.1
1739;201105;20;5.45;75.6
1739;201106;8;4.95;50.8
1739;201107;6;5.12;63.4
1739;201108;1;4.71;33.2
1739;201109;20;5.27;68.3
1739;201112;17;5.7;87.9
1739;201201;3;;56.9
1739;201202;9;5.12;57.1
1739;201203;1;;40.5
1739;201208;29;4.75;45.27
1739;201209;9;5;63.9
1739;201210;15;5.11;73.24
1739;201211;4;5;63.9
1739;201212;15;7.3;419.06
1739;201301;19;9.94;1276.18
1739;201302;2;7.1;374.04
1739;201303;30;8.24;669.54
1739;201304;1;8.06;616.53
1739;201305;1;6.23;210.55
1739;201306;8;5.14;75.91
1739;201307;10;5.19;80.48
1739;201308;26;5;63.9
1739;201309;29;5.22;83.29
1739;201310;17;5.66;130.82
1739;201311;5;7.06;365.37
1739;201312;24;7.55;479.37
1739;201401;4;7.83;552.3
1739;201402;8;8.15;642.73
1739;201403;2;8.12;633.93
1739;201404;2;7.36;433.13
1739;201405;10;;422.54
1739;201406;10;5.77;144.58
1739;201407;5;5.35;96.1
1739;201408;29;5.48;109.94
1739;201409;13;4.59;35.18
1739;201410;17;5.76;143.3
1739;201411;17;5.93;165.97
1739;201412;15;5.71;136.98
1739;201501;30;8.13;636.86
1739;201508;29;4.85;52.29
1739;201509;16;5.13;75.01
1739;201510;30;5.42;103.42
1739;201511;6;5.39;100.25
1739;201512;12;5.35;96.1
1739;201601;11;10.31;1276.18
1739;201602;13;10.68;1281.66
1739;201603;2;6.69;310.99
1739;201604;21;7.22;406.88
1739;201605;12;6.68;309.34
1739;201606;6;5.48;130.58
1739;201607;8;5.34;113.93
1739;201608;21;4.2;23.86
1739;201609;16;5.15;93.26
1739;201610;5;5.34;113.934
1739;201611;23;5.16;94.288
1739;201612;15;5.05;83.295
1739;201701;1;4.6;46.326
1739;201702;5;7.32;427.611
1739;201703;3;5.77;169.024
1739;201704;1;4.98;76.701
1739;201705;27;4.94;73.074
1739;201706;2;4.64;49.098
1739;201707;18;4.54;42.353
1739;201708;23;4.33;30.145
1739;201709;14;4.92;71.298
1739;201710;23;5.09;87.203
1739;201711;3;5.49;131.813
1739;201712;11;7.1;383.295
1739;201801;3;6.03;207.075
1739;201802;14;5.59;144.551
1739;201803;31;6.73;317.629
1739;201804;4;7.32;427.611
1739;201805;1;6.17;228.421
1739;201806;9;5.65;152.5
1739;201807;11;5.39;119.736
1739;201808;27;4.65;49.806
1739;201809;7;5.5;133.058
1739;201810;25;5.38;118.564
1739;201811;28;5.41;122.099
1739;201812;20;5.53;136.83
1739;201901;31;8.2;636.244
1739;201902;1;7.72;520.122
1739;201903;10;5.35;115.086
1739;201904;26;5.35;115.086
1739;201905;28;5.23;101.685
1739;201906;15;4.95;73.971
1739;201907;11;5.18;96.369
1739;201908;29;5.03;81.379
1739;201909;18;5.28;107.158
1739;201910;9;5.26;104.95
1739;201911;23;7.65;503.188
1739;201912;20;10.26;1157.685
1739;202001;2;6.94;353.782
1739;202002;2;5.38;118.564
1739;202003;4;6.36;257.986
1739;202004;17;5.51;134.308
1739;202005;12;5.33;112.789
1739;202006;23;5.1;88.196
1739;202007;8;5.09;87.203
1739;202008;1;4.88;67.823
1739;202009;17;5.05;83.295
1739;202010;29;5.26;121.777
1739;202011;3;5.18;112.6
1739;202012;11;8.91;808.007
1739;202101;25;7.93;570.926
1739;202102;12;7.66;504.53
1739;202103;2;6.48;279.934
1739;202104;22;5.05;98.12
1739;202105;20;4.93;85.316
1739;202106;4;5.34;131.13
1739;202107;11;5.19;113.737
1739;202108;31;4.79;71.198
1739;202109;15;5.05;98.12
1742;200810;31;0.23;
1742;200811;11;0.4;
1742;200812;7;0.81;
1742;200901;23;1.31;14.65
1742;200902;10;;3.349
1742;200903;7;0.66;3.143
1742;200904;30;;1.868
1742;200905;6;;1.702
1742;200906;10;;1.17
1742;200907;4;;1.177
1742;200908;17;;1.116
1742;200909;21;;0.938
1742;200912;29;1.57;31.01
1742;201001;14;1.03;11.17
1742;201002;27;1.73;39.26
1742;201003;20;1.2;16.16
1742;201004;16;0.78;5.72
1742;201005;9;0.63;3.43
1742;201006;11;0.95;9.19
1742;201007;1;0.33;0.749
1742;201008;1;0.1;0.054
1742;201009;7;0.12;0.079
1742;201010;9;1.15;14.58
1742;201011;14;1.13;13.98
1742;201012;6;1.32;20.36
1742;201101;6;1.27;18.54
1742;201102;22;0.82;6.45
1742;201103;30;0.81;6.27
1742;201104;1;0.67;3.98
1742;201105;31;0.51;2.08
1742;201106;4;0.8;6.08
1742;201107;3;0.19;0.21
1742;201108;22;0.11;0.07
1742;201109;2;0.13;0.09
1742;201110;27;0.66;3.84
1742;201111;20;0.86;7.24
1742;201112;16;1.21;16.49
1742;201201;2;0.46;1.63
1742;201202;4;0.45;1.55
1742;201203;4;0.28;0.51
1742;201204;25;0.92;8.51
1742;201205;8;1.01;10.66
1742;201206;12;0.35;0.86
1742;201207;1;0.2;0.24
1742;201208;16;0.15;0.08
1742;201209;26;0.29;0.56
1742;201210;26;0.39;1.1
1742;201211;17;0.71;4.57
1742;201212;14;1.38;22.67
1742;201301;18;1.62;33.47
1742;201302;1;1.03;11.17
1742;201303;29;1.17;15.2
1742;201304;11;0.81;6.27
1742;201305;29;0.68;4.121
1742;201306;19;0.44;1.467
1742;201307;1;0.21;0.267
1742;201308;1;0.07;0.027
1742;201309;29;0.17;0.167
1742;201310;24;1.06;11.98
1742;201311;4;1.26;18.19
1742;201312;24;1.69;37.09
1742;201401;3;1.19;15.84
1742;201402;14;1.1;13.1
1742;201403;1;1.41;23.89
1742;201404;1;1.23;17.16
1742;201405;30;0.55;2.49
1742;201406;1;0.43;1.39
1742;201407;6;0.25;0.4
1742;201408;4;0.2;0.24
1742;201409;19;0.26;0.43
1742;201410;16;1.07;12.25
1742;201411;13;0.87;7.44
1742;201412;16;0.55;2.49
1742;201501;30;1.96;53.2
1742;201502;28;0.89;7.86
1742;201503;2;0.92;8.51
1742;201504;26;0.6;3.06
1742;201505;4;1.28;18.9
1742;201506;16;0.37;0.87
1742;201507;1;0.09;0.01
1742;201508;1;0.06;
1742;201509;16;0.5;2.29
1742;201510;12;0.76;5.38
1742;201511;3;0.78;5.72
1742;201512;28;0.79;5.9
1742;201601;10;1.69;37.09
1742;201602;12;1.73;39.26
1742;201603;29;1;10.41
1742;201604;19;1.25;17.84
1742;201605;8;1.23;17.16
1742;201606;16;0.53;2.28
1742;201607;1;0.26;0.38
1742;201608;1;0.14;0.11
1742;201609;14;0.09;0.04
1742;201610;23;0.23;0.327
1742;201611;20;0.45;1.547
1742;201612;5;0.36;0.917
1742;201701;30;0.39;1.105
1742;201702;4;1.38;22.675
1742;201703;5;0.76;5.378
1742;201704;1;0.52;2.177
1742;201705;12;0.69;4.267
1742;201706;30;0.36;0.917
1742;201707;1;0.19;0.213
1742;201708;1;0.11;0.066
1742;201709;1;0.07;0.027
1742;201710;18;0.07;0.027
1742;201711;25;0.34;0.803
1742;201712;28;1.02;10.914
1742;201801;2;0.79;5.901
1742;201802;15;0.75;5.21
1742;201803;14;1.33;20.735
1742;201804;19;0.88;7.647
1742;201805;8;0.56;2.595
1742;201806;8;0.76;5.378
1742;201807;15;0.6;3.057
1742;201808;1;0.47;0.296
1742;201809;5;0.47;0.146
1742;201810;14;0.17;0.167
1742;201811;10;0.9;21.786
1742;201812;16;1.05;33.673
1742;201901;31;1.52;74.446
1742;201902;1;1.01;30.444
1742;201903;6;0.77;11.422
1742;201904;15;0.77;11.422
1742;201905;8;0.57;3.483
1742;201906;7;0.41;1.095
1742;201907;9;0.35;0.67
1742;201908;9;0.15;0.127
1742;201909;1;0.06;0.02
1742;201910;19;0.53;2.771
1742;201911;13;1.77;98.257
1742;201912;19;1.9;111.222
1742;202001;29;0.76;10.711
1742;202002;1;0.68;6.275
1742;202003;5;1.02;31.248
1742;202004;16;0.87;19.38
1742;202005;1;0.48;1.996
1742;202006;12;0.51;2.448
1742;202007;1;0.2;0.231
1742;202008;15;0.14;0.11
1742;202009;21;0.17;0.166
1742;202010;25;0.87;19.38
1742;202011;8;0.76;10.711
1742;202012;11;2.08;129.831
1742;202101;25;1.39;62.647
1742;202102;12;1.08;36.12
1742;202103;1;0.56;3.295
1742;202104;3;0.42;1.206
1742;202105;16;0.4;0.992
1742;202106;12;0.51;2.448
1742;202107;3;0.25;0.354
1742;202108;2;0.15;0.127
1742;202109;26;0.21;0.254
1747;195010;;;8.45
1747;195011;;;253
1747;195012;;;120
1747;195101;;;106.8
1747;195102;;5.61;428
1747;195103;;;260
1747;195104;;;55
1747;195105;;;98.9
1747;195106;;;38.4
1747;195107;;;7.6
1747;195108;;;3.78
1747;195109;;;3.78
1747;195110;;;9.1
1747;195111;;;255
1747;195112;;;58.4
1747;195201;;;79.5
1747;195202;;;73.4
1747;195203;;;319
1747;195204;;;93.4
1747;195205;;;160
1747;195206;;;21.5
1747;195207;;;13.1
1747;195208;;;4.1
1747;195209;;;7.2
1747;195210;;;48.8
1747;195211;;5.06;247.5
1747;195212;;;213.5
1747;195301;;;70.65
1747;195302;;;67
1747;195303;;;32
1747;195304;;;97.7
1747;195305;;;45
1747;195306;;;17.1
1747;195307;;;8.8
1747;195308;;;4
1747;195309;;;25
1747;195501;;5.58;
1747;195512;;4.88;
1747;195702;;4.52;
1747;195801;;5.36;
1747;195912;27;8.6;
1747;196011;17;;349.8
1747;196203;;7.1;512
1748;195010;;;1.31
1748;195011;;;217
1748;195012;;;34.15
1748;195101;;;67.75
1748;195102;;2.48;350
1748;195103;;;123.5
1748;195104;;;8
1748;195105;;;39.5
1748;195106;;;12
1748;195107;;;3.6
1748;195108;;;1.4
1748;195109;;;2.3
1748;195110;;;5.85
1748;195111;;2.41;
1748;195112;;;30.5
1748;195201;;;22.5
1748;195202;;;22.5
1748;195203;;;60
1748;195204;;;21
1748;195205;;;55.5
1748;195206;;;57.75
1748;195207;;;2
1748;195208;;;1.45
1748;195209;;;0.75
1748;195210;;;66.13
1748;195211;;;203
1748;195212;;2.3;350
1748;195301;;;87.27
1748;195302;;;20.9
1748;195303;;;6.63
1748;195304;;;36.81
1748;195305;;;10
1748;195306;;;7.45
1748;195307;;;6.09
1748;195308;;;2.69
1748;195309;;;10.4
1748;195501;;1.55;
1748;195512;;1.95;
1748;195702;;1.66;
1748;195803;;1.7;
1748;195912;;2.38;
1748;196101;3;;115.25
1749;195501;;7.94;
1749;195512;;7.13;
1749;195702;;4.68;
1749;195801;;7.4;
1749;195912;;12.2;
1749;196011;17;;564
1749;196204;;;750
1749;196303;11;;523.8
1749;196403;14;;360.2
1749;196503;25;;149.2
1751;195501;;5.6;
1751;195512;15;5.01;
1751;195702;;4.36;
1751;195803;;5.11;
1751;195912;;7.06;
1751;196011;17;;1512
1751;196203;;7.6;3033
1751;196303;11;;1231.6
1751;196403;21;;934
1751;196503;17;;488.7
1753;200801;11;;10.13
1753;200802;4;;10.13
1753;200803;24;;10.13
1753;200804;21;1.31;
1753;200805;30;0.9;
1753;200806;13;;10.13
1753;200807;2;0.45;6.58
1753;200808;16;0.34;4.23
1753;200809;6;0.35;4.43
1753;200810;31;0.43;6.13
1753;200811;4;0.58;9.86
1753;200812;5;1.18;56.419
1753;200901;23;1.78;120.579
1753;200902;10;1.4;87.997
1753;200903;7;1.03;39.62
1753;200904;21;;16.62
1753;200905;17;0.7;14.51
1753;200906;10;0.87;25.54
1753;200907;23;0.52;7.41
1753;200908;2;0.35;4.04
1753;200909;4;0.25;2.42
1753;200910;25;0.47;6.35
1753;200911;15;1.36;81.61
1753;200912;7;1.62;106.86
1753;201001;14;1.67;111.15
1753;201002;25;1.87;128.3
1753;201003;1;1.2;58.94
1753;201004;1;1.05;41.65
1753;201005;11;0.63;11.04
1753;201006;11;1.24;64.19
1753;201007;1;0.46;6.15
1753;201008;4;0.32;3.53
1753;201009;1;0.3;3.2
1753;201010;31;0.96;32.99
1753;201011;21;1.4;88
1753;201012;6;0.98;34.81
1753;201101;6;2.16;153.16
1753;201102;22;0.98;34.81
1753;201103;27;1;36.69
1753;201104;1;0.75;17.37
1753;201105;2;0.51;7.2
1753;201106;4;0.4;4.96
1753;201107;9;0.3;3.2
1753;201108;2;0.24;2.27
1753;201109;5;0.24;2.27
1753;201110;27;0.37;4.4
1753;201111;16;0.51;7.2
1753;201112;16;1.07;43.75
1753;201201;2;0.55;8.08
1753;201202;7;0.37;4.4
1753;201203;18;0.33;3.7
1753;201204;19;1.42;89.71
1753;201205;5;1.02;38.63
1753;201206;1;0.49;6.77
1753;201207;1;0.36;4.22
1753;201208;15;0.29;3.03
1753;201209;26;0.39;4.77
1753;201210;18;0.68;13.46
1753;201211;3;0.62;10.59
1753;201212;14;2.12;149.73
1753;201301;18;2.61;191.75
1753;201302;2;1.22;61.53
1753;201303;29;1.63;107.72
1753;201304;11;1.38;84.77
1753;201305;19;0.73;16.19
1753;201306;1;0.53;7.63
1753;201307;1;0.38;4.59
1753;201308;1;0.3;3.2
1753;201309;28;0.28;2.88
1753;201310;22;0.88;26.31
1753;201311;4;1.33;77.01
1753;201312;24;1.47;94
1753;201401;6;1.41;88.85
1753;201402;8;1.88;129.15
1753;201403;2;2.05;143.73
1753;201404;3;0.85;24.05
1753;201405;23;0.68;13.46
1753;201406;1;0.55;8.08
1753;201407;2;0.4;4.96
1753;201408;9;0.38;4.59
1753;201409;21;0.33;3.7
1753;201410;16;1.26;66.91
1753;201411;17;1.28;69.71
1753;201412;1;0.69;13.98
1753;201501;31;2.33;167.74
1753;201502;1;1.41;88.85
1753;201503;3;1.17;55.18
1753;201504;26;0.63;11.04
1753;201505;5;1.02;38.63
1753;201506;9;0.52;7.41
1753;201507;2;0.33;3.7
1753;201508;14;0.37;4.4
1753;201509;16;0.78;19.23
1753;201510;5;0.69;13.98
1753;201511;6;0.68;13.46
1753;201512;31;0.53;7.63
1753;201601;11;2.53;184.89
1753;201602;13;2.48;180.6
1753;201603;9;1.11;48.13
1753;201604;17;1.09;45.9
1753;201605;14;0.9;27.9
1753;201606;17;0.82;21.9
1753;201607;1;0.51;7.2
1753;201608;1;0.34;3.87
1753;201609;15;0.37;4.4
1753;201610;3;0.34;3.87
1753;201611;20;0.62;10.587
1753;201612;16;0.36;4.223
1753;201701;30;0.39;4.774
1753;201702;5;1.94;134.298
1753;201703;6;0.82;21.9
1753;201704;1;0.58;8.901
1753;201705;13;0.58;8.901
1753;201706;28;0.38;4.588
1753;201707;1;0.37;4.404
1753;201708;1;0.24;2.271
1753;201709;13;0.23;2.128
1753;201710;18;0.26;2.567
1753;201711;25;0.34;3.87
1753;201712;11;1.78;120.579
1753;201801;5;1.1;47.006
1753;201802;14;1.19;57.671
1753;201803;15;1.37;83.178
1753;201804;4;1.32;75.514
1753;201805;1;0.68;13.46
1753;201806;9;0.65;11.97
1753;201807;1;0.5;6.981
1753;201808;2;0.34;3.87
1753;201809;27;0.3;3.195
1753;201810;14;0.32;3.527
1753;201811;10;0.94;31.237
1753;201812;16;1.01;37.651
1753;201901;31;2.16;153.162
1753;201902;1;2;139.443
1753;201903;6;1.03;39.62
1753;201904;26;1.06;42.69
1753;201905;1;0.75;17.366
1753;201906;7;0.48;6.559
1753;201907;5;0.36;4.223
1753;201908;9;0.28;2.875
1753;201909;30;0.29;3.034
1753;201910;19;0.78;19.23
1753;201911;13;2.1;148.017
1753;201912;13;2.18;154.876
1753;202001;30;0.97;33.896
1753;202002;1;0.91;28.711
1753;202003;5;1.18;56.419
1753;202004;30;0.61;10.148
1753;202005;1;0.83;22.602
1753;202006;12;0.46;6.145
1753;202007;2;0.34;3.87
1753;202008;18;0.33;3.697
1753;202009;28;0.3;3.195
1753;202010;25;1.04;40.628
1753;202011;16;0.48;6.559
1753;202012;11;2.43;176.312
1753;202101;25;1.74;117.15
1753;202102;3;1.64;108.575
1753;202103;1;0.86;24.787
1753;202104;1;0.51;7.196
1753;202105;13;0.77;18.596
1753;202106;21;0.78;19.23
1753;202107;1;0.4;4.962
1753;202108;4;0.34;3.87
1753;202109;15;0.31;3.36
1754;195912;;2.45;
1754;196011;17;;142.7
1754;196203;;;71.5
1754;196302;20;;29.5
1754;196402;23;1.33;86.2
1754;196503;25;;150
1763;200710;1;0.29;0.7
1763;200711;22;0.29;0.7
1763;200712;4;0.3;0.76
1763;200801;11;4.5;3.43
1763;200802;27;0.41;1.68
1763;200803;27;0.42;1.78
1763;200804;21;0.6;4.46
1763;200805;30;0.48;2.51
1763;200806;1;0.44;2.01
1763;200807;1;0.3;0.76
1763;200808;1;0.26;0.53
1763;200809;5;0.25;0.48
1763;200810;7;0.23;0.39
1763;200811;4;0.36;1.2
1763;200812;5;0.63;5.02
1763;200901;23;0.75;7.56
1763;200902;9;0.68;6.03
1763;200903;6;0.59;4.48
1763;200904;18;0.36;1.24
1763;200905;17;0.42;1.85
1763;200906;10;0.46;2.34
1763;200907;22;0.45;2.21
1763;200908;1;0.3;0.77
1763;200909;2;0.25;0.48
1763;200910;25;0.27;0.59
1763;200911;15;0.93;10.34
1763;200912;6;0.81;8.06
1763;201001;14;0.79;7.71
1763;201002;25;0.97;11.15
1763;201003;1;0.63;5.13
1763;201004;1;0.53;3.39
1763;201005;10;0.36;1.24
1763;201006;11;0.83;8.42
1763;201007;1;0.32;0.912
1763;201008;1;0.26;0.53
1763;201009;17;0.29;0.71
1763;201010;31;0.57;4.09
1763;201011;21;0.62;4.98
1763;201012;8;0.53;3.39
1763;201101;6;1.23;17.1
1763;201102;19;0.55;3.73
1763;201103;27;0.49;2.76
1763;201104;1;0.39;1.53
1763;201105;18;0.49;2.76
1763;201106;1;0.27;0.59
1763;201107;1;0.24;0.43
1763;201108;1;0.23;0.39
1763;201109;11;0.23;0.39
1763;201110;26;0.26;0.53
1763;201111;11;0.25;0.48
1763;201112;16;0.49;2.76
1763;201201;2;0.29;0.71
1763;201202;7;0.26;0.53
1763;201203;1;0.24;0.43
1763;201204;18;0.66;5.58
1763;201205;5;0.51;3.06
1763;201206;1;0.32;0.91
1763;201207;1;0.27;0.59
1763;201208;15;0.25;0.48
1763;201209;25;0.24;0.43
1763;201210;17;0.48;2.62
1763;201211;3;0.32;0.91
1763;201212;14;1;11.78
1763;201301;19;1.03;12.42
1763;201302;1;0.58;4.28
1763;201303;11;0.77;7.36
1763;201304;11;0.85;8.79
1763;201305;1;0.42;1.85
1763;201306;1;0.34;1.07
1763;201307;1;0.29;0.71
1763;201308;4;0.26;0.53
1763;201309;1;0.23;0.39
1763;201310;22;0.59;4.48
1763;201311;2;0.7;6.2
1763;201312;24;0.66;5.58
1763;201401;6;0.72;6.52
1763;201402;8;0.95;10.74
1763;201403;2;0.82;8.24
1763;201404;3;0.44;2.09
1763;201405;23;0.38;1.43
1763;201406;24;0.45;2.21
1763;201407;1;0.3;0.77
1763;201408;8;0.26;0.53
1763;201409;7;0.25;0.48
1763;201410;16;0.77;7.36
1763;201411;17;0.65;5.42
1763;201412;1;0.38;1.43
1763;201501;31;0.71;6.36
1763;201502;3;0.64;5.27
1763;201503;3;0.56;3.91
1763;201504;1;0.35;1.15
1763;201505;5;0.42;1.85
1763;201506;25;0.43;1.97
1763;201507;31;0.3;0.77
1763;201508;2;0.24;0.43
1763;201509;16;0.34;1.07
1763;201510;28;0.36;1.24
1763;201511;5;0.32;0.91
1763;201512;31;0.27;0.59
1763;201601;10;1.01;11.99
1763;201602;12;0.91;9.94
1763;201603;7;0.62;4.98
1763;201604;17;0.66;5.58
1763;201605;14;0.53;3.39
1763;201606;1;0.44;2.09
1763;201607;1;0.36;1.24
1763;201608;7;0.31;0.84
1763;201609;11;0.31;0.84
1763;201610;1;0.23;0.386
1763;201611;20;0.3;0.771
1763;201612;1;0.24;0.432
1763;201701;30;0.24;0.432
1763;201702;4;0.92;10.136
1763;201703;6;0.4;1.629
1763;201704;2;0.31;0.84
1763;201705;12;0.29;0.706
1763;201706;1;0.23;0.386
1763;201707;1;0.2;0.269
1763;201708;6;0.2;0.269
1763;201709;1;0.18;0.204
1763;201710;18;0.19;0.235
1763;201711;1;0.18;0.204
1763;201712;10;0.82;8.239
1763;201801;5;0.52;3.223
1763;201802;13;0.61;4.838
1763;201803;15;0.67;5.728
1763;201804;4;0.62;4.981
1763;201805;1;0.4;1.629
1763;201806;5;0.38;1.426
1763;201807;1;0.33;0.988
1763;201808;1;0.26;0.532
1763;201809;1;0.24;0.432
1763;201810;14;0.23;0.386
1763;201811;10;0.54;3.555
1763;201812;16;0.5;2.911
1763;201901;31;0.93;10.335
1763;201902;1;0.71;6.358
1763;201903;6;0.5;2.911
1763;201904;25;0.54;3.555
1763;201905;1;0.38;1.426
1763;201906;6;0.29;0.706
1763;201907;4;0.26;0.532
1763;201908;4;0.23;0.386
1763;201909;17;0.27;0.586
1763;201910;19;0.44;2.087
1763;201911;13;0.79;7.705
1763;201912;20;0.84;8.605
1763;202001;29;0.5;2.911
1763;202002;1;0.45;2.213
1763;202003;5;0.55;3.729
1763;202004;18;0.36;1.239
1763;202005;1;0.41;1.737
1763;202006;1;0.29;0.706
1763;202007;1;0.26;0.532
1763;202008;12;0.24;0.432
1763;202009;1;0.24;0.432
1763;202010;25;0.53;3.387
1763;202011;15;0.26;0.532
1763;202012;11;0.84;8.605
1763;202101;25;0.7;6.197
1763;202102;3;0.77;7.357
1763;202103;1;0.49;2.762
1763;202104;1;0.32;0.912
1763;202105;13;0.38;1.426
1763;202106;21;0.43;1.966
1763;202107;1;0.28;0.645
1763;202108;4;0.25;0.48
1763;202109;7;0.22;0.344
1765;194606;;1.9;62.9
1765;194610;;;5.15
1765;194611;;;14.85
1765;194612;;;36.2
1765;194701;;;44.1
1765;194702;;3;132
1765;194703;;;72.9
1765;194704;;;32.4
1765;194705;;;10.6
1765;194706;;;3.76
1765;194707;;;2.16
1765;194708;;;1.63
1765;194709;;;1.8
1765;194901;;1.1;
1765;195002;;0.8;
1765;195103;;2.5;
1765;195204;;1.1;
1765;195212;;2.4;
1765;195311;;1.1;
1765;195501;;1.4;
1765;195601;;1.8;
1765;195703;;0.66;
1765;195803;;1.46;
1765;195912;;2.6;
1765;196011;17;;103
1765;196203;;2.2;79.4
1765;196302;20;1.3;32.4
1765;196403;20;1.45;39.3
1765;196501;20;1;21.6
1765;197410;;;1.16
1765;197411;;;13.64
1765;197412;;;3
1765;197501;;;14.12
1765;197502;;;13.64
1765;197503;8;0.94;33.38
1765;197504;;;6.3
1765;197505;;;3
1765;197506;;;8.2
1765;197507;;;3.64
1765;197508;;;4.6
1765;197509;;;5.96
1765;197510;;;10.2
1765;197511;;;10.2
1765;197512;;;13.16
1765;197601;;;4.94
1765;197602;3;0.76;20.6
1765;197603;;;12.2
1765;197604;;;6.68
1765;197605;;;2.22
1765;197606;;;4.94
1765;197607;;;2.74
1765;197608;;;4.6
1765;197609;;;2.22
1765;197610;;;31.84
1765;197611;;;48.48
1765;197612;;;66.5
1765;197701;;;80.5
1765;197702;10;1.85;139
1765;197703;;;32.61
1765;197704;;;24.46
1765;197705;;;9.8
1765;197706;;;9.8
1765;197707;;;20.6
1765;197708;;;5.96
1765;197709;;;2.22
1765;197710;;;38.86
1765;197711;;;3.32
1765;197712;;;78
1765;197801;;;171.2
1765;197802;27;2.85;279
1765;197803;;;142.8
1765;197804;;;11.4
1765;197805;;;31.07
1765;197806;;;4.6
1765;197807;;;1.96
1765;197808;;;0.2
1765;197809;;;2.74
1765;197812;;;160
1765;197901;;;97.25
1765;197902;;;139.2
1765;197903;;;78
1765;197904;;;25.19
1765;197905;;;23
1765;197906;;;10.6
1765;198005;;;10.6
1765;198006;;;8.2
1765;198007;;;1.575
1765;198008;;;0.95
1765;198009;;;2.425
1765;198012;20;1.48;88.4
1765;198109;;;4.36
1765;198110;;;13
1765;198111;;;1.45
1765;198112;30;2.1;174
1765;198201;;;34.02
1765;198202;;;10.6
1765;198203;;;7.55
1765;198204;;;2.91
1765;198205;;;3.39
1765;198206;;;1.7
1765;198207;;;1.08
1765;198208;;;1.94
1765;198209;;;1.7
1765;198210;;;9.8
1765;198211;;;34.92
1765;198212;12;1.38;75.8
1765;198301;;;8.2
1765;198302;;;28.11
1765;198303;;;11.4
1765;198304;;;41.6
1765;198305;;;47
1765;198306;;;17.6
1765;198307;;;4.358
1765;198308;;;4.6
1765;198309;;;3.392
1765;198310;;;3.392
1765;198311;;;3.633
1765;198312;;;31.84
1765;198401;;;48.8
1765;198402;;;21.8
1765;198403;;;30.3
1765;198404;3;1.13;49.7
1765;198405;;;25.92
1765;198406;;;34.92
1765;198407;;;4.358
1765;198408;;;2.908
1765;198409;;;3.15
1765;198410;;;13
1765;198411;;;43.4
1765;198412;;;19.4
1765;198501;;;56
1765;198502;11;1.8;132
1765;198503;;;25.92
1765;198504;;;17
1765;198505;;;5.255
1765;198506;;;5.582
1765;198507;;;3.392
1765;198508;;;1.942
1765;198509;;;1.57
1765;198510;;;1.31
1765;198511;;;3.392
1765;198512;;;31.84
1765;198601;;;27.38
1765;198602;18;1.8;132
1765;198603;;;17
1765;198604;;;18.2
1765;198605;;;11
1765;198606;;;4.358
1765;198607;;;1.7
1765;198608;;;2.908
1765;198609;;;13.8
1765;198610;5;0.25;1.7
1765;198611;14;0.72;18.2
1765;198612;21;0.47;7.873
1765;198701;13;0.59;12.6
1765;198702;17;1.1;47
1765;198703;28;0.58;12.2
1765;198704;7;0.72;18.2
1765;198705;1;0.43;6.56
1765;198706;17;0.34;3.88
1765;198707;5;0.34;3.88
1765;198708;17;0.3;2.91
1765;198709;26;0.64;14.6
1765;198710;15;2.3;202
1765;198711;1;0.7;17
1765;198712;10;0.76;20.397
1765;198801;29;1.12;48.8
1765;198802;6;1.24;60.4
1765;198803;3;0.4;5.506
1765;198804;18;0.84;25.835
1765;198805;3;0.68;16.131
1765;198806;15;0.68;16.131
1765;198807;20;0.4;5.506
1765;198808;5;0.19;0.96
1765;198809;25;0.28;2.362
1765;198810;15;0.68;16.717
1765;198811;1;0.28;2.274
1765;198812;1;0.37;4.321
1765;198901;7;0.32;3.098
1765;198902;28;0.6;12.699
1765;198904;13;0.79;23.097
1765;198905;28;0.42;5.76
1765;198906;2;0.33;3.325
1765;198907;7;0.24;1.579
1765;198908;15;0.26;1.905
1765;198909;2;0.16;0.622
1765;198910;27;0.22;1.297
1765;198911;22;0.5;8.485
1765;198912;22;1.7;115.939
1765;199001;31;0.93;28.7
1765;199002;2;0.95;29.993
1765;199003;12;0.38;4.615
1765;199004;1;0.28;2.57
1765;199005;1;0.23;1.789
1765;199006;;0.25;2.064
1765;199007;2;0.16;0.946
1765;199008;12;0.13;0.68
1765;199009;15;0.13;0.68
1765;199010;29;0.63;12.749
1765;199011;26;0.42;5.62
1765;199012;27;0.7;15.823
1765;199101;11;1.36;64.481
1765;199102;9;1;33.429
1765;199103;12;1.43;71.79
1765;199104;5;0.44;6.157
1765;199105;2;0.44;6.157
1765;199106;1;0.26;2.233
1765;199107;8;0.22;1.651
1765;199108;13;0.17;1.053
1765;199109;30;0.24;1.926
1765;199110;14;0.37;4.38
1765;199111;15;1.06;37.924
1765;199112;1;0.36;4.146
1765;199201;9;0.52;8.619
1765;199202;13;0.3;2.907
1765;199203;30;0.66;14.023
1765;199204;3;0.86;24.336
1765;199205;1;0.27;2.401
1765;199206;2;0.42;5.62
1765;199207;2;0.2;1.376
1765;199208;31;0.48;7.335
1765;199209;27;0.5;7.941
1765;199210;29;0.92;28.054
1765;199211;16;0.58;10.761
1765;199212;4;1.26;54.768
1765;199301;13;0.39;4.849
1765;199302;28;0.28;2.57
1765;199303;21;0.38;4.615
1765;199304;25;0.75;18.264
1765;199305;24;0.9;26.761
1765;199306;20;1.08;39.423
1765;199307;1;0.6;11.512
1765;199308;2;0.3;2.907
1765;199309;8;0.31;3.108
1765;199310;14;1.48;77.264
1765;199311;30;0.98;32.055
1765;199312;31;0.9;26.761
1765;199401;9;1.9;132.356
1765;199402;23;0.82;22.031
1765;199403;1;0.61;11.924
1765;199404;1;0.35;3.912
1765;199405;21;0.88;25.549
1765;199406;2;0.3;2.907
1765;199407;2;0.2;1.376
1765;199408;22;0.26;2.233
1765;199409;26;0.24;1.926
1765;199410;22;0.56;10.01
1765;199411;9;1.02;34.927
1765;199412;31;1.74;109.531
1765;199501;1;1.72;106.794
1765;199502;17;2.17;176.826
1765;199503;5;1.27;55.687
1765;199504;27;0.4;5.083
1765;199505;18;0.42;5.62
1765;199506;24;0.26;2.233
1765;199507;2;0.26;2.233
1765;199508;6;0.22;1.651
1765;199509;19;0.42;5.62
1765;199510;27;0.34;3.711
1765;199511;18;1.1;40.921
1765;199512;25;2.36;212.258
1765;199601;8;1.9;132.356
1765;199602;6;0.93;31.03
1765;199603;1;0.6;13.269
1765;199604;1;1.11;43.578
1765;199605;20;0.5;9.234
1765;199606;2;0.26;2.346
1765;199607;8;0.21;1.442
1765;199608;26;0.28;2.77
1765;199609;21;0.32;3.692
1765;199610;13;0.34;4.191
1765;199611;22;1.78;115.004
1765;199612;18;0.93;31.03
1765;199701;9;1.2;50.751
1765;199702;2;0.49;8.88
1765;199703;2;0.36;4.725
1765;199704;9;0.25;2.134
1765;199706;3;0.4;5.865
1765;199707;4;0.31;3.443
1765;199708;9;0.39;5.58
1765;199709;9;0.24;1.961
1765;199710;27;0.82;24.384
1765;199711;18;1.04;38.479
1765;199712;22;1.32;61.433
1765;199801;1;0.8;23.235
1765;199802;1;0.46;7.819
1765;199803;5;0.52;10.008
1765;199804;30;1.3;59.519
1765;199805;1;1.3;59.519
1765;199806;2;0.59;12.849
1765;199807;2;0.29;2.982
1765;199808;15;0.32;3.692
1765;199809;27;0.42;6.505
1765;199810;1;0.36;4.725
1765;199811;3;0.34;4.191
1765;199812;11;0.53;10.396
1765;199901;17;0.54;10.783
1765;199902;10;0.52;10.008
1765;199903;8;0.6;13.269
1765;199904;27;0.79;22.69
1765;199905;19;0.51;9.621
1765;199906;3;0.38;5.295
1765;199907;6;0.26;2.346
1765;199908;7;0.39;5.58
1765;199909;22;1.81;119.202
1765;199910;25;2.04;154.721
1765;199911;2;1.12;44.375
1765;199912;29;1.14;45.969
1765;200001;1;0.61;13.721
1765;200002;12;0.43;6.825
1765;200003;2;0.34;4.191
1765;200004;14;1.55;85.376
1765;200005;4;1;35.611
1765;200006;2;0.34;4.191
1765;200007;25;0.31;3.443
1765;200008;23;0.3;3.194
1765;200009;19;0.32;3.692
1765;200010;31;0.43;6.825
1765;200011;6;1.86;126.51
1765;200012;7;3.85;570.544
1765;200101;26;2.52;244.979
1765;200102;1;1.7;104.058
1765;200103;21;2.3;200.884
1765;200104;1;0.87;27.316
1765;200105;16;0.58;12.429
1765;200106;1;0.31;3.443
1765;200107;6;0.36;4.725
1765;200108;3;0.32;3.692
1765;200109;23;0.25;2.134
1765;200110;22;0.58;12.429
1765;200111;7;0.24;1.961
1765;200112;25;0.29;2.982
1765;200201;24;0.5;9.234
1765;200202;6;0.61;13.721
1765;200203;15;0.49;8.88
1765;200204;6;0.32;3.692
1765;200205;23;0.28;2.77
1765;200206;8;0.39;5.58
1765;200207;2;0.16;0.742
1765;200208;29;0.22;1.615
1765;200209;22;0.25;2.134
1765;200210;22;0.58;12.429
1765;200211;21;1.24;54.258
1765;200212;26;1.75;110.899
1765;200301;1;1.85;125.048
1765;200302;4;0.68;16.976
1765;200303;1;0.66;16.01
1765;200304;20;0.77;21.601
1765;200305;1;0.5;9.234
1765;200306;1;0.26;2.346
1765;200307;27;0.22;1.615
1765;200308;22;0.26;2.346
1765;200309;23;0.17;0.874
1765;200310;31;0.72;18.97
1765;200311;15;1.08;41.347
1765;200312;1;0.84;25.533
1765;200401;14;1.21;51.628
1765;200402;1;0.54;10.783
1765;200403;12;0.44;7.145
1765;200404;22;0.36;4.725
1765;200405;10;0.32;3.692
1765;200406;7;0.64;15.075
1765;200407;8;0.21;1.442
1765;200408;13;0.19;1.137
1765;200409;6;0.2;1.269
1765;200410;31;1.15;46.766
1765;200411;1;0.53;10.396
1765;200412;29;0.54;10.783
1765;200501;13;0.47;8.173
1765;200502;3;0.27;2.558
1765;200503;29;0.32;3.692
1765;200504;25;0.43;6.825
1765;200505;16;0.52;10.008
1765;200506;1;0.25;2.134
1765;200507;1;0.18;1.005
1765;200508;10;0.44;7.145
1765;200509;11;0.2;1.269
1765;200510;30;0.34;3.369
1765;200511;9;0.34;3.369
1765;200512;2;0.86;25.189
1765;200601;1;0.61;12.16
1765;200602;20;0.82;22.789
1765;200603;24;1.09;41.328
1765;200604;22;0.56;10.119
1765;200605;1;0.37;4.075
1765;200606;1;0.23;1.359
1765;200607;19;0.22;1.222
1765;200608;17;0.22;1.222
1765;200609;23;0.25;1.657
1765;200610;22;1.16;47.03
1765;200611;24;1.75;109.73
1765;200612;5;1.77;112.31
1765;200701;22;0.49;7.58
1765;200702;12;1.04;37.48
1765;200703;6;0.7;16.31
1765;200704;1;0.43;5.69
1765;200705;2;0.37;4.08
1765;200706;19;0.34;3.37
1765;200707;4;0.23;1.36
1765;200708;27;0.22;1.222
1765;200709;18;0.25;1.66
1765;200710;1;0.19;0.854
1765;200711;22;0.32;2.936
1765;200712;6;0.22;1.222
1765;200801;14;0.64;13.476
1765;200802;4;0.37;4.075
1765;200803;27;0.6;11.737
1765;200804;21;1.04;37.479
1765;200805;30;0.78;18.713
1765;200806;1;0.59;8.744
1765;200807;2;0.27;1.795
1765;200808;16;0.23;1.327
1765;200809;6;0.26;1.68
1765;200810;30;0.4;1.56
1765;200811;4;0.63;4.95
1765;200812;7;1.18;22.14
1765;200901;28;;32.27
1765;200902;4;;32.27
1765;200903;6;1.02;14.81
1765;200904;19;0.6;4.58
1765;200905;17;0.69;6.24
1765;200906;10;0.84;9.64
1765;200907;23;0.76;7.73
1765;200908;1;0.4;1.87
1765;200909;22;0.38;1.67
1765;200910;25;0.57;4.09
1765;200911;15;1.77;50.07
1765;200912;6;2.17;78.54
1765;201001;14;2.15;76.95
1765;201002;25;2.61;118.11
1765;201003;1;1.54;36.81
1765;201004;4;1.09;17.15
1765;201005;11;0.64;5.29
1765;201006;11;1.6;40.05
1765;201007;9;1;14.18
1765;201008;29;0.42;2.08
1765;201009;20;0.44;2.31
1765;201010;31;1.03;15.13
1765;201011;21;1.53;36.28
1765;201012;8;1.33;26.62
1765;201101;6;3.31;199.68
1765;201102;16;1.38;28.88
1765;201103;27;1.1;17.5
1765;201104;23;0.82;9.14
1765;201105;7;0.61;4.75
1765;201106;1;0.38;1.67
1765;201107;9;0.33;1.22
1765;201108;28;0.39;1.77
1765;201109;4;0.35;1.39
1765;201110;27;0.59;4.42
1765;201111;16;0.57;4.09
1765;201112;16;0.85;9.9
1765;201201;2;0.63;5.11
1765;201202;7;0.46;2.55
1765;201203;18;0.36;1.48
1765;201204;19;1.29;24.88
1765;201205;5;1.11;17.85
1765;201206;2;0.45;2.43
1765;201207;18;0.37;1.58
1765;201208;10;0.34;1.31
1765;201209;26;0.38;1.67
1765;201210;18;0.71;6.65
1765;201211;3;0.55;3.78
1765;201212;14;1.98;64.14
1765;201301;19;2.86;144.57
1765;201302;2;1.23;22.4
1765;201303;12;1.77;50.07
1765;201304;11;2.1;73.05
1765;201305;1;0.69;6.24
1765;201306;1;0.51;3.2
1765;201307;29;0.42;2.08
1765;201308;14;0.39;1.77
1765;201309;6;0.48;2.8
1765;201310;22;1.13;18.57
1765;201311;2;1.44;31.73
1765;201312;24;1.5;34.73
1765;201401;6;1.71;46.39
1765;201402;8;2.3;89.32
1765;201403;2;1.94;61.32
1765;201404;3;0.8;8.66
1765;201405;30;0.6;4.58
1765;201406;24;0.52;3.34
1765;201407;19;0.39;1.77
1765;201408;9;0.43;2.2
1765;201409;7;0.47;2.67
1765;201410;16;1.37;28.42
1765;201411;17;1.44;31.73
1765;201412;16;0.78;8.19
1765;201501;31;1.63;41.73
1765;201502;3;1.38;28.88
1765;201503;3;1.09;17.15
1765;201504;26;0.68;6.05
1765;201505;5;0.81;8.9
1765;201506;26;0.43;2.2
1765;201507;31;0.51;3.2
1765;201508;17;0.43;2.2
1765;201509;16;0.57;4.09
1765;201510;28;0.58;4.25
1765;201511;5;0.6;4.58
1765;201512;31;0.47;2.67
1765;201601;11;2.49;106.45
1765;201602;12;2.25;85.08
1765;201603;7;1.27;24.04
1765;201604;17;1.46;32.72
1765;201605;13;1.23;22.4
1765;201606;1;0.73;7.07
1765;201607;1;0.5;3.06
1765;201608;17;0.41;1.98
1765;201609;13;0.48;2.8
1765;201610;17;0.31;1.065
1765;201611;24;0.64;5.287
1765;201612;16;0.44;2.31
1765;201701;30;0.38;1.67
1765;201702;4;1.9;58.556
1765;201703;6;0.73;7.071
1765;201704;1;0.54;3.632
1765;201705;29;0.52;3.341
1765;201706;1;0.36;1.482
1765;201707;3;0.36;1.482
1765;201708;27;0.39;1.769
1765;201709;1;0.22;0.499
1765;201710;19;0.29;0.919
1765;201711;25;0.37;1.575
1765;201712;11;1.4;29.817
1765;201801;5;1.03;15.132
1765;201802;13;1.4;29.817
1765;201803;15;1.95;62.015
1765;201804;4;1.48;33.713
1765;201805;1;0.76;7.729
1765;201806;11;0.74;7.287
1765;201807;1;0.53;3.485
1765;201808;6;0.39;1.769
1765;201809;5;0.41;1.976
1765;201810;14;0.41;1.976
1765;201811;10;0.86;10.796
1765;201812;16;1.08;19.113
1765;201901;31;2.13;79.394
1765;201902;1;1.82;58.903
1765;201903;6;1.11;20.49
1765;201904;25;1.06;18.229
1765;201905;1;0.69;6.307
1765;201906;7;0.41;1.906
1765;201907;4;0.57;4.013
1765;201908;9;0.38;1.616
1765;201909;16;0.36;1.439
1765;201910;19;0.85;10.488
1765;201911;13;1.81;58.289
1765;201912;20;2.33;94.326
1765;202001;29;1.1;20.024
1765;202002;1;0.97;14.575
1765;202003;5;1.19;24.474
1765;202004;19;0.72;6.988
1765;202005;1;0.78;8.49
1765;202006;19;0.62;4.888
1765;202007;1;0.52;3.246
1765;202008;17;0.43;2.116
1765;202009;22;0.42;2.009
1765;202010;25;0.87;11.109
1765;202011;26;0.44;2.227
1765;202012;11;1.87;62.014
1765;202101;25;1.53;42.093
1765;202102;18;2;70.439
1765;202103;1;1.06;18.229
1765;202104;11;0.63;5.077
1765;202105;13;0.74;7.468
1765;202106;21;0.83;9.889
1765;202107;2;0.55;3.694
1765;202108;4;0.42;2.009
1765;202109;15;0.43;2.116
1768;195010;;;28
1768;195011;;;675
1768;195012;;;388
1768;195101;;;758
1768;195102;;;1980
1768;195103;;;1405
1768;195104;;;420
1768;195105;;;408
1768;195106;;;207
1768;195107;;;137.5
1768;195108;;;25.5
1768;195109;;;28.5
1768;195110;;;37.25
1768;195111;;;848
1768;195112;;;400
1768;195201;;;400
1768;195202;;;425
1768;195203;;;788
1768;195204;;;669
1768;195205;;;394
1768;195206;;;145
1768;195207;;;69
1768;195208;;;80.05
1768;195209;;;43.2
1768;195210;;;484
1768;195211;;;1195
1768;195212;2;10.8;1315
1768;195301;;;415
1768;195302;;;455
1768;195303;;;189
1768;195304;;;278
1768;195305;;;216.5
1768;195306;;;145
1768;195307;;;82.5
1768;195308;;;36.5
1768;195309;;;53
1768;195501;;12.4;
1768;195603;30;9.66;
1768;195702;;9.35;
1768;195803;;10.88;
1768;195912;;19.15;
1768;196203;;18.95;3383
1768;196403;;;1304
1768;196503;17;;709.9
1768;198010;;;2.91
1768;198011;;;8.2
1768;198012;;;88.4
1768;198101;;;6.24
1768;198102;;;15.4
1768;198103;;;19.4
1768;198104;;;19.4
1768;198105;;;6.24
1768;198106;;;6.89
1768;198107;;;1.94
1768;198108;;;0.7
1769;194512;;7.37;
1769;194610;;;209.2
1769;194611;;;482.2
1769;194612;;;1180
1769;194701;;;820
1769;194702;;12.4;2420
1769;194703;;;1175
1769;194704;;;850
1769;194705;;;340
1769;194706;;;147
1769;194707;;;38
1769;194708;;;16.4
1769;194709;;;26
1769;194901;;4.94;
1769;195002;;5.04;
1769;195102;;8.56;
1769;195204;;4.96;
1769;195211;;6.04;
1769;195402;;4.9;
1769;195501;;7.5;
1769;195601;;6.9;
1769;195702;;5.6;
1769;195803;;8.36;
1769;195912;;14.5;
1805;200802;4;0.3;5.26
1805;200803;28;0.23;3.45
1805;200804;21;;15.59
1805;200805;27;0.34;6.42
1805;200806;1;0.31;5.54
1805;200807;1;0.11;1.09
1805;200808;10;0.1;0.94
1805;200809;1;0.1;0.94
1805;200810;29;0.07;0.54
1805;200811;30;0.09;0.8
1805;200812;14;0.23;3.45
1805;200901;31;0.87;30.913
1805;200902;5;1.22;53.879
1805;200903;5;0.51;12.32
1805;200904;19;0.29;4.99
1805;200905;24;0.23;3.45
1805;200906;10;0.22;3.22
1805;200907;23;0.1;0.94
1805;200908;1;0.07;0.54
1805;200909;2;0.09;0.8
1805;200910;22;0.09;0.8
1805;200911;30;0.47;10.8
1805;200912;30;1.59;67.727
1805;201001;14;1.65;88.49
1805;201002;25;1.92;113.51
1805;201003;1;1.78;100.23
1805;201004;1;0.87;30.91
1805;201005;10;0.43;9.71
1805;201006;11;0.39;8.27
1805;201007;4;0.21;2.99
1805;201008;12;0.11;1.03
1805;201009;1;0.1;0.88
1805;201010;31;0.22;3.23
1805;201011;21;0.5;12.44
1805;201012;6;1.09;44.77
1805;201101;8;1.31;60.56
1805;201102;17;1.17;50.3
1805;201103;16;0.61;17.25
1805;201104;23;0.56;14.99
1805;201105;2;0.45;10.46
1805;201106;1;0.27;4.52
1805;201107;1;0.11;1.03
1805;201108;9;0.07;0.49
1805;201109;1;0.07;0.49
1805;201110;27;0.15;1.721
1805;201111;16;0.19;2.538
1805;201112;17;0.24;3.725
1805;201201;3;0.21;2.991
1805;201202;7;0.18;2.322
1805;201203;18;0.19;2.538
1805;201204;20;0.35;6.924
1805;201205;5;0.63;18.189
1805;201206;1;0.19;2.538
1805;201207;1;0.11;1.034
1805;201208;5;0.08;0.613
1805;201211;18;0.1;0.884
1805;201212;15;0.64;18.666
1805;201301;19;1.73;95.644
1805;201302;2;0.76;24.756
1805;201303;12;1.25;56.073
1805;201304;2;1.25;56.073
1805;201305;1;0.42;9.343
1805;201306;1;0.26;4.249
1805;201307;1;0.15;1.721
1805;201308;1;0.08;0.613
1805;201309;28;0.06;0.382
1805;201310;25;0.25;3.98
1805;201311;4;0.25;3.98
1805;201312;25;1.07;43.43
1805;201401;5;1.41;68.34
1805;201402;9;1.89;110.61
1805;201403;3;0.94;35.1
1805;201404;2;0.81;27.49
1805;201405;1;0.37;7.59
1805;201406;1;0.24;3.73
1805;201407;1;0.11;1.03
1805;201408;1;0.06;0.38
1805;201409;28;0.07;0.49
1805;201410;18;0.22;3.23
1805;201411;29;0.66;19.63
1805;201412;14;0.55;14.55
1805;201501;31;0.86;30.33
1805;201502;1;0.85;29.75
1805;201503;1;0.47;11.24
1805;201504;27;0.37;7.59
1805;201505;5;0.41;8.98
1805;201506;15;0.2;2.76
1805;201507;2;0.17;2.11
1805;201508;8;0.12;1.19
1805;201509;16;0.13;1.36
1805;201510;29;0.16;1.91
1805;201511;4;0.15;1.72
1805;201512;31;0.13;1.36
1805;201601;11;1.58;82.4
1805;201602;13;1.6;84.12
1805;201603;29;0.86;30.33
1805;201604;17;1.13;47.5
1805;201605;12;1;38.86
1805;201606;1;0.5;12.44
1805;201607;1;0.25;3.98
1805;201608;31;0.19;2.54
1805;201609;10;0.2;2.76
1805;201610;23;0.06;0.382
1805;201611;22;0.09;0.743
1805;201612;17;0.1;0.884
1805;201701;30;0.12;1.193
1805;201702;5;0.84;29.181
1805;201703;27;0.34;6.602
1805;201704;1;0.27;4.521
1805;201705;13;0.29;5.084
1805;201706;1;0.17;2.114
1805;201707;1;0.1;0.884
1805;201708;1;0.06;0.382
1805;201709;22;0.06;0.382
1805;201710;1;0.05;0.283
1805;201711;25;0.07;0.492
1805;201712;11;0.22;3.229
1805;201801;14;0.36;7.252
1805;201802;14;0.29;5.084
1805;201803;12;1.37;65.188
1805;201804;4;1.25;56.073
1805;201805;1;0.43;9.711
1805;201806;12;0.42;9.343
1805;201807;2;0.28;4.799
1805;201808;1;0.18;1.721
1805;201809;9;0.19;0.743
1805;201810;18;0.07;0.49
1805;201811;26;0.33;6.29
1805;201812;19;0.5;13.54
1805;201901;31;0.66;22.07
1805;201902;1;0.77;28.52
1805;201903;7;0.74;26.73
1805;201904;10;0.9;36.59
1805;201905;1;0.47;12.08
1805;201906;7;0.22;3.23
1805;201907;1;0.18;2.32
1805;201908;1;0.09;0.74
1805;201909;1;0.08;0.61
1805;201910;20;0.11;1.03
1805;201911;30;0.41;9.34
1805;201912;21;1.97;121.12
1805;202001;17;0.61;19.29
1805;202002;1;0.58;17.66
1805;202003;6;0.75;27.32
1805;202004;18;0.62;19.84
1805;202005;1;0.44;10.68
1805;202006;1;0.22;3.23
1805;202007;1;0.15;1.72
1805;202008;1;0.1;0.88
1805;202009;3;0.09;0.74
1805;202010;25;0.07;0.49
1805;202011;27;0.07;0.49
1805;202012;17;0.33;6.29
1805;202101;22;0.69;23.79
1805;202102;10;1.42;72.85
1805;202103;1;0.68;23.22
1805;202104;26;0.48;12.56
1805;202105;1;0.39;8.47
1805;202106;19;0.32;5.98
1805;202107;1;0.22;3.23
1805;202108;2;0.1;0.88
1805;202109;21;0.1;0.88
1806;200810;7;0.49;
1806;200811;29;0.28;
1806;200812;13;0.74;
1806;200901;23;1.12;9.941
1806;200902;5;;4.084
1806;200903;6;;2.022
1806;200904;16;0.41;2.165
1806;200905;17;;2.134
1806;200906;10;0.55;3.9
1806;200907;23;0.64;1.823
1806;200908;1;0.23;0.818
1806;200909;19;;0.442
1806;201001;16;1.09;16.26
1806;201002;24;1.6;39.75
1806;201003;1;0.7;7.2
1806;201004;21;0.48;3.73
1806;201005;10;0.41;2.84
1806;201006;9;0.35;2.15
1806;201007;2;0.24;1.12
1806;201008;26;0.25;1.2
1806;201009;1;0.27;1.37
1806;201010;3;1.1;16.61
1806;201011;14;0.76;8.31
1806;201012;8;0.71;7.38
1806;201101;8;1.02;13.93
1806;201102;16;0.49;3.87
1806;201103;15;0.43;3.08
1806;201104;19;0.56;4.88
1806;201105;1;0.29;1.55
1806;201106;6;0.24;1.12
1806;201107;25;0.22;0.96
1806;201108;8;0.17;0.61
1806;201109;29;0.19;0.74
1806;201110;24;0.33;1.95
1806;201111;11;0.32;1.84
1806;201112;16;0.47;3.6
1806;201201;2;0.31;1.75
1806;201202;15;0.28;1.46
1806;201203;10;0.28;1.46
1806;201204;25;0.61;5.67
1806;201205;9;0.6;5.51
1806;201206;17;0.33;1.95
1806;201207;1;0.23;1.04
1806;201208;15;0.19;0.74
1806;201209;26;0.16;0.55
1806;201210;17;0.36;2.26
1806;201211;3;0.43;3.08
1806;201212;14;1.59;39.18
1806;201301;18;1.96;63.79
1806;201302;1;0.81;9.28
1806;201303;29;1.05;14.9
1806;201304;11;1.82;53.67
1806;201305;7;0.37;2.37
1806;201306;14;0.28;1.46
1806;201307;2;0.22;0.96
1806;201308;4;0.16;0.55
1806;201309;28;0.34;2.05
1806;201310;22;1.27;23.21
1806;201311;4;0.94;12.02
1806;201312;24;0.84;9.89
1806;201401;6;1.35;26.76
1806;201402;8;1.54;36.37
1806;201403;1;0.87;10.51
1806;201404;26;0.58;5.19
1806;201405;22;0.41;2.84
1806;201406;1;0.27;1.37
1806;201407;6;0.23;1.04
1806;201408;2;0.2;0.81
1806;201409;18;0.28;1.46
1806;201410;16;1.36;27.22
1806;201411;13;1;13.39
1806;201412;13;0.36;2.26
1806;201501;30;1.05;14.9
1806;201502;2;0.5;4.01
1806;201503;2;0.48;3.73
1806;201504;14;0.54;4.58
1806;201505;5;0.53;4.44
1806;201506;2;0.27;1.37
1806;201507;27;0.22;0.96
1806;201508;23;0.3;1.65
1806;201509;15;0.38;2.49
1806;201510;6;0.48;3.73
1806;201511;5;0.46;3.47
1806;201512;30;0.32;1.84
1806;201601;11;1.58;38.61
1806;201602;13;2.2;83.49
1806;201603;28;0.68;6.85
1806;201604;15;0.79;8.89
1806;201605;28;0.5;4.01
1806;201606;1;0.38;2.49
1806;201607;31;0.29;1.55
1806;201608;3;0.29;1.55
1806;201609;9;0.27;1.37
1806;201610;23;0.21;0.886
1806;201611;20;0.41;2.838
1806;201612;16;0.24;1.118
1806;201701;31;0.27;1.372
1806;201702;4;0.97;12.7
1806;201703;18;6.16;821.998
1806;201704;2;0.34;2.049
1806;201705;12;0.38;2.487
1806;201706;1;0.23;1.038
1806;201707;1;0.19;0.744
1806;201708;1;0.14;0.438
1806;201709;7;0.13;0.385
1806;201710;17;0.24;1.118
1806;201711;24;1.19;19.944
1806;201712;10;2.4;102.254
1806;201801;5;0.99;13.159
1806;201802;15;0.45;3.337
1806;201803;14;0.81;9.281
1806;201804;10;0.9;11.148
1806;201805;26;0.56;4.883
1806;201806;30;0.58;5.19
1806;201807;2;0.31;1.745
1806;201808;1;0.19;0.744
1806;201809;6;0.17;0.613
1806;201810;14;0.32;1.844
1806;201811;10;1.11;15.598
1806;201812;15;0.58;6.171
1806;201901;31;1.15;16.367
1806;201902;1;0.61;6.666
1806;201903;6;0.66;7.503
1806;201904;25;0.53;5.355
1806;201905;10;0.43;3.761
1806;201906;6;0.42;3.604
1806;201907;2;0.24;0.944
1806;201908;9;0.24;0.944
1806;201909;24;0.2;0.64
1806;201910;19;0.56;5.843
1806;201911;13;1.11;15.598
1806;201912;21;1.1;15.407
1806;202001;29;0.59;6.336
1806;202002;1;0.66;7.503
1806;202003;5;1.02;13.897
1806;202004;17;0.34;2.37
1806;202005;1;0.49;4.711
1806;202006;2;0.19;0.585
1806;202007;1;0.11;0.259
1806;202008;20;0.15;0.405
1806;202009;23;0.1;0.225
1806;202010;25;0.69;8.01
1806;202011;8;0.43;3.761
1806;202012;11;1.27;18.705
1806;202101;31;0.89;11.512
1806;202102;3;1.28;18.879
1806;202103;1;0.43;3.761
1806;202104;27;0.36;2.675
1806;202105;13;0.51;5.032
1806;202106;21;0.26;1.173
1806;202107;1;0.17;0.488
1806;202108;2;0.13;0.329
1806;202109;14;0.19;0.585
1809;200810;7;1.39;
1809;200811;11;0.67;
1809;200812;13;2.6;
1809;200901;25;2.84;77.43
1809;200902;9;2.73;69.95
1809;200903;5;0.88;5.94
1809;200904;16;0.99;7.28
1809;200905;16;0.95;6.77
1809;200906;8;1.65;19.18
1809;200907;22;2.49;55.22
1809;200908;1;0.2;0.69
1809;200909;28;0.4;1.69
1809;201001;12;2.32;46.04
1809;201003;29;2.03;32.67
1809;201004;2;0.99;7.28
1809;201005;10;1.1;8.75
1809;201006;9;0.76;4.64
1809;201007;1;0.14;0.47
1809;201008;4;0.06;0.25
1809;201009;29;0.36;1.46
1809;201010;3;3.16;101.87
1809;201011;14;2.82;76.03
1809;201012;6;2.75;71.28
1809;201101;6;3.51;133.45
1809;201102;19;1.81;24.33
1809;201103;28;1.12;9.03
1809;201104;1;0.5;2.37
1809;201105;29;1;7.4
1809;201106;5;0.66;3.67
1809;201107;1;0.09;0.32
1809;201108;9;0.06;0.25
1809;201109;27;0.37;1.51
1809;201110;26;3.92;177.26
1809;201111;2;1.75;22.31
1809;201112;16;1.88;26.82
1809;201201;2;0.65;3.58
1809;201202;3;0.2;0.69
1809;201203;1;0.15;0.5
1809;201204;25;2.22;41.11
1809;201205;3;1.88;26.82
1809;201206;17;0.7;4.04
1809;201207;3;0.32;1.24
1809;201208;15;0.85;5.6
1809;201209;23;1.29;11.61
1809;201210;17;1.95;29.46
1809;201211;3;1.33;12.26
1809;201212;14;3.82;142.136
1809;201301;19;3.58;125.08
1809;201302;1;1.44;20.798
1809;201303;29;2.68;70.707
1809;201304;11;2.76;74.92
1809;201305;8;0.48;2.12
1809;201306;18;0.24;0.78
1809;201307;3;0.11;0.33
1809;201308;13;0.06;0.21
1809;201309;28;1.47;21.66
1809;201310;22;4.19;170.53
1809;201311;2;1.93;37.03
1809;201312;24;3.93;150.31
1809;201401;2;2.45;59.25
1809;201402;4;3.52;120.98
1809;201403;1;1.32;16.67
1809;201404;1;1.88;35.17
1809;201405;22;1.02;7.89
1809;201406;7;0.4;1.6
1809;201407;6;0.45;1.91
1809;201408;28;0.25;0.82
1809;201409;18;1.42;20.23
1809;201410;16;2.65;69.16
1809;201411;3;2.25;50.1
1809;201412;13;0.97;7.1
1809;201501;30;1.68;28.18
1809;201502;2;1.12;10.35
1809;201503;3;0.53;2.49
1809;201504;25;1.45;21.08
1809;201505;4;1.88;35.17
1809;201506;9;0.44;1.85
1809;201507;29;0.23;0.73
1809;201508;29;0.32;1.15
1809;201509;16;2.16;46.23
1809;201510;5;2.99;87.72
1809;201511;5;1.09;9.57
1809;201512;28;1.75;30.54
1809;201601;8;3.33;108.46
1809;201602;12;2.58;65.6
1809;201603;28;2.3;52.32
1809;201604;14;1.91;36.28
1809;201605;9;1.68;28.18
1809;201606;1;0.49;2.19
1809;201607;3;0.19;0.58
1809;201608;7;0.09;0.28
1809;201609;13;0.14;0.42
1809;201610;23;0.86;5.716
1809;201611;20;2.13;44.972
1809;201612;15;0.72;4.179
1809;201701;29;1.13;10.619
1809;201702;4;3.15;97.21
1809;201703;26;1.17;11.746
1809;201704;1;0.77;4.699
1809;201705;12;1.89;35.536
1809;201706;16;0.31;1.096
1809;201707;6;0.26;0.861
1809;201708;2;0.07;0.233
1809;201709;7;0.06;0.211
1809;201710;19;0.37;1.418
1809;201711;24;1.78;31.577
1809;201712;10;3.57;124.393
1809;201801;5;1.97;38.56
1809;201802;15;1.34;17.408
1809;201803;14;2.47;60.208
1809;201804;4;1.89;35.536
1809;201805;30;0.37;1.418
1809;201806;10;0.8;5.026
1809;201807;2;0.57;2.808
1809;201808;2;0.15;0.447
1809;201809;5;0.53;2.491
1809;201810;14;0.52;2.414
1809;201811;11;3.12;95.394
1809;201812;15;1.91;36.281
1809;201901;31;2.6;66.609
1809;201902;10;1.47;21.66
1809;201903;6;2.43;58.302
1809;201904;9;1.89;35.536
1809;201905;10;0.84;5.481
1809;201906;6;0.97;7.102
1809;201907;1;0.21;0.655
1809;201908;9;0.87;5.836
1809;201909;21;0.46;1.983
1809;201910;16;2.13;44.972
1809;201911;28;2.57;65.104
1809;201912;18;3.74;136.331
1809;202001;29;1.75;30.537
1809;202002;1;1.4;19.766
1809;202003;5;2.41;57.36
1809;202004;5;1.03;8.117
1809;202005;1;1.59;25.281
1809;202006;1;0.17;0.512
1809;202007;16;0.28;0.951
1809;202008;20;0.55;2.647
1809;202009;20;0.29;0.998
1809;202010;25;2.93;84.288
1809;202011;15;1.29;15.591
1809;202012;11;1.99;39.335
1809;202101;22;3.42;114.306
1809;202102;9;2.57;65.104
1809;202103;1;0.52;2.414
1809;202104;25;0.89;6.079
1809;202105;12;1.16;11.457
1809;202106;21;0.7;3.979
1809;202107;1;0.19;0.581
1809;202108;31;0.22;0.694
1809;202109;14;0.38;1.476
1821;201110;27;1.1;5.47
1821;201111;16;0.96;3.22
1821;201112;16;0.97;3.35
1821;201201;2;0.79;1.51
1821;201202;1;0.68;0.84
1821;201203;17;0.63;0.53
1821;201204;25;1.07;6.26
1821;201205;4;0.99;4.35
1821;201206;17;0.75;1.19
1821;201207;1;0.63;0.53
1821;201208;15;0.58;0.36
1821;201209;24;0.72;0.98
1821;201210;17;0.76;1.26
1821;201211;21;0.81;1.7
1821;201212;14;1.43;24.26
1821;201301;19;5.09;
1821;201302;1;0.9;2.79
1821;201303;30;3.11;
1821;201304;11;2.7;
1821;201305;19;0.7;0.86
1821;201306;1;0.6;0.42
1821;201307;28;0.5;0.18
1821;201308;1;0.43;0.09
1821;201309;28;0.6;0.42
1821;201310;22;1.1;7.12
1821;201311;4;1.17;9.5
1821;201312;24;1.34;17.91
1821;201401;3;1.25;12.94
1821;201402;8;4.6;
1821;201403;2;2.13;
1821;201404;1;0.9;2.79
1821;201405;22;0.7;0.86
1821;201406;1;0.56;0.3
1821;201407;6;0.52;0.21
1821;201408;12;0.45;0.11
1821;201409;21;0.65;0.61
1821;201410;16;1.29;14.99
1821;201411;16;1.05;5.73
1821;201412;13;0.74;1.12
1821;201501;31;2.4;
1821;201502;1;1.53;
1821;201503;2;0.76;1.26
1821;201504;25;0.66;0.65
1821;201505;5;0.88;2.51
1821;201506;1;0.48;0.15
1821;201507;2;0.39;0.06
1821;201508;23;0.42;0.08
1821;201509;15;0.73;1.05
1821;201510;5;0.86;2.25
1821;201511;5;0.63;0.53
1821;201512;30;0.79;1.52
1821;201610;23;0.45;
1821;201611;20;0.53;
1821;201612;16;0.44;
1821;201701;29;0.41;
1821;201702;4;0.87;
1821;201703;5;1.04;
1821;201704;1;0.85;
1821;201705;12;0.82;
1821;201706;6;0.64;
1821;201707;6;0.75;
1821;201708;29;0.69;
1821;201709;7;0.49;
1821;201710;21;0.56;0.194
1821;201711;25;0.78;0.705
1821;201712;10;1.34;12.041
1821;201801;2;1.25;8.36
1821;201802;13;1.01;2.668
1821;201806;9;0.85;1.075
1821;201807;1;0.74;0.554
1821;201808;1;0.6;0.246
1821;201809;5;0.59;0.232
1821;201810;14;0.81;0.845
1821;201811;26;1.1;4.225
1821;201812;18;1.07;3.641
1821;201901;31;1.42;16.256
1821;201902;1;1.13;4.883
1821;201903;6;1.11;4.436
1821;201904;10;1.06;3.461
1821;201905;1;0.88;1.284
1821;201906;20;1.03;2.965
1821;201907;1;0.67;0.367
1821;201908;8;0.63;0.291
1821;201909;16;0.6;0.246
1821;201910;19;0.89;1.361
1821;201911;13;1.18;6.156
1821;202009;23;0.85;1.075
1821;202010;25;1.1;4.225
1821;202011;8;0.99;2.396
1821;202012;11;2.55;147.033
1821;202101;25;1.27;9.091
1821;202102;10;2.92;203.125
1821;202103;1;0.97;2.147
1821;202104;27;0.97;2.147
1821;202105;16;0.95;1.921
1821;202106;17;0.95;1.921
1821;202107;1;0.73;0.522
1821;202108;2;0.7;0.437
1821;202109;14;0.71;0.463
1822;201110;27;0.82;7.479
1822;201111;11;0.82;7.479
1822;201112;16;1.11;22.921
1822;201201;2;0.76;4.394
1822;201202;7;0.74;3.645
1822;201203;18;0.71;2.729
1822;201204;18;1.07;20.678
1822;201205;8;0.93;13.311
1822;201206;16;0.87;10.415
1822;201207;7;0.68;2.017
1822;201208;5;0.59;0.775
1822;201209;25;0.8;6.291
1822;201210;18;0.84;8.853
1822;201211;30;0.95;14.314
1822;201212;14;1.29;33.66
1822;201301;19;1.39;40.035
1822;201302;2;1.31;34.913
1822;201303;25;1.28;33.038
1822;201304;11;1.35;37.453
1822;201305;1;1.03;18.49
1822;201306;7;0.75;4
1822;201307;2;0.63;1.18
1822;201308;7;0.54;0.66
1822;201309;27;0.72;3.01
1822;201310;22;0.99;16.37
1822;201311;4;1.18;26.98
1822;201312;24;1.02;17.96
1822;201401;6;1.19;27.57
1822;201402;5;1.16;25.8
1822;201403;1;1.02;17.96
1822;201404;26;0.81;6.86
1822;201405;23;0.69;2.23
1822;201406;28;0.65;1.47
1822;201407;6;0.7;2.47
1822;201408;27;0.65;1.47
1822;201409;11;0.7;2.47
1822;201410;16;1.09;21.79
1822;201411;16;1.07;20.68
1822;201412;3;1.3;34.28
1822;201501;30;1.16;25.8
1822;201502;2;1.2;28.16
1822;201503;2;1.28;33.04
1822;201504;26;0.77;4.81
1822;201505;5;0.96;14.82
1822;201506;4;0.67;1.82
1822;201507;2;0.68;2.02
1822;201508;28;0.71;2.73
1822;201509;15;0.95;14.31
1822;201510;5;1.14;24.64
1822;201511;22;0.81;6.86
1822;201512;30;0.78;5.27
1822;201601;8;1.5;47.35
1822;201602;13;1.42;42
1822;201603;9;1.13;24.06
1822;201604;17;1.16;25.8
1822;201605;30;0.88;10.89
1822;201606;1;0.72;3.01
1822;201607;5;0.65;1.47
1822;201608;4;0.61;0.94
1822;201609;15;0.68;2.02
1822;201610;13;0.74;3.645
1822;201611;24;1.21;28.763
1822;201612;16;0.68;2.017
1822;201701;17;0.66;1.637
1822;201702;4;1.33;36.178
1822;201703;5;0.88;10.886
1822;201704;1;0.79;5.761
1822;201705;10;0.77;4.815
1822;201706;28;0.67;1.818
1822;201707;1;0.64;1.319
1822;201708;28;0.75;4.005
1822;201709;18;0.57;0.726
1822;201710;21;0.58;0.75
1822;201711;25;0.7;2.471
1822;201712;11;1.4;40.687
1822;201801;2;1.09;21.792
1822;201802;17;1.17;26.387
1822;201803;30;1.1;22.355
1822;201804;4;1.15;25.218
1822;201805;2;0.73;3.314
1822;201806;9;0.76;4.394
1822;201807;16;0.69;2.234
1822;201808;9;0.61;0.943
1822;201809;7;0.55;0.678
1822;201810;29;0.84;8.853
1822;201811;10;1.32;35.544
1822;201812;3;1.1;22.355
1822;201901;31;1.22;29.365
1822;201902;2;1;16.896
1822;201903;6;0.96;14.822
1822;201904;9;0.9;11.841
1822;201905;10;0.98;15.85
1822;201906;7;0.75;4.005
1822;201907;5;0.65;1.471
1822;201908;9;0.64;1.319
1822;201909;21;0.83;8.141
1822;201910;17;1.04;19.034
1822;201911;23;1.27;32.418
1822;201912;15;1.34;36.814
1822;202001;29;1.27;32.418
1822;202002;1;0.98;15.85
1822;202003;2;1.32;35.544
1822;202004;30;0.78;5.27
1822;202005;1;0.8;6.291
1822;202006;12;0.7;2.471
1822;202007;1;0.55;0.678
1822;202008;12;1.01;17.424
1822;202009;15;0.62;1.056
1822;202010;2;0.91;12.327
1822;202011;9;0.8;6.291
1822;202012;11;1.02;17.957
1822;202101;25;1.07;20.678
1822;202102;3;0.99;16.371
1822;202103;1;0.88;10.886
1822;202104;26;0.7;2.471
1822;202105;15;0.84;8.853
1822;202106;18;0.73;3.314
1822;202107;7;0.56;0.702
1822;202108;4;0.46;0.484
1822;202109;10;0.62;1.056
1823;201110;26;1.6;90.8
1823;201111;11;1.23;44.47
1823;201112;16;1.81;126.61
1823;201201;2;1.2;41.57
1823;201202;1;0.65;7.575
1823;201203;4;0.59;5.75
1823;201204;25;1.75;115.62
1823;201205;9;1.73;112.1
1823;201206;18;1.21;42.53
1823;201207;8;0.61;5.8
1823;201208;15;0.52;3.44
1823;201209;26;0.82;14.73
1823;201210;17;1.56;100.97
1823;201211;3;1.31;60.47
1823;201212;14;4.26;393.388
1823;201301;19;4.6;442.217
1823;201302;1;1.94;117.901
1823;201303;25;2.8;207.19
1823;201304;11;2.95;224.43
1823;201305;7;0.9;19.33
1823;201306;18;0.75;11.36
1823;201307;1;0.47;2.74
1823;201308;1;0.19;0.1
1823;201309;28;0.73;10.49
1823;201310;22;2.62;187.13
1823;201311;4;2.65;190.43
1823;201312;24;2.31;154.24
1823;201401;6;3.28;263.95
1823;201402;8;3.75;323.86
1823;201403;2;1.8;105.03
1823;201404;26;1.43;72.04
1823;201405;1;0.69;8.87
1823;201406;1;0.5;3.33
1823;201407;6;0.67;8.13
1823;201408;27;0.55;4.47
1823;201409;19;1.16;39.97
1823;201410;16;2.7;195.96
1823;201411;13;2.19;142.1
1823;201412;1;1.04;29.29
1823;201501;31;2.47;170.95
1823;201502;2;1.47;76.76
1823;201503;3;1.47;76.76
1823;201504;27;0.99;25.44
1823;201505;3;1.42;70.64
1823;201506;1;0.63;6.76
1823;201507;1;0.3;0.62
1823;201508;27;0.66;7.77
1823;201509;16;2.17;140.11
1823;201510;5;1.74;99.67
1823;201511;5;2.05;128.36
1823;201512;31;1.25;49.37
1823;201601;11;4.15;378.01
1823;201602;13;6.04;669.28
1823;201603;28;2.35;158.36
1823;201604;15;1.66;92.68
1823;201605;12;1.14;38.05
1823;201606;17;0.95;22.6
1823;201607;1;0.59;5.54
1823;201608;19;0.38;1.38
1823;201609;13;0.57;4.99
1823;201610;23;0.7;9.261
1823;201611;20;1.43;72.04
1823;201612;16;0.74;10.917
1823;201701;30;0.99;25.441
1823;201702;5;2.81;208.326
1823;201703;6;1.3;55.138
1823;201704;1;0.82;14.753
1823;201705;12;1.12;36.181
1823;201706;1;0.62;6.442
1823;201707;1;0.52;3.764
1823;201708;31;0.19;0.104
1823;201709;25;0.34;0.952
1823;201710;22;0.55;4.474
1823;201711;25;0.81;14.234
1823;201712;11;2.94;223.265
1823;201801;2;1.91;115.101
1823;201802;16;1.69;95.28
1823;201803;11;1.8;105.032
1823;201804;4;1.68;94.409
1823;201805;1;0.92;20.602
1823;201806;10;0.82;14.753
1823;201807;3;0.69;8.874
1823;201808;1;0.43;2.068
1823;201809;30;0.3;0.617
1823;201810;30;0.57;4.991
1823;201811;10;2.41;164.615
1823;201812;16;1.86;110.486
1823;201901;31;2.47;170.948
1823;201902;1;2.09;132.235
1823;201903;6;1.54;82.508
1823;201904;8;1.44;73.458
1823;201905;10;1;26.184
1823;201906;6;0.58;6.031
1823;201907;27;0.26;1.761
1823;201908;9;0.49;3.966
1823;201909;25;0.46;3.469
1823;201910;17;1.59;88.909
1823;201911;13;2.29;224.476
1823;201912;21;4.69;555.416
1823;202001;29;1.79;147.43
1823;202002;1;1.78;144.946
1823;202003;5;2.01;183.808
1823;202004;29;0.95;26.033
1823;202005;1;1.7;119.698
1823;202006;1;0.51;4.348
1823;202007;1;0.29;1.897
1823;202008;20;0.62;7.264
1823;202009;23;0.55;5.24
1823;202010;25;2;182.456
1823;202011;8;1.29;57.483
1823;202012;11;2.58;265.053
1823;202101;31;1.77;142.296
1823;202102;3;2.74;286.755
1823;202103;1;1.06;35.395
1823;202104;10;0.69;9.944
1823;202105;13;1.23;51.569
1823;202106;21;0.93;24.471
1823;202107;6;0.48;3.791
1823;202108;7;0.43;3.052
1823;202109;15;0.62;7.264
1824;201110;26;1.35;28.25
1824;201111;11;1.1;5.85
1824;201112;16;1.27;17.66
1824;201201;2;1.06;4.4
1824;201202;2;0.94;1.75
1824;201203;18;0.92;1.48
1824;201204;29;1.22;12.97
1824;201205;8;1.27;17.66
1824;201206;16;1.07;4.73
1824;201207;20;0.91;0.71
1824;201208;15;0.9;0.65
1824;201209;25;0.96;1.43
1824;201210;17;1.05;3.45
1824;201211;30;1.08;4.48
1824;201212;14;1.58;38.14
1824;201301;18;2.09;158.84
1824;201302;1;1.63;44.71
1824;201303;29;1.58;38.14
1824;201304;11;1.83;80.67
1824;201305;20;1.16;7.89
1824;201306;1;1.04;3.15
1824;201307;2;0.97;1.5
1824;201308;1;0.91;0.65
1824;201309;27;1.08;4.48
1824;201310;22;1.38;19.12
1824;201311;4;1.54;33.46
1824;201312;24;1.46;25.49
1824;201401;4;1.61;41.98
1824;201402;4;1.73;60.57
1824;201403;1;1.51;30.27
1824;201404;26;1.21;9.78
1824;201405;1;1.08;4.48
1824;201406;1;1.02;2.59
1824;201407;6;1.06;3.77
1824;201408;27;0.94;1.02
1824;201409;21;1.22;10.2
1824;201410;16;1.3;14.1
1824;201412;13;1.29;13.56
1824;201501;31;1.67;50.59
1824;201502;3;1.49;28.28
1824;201503;3;1.45;24.61
1824;201504;10;1.14;7.41
1824;201505;4;1.25;11.55
1824;201506;1;0.98;1.69
1824;201507;2;0.89;0.59
1824;201508;13;0.92;0.76
1824;201509;16;1.08;4.48
1824;201510;5;1.2;9.38
1824;201511;5;1.06;3.77
1824;201512;29;1.06;3.77
1824;201601;14;1.84;82.94
1824;201602;12;1.75;64.22
1824;201603;5;1.35;17.1
1824;201604;15;1.47;26.4
1824;201605;7;1.23;10.64
1824;201606;16;1.13;6.59
1824;201607;6;1.14;7.08
1824;201608;1;0.9;0.65
1824;201609;13;0.98;1.69
1824;201610;17;0.94;1.018
1824;201611;24;1.13;6.593
1824;201612;16;1.01;2.344
1824;201701;31;0.97;1.499
1824;201702;4;1.89;95.095
1824;201703;31;1.16;7.887
1824;201704;1;1.15;7.547
1824;201705;12;1.17;8.24
1824;201706;1;0.95;1.165
1824;201707;1;0.92;0.761
1824;201708;27;1.08;4.476
1824;201709;19;0.88;0.539
1824;201710;18;0.91;0.651
1824;201711;25;0.99;1.89
1824;201712;11;1.45;24.614
1824;201801;5;1.4;20.58
1824;201802;13;1.44;23.76
1824;201803;30;1.63;44.705
1824;201804;3;1.4;20.58
1824;201805;1;1.11;5.682
1824;201806;11;1.13;6.593
1824;201807;2;1.06;3.774
1824;201808;1;0.94;1.018
1824;201809;9;0.92;0.761
1824;201810;29;1.04;3.148
1824;201811;10;1.26;12.025
1824;201812;16;1.3;14.103
1824;201901;31;1.45;24.614
1824;201902;1;1.46;25.492
1824;201903;6;1.33;15.843
1824;201904;26;1.34;16.46
1824;201905;10;1.17;8.24
1824;201906;7;1.04;3.148
1824;201907;4;1.09;4.857
1824;201908;9;0.92;0.761
1824;201909;25;0.9;0.646
1824;201910;19;1.13;6.593
1824;201911;23;1.53;32.369
1824;201912;15;1.81;76.272
1824;202001;29;1.39;19.842
1824;202002;1;1.34;16.46
1824;202003;5;1.59;39.385
1824;202004;5;1.19;8.984
1824;202005;1;1.2;9.376
1824;202006;12;1.02;2.595
1824;202007;1;0.93;0.883
1824;202008;18;0.98;1.687
1824;202009;18;0.93;0.883
1824;202010;25;1.17;8.24
1824;202011;9;1.11;5.682
1824;202012;11;1.56;35.739
1824;202101;22;1.55;34.585
1824;202102;21;1.56;35.739
1824;202103;1;1.17;8.24
1824;202104;24;1.17;8.24
1824;202105;16;1.23;10.635
1824;202106;21;1.14;7.083
1824;202107;1;1;2.109
1824;202108;2;0.94;1.018
1824;202109;15;0.95;1.165
1825;201510;27;2.28;
1825;201511;1;1.7;
1825;201512;14;1.89;
1825;201601;11;2.88;
1825;201602;13;3.32;
1825;201603;10;2.1;
1825;201604;10;2.35;
1825;201605;8;2.43;
1825;201606;6;2.01;
1825;201607;21;1.86;
1825;201608;3;1.78;
1825;201609;19;1.79;
1825;201610;17;1.99;
1825;201611;17;1.78;
1825;201612;16;2.21;
1825;201701;31;1.88;
1825;201702;2;2.2;
1825;201703;3;1.93;
1825;201704;30;1.77;
1825;201705;26;1.94;
1825;201706;25;1.79;
1825;201707;24;1.58;
1825;201708;21;1.75;
1825;201709;20;1.89;
1825;201710;18;1.7;
1825;201711;3;1.83;
1825;201712;31;1.82;
1825;201801;5;2.2;
1825;201802;28;2.14;
1825;201803;3;2.67;
1825;201804;17;2.35;
1825;201805;17;1.85;
1825;201806;15;1.82;
1825;201807;13;1.91;
1825;201808;12;1.85;
1825;201809;10;1.9;
1825;201810;10;2.07;
1825;201811;26;2.19;
1825;201812;24;2.04;
1825;201901;23;1.96;
1825;201902;22;2.25;
1825;201903;6;2.14;
1825;201904;18;2.13;
1825;201905;8;1.87;
1825;201906;6;1.87;
1825;201907;5;1.82;
1825;201908;31;1.92;
1825;201909;29;2.04;
1825;201910;29;2.09;
1825;201911;26;2.4;
1825;201912;22;3.32;
1825;202001;15;2.33;
1825;202002;11;2.34;
1825;202003;11;2.22;
1825;202004;9;2.25;
1825;202005;8;2.14;
1825;202006;5;1.89;
1825;202007;22;1.73;
1825;202008;20;1.98;
1825;202009;19;2.19;
1825;202010;19;2.03;
1825;202011;14;2.13;
1825;202012;16;2.5;
1825;202101;30;2.22;
1825;202102;12;2.42;
1825;202103;1;2.2;
1825;202104;27;2.25;
1825;202105;26;1.84;
1825;202106;26;1.92;
1825;202107;25;1.8;
1825;202108;24;1.71;
1825;202109;9;1.91;
1826;201510;27;3.18;
1826;201511;24;2.67;
1826;201512;24;2.81;
1826;201601;11;6;
1826;201602;13;7.1;
1826;201603;10;3.19;
1826;201604;10;3.42;
1826;201605;8;3.41;
1826;201606;6;3.07;
1826;201607;21;2.89;
1826;201608;3;2.83;
1826;201609;19;2.77;
1826;201610;17;2.98;
1826;201611;17;2.73;
1826;201612;16;3.16;
1826;201701;31;2.81;
1826;201702;10;3.24;
1826;201703;30;2.93;
1826;201704;30;2.76;
1826;201705;26;2.97;
1826;201706;25;2.73;
1826;201707;24;2.51;
1826;201708;21;2.68;
1826;201709;20;2.89;
1826;201710;18;2.61;
1826;201711;3;2.75;
1826;201712;31;2.76;
1826;201801;5;3.09;
1826;201802;28;3.18;
1826;201803;17;3.64;
1826;201804;4;3.69;
1826;201805;17;2.79;
1826;201806;15;2.78;
1826;201807;13;3.02;
1826;201808;12;2.77;
1826;201809;11;2.88;
1826;201810;10;2.99;
1826;201811;24;3.1;
1826;201812;24;2.99;
1826;201901;23;2.83;
1826;201902;22;3.1;
1826;201903;22;3.15;
1826;201904;18;3.16;
1826;201905;8;2.73;
1826;201906;6;2.76;
1826;201907;5;2.75;
1826;201908;30;2.77;
1826;201909;29;3.01;
1826;201910;29;3.04;
1826;201911;26;3.49;
1826;201912;21;6.99;
1826;202001;15;3.19;
1826;202002;11;3.21;
1826;202003;11;3.24;
1826;202004;9;3.12;
1826;202005;7;3.06;
1826;202006;3;2.81;
1826;202007;22;2.58;
1826;202008;19;2.86;
1826;202009;19;3.15;
1826;202010;19;2.86;
1826;202011;14;3.09;
1826;202012;12;4.09;
1826;202101;31;3.24;
1826;202102;10;4.6;
1826;202103;1;3.22;
1826;202104;27;3.17;
1826;202105;27;2.74;
1826;202106;26;2.76;
1826;202107;25;2.65;
1826;202108;24;2.56;
1826;202109;7;2.69;
1827;201510;29;1.85;
1827;201511;10;3.14;
1827;201512;23;1.79;
1827;201601;11;4.65;
1827;201602;13;5.2;
1827;201603;9;2.29;
1827;201604;17;2.62;
1827;201605;13;2.03;
1827;201606;6;1.9;
1827;201607;30;1.61;
1827;201608;20;1.44;
1827;201609;17;1.48;
1827;201610;27;1.57;
1827;201611;7;1.64;
1827;201612;7;1.45;
1827;201701;25;1.77;
1827;201702;5;2.34;
1827;201703;15;1.58;
1827;201704;8;1.34;
1827;201705;11;1.67;
1827;201706;27;1.47;
1827;201707;2;1.46;
1827;201708;1;1.52;
1827;201709;4;1.35;
1827;201710;31;0.66;
1827;201711;28;1.11;
1827;201712;10;1.66;
1827;201801;3;1.84;
1827;201802;13;1.65;
1827;201803;11;2.66;
1827;201804;1;2.57;
1827;201805;8;1.61;
1827;201806;5;1.57;
1827;201807;19;1.81;
1827;201808;21;1.21;
1827;201809;15;1.35;
1827;201810;5;1.33;
1827;201811;22;1.8;
1827;201812;20;1.92;
1827;201901;31;1.92;
1827;201902;2;2.23;
1827;201903;6;1.7;
1827;201904;10;1.93;
1827;201905;10;1.69;
1827;201906;2;1.28;
1827;201907;24;1.44;
1827;201908;27;1.42;
1827;201909;29;1.36;
1827;201910;4;1.41;
1827;201911;30;2.29;
1827;201912;21;5.69;
1827;202001;1;2.16;
1827;202002;7;1.74;
1827;202003;6;1.86;
1827;202004;11;1.72;
1827;202005;5;1.67;
1827;202006;2;1.61;
1827;202007;1;1.55;
1827;202008;26;1.68;
1827;202009;27;1.44;
1827;202010;27;1.43;
1827;202011;23;1.69;
1827;202012;11;3.46;
1827;202101;26;2.62;
1827;202102;10;3.64;
1827;202103;5;1.93;
1827;202104;26;1.87;
1827;202105;9;1.74;
1827;202106;16;1.77;
1827;202107;1;1.58;
1827;202108;9;1.48;
1827;202109;1;1.19;
1828;201510;30;2.26;
1828;201511;4;2.4;
1828;201512;1;1.94;
1828;201601;11;7.02;
1828;201602;13;8.43;
1828;201603;7;3.64;
1828;201604;16;3.94;
1828;201605;4;2.76;
1828;201606;6;2.44;
1828;201607;21;1.99;
1828;201608;3;2.13;
1828;201609;7;10.01;
1828;201610;6;2.35;
1828;201611;4;1.87;
1828;201612;20;1.96;
1828;201701;19;2.24;
1828;201702;5;2.77;
1828;201703;24;2.25;
1828;201704;12;1.82;
1828;201705;30;2.08;
1828;201706;1;1.51;
1828;201707;13;1.17;
1828;201708;28;1.7;
1828;201709;20;2.13;
1828;201710;31;1.39;225.565
1828;201711;9;1.17;177.953
1828;201712;29;2;390.592
1828;201801;12;2.66;587.456
1828;201802;16;2.72;604.096
1828;201803;31;4.35;1035.329
1828;201804;4;4.29;1020.695
1828;201805;8;2.28;480.238
1828;201806;21;2.2;455.186
1828;201807;3;2.15;438.547
1828;201808;28;1.74;314.375
1828;201809;20;1.95;375.257
1828;201810;16;1.92;366.211
1828;201811;14;2.17;445.163
1828;201812;22;2.29;483.234
1828;201901;31;2.97;676.11
1828;201902;2;3.46;812.578
1828;201903;11;2.31;489.184
1828;201904;17;2.48;537.844
1828;201905;7;1.82;336.898
1828;201906;18;1.56;266.718
1828;201907;12;2;390.592
1828;201908;27;1.3;205.311
1828;201909;19;1.75;317.146
1828;201910;30;1.82;336.898
1828;201911;30;3.33;777.92
1828;201912;20;9.79;3119.781
1828;202001;1;3.17;734.02
1828;202002;12;2.69;595.753
1828;202003;5;2.72;604.096
1828;202004;28;2.27;477.228
1828;202005;12;2.39;512.468
1828;202006;2;1.98;384.419
1828;202007;31;1.86;348.468
1828;202008;24;2.21;458.553
1828;202009;23;2.05;406.251
1828;202010;28;1.93;369.213
1828;202011;23;2.5;539.797
1828;202012;11;5.73;1494.132
1828;202101;26;4.5;1133.574
1828;202102;10;5.73;1494.132
1828;202103;10;2.73;609.002
1828;202104;26;2.45;524.825
1828;202105;27;2.16;438.945
1828;202106;16;2.06;409.422
1828;202107;2;2.01;393.697
1828;202108;14;1.5;251.763
1828;202109;1;1.39;225.565
1829;201110;27;0.59;10.841
1829;201111;16;0.59;10.841
1829;201112;10;0.54;6.955
1829;201201;2;0.5;4.475
1829;201202;2;0.47;2.983
1829;201203;1;0.45;2.164
1829;201204;19;0.82;38.844
1829;201205;5;0.76;29.812
1829;201206;3;0.48;3.446
1829;201207;1;0.37;0.327
1829;201208;17;0.31;0.228
1829;201209;27;0.41;0.945
1829;201210;18;0.48;3.446
1829;201211;9;0.52;5.645
1829;201212;15;1.02;77.811
1829;201301;19;1.89;405.862
1829;201302;2;0.74;27.073
1829;201303;27;1.05;84.831
1829;201304;11;0.98;68.927
1829;201305;9;0.55;7.662
1829;201306;1;0.49;3.943
1829;201307;14;0.43;1.484
1829;201308;1;0.39;0.545
1829;201309;30;0.43;1.48
1829;201310;22;0.8;35.7
1829;201311;2;0.75;28.42
1829;201312;24;0.95;62.62
1829;201401;6;0.95;62.62
1829;201402;8;1.24;136.41
1829;201403;2;1.09;94.67
1829;201404;2;0.72;24.47
1829;201405;1;0.53;6.28
1829;201406;1;0.48;3.45
1829;201407;7;0.44;1.81
1829;201408;1;0.41;0.94
1829;201409;20;0.45;2.16
1829;201410;17;0.91;54.69
1829;201411;17;0.74;27.07
1829;201412;13;0.58;9.99
1829;201501;31;1.3;155.25
1829;201502;1;0.85;43.82
1829;201503;3;0.62;13.5
1829;201504;26;0.58;9.99
1829;201505;5;0.59;10.84
1829;201506;5;0.5;4.47
1829;201507;1;0.4;0.73
1829;201508;5;0.37;0.33
1829;201509;16;0.47;2.98
1829;201510;28;0.51;5.04
1829;201511;6;0.5;4.47
1829;201512;31;0.52;5.64
1829;201601;11;1.04;82.46
1829;201602;12;1.5;226.92
1829;201603;29;0.8;35.7
1829;201604;16;0.85;43.82
1829;201605;10;0.73;25.76
1829;201606;17;0.64;15.42
1829;201607;1;0.47;2.98
1829;201608;24;0.4;0.73
1829;201609;15;0.41;0.94
1829;201610;23;0.44;1.807
1829;201611;25;0.52;5.645
1829;201612;16;0.5;4.475
1829;201701;29;0.46;2.556
1829;201702;5;0.93;58.59
1829;201703;6;0.56;8.404
1829;201704;1;0.5;4.475
1829;201705;14;0.85;43.821
1829;201706;1;0.43;1.484
1829;201707;7;0.51;5.043
1829;201708;30;0.42;1.197
1829;201709;20;0.41;0.945
1829;201710;19;0.42;1.197
1829;201711;25;0.51;5.043
1829;201712;11;0.85;43.821
1829;201801;5;0.7;22.005
1829;201802;14;0.7;22.005
1829;201803;11;1.06;87.239
1829;201804;10;0.94;60.589
1829;201805;26;0.62;13.504
1829;201806;10;0.61;12.594
1829;201807;8;0.55;7.662
1829;201808;2;0.46;2.556
1829;201809;8;0.41;0.945
1829;201810;14;0.48;3.446
1829;201811;10;0.62;13.504
1829;201812;16;0.68;19.675
1829;201901;31;0.98;68.927
1829;201902;1;0.9;52.796
1829;201903;7;0.74;27.073
1829;201904;10;0.84;42.128
1829;201905;1;0.58;9.994
1829;201906;7;0.49;3.943
1829;201907;1;0.44;1.807
1829;201908;1;0.4;0.727
1829;201909;18;0.43;1.484
1829;201910;19;0.65;16.436
1829;201911;13;1.1;97.212
1829;201912;19;1.48;219.141
1829;202001;15;0.68;19.675
1829;202002;1;0.62;13.504
1829;202003;5;0.73;25.755
1829;202004;17;0.57;9.181
1829;202005;1;0.59;10.841
1829;202006;3;0.5;4.475
1829;202007;1;0.42;1.197
1829;202008;22;0.39;0.545
1829;202009;23;0.42;1.197
1829;202010;25;0.52;5.645
1829;202011;26;0.48;3.446
1829;202012;11;1.05;84.831
1829;202101;26;0.77;31.232
1829;202102;9;1.08;92.157
1829;202103;1;0.66;17.482
1829;202104;25;0.58;9.994
1829;202105;14;0.53;6.282
1829;202106;18;0.53;6.282
1829;202107;1;0.46;2.556
1829;202108;28;0.48;3.446
1829;202109;14;0.45;2.164
1830;201510;28;0.4;
1830;201511;5;0.35;
1830;201512;31;0.39;
1830;201601;11;1.42;
1830;201602;12;1.82;
1830;201603;28;0.84;
1830;201604;16;0.82;
1830;201605;10;0.69;
1830;201606;17;0.56;
1830;201607;1;0.34;
1830;201608;18;0.23;
1830;201609;14;0.25;
1830;201610;24;0.26;
1830;201611;25;0.43;
1830;201612;16;0.32;
1830;201701;30;0.27;
1830;201702;5;1.1;
1830;201703;5;0.51;
1830;201704;1;0.37;
1830;201705;12;0.44;
1830;201706;6;0.26;
1830;201707;7;0.27;
1830;201708;10;0.2;
1830;201709;20;0.23;
1830;201710;19;0.21;0.533
1830;201711;25;0.39;4.798
1830;201712;11;0.97;41.763
1830;201801;5;0.8;28.997
1830;201802;13;0.83;31.21
1830;201803;11;1.08;50.619
1830;201804;10;1.09;51.439
1830;201805;26;0.64;17.895
1830;201806;11;0.48;8.745
1830;201807;8;0.61;15.998
1830;201808;1;0.26;1.189
1830;201809;3;0.26;1.189
1830;201810;14;0.37;4.065
1830;201811;10;0.72;23.268
1830;201812;16;0.76;26.096
1830;201901;31;1.28;67.068
1830;201902;1;1.1;52.259
1830;201903;6;0.75;25.382
1830;201904;10;0.97;41.763
1830;201905;1;0.41;5.589
1830;201906;7;0.33;2.786
1830;201907;13;0.28;1.561
1830;201908;9;0.23;0.751
1830;201909;18;0.39;4.798
1830;201910;19;0.7;21.886
1830;201911;13;1.5;85.285
1830;201912;19;1.71;102.795
1830;202001;15;0.67;19.86
1830;202002;1;0.49;9.239
1830;202003;5;0.72;23.268
1830;202004;17;0.45;7.324
1830;202005;1;0.49;9.239
1830;202006;3;0.36;3.721
1830;202007;1;0.22;0.635
1830;202008;18;0.21;0.533
1830;202009;21;0.23;0.751
1830;202010;25;0.51;10.257
1830;202011;26;0.37;4.065
1830;202012;11;1.45;81.133
1830;202101;25;0.99;43.275
1830;202102;9;1.37;74.504
1830;202103;1;0.47;8.261
1830;202104;25;0.3;2
1830;202105;16;0.29;1.772
1830;202106;21;0.41;5.589
1830;202107;1;0.27;1.367
1830;202108;2;0.25;1.028
1830;202109;22;0.22;0.635
1831;201111;15;0.52;1.51
1831;201112;17;0.53;1.72
1831;201201;2;0.53;1.72
1831;201202;8;0.52;1.51
1831;201203;20;0.51;1.31
1831;201204;19;0.57;2.75
1831;201205;5;0.79;13.93
1831;201206;4;0.53;1.72
1831;201207;1;0.42;0.19
1831;201210;1;0.01;0
1831;201211;1;0.18;0
1831;201212;15;0.84;17.92
1831;201301;19;1.23;70.48
1831;201302;2;0.82;16.25
1831;201303;30;1.05;41.27
1831;201304;2;1.07;44.08
1831;201305;1;0.63;4.84
1831;201306;1;0.55;2.2
1831;201307;1;0.37;0.01
1831;201308;1;0;0
1831;201309;1;0;0
1831;201310;25;0.64;5.25
1831;201311;3;0.53;1.72
1831;201312;25;1.01;35.96
1831;201401;4;1.16;58.06
1831;201402;8;1.45;118.79
1831;201403;3;0.94;27.66
1831;201404;2;1.02;37.25
1831;201405;1;0.61;4.07
1831;201406;1;0.54;1.95
1831;201407;1;0.31;
1831;201410;17;0.58;3.05
1831;201411;28;0.91;24.49
1831;201412;14;0.78;13.2
1831;201501;31;0.91;24.49
1831;201502;4;0.89;22.49
1831;201503;1;0.68;7.11
1831;201504;26;0.62;4.44
1831;201505;5;0.66;6.14
1831;201506;1;0.46;0.54
1831;201507;1;0.05;
1831;201510;1;0.01;0
1831;201511;1;0.01;0
1831;201512;31;0.5;1.12
1831;201601;11;1.13;53.15
1831;201602;13;1.18;61.47
1831;201603;29;0.82;16.25
1831;201604;20;1.02;37.25
1831;201605;12;1.04;39.9
1831;201606;1;0.67;6.61
1831;201607;1;0.52;1.51
1831;201608;24;0.09;0
1831;201609;1;0.01;0
1831;201610;1;0.01;0
1831;201611;1;0.01;0
1831;201612;17;0.35;0
1831;201701;30;0.37;0.01
1831;201702;5;0.85;18.784
1831;201703;27;0.64;5.253
1831;201704;1;0.55;2.203
1831;201705;12;0.56;2.469
1831;201706;1;0.46;0.544
1831;201707;1;0.09;0
1831;201708;1;0.01;0
1831;201709;1;0.01;0
1831;201710;1;0.01;0
1831;201711;1;0.01;0
1831;201712;31;0.13;0
1831;201801;14;0.55;2.203
1831;201802;28;0.52;1.506
1831;201803;15;1.1;48.495
1831;201804;4;1.04;39.902
1831;201805;1;0.64;5.253
1831;201806;11;0.66;6.14
1831;201807;14;0.55;2.203
1831;201808;1;0.26;0
1831;201809;1;0.01;0
1831;201810;17;0.01;0.004
1831;201811;25;0.57;2.645
1831;201812;19;0.64;4.604
1831;201901;31;0.67;5.542
1831;201902;1;0.76;8.765
1831;201903;7;0.76;8.765
1831;201904;10;0.87;13.672
1831;201905;1;0.67;5.542
1831;201906;1;0.52;1.393
1831;201907;1;0.47;0.502
1831;201908;1;0.01;0.004
1831;201909;1;0.01;0.004
1831;201910;1;0.01;0.004
1831;201911;23;0.58;2.907
1831;201912;20;1.68;83.829
1831;202001;17;0.74;7.992
1831;202002;1;0.68;5.869
1831;202003;5;0.77;9.165
1831;202004;17;0.79;9.991
1831;202005;1;0.63;4.305
1831;202006;1;0.49;0.795
1831;202007;1;0.23;0.008
1831;202008;1;0.01;0.004
1831;202009;1;0.01;0.004
1831;202010;1;0.02;0.004
1831;202011;1;0.02;0.004
1831;202012;16;0.63;4.305
1831;202101;22;0.83;11.753
1831;202102;21;1.24;42.409
1831;202103;1;0.75;8.374
1831;202104;26;0.63;4.305
1831;202105;1;0.58;2.907
1831;202106;19;0.61;3.727
1831;202107;1;0.48;0.638
1831;202108;1;0.03;0.004
1831;202109;1;0.01;0.004
1832;201110;27;0.35;1.22
1832;201111;11;0.29;0.72
1832;201112;16;0.66;5.49
1832;201201;2;0.41;1.84
1832;201202;7;0.36;1.32
1832;201203;18;0.34;1.13
1832;201204;19;1.17;17.7
1832;201205;8;0.68;5.86
1832;201206;12;0.44;2.19
1832;201207;1;0.32;0.96
1832;201208;1;0.27;0.58
1832;201209;25;0.33;1.04
1832;201210;17;0.45;2.31
1832;201211;30;0.46;2.43
1832;201212;14;1.47;27.54
1832;201410;16;0.79;8.03
1832;201411;17;1.07;14.84
1832;201412;1;0.47;2.56
1832;201501;30;1.77;39.2
1832;201502;3;1.17;17.7
1832;201503;3;1.06;14.57
1832;201504;27;0.4;1.73
1832;201505;5;0.54;3.53
1832;201506;14;0.36;1.32
1832;201507;31;0.18;
1832;201508;13;0.12;
1832;201509;16;0.4;1.73
1832;201510;6;0.35;2.14
1832;201511;3;0.42;2.88
1832;201512;1;0.27;1.44
1832;201601;8;2.35;66.13
1832;201602;12;2.09;54.08
1832;201603;9;1.07;16.19
1832;201604;4;0.8;9.21
1832;201605;7;0.53;4.3
1832;201606;16;0.41;2.77
1832;201607;1;0.26;1.36
1832;201608;1;0.11;0.45
1832;201609;15;0.17;0.76
1832;201610;17;0.1;0.405
1832;201611;24;0.47;3.485
1832;201612;16;0.21;1.007
1832;201701;28;0.14;0.596
1832;201702;4;2.39;68.073
1832;201703;6;0.64;6.044
1832;201704;1;0.53;4.297
1832;201705;10;0.34;2.047
1832;201706;30;0.22;1.074
1832;201707;1;0.19;0.88
1832;201708;2;0.07;0.281
1832;201709;11;0.06;0.244
1832;201710;5;0.08;0.32
1832;201711;25;0.18;0.819
1832;201712;31;0.84;10.117
1832;201801;5;1.19;19.864
1832;201802;17;1.27;22.475
1832;201803;24;1.3;23.482
1832;201804;1;1.01;14.471
1832;201805;1;0.42;2.882
1832;201806;9;0.55;4.589
1832;201807;4;0.35;2.143
1832;201808;9;0.18;0.819
1832;201809;5;0.16;0.704
1832;201810;30;0.38;2.445
1832;201811;11;0.83;9.886
1832;201812;18;0.84;10.117
1832;201901;31;2;50.145
1832;201902;1;1.56;32.702
1832;201903;6;0.65;6.22
1832;201904;26;0.75;8.14
1832;201905;1;0.54;4.441
1832;201906;7;0.29;1.603
1832;201907;1;0.19;0.88
1832;201908;9;0.13;0.545
1832;201909;18;0.17;0.76
1832;201910;19;0.39;2.55
1832;201911;13;2.12;55.421
1832;201912;13;2.13;55.87
1832;202001;1;0.57;4.892
1832;202002;1;0.57;4.892
1832;202003;5;1.36;25.536
1832;202004;19;0.35;2.143
1832;202005;5;0.51;4.015
1832;202006;12;0.36;2.241
1832;202007;1;0.18;0.819
1832;202008;18;0.21;1.007
1832;202009;21;0.57;4.892
1832;202010;25;0.84;10.117
1832;202011;1;0.43;2.997
1832;202012;11;2.51;74.035
1832;202101;25;1.94;47.59
1832;202102;18;1.6;34.183
1832;202103;2;0.67;6.581
1832;202104;3;0.32;1.862
1832;202105;16;0.53;4.297
1832;202106;22;0.43;2.997
1832;202107;1;0.29;1.603
1832;202108;4;0.18;0.819
1832;202109;15;0.27;1.441
1833;201110;28;0.43;1.38
1833;201111;11;0.82;3.82
1833;201112;16;2.91;22.41
1833;201201;2;1.08;5.7
1833;201202;6;0.64;2.63
1833;201203;19;0.45;1.49
1833;201204;19;3.14;24.83
1833;201205;8;1.32;7.58
1833;201206;18;1.04;5.4
1833;201207;8;0.42;1.33
1833;201208;15;0.25;0.5
1833;201209;25;0.31;0.77
1833;201210;18;0.83;3.89
1833;201211;30;1.57;8.91
1833;201212;14;2.74;19.08
1833;201301;19;3.22;23.7
1833;201302;2;3.13;22.82
1833;201303;26;2.71;18.79
1833;201304;11;2.99;21.46
1833;201305;19;1.3;6.84
1833;201306;7;0.62;2.31
1833;201307;1;0.35;0.89
1833;201308;1;0.24;0.42
1833;201309;28;0.37;0.98
1833;201310;22;2.38;15.77
1833;201311;4;3.25;24
1833;201312;24;2.69;18.61
1833;201401;6;2.86;20.21
1833;201402;5;3.1;22.52
1833;201403;2;2.96;21.17
1833;201404;2;1.09;5.33
1833;201405;23;0.99;4.64
1833;201406;1;0.5;1.64
1833;201407;6;0.53;1.8
1833;201408;3;0.33;0.8
1833;201409;13;0.33;0.8
1833;201410;16;1.69;9.87
1833;201411;17;2.65;18.24
1833;201412;13;1.52;8.52
1833;201501;30;3.64;27.93
1833;201502;2;2.88;20.4
1833;201503;2;2.81;19.74
1833;201504;27;0.69;2.72
1833;201505;5;1.51;8.44
1833;201506;27;0.4;1.13
1833;201507;3;0.31;0.71
1833;201508;28;0.38;1.03
1833;201509;17;0.64;2.42
1833;201510;6;1.36;7.29
1833;201511;22;1.15;5.75
1833;201512;31;0.83;3.59
1833;201601;7;3.6;27.52
1833;201602;13;3.61;27.62
1833;201603;7;3.67;28.24
1833;201604;17;2.64;18.14
1833;201605;22;0.96;4.44
1833;201606;17;1.23;6.33
1833;201607;1;0.42;1.23
1833;201608;1;0.25;0.46
1833;201609;15;0.43;1.28
1833;201610;13;0.26;0.499
1833;201611;24;1.57;8.911
1833;201612;16;0.6;2.193
1833;201701;14;0.42;1.228
1833;201702;4;2.89;20.496
1833;201703;4;1.72;10.11
1833;201704;1;0.88;3.909
1833;201705;14;0.88;3.909
1833;201706;30;0.45;1.379
1833;201707;1;0.44;1.328
1833;201708;28;0.27;0.539
1833;201709;16;0.33;0.799
1833;201710;22;0.26;0.499
1833;201711;25;0.34;0.845
1833;201712;11;3.18;23.308
1833;201801;5;2.66;18.328
1833;201802;17;2.47;16.579
1833;201803;11;2.68;18.514
1833;201804;5;2.53;17.127
1833;201805;23;0.8;3.396
1833;201806;11;1.15;5.754
1833;201807;15;0.69;2.72
1833;201808;9;0.37;0.984
1833;201809;15;0.35;0.891
1833;201810;31;0.47;1.483
1833;201811;10;2.77;19.358
1833;201812;3;1.85;11.177
1833;201901;31;3.43;25.797
1833;201902;1;2.92;20.783
1833;201903;7;2.19;14.079
1833;201904;26;1.97;12.184
1833;201905;10;1.74;10.273
1833;201906;7;0.95;4.372
1833;201907;1;0.36;0.937
1833;201908;3;0.33;0.799
1833;201909;25;0.26;0.499
1833;201910;20;0.66;2.541
1833;201911;23;3.15;23.014
1833;201912;13;3.57;27.216
1833;202001;17;2.87;20.306
1833;202002;1;1.79;10.682
1833;202003;2;3.08;22.329
1833;202004;30;1;4.709
1833;202005;1;1.16;5.825
1833;202006;12;0.52;1.748
1833;202007;1;0.34;0.845
1833;202008;12;0.7;2.78
1833;202009;27;0.37;0.984
1833;202010;25;1.84;11.095
1833;202011;15;1.26;6.549
1833;202012;11;3.54;26.91
1833;202101;25;3.1;22.524
1833;202102;12;2.88;20.401
1833;202103;2;1.03;4.914
1833;202104;26;1.01;4.777
1833;202105;16;2.46;16.488
1833;202106;22;1.01;4.777
1833;202107;7;0.56;1.968
1833;202108;28;0.41;1.178
1833;202109;14;0.38;1.032
1834;201110;27;0.39;2.867
1834;201111;11;0.36;2.385
1834;201112;16;1.4;18.622
1834;201201;2;0.45;3.984
1834;201202;7;0.35;2.235
1834;201203;18;0.36;2.385
1834;201204;19;2.09;30.646
1834;201205;8;0.98;11.797
1834;201206;16;0.77;8.575
1834;201207;6;0.4;3.039
1834;201208;14;0.3;1.568
1834;201209;25;0.26;1.128
1834;201210;18;0.36;2.385
1834;201211;30;0.68;7.243
1834;201212;14;2;29.031
1834;201301;19;2.84;44.554
1834;201302;2;2.17;32.093
1834;201303;25;2.06;30.106
1834;201304;11;2.45;37.228
1834;201305;18;1.04;12.74
1834;201306;7;0.72;7.83
1834;201307;1;0.31;1.69
1834;201308;8;0.22;0.77
1834;201309;28;0.27;1.23
1834;201310;22;1.08;13.38
1834;201311;4;2;29.03
1834;201312;24;1.63;22.53
1834;201401;6;2.26;33.73
1834;201402;5;2.4;36.3
1834;201403;1;2;29.03
1834;201404;26;0.67;7.1
1834;201405;23;0.7;7.54
1834;201406;20;0.73;7.98
1834;201407;6;0.47;4.28
1834;201408;8;0.38;2.7
1834;201409;14;0.34;2.09
1834;201410;16;0.7;7.54
1834;201411;17;1.88;26.9
1834;201412;13;1.05;12.9
1834;201501;30;2.81;43.98
1834;201502;2;2.16;31.91
1834;201503;2;1.86;26.54
1834;201504;26;0.68;7.24
1834;201505;5;1.08;13.38
1834;201506;7;0.63;6.52
1834;201507;2;0.25;1.03
1834;201508;28;0.45;3.98
1834;201509;15;0.58;5.8
1834;201510;5;0.59;5.95
1834;201511;22;0.48;4.42
1834;201512;30;0.53;5.1
1834;201601;8;2.75;42.85
1834;201602;13;2.65;40.96
1834;201603;7;1.38;18.29
1834;201604;17;1.87;26.72
1834;201605;30;0.9;10.55
1834;201606;16;0.91;10.71
1834;201607;6;0.36;2.39
1834;201608;4;0.22;0.77
1834;201609;15;0.38;2.7
1834;201610;16;0.2;0.617
1834;201611;24;1.1;13.7
1834;201612;16;0.36;2.385
1834;201701;28;0.25;1.031
1834;201702;4;2.34;35.197
1834;201703;24;1.31;17.123
1834;201704;1;0.6;6.089
1834;201705;12;0.78;8.725
1834;201706;25;0.66;6.952
1834;201707;1;0.43;3.589
1834;201708;27;0.2;0.617
1834;201709;19;0.21;0.69
1834;201710;21;0.19;0.548
1834;201711;25;0.29;1.45
1834;201712;11;2.31;34.647
1834;201801;5;1.66;23.05
1834;201802;17;1.46;19.632
1834;201803;24;1.9;27.251
1834;201804;4;1.5;20.309
1834;201805;3;0.57;5.663
1834;201806;9;0.91;10.707
1834;201807;1;0.82;9.328
1834;201808;8;0.3;1.568
1834;201809;27;0.34;2.091
1834;201810;29;0.45;3.984
1834;201811;10;2.04;29.747
1834;201812;3;1.19;15.153
1834;201901;31;2.32;34.83
1834;201902;1;1.78;25.138
1834;201903;7;1.12;14.021
1834;201904;9;1.02;12.427
1834;201905;10;1.14;14.343
1834;201906;7;0.76;8.425
1834;201907;4;0.31;1.691
1834;201908;9;0.29;1.45
1834;201909;24;0.26;1.128
1834;201910;17;0.53;5.104
1834;201911;23;2.73;42.469
1834;201912;13;2.55;39.088
1834;202001;17;1.88;26.898
1834;202002;1;0.84;9.632
1834;202003;2;2.44;37.043
1834;202004;30;0.73;7.979
1834;202005;1;0.74;8.127
1834;202006;12;0.54;5.243
1834;202007;13;0.47;4.281
1834;202008;12;0.68;7.243
1834;202009;20;0.31;1.691
1834;202010;25;0.88;10.244
1834;202011;9;0.61;6.231
1834;202012;11;2.51;38.343
1834;202101;25;2.7;41.902
1834;202102;12;2.35;35.381
1834;202103;1;0.84;9.632
1834;202104;26;0.85;9.785
1834;202105;16;1.21;15.479
1834;202106;22;0.9;10.552
1834;202107;7;0.56;5.523
1834;202108;4;0.3;1.568
1834;202109;14;0.38;2.7
1835;201510;5;2.38;
1835;201511;5;2.48;
1835;201512;30;2.05;
1835;201601;8;3.63;
1835;201602;12;3.82;
1835;201603;1;0.01;
1835;201604;1;0.01;
1835;201605;1;0.01;
1835;201606;30;1.62;
1835;201607;1;0;
1835;201608;30;1.98;
1835;201609;13;2.12;
1835;201610;13;2.13;
1835;201611;20;2.48;
1835;201612;16;1.31;
1835;201701;31;1.83;
1835;201702;4;3.21;
1835;201703;6;2.39;
1835;201704;1;1.75;
1835;201705;1;1.52;
1835;201706;28;2.17;
1835;201707;7;2.16;
1835;201708;1;1.98;
1835;201709;25;1.98;
1835;201710;17;2.02;7.235
1835;201711;24;2.41;12.51
1835;201712;10;3.32;94.427
1835;201802;15;2.44;13.433
1835;201804;10;2.65;28.956
1835;201805;16;2.18;8.693
1835;201806;18;2.13;8.224
1835;201807;2;2.16;8.504
1835;201808;1;2.02;7.235
1835;201809;6;1.99;6.975
1835;201810;14;2.16;8.504
1835;201811;10;2.85;48.658
1835;201812;15;2.48;15.076
1835;201901;31;3.21;83.718
1835;201902;1;2.73;36.869
1835;201903;6;2.58;21.974
1835;201904;26;2.42;12.793
1835;201905;10;2.04;7.411
1835;201906;6;1.33;2.314
1835;201907;6;2.07;7.678
1835;201908;9;2.07;7.678
1835;201909;24;2.04;7.411
1835;201910;19;2.49;15.576
1835;201911;13;2.97;60.376
1835;201912;21;3.05;68.163
1835;202001;29;2.52;17.32
1835;202002;1;2.56;20.251
1835;202003;5;2.94;57.451
1835;202004;17;1.71;4.75
1835;202005;1;2.46;14.188
1835;202006;12;1.13;1.303
1835;202007;8;2.03;7.323
1835;202008;20;2.13;8.224
1835;202009;23;2.04;7.411
1835;202010;25;2.86;49.636
1835;202011;8;2.39;12.005
1835;202012;11;3.16;78.857
1835;202101;25;2.88;51.593
1835;202102;3;3.22;84.691
1835;202103;1;2.35;11.181
1835;202104;13;1.8;5.425
1835;202105;16;2.4;12.248
1835;202106;21;1.78;5.272
1835;202107;1;1.34;2.37
1835;202108;2;1.14;1.349
1835;202109;10;1.17;1.49
1836;201110;27;0.35;0.52
1836;201111;16;0.38;0.68
1836;201112;16;0.71;5.33
1836;201201;2;0.35;0.52
1836;201202;1;0.28;0.25
1836;201203;7;0.27;0.22
1836;201204;19;0.52;1.92
1836;201205;9;0.64;3.79
1836;201206;1;0.36;0.57
1836;201207;1;0.31;0.35
1836;201208;15;0.32;0.39
1836;201209;25;0.31;0.35
1836;201210;18;0.39;0.739
1836;201211;3;0.45;1.231
1836;201212;14;1.05;8.567
1836;201301;19;1.8;54.91
1836;201302;2;0.78;5.027
1836;201303;29;1.49;23.001
1836;201304;2;0.81;5.392
1836;201305;7;0.43;1.052
1836;201306;1;0.32;0.381
1836;201307;12;0.33;0.42
1836;201308;12;0.28;0.255
1836;201309;5;0.4;0.807
1836;201310;22;0.77;4.91
1836;201311;2;1.35;16.02
1836;201312;24;1.4;18.15
1836;201401;6;1.1;9.39
1836;201402;14;1.16;10.54
1836;201403;2;0.82;5.51
1836;201404;2;0.76;4.78
1836;201405;23;0.5;1.73
1836;201406;1;0.39;0.74
1836;201407;6;0.38;0.67
1836;201408;26;0.36;0.56
1836;201409;28;0.44;1.14
1836;201410;17;0.82;5.51
1836;201501;30;1.36;16.42
1836;201502;1;0.7;4.06
1836;201503;3;0.78;5.03
1836;201504;26;0.46;1.33
1836;201505;4;0.72;4.3
1836;201506;14;0.35;0.51
1836;201507;30;0.26;0.21
1836;201508;13;0.23;0.15
1836;201509;15;0.73;4.42
1836;201510;19;0.62;3.09
1836;201511;6;0.51;1.83
1836;201512;28;0.38;0.67
1836;201601;10;1.96;85.24
1836;201602;13;1.88;68.58
1836;201603;1;0.15;0.06
1836;201604;1;0.15;0.06
1836;201605;1;0.15;0.06
1836;201606;1;0.15;0.06
1836;201607;1;0.15;0.06
1836;201608;1;0.15;0.06
1836;201609;28;0.78;5.03
1836;201610;23;0.26;
1836;201611;20;0.4;
1836;201612;14;0.15;
1836;201701;30;0.21;
1836;201702;4;1.16;
1836;201703;27;0.37;
1836;201704;1;0.29;
1836;201705;13;0.29;
1836;201706;4;0.17;
1836;201707;1;0.15;
1836;201708;27;0.55;
1836;201709;19;0.13;
1836;201710;27;0.15;0.301
1836;201711;25;0.26;0.875
1836;201712;10;1.24;17.141
1836;201801;3;0.57;4.778
1836;201802;16;0.56;4.657
1836;201803;10;0.75;7.169
1836;201804;4;0.76;7.319
1836;201805;29;0.44;3.208
1836;201806;8;0.67;6.045
1836;201807;11;0.33;1.744
1836;201808;1;0.19;0.411
1836;201809;5;0.28;1.095
1836;201810;14;0.23;0.613
1836;201811;10;0.59;5.023
1836;201812;21;0.43;3.082
1836;201901;31;0.9;9.635
1836;201902;1;0.78;7.623
1836;201903;6;0.4;2.706
1836;201904;26;0.47;3.577
1836;201905;10;0.43;3.082
1836;201906;24;0.3;1.341
1836;201907;5;0.23;0.613
1836;201908;8;0.17;0.356
1836;201909;17;0.23;0.613
1836;201910;19;0.39;2.573
1836;201911;23;0.98;11.157
1836;201912;21;1.46;23.565
1836;202001;29;0.5;3.939
1836;202002;1;0.5;3.939
1836;202003;2;0.65;5.781
1836;202004;30;0.4;2.706
1836;202005;1;0.5;3.939
1836;202006;24;0.27;0.981
1836;202007;1;0.2;0.441
1836;202008;17;0.25;0.778
1836;202009;21;0.28;1.095
1836;202010;25;0.53;4.297
1836;202011;2;0.24;0.691
1836;202012;11;0.83;8.422
1836;202101;25;0.87;9.101
1836;202102;3;0.82;8.258
1836;202103;1;0.46;3.455
1836;202104;1;0.27;0.981
1836;202105;16;0.49;3.819
1836;202106;21;0.45;3.332
1836;202107;1;0.25;0.778
1836;202108;1;0.19;0.411
1836;202109;14;0.23;0.613
1837;201110;13;0.57;4.29
1837;201111;11;0.42;2.04
1837;201112;8;0.65;5.92
1837;201201;9;0.54;3.76
1837;201202;6;0.5;3.12
1837;201203;29;0.53;3.6
1837;201204;4;0.54;3.76
1837;201205;8;2.01;92.86
1837;201206;22;0.55;3.94
1837;201207;19;0.53;3.6
1837;201208;1;0.63;5.48
1837;201209;26;0.54;3.76
1837;201210;17;0.55;3.94
1837;201211;5;0.6;4.87
1837;201212;14;1.85;75.86
1837;201301;19;2.47;153.51
1837;201410;16;1.13;22.79
1837;201411;25;1.26;29.73
1837;201412;18;1.31;32.69
1837;201501;30;2.03;95.13
1837;201502;24;1.53;47.73
1837;201503;4;2.62;158.1
1837;201504;1;1.25;29.16
1837;201505;4;1.33;33.92
1837;201506;4;1.06;19.5
1837;201507;10;0.99;16.51
1837;201508;27;0.58;4.48
1837;201509;16;0.96;15.31
1837;201510;5;0.67;6.37
1837;201511;30;0.58;4.48
1837;201512;3;0.67;6.37
1837;201601;11;1.93;84.11
1837;201602;13;3.79;436.18
1837;201603;30;2.09;102.14
1837;201604;21;1.74;65.32
1837;201605;2;1.28;30.89
1837;201606;20;0.49;2.97
1837;201607;7;0.47;2.68
1837;201608;6;0.48;2.82
1837;201609;2;0.6;4.87
1837;201610;13;0.45;2.413
1837;201611;16;0.4;1.81
1837;201612;3;0.53;3.596
1837;201701;11;0.51;3.274
1837;201702;4;1.21;26.932
1837;201703;1;0.5;3.12
1837;201704;11;0.48;2.824
1837;201705;23;0.57;4.295
1837;201706;17;0.62;5.272
1837;201707;2;0.59;4.671
1837;201708;8;0.5;3.12
1837;201709;1;0.46;2.546
1837;201710;5;0.56;4.113
1837;201711;2;0.5;3.12
1837;201712;11;1.74;65.322
1837;201801;28;0.65;5.916
1837;201802;1;0.62;5.272
1837;201803;10;0.69;6.844
1837;201804;20;1.97;88.422
1837;201805;2;1.25;29.155
1837;201807;3;0.8;9.817
1837;201808;1;0.59;4.671
1837;201809;2;0.44;2.284
1837;201810;3;0.47;2.683
1837;201811;11;0.55;3.936
1837;201812;9;0.58;4.481
1837;201901;31;0.71;7.338
1837;201902;1;0.69;6.844
1837;201903;2;0.52;3.433
1837;201904;17;0.51;3.274
1837;201905;13;0.52;3.433
1837;201906;2;0.51;3.274
1837;201907;1;0.5;3.12
1837;201908;14;0.47;2.683
1837;201909;2;0.5;3.12
1837;201910;2;0.64;5.697
1837;201911;27;2.77;203.035
1837;201912;20;3.11;269.281
1837;202001;1;1.21;26.932
1837;202002;2;0.69;6.844
1837;202003;2;0.61;5.067
1837;202004;12;0.53;3.596
1837;202005;19;0.53;3.596
1837;202006;30;0.57;4.295
1837;202007;19;0.54;3.764
1837;202008;31;0.54;3.764
1837;202009;29;0.56;4.113
1837;202010;29;0.54;3.764
1837;202011;17;0.61;5.067
1837;202012;11;1.87;77.872
1837;202101;30;2.05;97.438
1837;202102;3;2.57;169.117
1837;202103;4;1.1;21.346
1837;202104;7;0.57;4.295
1837;202105;20;0.55;3.936
1837;202106;26;0.58;4.481
1837;202107;5;0.53;3.596
1837;202108;10;0.63;5.482
1837;202109;14;0.64;5.697
1903;196011;18;;9
1904;196011;17;;138
1904;196203;30;1.57;133.4
1904;196303;11;;94.4
1907;196303;18;;45.1
1908;196102;2;;9.3
1908;196204;1;1.26;10.47
1931;194512;;6.2;
1931;194610;;;370.1
1931;194611;;;908
1931;194612;;;1350
1931;194701;;;1090
1931;194703;;;1418
1931;194704;;;1090
1931;194705;;;490
1931;194706;;;178
1931;194707;;;68
1931;194708;;;46.5
1931;194709;;;46.5
1931;194812;;5;
1931;195002;;5.4;
1931;195102;;9.1;
1931;195204;;5.5;
1931;195211;;5.9;
1931;195402;;5.58;
1931;195501;;8.46;
1931;195601;;7.4;
1931;195702;;6.5;
1931;195803;;8.5;
1931;195912;;11.7;
1931;196011;17;;2800
1931;196203;;;4990
1931;196302;12;;2545
1931;196403;21;;1906
1931;196503;16;;810
1942;195010;;;1.95
1942;195011;;;12.75
1942;195012;;;12.6
1942;195101;;;16.55
1942;195102;;;26.5
1942;195103;;;22.25
1942;195104;;;11.8
1942;195105;;;10.1
1942;195106;;;8.95
1942;195107;;;3.9
1942;195108;;;1.25
1942;195109;;;1.2
1942;195110;;;1.54
1942;195111;;;18.15
1942;195112;;;10.65
1942;195201;;;13.25
1942;195202;;;13.25
1942;195203;;;14.3
1942;195204;;;10.65
1942;195205;;;11.15
1942;195206;;;7.45
1942;195207;;;11.15
1942;195208;;;1.95
1942;195209;;;4.25
1942;195210;;;9.84
1942;195211;;;19.85
1942;195212;;2.02;25.25
1942;195301;;;8.97
1942;195302;;;5.29
1942;195303;;;2.57
1942;195304;;;9.15
1942;195305;;;8.1
1942;195306;;;3.8
1942;195307;;;3.16
1942;195308;;;0.72
1942;195309;;;0.94
1942;195502;;1.77;
1942;195702;;1.25;
1942;195803;;1.3;
1942;195912;;2.13;
1942;196011;17;;104.7
1942;196203;;2.35;112
1942;198210;;;3.128
