ref_ceh;fecha;altura;caudal
1401;01/10/1961;;48
1401;02/10/1961;;38.5
1401;03/10/1961;;35.5
1401;04/10/1961;;44
1401;05/10/1961;;30
1401;06/10/1961;;40
1401;07/10/1961;;47
1401;08/10/1961;;43.08
1401;09/10/1961;;62
1401;10/10/1961;;70
1401;11/10/1961;;80
1401;12/10/1961;;68
1401;13/10/1961;;60
1401;14/10/1961;;64
1401;15/10/1961;;54.55
1401;16/10/1961;;57
1401;17/10/1961;;56.98
1401;18/10/1961;;66.06
1401;19/10/1961;;62.5
1401;20/10/1961;;67.28
1401;21/10/1961;;76.13
1401;22/10/1961;;68.35
1401;23/10/1961;;79.76
1401;24/10/1961;;80.5
1401;25/10/1961;;80
1401;26/10/1961;;74
1401;27/10/1961;;62.5
1401;28/10/1961;;63.7
1401;29/10/1961;;60
1401;30/10/1961;;62
1401;31/10/1961;;65
1401;01/11/1961;;73
1401;02/11/1961;;76
1401;03/11/1961;;76
1401;04/11/1961;;76
1401;05/11/1961;;63
1401;06/11/1961;;72
1401;07/11/1961;;74
1401;08/11/1961;;67
1401;09/11/1961;;74
1401;10/11/1961;;70
1401;11/11/1961;;76
1401;12/11/1961;;79
1401;13/11/1961;;77.78
1401;14/11/1961;;64
1401;15/11/1961;;80
1401;16/11/1961;;80
1401;17/11/1961;;80
1401;18/11/1961;;80
1401;19/11/1961;;80
1401;20/11/1961;;80
1401;21/11/1961;;80
1401;22/11/1961;;80
1401;23/11/1961;;80
1401;24/11/1961;;70
1401;25/11/1961;;76.5
1401;26/11/1961;;76
1401;27/11/1961;;70
1401;28/11/1961;;72
1401;29/11/1961;;70
1401;30/11/1961;;50
1401;01/12/1961;;47
1401;02/12/1961;;74
1401;03/12/1961;;55
1401;04/12/1961;;75
1401;05/12/1961;;80
1401;06/12/1961;;75
1401;07/12/1961;;75
1401;08/12/1961;;80
1401;09/12/1961;;70
1401;10/12/1961;;78.98
1401;11/12/1961;;74
1401;12/12/1961;;76
1401;13/12/1961;;72
1401;14/12/1961;;65
1401;15/12/1961;;80
1401;16/12/1961;;80
1401;17/12/1961;;75
1401;18/12/1961;;80
1401;19/12/1961;;80
1401;20/12/1961;;80
1401;21/12/1961;;73
1401;22/12/1961;;80
1401;23/12/1961;;80
1401;24/12/1961;;76
1401;25/12/1961;;55.5
1401;26/12/1961;;0
1401;27/12/1961;;5
1401;28/12/1961;;0
1401;29/12/1961;;0
1401;30/12/1961;;0
1401;31/12/1961;;0
1401;01/01/1962;;0
1401;02/01/1962;;0
1401;03/01/1962;;0
1401;04/01/1962;;0
1401;05/01/1962;;0
1401;06/01/1962;;57
1401;07/01/1962;;54.3
1401;08/01/1962;;55
1401;09/01/1962;;76.85
1401;10/01/1962;;0
1401;11/01/1962;;0
1401;12/01/1962;;0
1401;13/01/1962;;0
1401;14/01/1962;;0
1401;15/01/1962;;25
1401;16/01/1962;;31
1401;18/01/1962;;32
1401;19/01/1962;;33
1401;20/01/1962;;35
1401;21/01/1962;;42
1401;22/01/1962;;42
1401;23/01/1962;;35
1401;24/01/1962;;35
1401;25/01/1962;;36
1401;26/01/1962;;55
1401;27/01/1962;;73.25
1401;28/01/1962;;80
1401;29/01/1962;;70
1401;30/01/1962;;75
1401;31/01/1962;;70
1401;01/02/1962;;80
1401;02/02/1962;;80
1401;03/02/1962;;80
1401;04/02/1962;;80
1401;05/02/1962;;75
1401;06/02/1962;;80
1401;07/02/1962;;80
1401;08/02/1962;;80
1401;09/02/1962;;77
1401;10/02/1962;;80
1401;11/02/1962;;80
1401;12/02/1962;;80
1401;13/02/1962;;76
1401;14/02/1962;;73.5
1401;15/02/1962;;74.5
1401;16/02/1962;;66.5
1401;17/02/1962;;76
1401;18/02/1962;;79
1401;19/02/1962;;59
1401;20/02/1962;;80
1401;21/02/1962;;76
1401;22/02/1962;;77
1401;23/02/1962;;68
1401;24/02/1962;;60
1401;25/02/1962;;47
1401;26/02/1962;;51
1401;27/02/1962;;55
1401;28/02/1962;;65
1401;01/03/1962;;62
1401;02/03/1962;;65
1401;03/03/1962;;76
1401;04/03/1962;;80
1401;05/03/1962;;70.5
1401;06/03/1962;;80
1401;07/03/1962;;77.5
1401;08/03/1962;;71
1401;09/03/1962;;45.5
1401;10/03/1962;;0
1401;11/03/1962;;38
1401;12/03/1962;;71
1401;13/03/1962;;60
1401;14/03/1962;;40
1401;15/03/1962;;50
1401;16/03/1962;;52.5
1401;17/03/1962;;63
1401;18/03/1962;;78.85
1401;19/03/1962;;78
1401;20/03/1962;;71
1401;21/03/1962;;80
1401;22/03/1962;;76.7
1401;23/03/1962;;80
1401;24/03/1962;;80
1401;25/03/1962;;68
1401;26/03/1962;;68
1401;27/03/1962;;75
1401;28/03/1962;;75
1401;29/03/1962;;32
1401;30/03/1962;;0
1401;31/03/1962;;0
1401;01/04/1962;;0
1401;02/04/1962;;0
1401;03/04/1962;;0
1401;11/04/1962;;24.8
1401;12/04/1962;;74
1401;13/04/1962;;80
1401;14/04/1962;;52.2
1401;16/04/1962;;70
1401;17/04/1962;;75
1401;18/04/1962;;80
1401;19/04/1962;;78
1401;20/04/1962;;74
1401;21/04/1962;;74.5
1401;22/04/1962;;70
1401;23/04/1962;;75
1401;24/04/1962;;75
1401;25/04/1962;;55
1401;26/04/1962;;32
1401;27/04/1962;;30
1401;28/04/1962;;30
1401;29/04/1962;;41.5
1401;30/04/1962;;76.4
1401;01/05/1962;;78.75
1401;02/05/1962;;72.9
1401;03/05/1962;;48.73
1401;04/05/1962;;57.4
1401;05/05/1962;;54
1401;06/05/1962;;63
1401;07/05/1962;;67.5
1401;08/05/1962;;68
1401;09/05/1962;;72.5
1401;10/05/1962;;76.5
1401;11/05/1962;;68
1401;12/05/1962;;51
1401;13/05/1962;;49
1401;14/05/1962;;48
1401;15/05/1962;;64
1401;16/05/1962;;45
1401;17/05/1962;;26.8
1401;18/05/1962;;52
1401;19/05/1962;;51
1401;20/05/1962;;59
1401;21/05/1962;;53
1401;22/05/1962;;70
1401;23/05/1962;;74
1401;24/05/1962;;72
1401;25/05/1962;;54
1401;26/05/1962;;68.5
1401;27/05/1962;;13.5
1401;28/05/1962;;2.31
1401;29/05/1962;;18.29
1401;30/05/1962;;42.5
1401;31/05/1962;;48.68
1401;01/06/1962;;46.19
1401;02/06/1962;;26.6
1401;03/06/1962;;22.5
1401;04/06/1962;;40.05
1401;05/06/1962;;43.19
1401;06/06/1962;;33.85
1401;07/06/1962;;40.94
1401;08/06/1962;;30.56
1401;09/06/1962;;30.77
1401;10/06/1962;;30.5
1401;11/06/1962;;36.33
1401;12/06/1962;;19.22
1401;13/06/1962;;17.44
1401;14/06/1962;;40.85
1401;15/06/1962;;21.84
1401;16/06/1962;;37.79
1401;17/06/1962;;26.73
1401;18/06/1962;;3.72
1401;19/06/1962;;21.79
1401;20/06/1962;;42.09
1401;21/06/1962;;17.22
1401;22/06/1962;;25.35
1401;23/06/1962;;31.62
1401;24/06/1962;;20.65
1401;25/06/1962;;7.3
1401;26/06/1962;;23.25
1401;27/06/1962;;30.28
1401;28/06/1962;;23.6
1401;29/06/1962;;9.32
1401;30/06/1962;;4.15
1401;01/07/1962;;13.69
1401;02/07/1962;;15.97
1401;03/07/1962;;22.14
1401;04/07/1962;;8.24
1401;05/07/1962;;30.98
1401;06/07/1962;;34.32
1401;07/07/1962;;36.58
1401;08/07/1962;;39.58
1401;09/07/1962;;20
1401;10/07/1962;;57.91
1401;11/07/1962;;57.62
1401;12/07/1962;;33.02
1401;13/07/1962;;37.4
1401;14/07/1962;;39.75
1401;15/07/1962;;22.38
1401;16/07/1962;;22.21
1401;17/07/1962;;39.45
1401;18/07/1962;;18.7
1401;19/07/1962;;27.72
1401;20/07/1962;;35.5
1401;21/07/1962;;44.36
1401;22/07/1962;;19.56
1401;23/07/1962;;24.94
1401;24/07/1962;;37.47
1401;25/07/1962;;15.92
1401;26/07/1962;;13.91
1401;27/07/1962;;37.61
1401;28/07/1962;;34.95
1401;29/07/1962;;21.23
1401;30/07/1962;;14.66
1401;31/07/1962;;39.21
1401;01/08/1962;;28.82
1401;02/08/1962;;22.25
1401;03/08/1962;;23.87
1401;04/08/1962;;41.96
1401;05/08/1962;;16.43
1401;06/08/1962;;24.95
1401;07/08/1962;;19.15
1401;08/08/1962;;27.01
1401;09/08/1962;;36.13
1401;10/08/1962;;31.6
1401;11/08/1962;;22.94
1401;12/08/1962;;15
1401;13/08/1962;;13.24
1401;14/08/1962;;34.4
1401;15/08/1962;;14.26
1401;16/08/1962;;20.65
1401;17/08/1962;;25.8
1401;18/08/1962;;25.8
1401;19/08/1962;;8.94
1401;20/08/1962;;18.63
1401;21/08/1962;;34.78
1401;22/08/1962;;23.1
1401;23/08/1962;;24.02
1401;24/08/1962;;29.62
1401;25/08/1962;;31.94
1401;26/08/1962;;16.44
1401;27/08/1962;;22.16
1401;28/08/1962;;28
1401;29/08/1962;;26.3
1401;30/08/1962;;22.3
1401;31/08/1962;;26.38
1401;01/09/1962;;28.8
1401;02/09/1962;;29.16
1401;03/09/1962;;12.93
1401;04/09/1962;;21.22
1401;05/09/1962;;19.4
1401;06/09/1962;;24.44
1401;07/09/1962;;23.51
1401;08/09/1962;;26.32
1401;09/09/1962;;19.99
1401;10/09/1962;;11.08
1401;11/09/1962;;17.68
1401;12/09/1962;;19.54
1401;13/09/1962;;19.14
1401;14/09/1962;;24.83
1401;15/09/1962;;28.59
1401;16/09/1962;;13.39
1401;17/09/1962;;13.33
1401;18/09/1962;;17.23
1401;19/09/1962;;23.75
1401;20/09/1962;;20.31
1401;21/09/1962;;37.65
1401;22/09/1962;;20.19
1401;23/09/1962;;8.94
1401;24/09/1962;;4.39
1401;25/09/1962;;16.9
1401;26/09/1962;;25.36
1401;27/09/1962;;26.04
1401;28/09/1962;;37.25
1401;29/09/1962;;27.59
1401;30/09/1962;;3.89
1401;01/10/1962;;15.78
1401;02/10/1962;;33.15
1401;03/10/1962;;35.38
1401;04/10/1962;;38.56
1401;05/10/1962;;39.25
1401;06/10/1962;;33.98
1401;07/10/1962;;14.2
1401;08/10/1962;;11.5
1401;09/10/1962;;37.64
1401;10/10/1962;;31.28
1401;11/10/1962;;25.27
1401;12/10/1962;;19.23
1401;13/10/1962;;24.06
1401;14/10/1962;;23.74
1401;15/10/1962;;31.56
1401;16/10/1962;;28.55
1401;17/10/1962;;36.98
1401;18/10/1962;;38.4
1401;19/10/1962;;35.45
1401;20/10/1962;;47.58
1401;21/10/1962;;14.06
1401;22/10/1962;;16.7
1401;23/10/1962;;28.53
1401;24/10/1962;;22.93
1401;25/10/1962;;36.24
1401;26/10/1962;;29.84
1401;27/10/1962;;27.35
1401;28/10/1962;;22.08
1401;29/10/1962;;5.51
1401;30/10/1962;;21.19
1401;31/10/1962;;25.78
1401;01/11/1962;;23.75
1401;02/11/1962;;4.38
1401;03/11/1962;;22.72
1401;04/11/1962;;10.84
1401;05/11/1962;;3.71
1401;06/11/1962;;12.05
1401;07/11/1962;;18.6
1401;08/11/1962;;18.13
1401;09/11/1962;;26.81
1401;10/11/1962;;26.62
1401;11/11/1962;;22.57
1401;12/11/1962;;24.99
1401;13/11/1962;;37.15
1401;14/11/1962;;25.85
1401;15/11/1962;;20.65
1401;16/11/1962;;29.42
1401;17/11/1962;;33.32
1401;18/11/1962;;33.24
1401;19/11/1962;;16.08
1401;20/11/1962;;22.26
1401;21/11/1962;;34.22
1401;22/11/1962;;54.36
1401;23/11/1962;;60.97
1401;24/11/1962;;54.96
1401;25/11/1962;;42
1401;26/11/1962;;31.58
1401;27/11/1962;;38.07
1401;28/11/1962;;25.76
1401;29/11/1962;;16.34
1401;30/11/1962;;22.73
1401;01/12/1962;;30.82
1401;02/12/1962;;15.62
1401;03/12/1962;;13.51
1401;04/12/1962;;22.75
1401;05/12/1962;;36.2
1401;06/12/1962;;35.47
1401;07/12/1962;;16.54
1401;08/12/1962;;29.84
1401;09/12/1962;;24.49
1401;10/12/1962;;27.53
1401;11/12/1962;;25.38
1401;12/12/1962;;29.5
1401;13/12/1962;;39.57
1401;14/12/1962;;27.01
1401;15/12/1962;;45.09
1401;16/12/1962;;31.8
1401;17/12/1962;;38.19
1401;18/12/1962;;68.67
1401;19/12/1962;;71.27
1401;20/12/1962;;76.69
1401;21/12/1962;;76.95
1401;22/12/1962;;70.23
1401;23/12/1962;;77.93
1401;24/12/1962;;63.44
1401;25/12/1962;;49.75
1401;26/12/1962;;58.71
1401;27/12/1962;;66.29
1401;28/12/1962;;57.65
1401;29/12/1962;;68.34
1401;30/12/1962;;61.42
1401;31/12/1962;;57.03
1401;01/01/1963;;57.84
1401;02/01/1963;;58.86
1401;03/01/1963;;82.19
1401;04/01/1963;;72.35
1401;05/01/1963;;65.99
1401;06/01/1963;;84.33
1401;07/01/1963;;74.51
1401;08/01/1963;;46.66
1401;09/01/1963;;50.04
1401;10/01/1963;;65.7
1401;11/01/1963;;50.56
1401;12/01/1963;;47.29
1401;13/01/1963;;75.79
1401;14/01/1963;;65.5
1401;15/01/1963;;72.62
1401;16/01/1963;;78.69
1401;17/01/1963;;74.9
1401;18/01/1963;;66.31
1401;19/01/1963;;79.25
1401;20/01/1963;;71.38
1401;21/01/1963;;79.07
1401;22/01/1963;;70.3
1401;23/01/1963;;73.03
1401;24/01/1963;;71.94
1401;25/01/1963;;79.08
1401;26/01/1963;;72.48
1401;27/01/1963;;75.17
1401;28/01/1963;;63.84
1401;29/01/1963;;68.08
1401;30/01/1963;;61.88
1401;31/01/1963;;66.89
1401;01/02/1963;;66.14
1401;02/02/1963;;53.16
1401;03/02/1963;;73.69
1401;04/02/1963;;52.43
1401;05/02/1963;;59.97
1401;06/02/1963;;64.63
1401;07/02/1963;;64.27
1401;08/02/1963;;61.51
1401;09/02/1963;;82.22
1401;10/02/1963;;89.17
1401;11/02/1963;;81.51
1401;12/02/1963;;73.82
1401;13/02/1963;;76.64
1401;14/02/1963;;80
1401;15/02/1963;;57.81
1401;16/02/1963;;40
1401;17/02/1963;;63.11
1401;18/02/1963;;73.5
1401;19/02/1963;;55
1401;20/02/1963;;54
1401;21/02/1963;;66
1401;22/02/1963;;71
1401;23/02/1963;;68
1401;24/02/1963;;69
1401;25/02/1963;;70
1401;26/02/1963;;70
1401;27/02/1963;;44.41
1401;28/02/1963;;17.78
1401;01/03/1963;;7.96
1401;02/03/1963;;0
1401;03/03/1963;;0
1401;04/03/1963;;0
1401;05/03/1963;;0
1401;06/03/1963;;0
1401;07/03/1963;;0
1401;08/03/1963;;0
1401;09/03/1963;;0
1401;10/03/1963;;0
1401;11/03/1963;;0
1401;12/03/1963;;0
1401;13/03/1963;;0
1401;14/03/1963;;0
1401;15/03/1963;;10.8
1401;16/03/1963;;70
1401;17/03/1963;;60
1401;18/03/1963;;55
1401;19/03/1963;;25
1401;20/03/1963;;35
1401;21/03/1963;;61.97
1401;22/03/1963;;26.27
1401;23/03/1963;;51.22
1401;24/03/1963;;44.08
1401;25/03/1963;;10
1401;26/03/1963;;24.38
1401;27/03/1963;;35.06
1401;28/03/1963;;66.89
1401;29/03/1963;;28.07
1401;30/03/1963;;19.36
1401;31/03/1963;;37.14
1401;01/04/1963;;16.07
1401;02/04/1963;;11.22
1401;03/04/1963;;24.15
1401;04/04/1963;;35.93
1401;05/04/1963;;37.85
1401;06/04/1963;;35.58
1401;07/04/1963;;44.74
1401;08/04/1963;;74.27
1401;09/04/1963;;58
1401;10/04/1963;;35.22
1401;11/04/1963;;46.15
1401;12/04/1963;;71.18
1401;13/04/1963;;79.54
1401;14/04/1963;;64.27
1401;15/04/1963;;62.3
1401;16/04/1963;;72.1
1401;17/04/1963;;37.32
1401;18/04/1963;;7.02
1401;19/04/1963;;44
1401;20/04/1963;;30
1401;21/04/1963;;27
1401;22/04/1963;;15
1401;23/04/1963;;30
1401;24/04/1963;;2.15
1401;25/04/1963;;10
1401;26/04/1963;;0
1401;27/04/1963;;0
1401;28/04/1963;;0
1401;29/04/1963;;0
1401;30/04/1963;;0
1401;01/05/1963;;0
1401;02/05/1963;;0
1401;03/05/1963;;0
1401;04/05/1963;;0
1401;05/05/1963;;0
1401;06/05/1963;;0
1401;07/05/1963;;13.12
1401;08/05/1963;;44.29
1401;09/05/1963;;43.34
1401;10/05/1963;;59.12
1401;11/05/1963;;57.44
1401;12/05/1963;;80
1401;13/05/1963;;47.23
1401;14/05/1963;;41.39
1401;15/05/1963;;59.09
1401;16/05/1963;;57.13
1401;17/05/1963;;55.13
1401;18/05/1963;;62.37
1401;19/05/1963;;55.79
1401;20/05/1963;;52.07
1401;21/05/1963;;51.63
1401;22/05/1963;;70.39
1401;23/05/1963;;54.56
1401;24/05/1963;;32.28
1401;25/05/1963;;67.02
1401;26/05/1963;;61.74
1401;27/05/1963;;28.54
1401;28/05/1963;;53.69
1401;29/05/1963;;69.9
1401;30/05/1963;;68.14
1401;31/05/1963;;69.03
1401;01/06/1963;;65.6
1401;02/06/1963;;55.95
1401;03/06/1963;;72.98
1401;04/06/1963;;74.46
1401;05/06/1963;;67.6
1401;06/06/1963;;66.11
1401;07/06/1963;;78.28
1401;08/06/1963;;79.24
1401;09/06/1963;;60.47
1401;10/06/1963;;58.15
1401;11/06/1963;;68.37
1401;12/06/1963;;71.94
1401;13/06/1963;;72.32
1401;14/06/1963;;64.79
1401;15/06/1963;;69.15
1401;16/06/1963;;78.68
1401;17/06/1963;;55.12
1401;18/06/1963;;71.36
1401;19/06/1963;;72.78
1401;20/06/1963;;63.35
1401;21/06/1963;;61.25
1401;22/06/1963;;57.27
1401;23/06/1963;;57.55
1401;24/06/1963;;12.28
1401;25/06/1963;;42.08
1401;26/06/1963;;49.59
1401;27/06/1963;;47.76
1401;28/06/1963;;47.27
1401;29/06/1963;;21.2
1401;30/06/1963;;14.2
1401;01/07/1963;;57.31
1401;02/07/1963;;46.08
1401;03/07/1963;;35.7
1401;04/07/1963;;34.93
1401;05/07/1963;;29.2
1401;06/07/1963;;28.75
1401;07/07/1963;;34.62
1401;08/07/1963;;31.67
1401;09/07/1963;;40.25
1401;10/07/1963;;53.52
1401;11/07/1963;;45.98
1401;12/07/1963;;41.18
1401;13/07/1963;;43.28
1401;14/07/1963;;23.72
1401;15/07/1963;;31.34
1401;16/07/1963;;47.22
1401;17/07/1963;;48.3
1401;18/07/1963;;26.09
1401;19/07/1963;;31.72
1401;20/07/1963;;47.45
1401;21/07/1963;;25.43
1401;22/07/1963;;21.21
1401;23/07/1963;;44.29
1401;24/07/1963;;41.02
1401;25/07/1963;;30.38
1401;26/07/1963;;24.2
1401;27/07/1963;;36.04
1401;28/07/1963;;23.06
1401;29/07/1963;;12.93
1401;30/07/1963;;41.63
1401;31/07/1963;;38.57
1401;01/08/1963;;38.13
1401;02/08/1963;;38.82
1401;03/08/1963;;41.7
1401;04/08/1963;;32.61
1401;05/08/1963;;25.12
1401;06/08/1963;;44.67
1401;07/08/1963;;45.49
1401;08/08/1963;;33.45
1401;09/08/1963;;29.43
1401;10/08/1963;;25.99
1401;11/08/1963;;21.71
1401;12/08/1963;;14.22
1401;13/08/1963;;33.96
1401;14/08/1963;;40.1
1401;15/08/1963;;20.21
1401;16/08/1963;;21.78
1401;17/08/1963;;34.6
1401;18/08/1963;;21.02
1401;19/08/1963;;17.97
1401;20/08/1963;;43.6
1401;21/08/1963;;33.63
1401;22/08/1963;;34.15
1401;23/08/1963;;31.5
1401;24/08/1963;;30.69
1401;25/08/1963;;35.18
1401;26/08/1963;;25.15
1401;27/08/1963;;29.34
1401;28/08/1963;;29.06
1401;29/08/1963;;32.14
1401;30/08/1963;;29.1
1401;31/08/1963;;42
1401;01/09/1963;;36.04
1401;02/09/1963;;19.82
1401;03/09/1963;;31.34
1401;04/09/1963;;35
1401;05/09/1963;;34.38
1401;06/09/1963;;48.74
1401;07/09/1963;;51.11
1401;08/09/1963;;33.91
1401;09/09/1963;;21.76
1401;10/09/1963;;30.66
1401;11/09/1963;;33.37
1401;12/09/1963;;42.15
1401;13/09/1963;;42.24
1401;14/09/1963;;31.92
1401;15/09/1963;;32.97
1401;16/09/1963;;32.78
1401;17/09/1963;;37.84
1401;18/09/1963;;36.28
1401;19/09/1963;;51.91
1401;20/09/1963;;53.41
1401;21/09/1963;;52.73
1401;22/09/1963;;38.92
1401;23/09/1963;;31.99
1401;24/09/1963;;47.61
1401;25/09/1963;;45.57
1401;26/09/1963;;45.66
1401;27/09/1963;;40.83
1401;28/09/1963;;46.39
1401;29/09/1963;;37.42
1401;30/09/1963;;18.21
1401;01/10/1963;;40.28
1401;02/10/1963;;40.09
1401;03/10/1963;;49.61
1401;04/10/1963;;59.1
1401;05/10/1963;;63.12
1401;06/10/1963;;41.42
1401;07/10/1963;;27.86
1401;08/10/1963;;47.52
1401;09/10/1963;;54.51
1401;10/10/1963;;60.33
1401;11/10/1963;;60.29
1401;12/10/1963;;68.9
1401;13/10/1963;;29.75
1401;14/10/1963;;2.98
1401;15/10/1963;;29
1401;16/10/1963;;46.67
1401;17/10/1963;;56.63
1401;18/10/1963;;51.47
1401;19/10/1963;;54.47
1401;20/10/1963;;61.94
1401;21/10/1963;;52.18
1401;22/10/1963;;43.7
1401;23/10/1963;;49.53
1401;24/10/1963;;46.42
1401;25/10/1963;;58.95
1401;26/10/1963;;64.64
1401;27/10/1963;;59.2
1401;28/10/1963;;59.65
1401;29/10/1963;;58.05
1401;30/10/1963;;59.38
1401;31/10/1963;;64.62
1401;01/11/1963;;68.96
1401;02/11/1963;;67.08
1401;03/11/1963;;67.15
1401;04/11/1963;;69.84
1401;05/11/1963;;73.94
1401;06/11/1963;;73.64
1401;07/11/1963;;72.27
1401;08/11/1963;;70
1401;09/11/1963;;70
1401;10/11/1963;;80
1401;11/11/1963;;45.88
1401;12/11/1963;;35.36
1401;13/11/1963;;70
1401;14/11/1963;;70
1401;15/11/1963;;60
1401;16/11/1963;;72.2
1401;17/11/1963;;79.92
1401;18/11/1963;;60
1401;19/11/1963;;67.6
1401;20/11/1963;;74.89
1401;21/11/1963;;74.66
1401;22/11/1963;;75
1401;23/11/1963;;75
1401;24/11/1963;;75
1401;25/11/1963;;74.84
1401;26/11/1963;;61.45
1401;27/11/1963;;58.88
1401;28/11/1963;;74.92
1401;29/11/1963;;74.85
1401;30/11/1963;;75
1401;01/12/1963;;62.71
1401;02/12/1963;;44.52
1401;03/12/1963;;38.31
1401;04/12/1963;;44.56
1401;05/12/1963;;38.92
1401;06/12/1963;;0
1401;07/12/1963;;14.97
1401;08/12/1963;;24.02
1401;09/12/1963;;56.51
1401;10/12/1963;;49.81
1401;11/12/1963;;0
1401;12/12/1963;;20.12
1401;13/12/1963;;42.08
1401;14/12/1963;;43
1401;15/12/1963;;22.15
1401;16/12/1963;;33.27
1401;17/12/1963;;35.62
1401;18/12/1963;;31.12
1401;19/12/1963;;36.28
1401;20/12/1963;;33.91
1401;21/12/1963;;23.46
1401;22/12/1963;;72
1401;23/12/1963;;40.78
1401;24/12/1963;;42
1401;25/12/1963;;70.59
1401;26/12/1963;;54.66
1401;27/12/1963;;45.47
1401;28/12/1963;;47.81
1401;29/12/1963;;66.26
1401;30/12/1963;;69.56
1401;31/12/1963;;73.5
1401;01/01/1964;;72.94
1401;02/01/1964;;72.82
1401;03/01/1964;;73.5
1401;04/01/1964;;73.74
1401;05/01/1964;;63.75
1401;06/01/1964;;68.34
1401;07/01/1964;;53.5
1401;08/01/1964;;74.47
1401;09/01/1964;;73.49
1401;10/01/1964;;66.19
1401;11/01/1964;;71.67
1401;12/01/1964;;60.17
1401;13/01/1964;;61
1401;14/01/1964;;75
1401;15/01/1964;;80
1401;16/01/1964;;80
1401;17/01/1964;;79.75
1401;18/01/1964;;78.23
1401;19/01/1964;;79.9
1401;20/01/1964;;71.4
1401;21/01/1964;;78.48
1401;22/01/1964;;76.51
1401;23/01/1964;;74.54
1401;24/01/1964;;72.43
1401;25/01/1964;;74.86
1401;26/01/1964;;65.08
1401;27/01/1964;;61.96
1401;28/01/1964;;68.4
1401;29/01/1964;;70.27
1401;30/01/1964;;70.74
1401;31/01/1964;;76.14
1401;01/02/1964;;74.53
1401;02/02/1964;;70.69
1401;03/02/1964;;43.22
1401;04/02/1964;;67.44
1401;05/02/1964;;70.5
1401;06/02/1964;;71.53
1401;07/02/1964;;74.24
1401;08/02/1964;;75.72
1401;09/02/1964;;68.59
1401;10/02/1964;;18.04
1401;11/02/1964;;56.48
1401;12/02/1964;;62.16
1401;13/02/1964;;64.09
1401;14/02/1964;;58.59
1401;15/02/1964;;71.22
1401;16/02/1964;;69.85
1401;17/02/1964;;76.15
1401;18/02/1964;;79.15
1401;19/02/1964;;69.57
1401;20/02/1964;;73.09
1401;21/02/1964;;73.86
1401;22/02/1964;;79.81
1401;23/02/1964;;68
1401;24/02/1964;;33
1401;25/02/1964;;0
1401;26/02/1964;;0
1401;27/02/1964;;0
1401;28/02/1964;;16.43
1401;29/02/1964;;67.95
1401;01/03/1964;;79.44
1401;02/03/1964;;79.96
1401;03/03/1964;;79.88
1401;04/03/1964;;74.14
1401;05/03/1964;;27.29
1401;06/03/1964;;56.55
1401;07/03/1964;;68.57
1401;08/03/1964;;63.89
1401;09/03/1964;;66.67
1401;10/03/1964;;73.23
1401;11/03/1964;;0
1401;12/03/1964;;0
1401;13/03/1964;;0
1401;14/03/1964;;0
1401;15/03/1964;;0
1401;16/03/1964;;42.35
1401;17/03/1964;;45.16
1401;18/03/1964;;31.94
1401;19/03/1964;;0
1401;20/03/1964;;0
1401;21/03/1964;;0
1401;22/03/1964;;0
1401;23/03/1964;;0
1401;24/03/1964;;0
1401;25/03/1964;;0
1401;26/03/1964;;15.18
1401;27/03/1964;;67.71
1401;28/03/1964;;75
1401;29/03/1964;;60.92
1401;30/03/1964;;58.45
1401;31/03/1964;;58.5
1401;01/04/1964;;65.67
1401;02/04/1964;;63.51
1401;03/04/1964;;59.15
1401;04/04/1964;;62.52
1401;05/04/1964;;68.31
1401;06/04/1964;;72.19
1401;07/04/1964;;70.78
1401;08/04/1964;;68.69
1401;09/04/1964;;77.65
1401;10/04/1964;;73.13
1401;11/04/1964;;69.75
1401;12/04/1964;;68.15
1401;13/04/1964;;64.13
1401;14/04/1964;;73.59
1401;15/04/1964;;71.34
1401;16/04/1964;;66.7
1401;17/04/1964;;60.94
1401;18/04/1964;;52.15
1401;19/04/1964;;18
1401;20/04/1964;;14.15
1401;21/04/1964;;3
1401;22/04/1964;;5.2
1401;23/04/1964;;38.51
1401;24/04/1964;;69.38
1401;25/04/1964;;48.25
1401;26/04/1964;;20.46
1401;27/04/1964;;46.12
1401;28/04/1964;;53.44
1401;29/04/1964;;46.35
1401;30/04/1964;;50.7
1401;01/05/1964;;70.86
1401;02/05/1964;;74.06
1401;03/05/1964;;73.31
1401;04/05/1964;;72.94
1401;05/05/1964;;75
1401;06/05/1964;;72.66
1401;07/05/1964;;73.59
1401;08/05/1964;;68.52
1401;09/05/1964;;75
1401;10/05/1964;;65.53
1401;11/05/1964;;54.56
1401;12/05/1964;;68.04
1401;13/05/1964;;44.02
1401;14/05/1964;;53.6
1401;15/05/1964;;62.89
1401;16/05/1964;;67.89
1401;17/05/1964;;55.58
1401;18/05/1964;;25.84
1401;19/05/1964;;47.22
1401;20/05/1964;;36.22
1401;21/05/1964;;35.01
1401;22/05/1964;;39.88
1401;23/05/1964;;43.72
1401;24/05/1964;;35.75
1401;25/05/1964;;31.27
1401;26/05/1964;;69.6
1401;27/05/1964;;63.58
1401;28/05/1964;;42.73
1401;29/05/1964;;38.19
1401;30/05/1964;;28.44
1401;31/05/1964;;39.52
1401;01/06/1964;;60.58
1401;02/06/1964;;52.27
1401;03/06/1964;;74.76
1401;04/06/1964;;71.18
1401;05/06/1964;;73.55
1401;06/06/1964;;75
1401;07/06/1964;;60.4
1401;08/06/1964;;74.46
1401;09/06/1964;;73.41
1401;10/06/1964;;74.71
1401;11/06/1964;;70.15
1401;12/06/1964;;50.62
1401;13/06/1964;;44.79
1401;14/06/1964;;52.9
1401;15/06/1964;;48.18
1401;16/06/1964;;50.25
1401;17/06/1964;;29.01
1401;18/06/1964;;40.6
1401;19/06/1964;;24.68
1401;20/06/1964;;44.48
1401;21/06/1964;;29.06
1401;22/06/1964;;36.42
1401;23/06/1964;;59.71
1401;24/06/1964;;51.87
1401;25/06/1964;;46.71
1401;26/06/1964;;43.97
1401;27/06/1964;;40.77
1401;28/06/1964;;27.12
1401;29/06/1964;;2.79
1401;30/06/1964;;22.96
1401;01/07/1964;;47.22
1401;02/07/1964;;29.22
1401;03/07/1964;;37.21
1401;04/07/1964;;49.52
1401;05/07/1964;;32.38
1401;06/07/1964;;34.45
1401;07/07/1964;;42.82
1401;08/07/1964;;50.36
1401;09/07/1964;;45.17
1401;10/07/1964;;45.44
1401;11/07/1964;;50.89
1401;12/07/1964;;43.6
1401;13/07/1964;;39.14
1401;14/07/1964;;44.48
1401;15/07/1964;;36.2
1401;16/07/1964;;38.93
1401;17/07/1964;;34.65
1401;18/07/1964;;3.01
1401;19/07/1964;;15.73
1401;20/07/1964;;5.71
1401;21/07/1964;;39.48
1401;22/07/1964;;31.8
1401;23/07/1964;;42.21
1401;24/07/1964;;45.25
1401;25/07/1964;;27.07
1401;26/07/1964;;23.13
1401;27/07/1964;;29.44
1401;28/07/1964;;33.12
1401;29/07/1964;;39.28
1401;30/07/1964;;43.06
1401;31/07/1964;;41.3
1401;01/08/1964;;39.73
1401;02/08/1964;;27.89
1401;03/08/1964;;15.65
1401;04/08/1964;;34.92
1401;05/08/1964;;37.93
1401;06/08/1964;;34.97
1401;07/08/1964;;20.89
1401;08/08/1964;;34.24
1401;09/08/1964;;18.87
1401;10/08/1964;;18.86
1401;11/08/1964;;35.97
1401;12/08/1964;;38.43
1401;13/08/1964;;51.61
1401;14/08/1964;;57.98
1401;15/08/1964;;14.27
1401;16/08/1964;;2.31
1401;17/08/1964;;22.59
1401;18/08/1964;;58.93
1401;19/08/1964;;55.5
1401;20/08/1964;;43.27
1401;21/08/1964;;38.9
1401;22/08/1964;;45.45
1401;23/08/1964;;18.44
1401;24/08/1964;;26.01
1401;25/08/1964;;51.3
1401;26/08/1964;;31.8
1401;27/08/1964;;46.79
1401;28/08/1964;;40.86
1401;29/08/1964;;53.5
1401;30/08/1964;;13.85
1401;31/08/1964;;28.86
1401;01/09/1964;;46.58
1401;02/09/1964;;46.89
1401;03/09/1964;;48.58
1401;04/09/1964;;43.78
1401;05/09/1964;;59.22
1401;06/09/1964;;21.86
1401;07/09/1964;;26.46
1401;08/09/1964;;40.96
1401;09/09/1964;;50.36
1401;10/09/1964;;54.21
1401;11/09/1964;;49.05
1401;12/09/1964;;51.42
1401;13/09/1964;;19.51
1401;14/09/1964;;36.48
1401;15/09/1964;;47.71
1401;16/09/1964;;48.29
1401;17/09/1964;;45.6
1401;18/09/1964;;49.74
1401;19/09/1964;;58.38
1401;20/09/1964;;20.68
1401;21/09/1964;;28.53
1401;22/09/1964;;39.85
1401;23/09/1964;;41.13
1401;24/09/1964;;46.82
1401;25/09/1964;;45.93
1401;26/09/1964;;55.26
1401;27/09/1964;;31.85
1401;28/09/1964;;24.49
1401;29/09/1964;;47.84
1401;30/09/1964;;49.76
1401;01/10/1964;;40.22
1401;02/10/1964;;43.88
1401;03/10/1964;;51.49
1401;04/10/1964;;21.87
1401;05/10/1964;;28.06
1401;06/10/1964;;42.69
1401;07/10/1964;;52.4
1401;08/10/1964;;56.98
1401;09/10/1964;;33.76
1401;10/10/1964;;13.12
1401;11/10/1964;;23.41
1401;12/10/1964;;55.2
1401;13/10/1964;;63
1401;14/10/1964;;63.73
1401;15/10/1964;;67.05
1401;16/10/1964;;68.31
1401;17/10/1964;;74.47
1401;18/10/1964;;46.71
1401;19/10/1964;;46.47
1401;20/10/1964;;46.68
1401;21/10/1964;;54.73
1401;22/10/1964;;47.68
1401;23/10/1964;;60.43
1401;24/10/1964;;58.77
1401;25/10/1964;;34.29
1401;26/10/1964;;30.39
1401;27/10/1964;;38.22
1401;28/10/1964;;7.83
1401;29/10/1964;;20.73
1401;30/10/1964;;17.98
1401;31/10/1964;;31.38
1401;01/11/1964;;10.13
1401;02/11/1964;;30.6
1401;03/11/1964;;11.51
1401;04/11/1964;;20.71
1401;05/11/1964;;20.69
1401;06/11/1964;;18.52
1401;07/11/1964;;42.09
1401;08/11/1964;;40.42
1401;09/11/1964;;33.37
1401;10/11/1964;;33.03
1401;11/11/1964;;28.17
1401;12/11/1964;;33.59
1401;13/11/1964;;34.35
1401;14/11/1964;;40.08
1401;15/11/1964;;19.28
1401;16/11/1964;;35.24
1401;17/11/1964;;32.98
1401;18/11/1964;;34.15
1401;19/11/1964;;23.27
1401;20/11/1964;;22.79
1401;21/11/1964;;21.72
1401;22/11/1964;;7.07
1401;23/11/1964;;26.82
1401;24/11/1964;;24.33
1401;25/11/1964;;23.22
1401;26/11/1964;;22.57
1401;27/11/1964;;30.81
1401;28/11/1964;;24.71
1401;29/11/1964;;19.84
1401;30/11/1964;;30.27
1401;01/12/1964;;31.56
1401;02/12/1964;;30.59
1401;03/12/1964;;28.63
1401;04/12/1964;;39.42
1401;05/12/1964;;25.33
1401;06/12/1964;;39.34
1401;07/12/1964;;45.3
1401;08/12/1964;;39.22
1401;09/12/1964;;41.19
1401;10/12/1964;;56.38
1401;11/12/1964;;51.45
1401;12/12/1964;;27.36
1401;13/12/1964;;37.37
1401;14/12/1964;;20.74
1401;15/12/1964;;21.24
1401;16/12/1964;;22.48
1401;17/12/1964;;26.67
1401;18/12/1964;;29.4
1401;19/12/1964;;29.43
1401;20/12/1964;;6.8
1401;21/12/1964;;24.18
1401;22/12/1964;;23.05
1401;23/12/1964;;18.5
1401;24/12/1964;;14.9
1401;25/12/1964;;13.96
1401;26/12/1964;;23.75
1401;27/12/1964;;14.96
1401;28/12/1964;;24.55
1401;29/12/1964;;28.05
1401;30/12/1964;;31.73
1401;31/12/1964;;45.23
1401;01/01/1965;;22.4
1401;02/01/1965;;68
1401;03/01/1965;;67.85
1401;04/01/1965;;48.18
1401;05/01/1965;;48.19
1401;06/01/1965;;49.75
1401;07/01/1965;;27.72
1401;08/01/1965;;38.98
1401;09/01/1965;;37.11
1401;10/01/1965;;18.57
1401;11/01/1965;;34.36
1401;12/01/1965;;39.84
1401;13/01/1965;;35.27
1401;14/01/1965;;56.69
1401;15/01/1965;;45.31
1401;16/01/1965;;32.63
1401;17/01/1965;;8.22
1401;18/01/1965;;8.89
1401;19/01/1965;;64
1401;20/01/1965;;55.6
1401;21/01/1965;;63.14
1401;22/01/1965;;67.17
1401;23/01/1965;;75.94
1401;24/01/1965;;76.97
1401;25/01/1965;;75
1401;26/01/1965;;75
1401;27/01/1965;;75
1401;28/01/1965;;75
1401;29/01/1965;;74.63
1401;30/01/1965;;75.94
1401;31/01/1965;;75
1401;01/02/1965;;75
1401;02/02/1965;;74.31
1401;03/02/1965;;75
1401;04/02/1965;;75
1401;05/02/1965;;75
1401;06/02/1965;;73.98
1401;07/02/1965;;74.9
1401;08/02/1965;;75
1401;09/02/1965;;66.77
1401;10/02/1965;;73.46
1401;11/02/1965;;69.84
1401;12/02/1965;;73.63
1401;13/02/1965;;72.51
1401;14/02/1965;;70.59
1401;15/02/1965;;55.52
1401;16/02/1965;;65.24
1401;17/02/1965;;69.66
1401;18/02/1965;;74.73
1401;19/02/1965;;74.17
1401;20/02/1965;;75
1401;21/02/1965;;71.19
1401;22/02/1965;;59.79
1401;23/02/1965;;72.09
1401;24/02/1965;;74.09
1401;25/02/1965;;75
1401;26/02/1965;;70.44
1401;27/02/1965;;73.52
1401;28/02/1965;;44.19
1401;01/03/1965;;56.43
1401;02/03/1965;;73.61
1401;03/03/1965;;70.07
1401;04/03/1965;;71.9
1401;05/03/1965;;71.79
1401;06/03/1965;;74.14
1401;07/03/1965;;73.58
1401;08/03/1965;;58
1401;09/03/1965;;66.72
1401;10/03/1965;;64.7
1401;11/03/1965;;58.32
1401;12/03/1965;;49.83
1401;13/03/1965;;57.02
1401;14/03/1965;;71.37
1401;15/03/1965;;73.48
1401;16/03/1965;;4.92
1401;17/03/1965;;30.84
1401;18/03/1965;;59.79
1401;19/03/1965;;73.25
1401;20/03/1965;;74
1401;21/03/1965;;72.26
1401;22/03/1965;;73.87
1401;23/03/1965;;31.91
1401;24/03/1965;;43.04
1401;25/03/1965;;31.06
1401;26/03/1965;;14.39
1401;27/03/1965;;50.28
1401;28/03/1965;;71.58
1401;29/03/1965;;68.46
1401;30/03/1965;;73.66
1401;31/03/1965;;66.59
1401;01/04/1965;;46.49
1401;02/04/1965;;68.58
1401;03/04/1965;;54.03
1401;04/04/1965;;73.96
1401;05/04/1965;;68.36
1401;06/04/1965;;76.42
1401;07/04/1965;;73.87
1401;08/04/1965;;72.46
1401;09/04/1965;;74.16
1401;10/04/1965;;75
1401;11/04/1965;;74.19
1401;12/04/1965;;73.86
1401;13/04/1965;;74.13
1401;14/04/1965;;75
1401;15/04/1965;;75
1401;16/04/1965;;72.45
1401;17/04/1965;;75
1401;18/04/1965;;61.92
1401;19/04/1965;;72.91
1401;20/04/1965;;75
1401;21/04/1965;;73.1
1401;22/04/1965;;73.74
1401;23/04/1965;;73
1401;24/04/1965;;73.86
1401;25/04/1965;;41.38
1401;26/04/1965;;61.6
1401;27/04/1965;;70.16
1401;28/04/1965;;66.67
1401;29/04/1965;;55.9
1401;30/04/1965;;70.13
1401;01/05/1965;;53.69
1401;02/05/1965;;34.5
1401;03/05/1965;;64.87
1401;04/05/1965;;43.84
1401;05/05/1965;;63.89
1401;06/05/1965;;71.49
1401;07/05/1965;;64.52
1401;08/05/1965;;51.62
1401;09/05/1965;;22.03
1401;10/05/1965;;44.3
1401;11/05/1965;;58.27
1401;12/05/1965;;44.41
1401;13/05/1965;;40.14
1401;14/05/1965;;42.22
1401;15/05/1965;;45.85
1401;16/05/1965;;46.96
1401;17/05/1965;;14.34
1401;18/05/1965;;45
1401;19/05/1965;;45.65
1401;20/05/1965;;40.44
1401;21/05/1965;;44.1
1401;22/05/1965;;28.24
1401;23/05/1965;;8
1401;24/05/1965;;28.42
1401;25/05/1965;;46.93
1401;26/05/1965;;44.18
1401;27/05/1965;;24.83
1401;28/05/1965;;31.97
1401;29/05/1965;;33.84
1401;30/05/1965;;17.48
1401;31/05/1965;;19.33
1401;01/06/1965;;33.24
1401;02/06/1965;;29.03
1401;03/06/1965;;44.04
1401;04/06/1965;;33.83
1401;05/06/1965;;34.47
1401;06/06/1965;;20.6
1401;07/06/1965;;21.49
1401;08/06/1965;;40.13
1401;09/06/1965;;33.61
1401;10/06/1965;;35.11
1401;11/06/1965;;37.31
1401;12/06/1965;;36.59
1401;13/06/1965;;19.81
1401;14/06/1965;;20.31
1401;15/06/1965;;34.19
1401;16/06/1965;;31.81
1401;17/06/1965;;8.34
1401;18/06/1965;;11.54
1401;19/06/1965;;29.97
1401;20/06/1965;;16.52
1401;21/06/1965;;12.48
1401;22/06/1965;;11.95
1401;23/06/1965;;10.77
1401;24/06/1965;;27.05
1401;25/06/1965;;13.68
1401;26/06/1965;;2.23
1401;27/06/1965;;11.22
1401;28/06/1965;;9.55
1401;29/06/1965;;19.63
1401;30/06/1965;;16.78
1401;01/07/1965;;26.78
1401;02/07/1965;;27.86
1401;03/07/1965;;42.74
1401;04/07/1965;;17.48
1401;05/07/1965;;9.4
1401;06/07/1965;;5.41
1401;07/07/1965;;7.67
1401;08/07/1965;;2.98
1401;09/07/1965;;4.91
1401;10/07/1965;;0.3
1401;11/07/1965;;1.06
1401;12/07/1965;;1.7
1401;13/07/1965;;2.47
1401;14/07/1965;;1.44
1401;15/07/1965;;2.86
1401;16/07/1965;;0.43
1401;17/07/1965;;0.21
1401;18/07/1965;;8.82
1401;19/07/1965;;24.13
1401;20/07/1965;;31.27
1401;21/07/1965;;33.21
1401;22/07/1965;;28.33
1401;23/07/1965;;18.57
1401;24/07/1965;;25.79
1401;25/07/1965;;9.07
1401;26/07/1965;;0.93
1401;27/07/1965;;17.15
1401;28/07/1965;;30.23
1401;29/07/1965;;23.85
1401;30/07/1965;;26.36
1401;31/07/1965;;28.82
1401;01/08/1965;;5.42
1401;02/08/1965;;3.61
1401;03/08/1965;;5.07
1401;05/08/1965;;1.58
1401;06/08/1965;;1.12
1401;07/08/1965;;4.25
1401;08/08/1965;;1.73
1401;09/08/1965;;8.33
1401;10/08/1965;;2.28
1401;11/08/1965;;1.61
1401;12/08/1965;;2.28
1401;13/08/1965;;8.57
1401;14/08/1965;;29.55
1401;15/08/1965;;20.73
1401;16/08/1965;;22.8
1401;17/08/1965;;35.58
1401;18/08/1965;;35.81
1401;19/08/1965;;34.96
1401;20/08/1965;;28.3
1401;21/08/1965;;25.43
1401;22/08/1965;;23.66
1401;23/08/1965;;9.53
1401;24/08/1965;;21.13
1401;25/08/1965;;20.18
1401;26/08/1965;;16.6
1401;27/08/1965;;33.36
1401;28/08/1965;;33.03
1401;29/08/1965;;14.09
1401;30/08/1965;;7.01
1401;31/08/1965;;15.64
1401;01/09/1965;;31.52
1401;02/09/1965;;37.95
1401;03/09/1965;;32.47
1401;04/09/1965;;26.5
1401;05/09/1965;;9.74
1401;06/09/1965;;18.61
1401;07/09/1965;;27.99
1401;08/09/1965;;24.46
1401;09/09/1965;;29.52
1401;10/09/1965;;30.39
1401;11/09/1965;;42.19
1401;12/09/1965;;20.3
1401;13/09/1965;;17.99
1401;14/09/1965;;39.34
1401;15/09/1965;;29.65
1401;16/09/1965;;43.86
1401;17/09/1965;;44.1
1401;18/09/1965;;32.54
1401;19/09/1965;;14.16
1401;20/09/1965;;5.21
1401;21/09/1965;;38.76
1401;22/09/1965;;39.26
1401;23/09/1965;;17.37
1401;24/09/1965;;40.02
1401;25/09/1965;;24.97
1401;26/09/1965;;7.81
1401;27/09/1965;;18.47
1401;28/09/1965;;24.22
1401;29/09/1965;;20.49
1401;30/09/1965;;70.93
1401;01/10/1965;;68.19
1401;02/10/1965;;42.59
1401;03/10/1965;;20.65
1401;04/10/1965;;12.67
1401;05/10/1965;;74.8
1401;06/10/1965;;62.28
1401;07/10/1965;;59.54
1401;08/10/1965;;34.35
1401;09/10/1965;;35.4
1401;10/10/1965;;23.79
1401;11/10/1965;;25.33
1401;12/10/1965;;35.24
1401;13/10/1965;;38.72
1401;14/10/1965;;43.98
1401;15/10/1965;;38.13
1401;16/10/1965;;36.66
1401;17/10/1965;;32.71
1401;18/10/1965;;27.04
1401;19/10/1965;;44.07
1401;20/10/1965;;37.32
1401;21/10/1965;;42.58
1401;22/10/1965;;45.38
1401;23/10/1965;;43.88
1401;24/10/1965;;26.03
1401;25/10/1965;;36.11
1401;26/10/1965;;39.94
1401;27/10/1965;;44.3
1401;28/10/1965;;43.06
1401;29/10/1965;;48.51
1401;30/10/1965;;48.87
1401;31/10/1965;;17.06
1401;01/11/1965;;10.49
1401;02/11/1965;;21.81
1401;03/11/1965;;22.5
1401;04/11/1965;;21.06
1401;05/11/1965;;31.44
1401;06/11/1965;;34.87
1401;07/11/1965;;20.27
1401;08/11/1965;;31.9
1401;09/11/1965;;51.13
1401;10/11/1965;;43.19
1401;11/11/1965;;43.88
1401;12/11/1965;;42.61
1401;13/11/1965;;64.62
1401;14/11/1965;;30.31
1401;15/11/1965;;68.87
1401;16/11/1965;;65.72
1401;17/11/1965;;67.04
1401;18/11/1965;;56.15
1401;19/11/1965;;58.42
1401;20/11/1965;;55
1401;21/11/1965;;50.75
1401;22/11/1965;;59.28
1401;23/11/1965;;40.41
1401;24/11/1965;;64.13
1401;25/11/1965;;65.56
1401;26/11/1965;;66.62
1401;27/11/1965;;66.85
1401;28/11/1965;;76.81
1401;29/11/1965;;70.39
1401;30/11/1965;;60.63
1401;01/12/1965;;72.44
1401;02/12/1965;;81.93
1401;03/12/1965;;3.09
1401;04/12/1965;;47.81
1401;05/12/1965;;1.29
1401;06/12/1965;;10.52
1401;07/12/1965;;0
1401;08/12/1965;;0
1401;09/12/1965;;48.7
1401;10/12/1965;;17.77
1401;11/12/1965;;38.95
1401;12/12/1965;;16.12
1401;13/12/1965;;30.78
1401;14/12/1965;;56.34
1401;15/12/1965;;34.16
1401;16/12/1965;;62.37
1401;17/12/1965;;52.93
1401;18/12/1965;;60.95
1401;19/12/1965;;67.05
1401;20/12/1965;;61.19
1401;21/12/1965;;60.05
1401;22/12/1965;;46.8
1401;23/12/1965;;49.58
1401;24/12/1965;;54.57
1401;25/12/1965;;35.93
1401;26/12/1965;;0
1401;27/12/1965;;8.9
1401;28/12/1965;;0
1401;29/12/1965;;24.24
1401;30/12/1965;;28.44
1401;31/12/1965;;20.69
1401;01/01/1966;;24.26
1401;02/01/1966;;22.8
1401;03/01/1966;;54.86
1401;04/01/1966;;54.19
1401;05/01/1966;;55.66
1401;06/01/1966;;74.32
1401;07/01/1966;;65.11
1401;08/01/1966;;62.79
1401;09/01/1966;;39.76
1401;10/01/1966;;64
1401;11/01/1966;;32.87
1401;12/01/1966;;0
1401;13/01/1966;;0
1401;14/01/1966;;1.51
1401;15/01/1966;;5.37
1401;16/01/1966;;11.44
1401;17/01/1966;;29.72
1401;18/01/1966;;33.33
1401;19/01/1966;;45.06
1401;20/01/1966;;36.05
1401;21/01/1966;;5.99
1401;22/01/1966;;0
1401;23/01/1966;;28.88
1401;24/01/1966;;0
1401;25/01/1966;;0
1401;26/01/1966;;0
1401;27/01/1966;;0
1401;28/01/1966;;0
1401;29/01/1966;;0
1401;30/01/1966;;0
1401;31/01/1966;;0
1401;01/02/1966;;0
1401;02/02/1966;;0
1401;03/02/1966;;0
1401;04/02/1966;;0
1401;05/02/1966;;13.39
1401;06/02/1966;;54.43
1401;07/02/1966;;35.46
1401;08/02/1966;;0
1401;09/02/1966;;0
1401;10/02/1966;;20.63
1401;11/02/1966;;0
1401;12/02/1966;;0
1401;13/02/1966;;0
1401;14/02/1966;;0
1401;15/02/1966;;0
1401;16/02/1966;;0
1401;17/02/1966;;0
1401;18/02/1966;;0
1401;19/02/1966;;0
1401;20/02/1966;;0
1401;21/02/1966;;0
1401;22/02/1966;;0
1401;23/02/1966;;0
1401;24/02/1966;;0
1401;25/02/1966;;0
1401;26/02/1966;;0
1401;27/02/1966;;0
1401;28/02/1966;;0
1401;01/03/1966;;0
1401;02/03/1966;;48.13
1401;03/03/1966;;40.95
1401;04/03/1966;;38.99
1401;05/03/1966;;37.66
1401;06/03/1966;;45.61
1401;07/03/1966;;30.07
1401;08/03/1966;;0
1401;09/03/1966;;41.53
1401;10/03/1966;;19.57
1401;11/03/1966;;24.27
1401;12/03/1966;;55.41
1401;13/03/1966;;74.94
1401;14/03/1966;;65.11
1401;15/03/1966;;68.52
1401;16/03/1966;;68.53
1401;17/03/1966;;72.27
1401;18/03/1966;;61.68
1401;19/03/1966;;71.39
1401;20/03/1966;;79.05
1401;21/03/1966;;68.31
1401;22/03/1966;;66.45
1401;23/03/1966;;64.38
1401;24/03/1966;;68.45
1401;25/03/1966;;76.92
1401;26/03/1966;;80.43
1401;27/03/1966;;63.88
1401;28/03/1966;;72.56
1401;29/03/1966;;81.59
1401;30/03/1966;;71.07
1401;31/03/1966;;67.1
1401;01/04/1966;;69.44
1401;02/04/1966;;73.22
1401;03/04/1966;;79.01
1401;04/04/1966;;79.06
1401;05/04/1966;;77.65
1401;06/04/1966;;78.88
1401;07/04/1966;;79.71
1401;08/04/1966;;80
1401;09/04/1966;;71.28
1401;10/04/1966;;0
1401;11/04/1966;;0
1401;12/04/1966;;16.21
1401;13/04/1966;;0
1401;14/04/1966;;68.76
1401;15/04/1966;;60.45
1401;16/04/1966;;48.93
1401;17/04/1966;;73.26
1401;18/04/1966;;78.08
1401;19/04/1966;;68.06
1401;20/04/1966;;72.79
1401;21/04/1966;;77.02
1401;22/04/1966;;52.7
1401;23/04/1966;;65.63
1401;24/04/1966;;51.51
1401;25/04/1966;;66.9
1401;26/04/1966;;52.81
1401;27/04/1966;;58.35
1401;28/04/1966;;52.94
1401;29/04/1966;;50.4
1401;30/04/1966;;50.02
1401;01/05/1966;;52.38
1401;02/05/1966;;67.34
1401;03/05/1966;;74.42
1401;04/05/1966;;73.81
1401;05/05/1966;;78.99
1401;06/05/1966;;76.61
1401;07/05/1966;;76.25
1401;08/05/1966;;75.57
1401;09/05/1966;;72.08
1401;10/05/1966;;73.83
1401;11/05/1966;;73.42
1401;12/05/1966;;74.08
1401;13/05/1966;;74.8
1401;14/05/1966;;68.97
1401;15/05/1966;;69.55
1401;16/05/1966;;67.59
1401;17/05/1966;;70.51
1401;18/05/1966;;77.26
1401;19/05/1966;;67.62
1401;20/05/1966;;72.09
1401;21/05/1966;;85.97
1401;22/05/1966;;78.76
1401;23/05/1966;;63.01
1401;24/05/1966;;74.88
1401;25/05/1966;;78.13
1401;26/05/1966;;74.41
1401;27/05/1966;;58.62
1401;28/05/1966;;71.4
1401;29/05/1966;;58.39
1401;30/05/1966;;61.29
1401;31/05/1966;;72.39
1401;01/06/1966;;61.46
1401;02/06/1966;;52.99
1401;03/06/1966;;51.05
1401;04/06/1966;;68.27
1401;05/06/1966;;69.58
1401;06/06/1966;;60.78
1401;07/06/1966;;55.89
1401;08/06/1966;;70.49
1401;09/06/1966;;78.7
1401;10/06/1966;;76.31
1401;11/06/1966;;79.64
1401;12/06/1966;;56.6
1401;13/06/1966;;72.04
1401;14/06/1966;;80.14
1401;15/06/1966;;74.34
1401;16/06/1966;;75.67
1401;17/06/1966;;81.6
1401;18/06/1966;;73.41
1401;19/06/1966;;46.07
1401;20/06/1966;;64.01
1401;21/06/1966;;74.16
1401;22/06/1966;;80.21
1401;23/06/1966;;76.9
1401;24/06/1966;;80.92
1401;25/06/1966;;80.57
1401;26/06/1966;;79.9
1401;27/06/1966;;53.92
1401;28/06/1966;;48.43
1401;29/06/1966;;47.95
1401;30/06/1966;;49.47
1401;01/07/1966;;60.76
1401;02/07/1966;;58.08
1401;03/07/1966;;46.25
1401;04/07/1966;;60.49
1401;05/07/1966;;59.74
1401;06/07/1966;;55.63
1401;07/07/1966;;56.6
1401;08/07/1966;;53.48
1401;09/07/1966;;53.96
1401;10/07/1966;;24.41
1401;11/07/1966;;37.92
1401;12/07/1966;;61.48
1401;13/07/1966;;60.64
1401;14/07/1966;;49.99
1401;15/07/1966;;57.71
1401;16/07/1966;;60.62
1401;17/07/1966;;37.33
1401;18/07/1966;;20.07
1401;19/07/1966;;26.6
1401;20/07/1966;;33.68
1401;21/07/1966;;39.66
1401;22/07/1966;;43.63
1401;23/07/1966;;43.66
1401;24/07/1966;;44.94
1401;25/07/1966;;38.4
1401;26/07/1966;;27.83
1401;27/07/1966;;37.73
1401;28/07/1966;;43.03
1401;29/07/1966;;42.07
1401;30/07/1966;;54.82
1401;31/07/1966;;39.38
1401;01/08/1966;;23.74
1401;02/08/1966;;46.57
1401;03/08/1966;;47.83
1401;04/08/1966;;44.18
1401;05/08/1966;;41.9
1401;06/08/1966;;49.87
1401;07/08/1966;;14.85
1401;08/08/1966;;27.36
1401;09/08/1966;;33.34
1401;10/08/1966;;27.56
1401;11/08/1966;;31.49
1401;12/08/1966;;39.77
1401;13/08/1966;;40.58
1401;14/08/1966;;21.95
1401;15/08/1966;;23.27
1401;16/08/1966;;21.94
1401;17/08/1966;;27.25
1401;18/08/1966;;28.38
1401;19/08/1966;;7.78
1401;20/08/1966;;17.75
1401;21/08/1966;;23.1
1401;22/08/1966;;10.08
1401;23/08/1966;;27.74
1401;24/08/1966;;25.69
1401;25/08/1966;;25.97
1401;26/08/1966;;38.15
1401;27/08/1966;;36.8
1401;28/08/1966;;6.85
1401;29/08/1966;;22.57
1401;30/08/1966;;39.92
1401;31/08/1966;;33.78
1401;01/09/1966;;29.06
1401;02/09/1966;;26.6
1401;03/09/1966;;31.63
1401;04/09/1966;;11.24
1401;05/09/1966;;35.56
1401;06/09/1966;;31.85
1401;07/09/1966;;36.37
1401;08/09/1966;;33.67
1401;09/09/1966;;37.08
1401;10/09/1966;;38.34
1401;11/09/1966;;25.62
1401;12/09/1966;;23.76
1401;13/09/1966;;27.08
1401;14/09/1966;;33.62
1401;15/09/1966;;34.82
1401;16/09/1966;;36.63
1401;17/09/1966;;31.4
1401;18/09/1966;;14.66
1401;19/09/1966;;16.18
1401;20/09/1966;;13.11
1401;21/09/1966;;4.36
1401;22/09/1966;;0.81
1401;23/09/1966;;3.47
1401;24/09/1966;;18.35
1401;25/09/1966;;16.58
1401;26/09/1966;;27.64
1401;27/09/1966;;33.78
1401;28/09/1966;;33.83
1401;29/09/1966;;19.23
1401;30/09/1966;;41.19
1401;01/10/1966;;51.42
1401;02/10/1966;;51.98
1401;03/10/1966;;29.51
1401;04/10/1966;;50.4
1401;05/10/1966;;55.25
1401;06/10/1966;;47.01
1401;07/10/1966;;46.6
1401;08/10/1966;;47.56
1401;09/10/1966;;28.69
1401;10/10/1966;;26.03
1401;11/10/1966;;35.05
1401;12/10/1966;;5.89
1401;13/10/1966;;17.42
1401;14/10/1966;;52.66
1401;15/10/1966;;51.79
1401;16/10/1966;;15.81
1401;17/10/1966;;25.39
1401;18/10/1966;;47.2
1401;19/10/1966;;53.14
1401;20/10/1966;;47.88
1401;21/10/1966;;71.06
1401;22/10/1966;;61.27
1401;23/10/1966;;48.39
1401;24/10/1966;;24.92
1401;25/10/1966;;71.51
1401;26/10/1966;;72
1401;27/10/1966;;72
1401;28/10/1966;;72
1401;29/10/1966;;71
1401;30/10/1966;;64.97
1401;31/10/1966;;63.53
1401;01/11/1966;;73.75
1401;02/11/1966;;67.93
1401;03/11/1966;;67.12
1401;04/11/1966;;63.2
1401;05/11/1966;;29.04
1401;06/11/1966;;51.91
1401;07/11/1966;;45.37
1401;08/11/1966;;63.29
1401;09/11/1966;;51
1401;10/11/1966;;64.2
1401;11/11/1966;;64.5
1401;12/11/1966;;65.45
1401;13/11/1966;;66
1401;14/11/1966;;69.1
1401;15/11/1966;;73
1401;16/11/1966;;70.3
1401;17/11/1966;;64.16
1401;18/11/1966;;61.68
1401;19/11/1966;;66.23
1401;20/11/1966;;75.47
1401;21/11/1966;;53.89
1401;22/11/1966;;74.54
1401;23/11/1966;;72.11
1401;24/11/1966;;70.5
1401;25/11/1966;;70
1401;26/11/1966;;71.25
1401;27/11/1966;;71.62
1401;28/11/1966;;49.9
1401;29/11/1966;;78.8
1401;30/11/1966;;79.5
1401;01/12/1966;;80
1401;02/12/1966;;79
1401;03/12/1966;;77
1401;04/12/1966;;78
1401;05/12/1966;;77
1401;06/12/1966;;75.52
1401;07/12/1966;;71.79
1401;08/12/1966;;71
1401;09/12/1966;;72.6
1401;10/12/1966;;80
1401;11/12/1966;;78
1401;12/12/1966;;64
1401;13/12/1966;;76
1401;14/12/1966;;79
1401;15/12/1966;;75
1401;16/12/1966;;74.08
1401;17/12/1966;;72.62
1401;18/12/1966;;79.58
1401;19/12/1966;;68.98
1401;20/12/1966;;79
1401;21/12/1966;;78.5
1401;22/12/1966;;79.5
1401;23/12/1966;;71.05
1401;24/12/1966;;72
1401;25/12/1966;;71
1401;26/12/1966;;56
1401;27/12/1966;;66
1401;28/12/1966;;66.9
1401;29/12/1966;;66.2
1401;30/12/1966;;63.6
1401;31/12/1966;;69.06
1401;01/01/1967;;66.63
1401;02/01/1967;;58.75
1401;03/01/1967;;65.1
1401;04/01/1967;;63.53
1401;05/01/1967;;67.57
1401;06/01/1967;;62.8
1401;07/01/1967;;67.6
1401;08/01/1967;;69.4
1401;09/01/1967;;69.3
1401;10/01/1967;;70
1401;11/01/1967;;78.6
1401;12/01/1967;;71.2
1401;13/01/1967;;75.88
1401;14/01/1967;;73.56
1401;15/01/1967;;64.47
1401;16/01/1967;;51.42
1401;17/01/1967;;56.8
1401;18/01/1967;;62.04
1401;19/01/1967;;66.43
1401;20/01/1967;;70.1
1401;21/01/1967;;77.3
1401;22/01/1967;;63.3
1401;23/01/1967;;75.4
1401;24/01/1967;;79
1401;25/01/1967;;79
1401;26/01/1967;;79
1401;27/01/1967;;70.96
1401;28/01/1967;;68.79
1401;29/01/1967;;73.44
1401;30/01/1967;;67.33
1401;31/01/1967;;72.32
1401;01/02/1967;;70.48
1401;02/02/1967;;69.64
1401;03/02/1967;;69.6
1401;04/02/1967;;69.9
1401;05/02/1967;;71.3
1401;06/02/1967;;63.48
1401;07/02/1967;;69.67
1401;08/02/1967;;73.88
1401;09/02/1967;;76.33
1401;10/02/1967;;74.53
1401;11/02/1967;;74.36
1401;12/02/1967;;66.92
1401;13/02/1967;;47.49
1401;14/02/1967;;65.76
1401;15/02/1967;;75.56
1401;16/02/1967;;76.43
1401;17/02/1967;;72.67
1401;18/02/1967;;74.89
1401;19/02/1967;;63.76
1401;20/02/1967;;72.03
1401;21/02/1967;;72.5
1401;22/02/1967;;72.5
1401;23/02/1967;;72.5
1401;24/02/1967;;72.67
1401;25/02/1967;;70.55
1401;26/02/1967;;68.78
1401;27/02/1967;;69.38
1401;28/02/1967;;69.62
1401;01/03/1967;;70.64
1401;02/03/1967;;70.89
1401;03/03/1967;;70.9
1401;04/03/1967;;70.85
1401;05/03/1967;;70.9
1401;06/03/1967;;70.95
1401;07/03/1967;;72.01
1401;08/03/1967;;66.2
1401;09/03/1967;;65.26
1401;10/03/1967;;77.35
1401;11/03/1967;;75.82
1401;12/03/1967;;67.81
1401;13/03/1967;;74.36
1401;14/03/1967;;71.94
1401;15/03/1967;;75.72
1401;16/03/1967;;72.36
1401;17/03/1967;;71.75
1401;18/03/1967;;74.91
1401;19/03/1967;;76.8
1401;20/03/1967;;71.06
1401;21/03/1967;;71.1
1401;22/03/1967;;71.1
1401;23/03/1967;;71.1
1401;24/03/1967;;68.65
1401;25/03/1967;;73.5
1401;26/03/1967;;72.39
1401;27/03/1967;;66.13
1401;28/03/1967;;71.63
1401;29/03/1967;;68.3
1401;30/03/1967;;72.21
1401;31/03/1967;;72.25
1401;01/04/1967;;72.2
1401;02/04/1967;;77
1401;03/04/1967;;75
1401;04/04/1967;;66.73
1401;05/04/1967;;72.2
1401;06/04/1967;;70.84
1401;07/04/1967;;71.14
1401;08/04/1967;;68.56
1401;09/04/1967;;68.81
1401;10/04/1967;;71.08
1401;11/04/1967;;65.32
1401;12/04/1967;;68.81
1401;13/04/1967;;65.05
1401;14/04/1967;;68.2
1401;15/04/1967;;73.76
1401;16/04/1967;;56.45
1401;17/04/1967;;59.17
1401;18/04/1967;;70.1
1401;19/04/1967;;65.1
1401;20/04/1967;;65
1401;21/04/1967;;63.25
1401;22/04/1967;;66.56
1401;23/04/1967;;55.75
1401;24/04/1967;;45.15
1401;25/04/1967;;53.07
1401;26/04/1967;;57.83
1401;27/04/1967;;57.98
1401;28/04/1967;;59.32
1401;29/04/1967;;51.2
1401;30/04/1967;;36.2
1401;01/05/1967;;39.2
1401;02/05/1967;;42.33
1401;03/05/1967;;50.41
1401;04/05/1967;;39.75
1401;05/05/1967;;51.72
1401;06/05/1967;;69.83
1401;07/05/1967;;61.89
1401;08/05/1967;;52.24
1401;09/05/1967;;58.94
1401;10/05/1967;;59.05
1401;11/05/1967;;63.99
1401;12/05/1967;;65.57
1401;13/05/1967;;64.95
1401;14/05/1967;;62.67
1401;15/05/1967;;63.31
1401;16/05/1967;;63.3
1401;17/05/1967;;63.3
1401;18/05/1967;;63.3
1401;19/05/1967;;70.05
1401;20/05/1967;;69.51
1401;21/05/1967;;69.17
1401;22/05/1967;;72.01
1401;23/05/1967;;72.91
1401;24/05/1967;;70.44
1401;25/05/1967;;67.53
1401;26/05/1967;;65.25
1401;27/05/1967;;67.19
1401;28/05/1967;;58.69
1401;29/05/1967;;56.04
1401;30/05/1967;;65.67
1401;31/05/1967;;64.34
1401;01/06/1967;;62.3
1401;02/06/1967;;57.81
1401;03/06/1967;;50.15
1401;04/06/1967;;38.96
1401;05/06/1967;;56.83
1401;06/06/1967;;62.96
1401;07/06/1967;;64.59
1401;08/06/1967;;72.03
1401;09/06/1967;;65.61
1401;10/06/1967;;59.7
1401;11/06/1967;;20.11
1401;12/06/1967;;44.59
1401;13/06/1967;;49.24
1401;14/06/1967;;52.52
1401;15/06/1967;;28.47
1401;16/06/1967;;49.67
1401;17/06/1967;;42.58
1401;18/06/1967;;24.82
1401;19/06/1967;;40.9
1401;20/06/1967;;38.79
1401;21/06/1967;;35.56
1401;22/06/1967;;38.96
1401;23/06/1967;;35.53
1401;24/06/1967;;43.06
1401;25/06/1967;;24.46
1401;26/06/1967;;35.51
1401;27/06/1967;;45.63
1401;28/06/1967;;30.56
1401;29/06/1967;;24.99
1401;30/06/1967;;20.56
1401;01/07/1967;;26.79
1401;02/07/1967;;31.65
1401;03/07/1967;;25.11
1401;04/07/1967;;31.95
1401;05/07/1967;;41.07
1401;06/07/1967;;37.39
1401;07/07/1967;;33.26
1401;08/07/1967;;34.68
1401;09/07/1967;;25.94
1401;10/07/1967;;28.93
1401;11/07/1967;;28.69
1401;12/07/1967;;33.29
1401;13/07/1967;;38.82
1401;14/07/1967;;9.43
1401;15/07/1967;;13.42
1401;16/07/1967;;22.47
1401;17/07/1967;;21.83
1401;18/07/1967;;9.65
1401;19/07/1967;;9.94
1401;20/07/1967;;4.9
1401;21/07/1967;;3.72
1401;22/07/1967;;3
1401;23/07/1967;;1.86
1401;24/07/1967;;7.74
1401;25/07/1967;;36.03
1401;26/07/1967;;30.1
1401;27/07/1967;;26.23
1401;28/07/1967;;30.05
1401;29/07/1967;;37.01
1401;30/07/1967;;37.77
1401;31/07/1967;;25.32
1401;01/08/1967;;44.71
1401;02/08/1967;;62.69
1401;03/08/1967;;69.1
1401;04/08/1967;;63.05
1401;05/08/1967;;45.44
1401;06/08/1967;;35.16
1401;07/08/1967;;29.76
1401;08/08/1967;;23.72
1401;09/08/1967;;1.72
1401;10/08/1967;;0
1401;11/08/1967;;0
1401;12/08/1967;;0
1401;13/08/1967;;0
1401;14/08/1967;;0
1401;15/08/1967;;0
1401;16/08/1967;;0
1401;17/08/1967;;0
1401;18/08/1967;;0
1401;19/08/1967;;2.81
1401;20/08/1967;;1
1401;21/08/1967;;2.74
1401;22/08/1967;;0.62
1401;23/08/1967;;18.56
1401;24/08/1967;;44.36
1401;25/08/1967;;50.09
1401;26/08/1967;;51.23
1401;27/08/1967;;27.07
1401;28/08/1967;;27.46
1401;29/08/1967;;54.36
1401;30/08/1967;;40.7
1401;31/08/1967;;44.37
1401;01/09/1967;;49.7
1401;02/09/1967;;51.44
1401;03/09/1967;;18.64
1401;04/09/1967;;28.73
1401;05/09/1967;;55.32
1401;06/09/1967;;50.44
1401;07/09/1967;;53.34
1401;08/09/1967;;54.89
1401;09/09/1967;;50.34
1401;10/09/1967;;34.77
1401;11/09/1967;;18.93
1401;12/09/1967;;43.43
1401;13/09/1967;;49.2
1401;14/09/1967;;52.02
1401;15/09/1967;;51.72
1401;16/09/1967;;48.59
1401;17/09/1967;;24.5
1401;18/09/1967;;32.19
1401;19/09/1967;;52.12
1401;20/09/1967;;54.27
1401;21/09/1967;;55.03
1401;22/09/1967;;60.53
1401;23/09/1967;;53.56
1401;24/09/1967;;58.22
1401;25/09/1967;;24.76
1401;26/09/1967;;59.7
1401;27/09/1967;;55.31
1401;28/09/1967;;56.33
1401;29/09/1967;;55.83
1401;30/09/1967;;52.53
1401;01/10/1967;;21.49
1401;02/10/1967;;34.92
1401;03/10/1967;;47.08
1401;04/10/1967;;49.67
1401;05/10/1967;;46.86
1401;06/10/1967;;55.18
1401;07/10/1967;;47.65
1401;08/10/1967;;24.79
1401;09/10/1967;;21.55
1401;10/10/1967;;35.53
1401;11/10/1967;;52.32
1401;12/10/1967;;29.09
1401;13/10/1967;;32.67
1401;14/10/1967;;46.14
1401;15/10/1967;;34.7
1401;16/10/1967;;33.71
1401;17/10/1967;;25.45
1401;18/10/1967;;32.12
1401;19/10/1967;;36.07
1401;20/10/1967;;38.55
1401;21/10/1967;;41.1
1401;22/10/1967;;36.86
1401;23/10/1967;;39.03
1401;24/10/1967;;33.46
1401;25/10/1967;;45.26
1401;26/10/1967;;42.59
1401;27/10/1967;;42.03
1401;28/10/1967;;40.81
1401;29/10/1967;;14.12
1401;30/10/1967;;36.87
1401;31/10/1967;;42.64
1401;01/11/1967;;6.03
1401;02/11/1967;;28.56
1401;03/11/1967;;54.9
1401;04/11/1967;;47.07
1401;05/11/1967;;69.67
1401;06/11/1967;;64.57
1401;07/11/1967;;53.87
1401;08/11/1967;;51.31
1401;09/11/1967;;43.39
1401;10/11/1967;;36.02
1401;11/11/1967;;38.66
1401;12/11/1967;;31.32
1401;13/11/1967;;16.34
1401;14/11/1967;;36.58
1401;15/11/1967;;59.92
1401;16/11/1967;;40.76
1401;17/11/1967;;40.42
1401;18/11/1967;;38.29
1401;19/11/1967;;35.92
1401;20/11/1967;;40.59
1401;21/11/1967;;49.04
1401;22/11/1967;;47.44
1401;23/11/1967;;44.85
1401;24/11/1967;;46.61
1401;25/11/1967;;48.24
1401;26/11/1967;;38.84
1401;27/11/1967;;10.95
1401;28/11/1967;;20.16
1401;29/11/1967;;25.7
1401;30/11/1967;;37.8
1401;01/12/1967;;31.35
1401;02/12/1967;;34.85
1401;03/12/1967;;29.74
1401;04/12/1967;;24.78
1401;05/12/1967;;46.03
1401;06/12/1967;;40.54
1401;07/12/1967;;59.43
1401;08/12/1967;;63.01
1401;09/12/1967;;16.96
1401;10/12/1967;;15.69
1401;11/12/1967;;33.73
1401;12/12/1967;;49.85
1401;13/12/1967;;56.46
1401;14/12/1967;;38.61
1401;15/12/1967;;50.33
1401;16/12/1967;;60.94
1401;17/12/1967;;43.52
1401;18/12/1967;;25.45
1401;19/12/1967;;37.94
1401;20/12/1967;;62.7
1401;21/12/1967;;70.61
1401;22/12/1967;;71.15
1401;23/12/1967;;61.82
1401;24/12/1967;;58.75
1401;25/12/1967;;48.36
1401;26/12/1967;;3.52
1401;27/12/1967;;50.32
1401;28/12/1967;;65.76
1401;29/12/1967;;62.01
1401;30/12/1967;;54.42
1401;31/12/1967;;40.32
1401;01/01/1968;;39.58
1401;02/01/1968;;52.16
1401;03/01/1968;;71.25
1401;04/01/1968;;69.74
1401;05/01/1968;;71.7
1401;06/01/1968;;74.99
1401;07/01/1968;;49.37
1401;08/01/1968;;71.93
1401;09/01/1968;;52.75
1401;10/01/1968;;72.54
1401;11/01/1968;;68.57
1401;12/01/1968;;68.58
1401;13/01/1968;;67.94
1401;14/01/1968;;72.16
1401;15/01/1968;;52.41
1401;16/01/1968;;72.05
1401;17/01/1968;;69.51
1401;18/01/1968;;69.66
1401;19/01/1968;;67.21
1401;20/01/1968;;67.58
1401;21/01/1968;;70.21
1401;22/01/1968;;58.25
1401;23/01/1968;;53.49
1401;24/01/1968;;63.4
1401;25/01/1968;;58.41
1401;26/01/1968;;59.02
1401;27/01/1968;;58.06
1401;28/01/1968;;49.87
1401;29/01/1968;;57.04
1401;30/01/1968;;70.98
1401;31/01/1968;;67.38
1401;01/02/1968;;65.96
1401;02/02/1968;;62.09
1401;03/02/1968;;65.66
1401;04/02/1968;;62.75
1401;05/02/1968;;43.66
1401;06/02/1968;;60.14
1401;07/02/1968;;71.17
1401;08/02/1968;;73.25
1401;09/02/1968;;76.5
1401;10/02/1968;;75.21
1401;11/02/1968;;75.68
1401;12/02/1968;;73.29
1401;13/02/1968;;81.03
1401;14/02/1968;;76.53
1401;15/02/1968;;77.04
1401;16/02/1968;;76.72
1401;17/02/1968;;75.91
1401;18/02/1968;;73.29
1401;19/02/1968;;68.7
1401;20/02/1968;;73.3
1401;21/02/1968;;68.74
1401;22/02/1968;;70.87
1401;23/02/1968;;74.38
1401;24/02/1968;;71.71
1401;25/02/1968;;72.44
1401;26/02/1968;;77.35
1401;27/02/1968;;70.77
1401;28/02/1968;;71.28
1401;29/02/1968;;66.6
1401;01/03/1968;;67.01
1401;02/03/1968;;78.57
1401;03/03/1968;;72.14
1401;04/03/1968;;73.19
1401;05/03/1968;;70.3
1401;06/03/1968;;77.98
1401;07/03/1968;;72.79
1401;08/03/1968;;67.6
1401;09/03/1968;;71.7
1401;10/03/1968;;61.6
1401;11/03/1968;;57.35
1401;12/03/1968;;70.51
1401;13/03/1968;;63.82
1401;14/03/1968;;63.15
1401;15/03/1968;;73.29
1401;16/03/1968;;75.27
1401;17/03/1968;;75.64
1401;18/03/1968;;62.3
1401;19/03/1968;;23.04
1401;20/03/1968;;60.51
1401;21/03/1968;;68.79
1401;22/03/1968;;70
1401;23/03/1968;;68.81
1401;24/03/1968;;73.02
1401;25/03/1968;;66.6
1401;26/03/1968;;68.86
1401;27/03/1968;;68.33
1401;28/03/1968;;71.95
1401;29/03/1968;;71.99
1401;30/03/1968;;70.58
1401;31/03/1968;;57.15
1401;01/04/1968;;92.1
1401;02/04/1968;;58.11
1401;03/04/1968;;54.12
1401;04/04/1968;;46.07
1401;05/04/1968;;62.61
1401;06/04/1968;;73.8
1401;07/04/1968;;52.67
1401;08/04/1968;;65.26
1401;09/04/1968;;67.47
1401;10/04/1968;;69.8
1401;11/04/1968;;63.69
1401;12/04/1968;;49.4
1401;13/04/1968;;61.39
1401;14/04/1968;;51.83
1401;15/04/1968;;66.36
1401;16/04/1968;;48.84
1401;17/04/1968;;61.83
1401;18/04/1968;;26.37
1401;19/04/1968;;3.64
1401;20/04/1968;;30.97
1401;21/04/1968;;35.73
1401;22/04/1968;;42.77
1401;23/04/1968;;67.87
1401;24/04/1968;;73.49
1401;25/04/1968;;67.99
1401;26/04/1968;;69.73
1401;27/04/1968;;68.89
1401;28/04/1968;;69.6
1401;29/04/1968;;61.55
1401;30/04/1968;;68.44
1401;01/05/1968;;62
1401;02/05/1968;;27.47
1401;03/05/1968;;52.41
1401;04/05/1968;;26.76
1401;05/05/1968;;2.44
1401;06/05/1968;;29.14
1401;07/05/1968;;36.41
1401;08/05/1968;;49.89
1401;09/05/1968;;49.72
1401;10/05/1968;;44.01
1401;11/05/1968;;60.05
1401;12/05/1968;;58.15
1401;13/05/1968;;66.18
1401;14/05/1968;;68.75
1401;15/05/1968;;70.95
1401;16/05/1968;;70.35
1401;17/05/1968;;67.85
1401;18/05/1968;;72.64
1401;19/05/1968;;72.4
1401;20/05/1968;;67.79
1401;21/05/1968;;76.54
1401;22/05/1968;;71.6
1401;23/05/1968;;76.74
1401;24/05/1968;;72.92
1401;25/05/1968;;72.89
1401;26/05/1968;;67.32
1401;27/05/1968;;66.53
1401;28/05/1968;;70.26
1401;29/05/1968;;73.2
1401;30/05/1968;;71.62
1401;31/05/1968;;80.3
1401;01/06/1968;;83.74
1401;02/06/1968;;65.49
1401;03/06/1968;;48.59
1401;04/06/1968;;56
1401;05/06/1968;;55.24
1401;06/06/1968;;53.65
1401;07/06/1968;;51.39
1401;08/06/1968;;52.01
1401;09/06/1968;;58.22
1401;10/06/1968;;50.29
1401;11/06/1968;;30.89
1401;12/06/1968;;47.87
1401;13/06/1968;;25.31
1401;14/06/1968;;39.31
1401;15/06/1968;;52.1
1401;16/06/1968;;24.38
1401;17/06/1968;;39.14
1401;18/06/1968;;41.26
1401;19/06/1968;;43.98
1401;20/06/1968;;45.95
1401;21/06/1968;;44.82
1401;22/06/1968;;58.39
1401;23/06/1968;;28.71
1401;24/06/1968;;50.69
1401;25/06/1968;;59.49
1401;26/06/1968;;59.94
1401;27/06/1968;;60.6
1401;28/06/1968;;46.66
1401;29/06/1968;;33.44
1401;30/06/1968;;25.02
1401;01/07/1968;;43.81
1401;02/07/1968;;62.53
1401;03/07/1968;;67.02
1401;04/07/1968;;65.34
1401;05/07/1968;;62.17
1401;06/07/1968;;71.1
1401;07/07/1968;;30.33
1401;08/07/1968;;45.89
1401;09/07/1968;;62.38
1401;10/07/1968;;48.91
1401;11/07/1968;;60.44
1401;12/07/1968;;60.2
1401;13/07/1968;;60.09
1401;14/07/1968;;31.23
1401;15/07/1968;;43.43
1401;16/07/1968;;60.06
1401;17/07/1968;;66.3
1401;18/07/1968;;48.78
1401;19/07/1968;;36.85
1401;20/07/1968;;40.25
1401;21/07/1968;;22.97
1401;22/07/1968;;45.2
1401;23/07/1968;;56.61
1401;24/07/1968;;63.96
1401;25/07/1968;;44.78
1401;26/07/1968;;50.3
1401;27/07/1968;;59.32
1401;28/07/1968;;36.39
1401;29/07/1968;;33.98
1401;30/07/1968;;64.22
1401;31/07/1968;;69.26
1401;01/08/1968;;62.83
1401;02/08/1968;;50.05
1401;03/08/1968;;66.51
1401;04/08/1968;;43.75
1401;05/08/1968;;53.72
1401;06/08/1968;;43.73
1401;07/08/1968;;4.59
1401;08/08/1968;;1.14
1401;09/08/1968;;7.58
1401;10/08/1968;;0.23
1401;11/08/1968;;24.14
1401;12/08/1968;;31.78
1401;13/08/1968;;12.39
1401;14/08/1968;;2.12
1401;15/08/1968;;4.02
1401;16/08/1968;;0.19
1401;17/08/1968;;0.4
1401;18/08/1968;;2.67
1401;19/08/1968;;27.46
1401;20/08/1968;;25.55
1401;21/08/1968;;34.38
1401;22/08/1968;;19.42
1401;23/08/1968;;0.43
1401;24/08/1968;;2.91
1401;25/08/1968;;15.69
1401;26/08/1968;;9.09
1401;27/08/1968;;7.79
1401;28/08/1968;;4.37
1401;29/08/1968;;21.83
1401;30/08/1968;;17.92
1401;31/08/1968;;35.74
1401;01/09/1968;;43.96
1401;02/09/1968;;60.77
1401;03/09/1968;;67.49
1401;04/09/1968;;65.34
1401;05/09/1968;;67.04
1401;06/09/1968;;65.86
1401;07/09/1968;;64.69
1401;08/09/1968;;47.37
1401;09/09/1968;;34.56
1401;10/09/1968;;57.69
1401;11/09/1968;;61.12
1401;12/09/1968;;62.26
1401;13/09/1968;;62.32
1401;14/09/1968;;62.69
1401;15/09/1968;;50.8
1401;16/09/1968;;51.91
1401;17/09/1968;;70.63
1401;18/09/1968;;70.12
1401;19/09/1968;;73.07
1401;20/09/1968;;70.34
1401;21/09/1968;;75.31
1401;22/09/1968;;63.21
1401;23/09/1968;;68.27
1401;24/09/1968;;70.17
1401;25/09/1968;;70.22
1401;26/09/1968;;73.06
1401;27/09/1968;;72.68
1401;28/09/1968;;70.81
1401;29/09/1968;;71.78
1401;30/09/1968;;67.06
1401;01/10/1968;;73.14
1401;02/10/1968;;69.72
1401;03/10/1968;;64.35
1401;04/10/1968;;67.55
1401;05/10/1968;;71.79
1401;06/10/1968;;46.85
1401;07/10/1968;;47.68
1401;08/10/1968;;70.54
1401;09/10/1968;;75.61
1401;10/10/1968;;72.76
1401;11/10/1968;;75.92
1401;12/10/1968;;59.68
1401;13/10/1968;;66.27
1401;14/10/1968;;66.9
1401;15/10/1968;;68.96
1401;16/10/1968;;74.56
1401;17/10/1968;;74.04
1401;18/10/1968;;63.15
1401;19/10/1968;;70.48
1401;20/10/1968;;75.9
1401;21/10/1968;;70.4
1401;22/10/1968;;78.2
1401;23/10/1968;;73.3
1401;24/10/1968;;70.4
1401;25/10/1968;;72.52
1401;26/10/1968;;69.25
1401;27/10/1968;;73.66
1401;28/10/1968;;65.93
1401;29/10/1968;;69.53
1401;30/10/1968;;70.62
1401;31/10/1968;;70.28
1401;01/11/1968;;73.83
1401;02/11/1968;;66.05
1401;03/11/1968;;68.11
1401;04/11/1968;;61.98
1401;05/11/1968;;64.81
1401;06/11/1968;;59.4
1401;07/11/1968;;69.41
1401;08/11/1968;;67.22
1401;09/11/1968;;71.82
1401;10/11/1968;;67.26
1401;11/11/1968;;68.23
1401;12/11/1968;;69.16
1401;13/11/1968;;73.23
1401;14/11/1968;;71.58
1401;15/11/1968;;73.51
1401;16/11/1968;;76.84
1401;17/11/1968;;74.12
1401;18/11/1968;;69.42
1401;19/11/1968;;78.33
1401;20/11/1968;;67.29
1401;21/11/1968;;67.79
1401;22/11/1968;;69.02
1401;23/11/1968;;69.2
1401;24/11/1968;;70.91
1401;25/11/1968;;64.21
1401;26/11/1968;;69.35
1401;27/11/1968;;66.27
1401;28/11/1968;;72.78
1401;29/11/1968;;72.23
1401;30/11/1968;;73.18
1401;01/12/1968;;71.42
1401;02/12/1968;;64.06
1401;03/12/1968;;69.58
1401;04/12/1968;;71.46
1401;05/12/1968;;69.92
1401;06/12/1968;;70.99
1401;07/12/1968;;74.12
1401;08/12/1968;;69.11
1401;09/12/1968;;75.24
1401;10/12/1968;;68.34
1401;11/12/1968;;72.3
1401;12/12/1968;;67.73
1401;13/12/1968;;70.35
1401;14/12/1968;;73.27
1401;15/12/1968;;71.6
1401;16/12/1968;;59.24
1401;17/12/1968;;46.02
1401;18/12/1968;;45.58
1401;19/12/1968;;75.7
1401;20/12/1968;;49.74
1401;21/12/1968;;29.03
1401;22/12/1968;;56.16
1401;23/12/1968;;44.08
1401;24/12/1968;;56.79
1401;25/12/1968;;51.29
1401;26/12/1968;;67.26
1401;27/12/1968;;71.03
1401;28/12/1968;;72.12
1401;29/12/1968;;72.04
1401;30/12/1968;;66.37
1401;31/12/1968;;69.46
1401;01/01/1969;;70
1401;02/01/1969;;68.35
1401;03/01/1969;;60.52
1401;04/01/1969;;57.21
1401;05/01/1969;;61.99
1401;06/01/1969;;37.5
1401;07/01/1969;;70.19
1401;08/01/1969;;56.57
1401;09/01/1969;;54.4
1401;10/01/1969;;52.28
1401;11/01/1969;;54.13
1401;12/01/1969;;65.09
1401;13/01/1969;;17.5
1401;14/01/1969;;12.01
1401;15/01/1969;;23.84
1401;16/01/1969;;19.07
1401;17/01/1969;;0
1401;18/01/1969;;0
1401;19/01/1969;;13.58
1401;20/01/1969;;7.02
1401;21/01/1969;;24.4
1401;22/01/1969;;32.87
1401;23/01/1969;;33.97
1401;24/01/1969;;36.33
1401;25/01/1969;;49.65
1401;26/01/1969;;72.83
1401;27/01/1969;;59.01
1401;28/01/1969;;0
1401;29/01/1969;;27.42
1401;30/01/1969;;40.51
1401;31/01/1969;;41.78
1401;01/02/1969;;42.94
1401;02/02/1969;;69.8
1401;03/02/1969;;57.83
1401;04/02/1969;;43.88
1401;05/02/1969;;53.22
1401;06/02/1969;;42.48
1401;07/02/1969;;43.08
1401;08/02/1969;;43.93
1401;09/02/1969;;41.35
1401;10/02/1969;;40.78
1401;11/02/1969;;33.55
1401;12/02/1969;;49.34
1401;13/02/1969;;53.29
1401;14/02/1969;;54.9
1401;15/02/1969;;56.93
1401;16/02/1969;;69.56
1401;17/02/1969;;69.38
1401;18/02/1969;;68.01
1401;19/02/1969;;45.63
1401;20/02/1969;;63.3
1401;21/02/1969;;32.71
1401;22/02/1969;;34.46
1401;23/02/1969;;74.83
1401;24/02/1969;;46.35
1401;25/02/1969;;62.94
1401;26/02/1969;;63.4
1401;27/02/1969;;66.13
1401;28/02/1969;;66.95
1401;01/03/1969;;66.81
1401;02/03/1969;;73.15
1401;03/03/1969;;68.9
1401;04/03/1969;;61.94
1401;05/03/1969;;71.11
1401;06/03/1969;;70.15
1401;07/03/1969;;69.33
1401;08/03/1969;;73.27
1401;09/03/1969;;69.43
1401;10/03/1969;;74.21
1401;11/03/1969;;70.34
1401;12/03/1969;;37.31
1401;13/03/1969;;1
1401;14/03/1969;;11.28
1401;15/03/1969;;0
1401;16/03/1969;;0
1401;17/03/1969;;0
1401;18/03/1969;;0
1401;19/03/1969;;0
1401;20/03/1969;;28.54
1401;21/03/1969;;20.14
1401;22/03/1969;;1.74
1401;23/03/1969;;40.35
1401;24/03/1969;;31.7
1401;25/03/1969;;24.5
1401;26/03/1969;;30.19
1401;27/03/1969;;35.84
1401;28/03/1969;;56.81
1401;29/03/1969;;52.57
1401;30/03/1969;;78.92
1401;31/03/1969;;64.49
1401;01/04/1969;;65.88
1401;02/04/1969;;67.28
1401;03/04/1969;;82.79
1401;04/04/1969;;79.79
1401;05/04/1969;;77.6
1401;06/04/1969;;75.48
1401;07/04/1969;;42.7
1401;08/04/1969;;64.11
1401;09/04/1969;;68.09
1401;10/04/1969;;69.14
1401;11/04/1969;;70.72
1401;12/04/1969;;73.62
1401;13/04/1969;;70.12
1401;14/04/1969;;65.43
1401;15/04/1969;;69.44
1401;16/04/1969;;61.22
1401;17/04/1969;;67.14
1401;18/04/1969;;67.03
1401;19/04/1969;;65.61
1401;20/04/1969;;67.45
1401;21/04/1969;;58.08
1401;22/04/1969;;47.52
1401;23/04/1969;;33.87
1401;24/04/1969;;56.11
1401;25/04/1969;;57.58
1401;26/04/1969;;61.13
1401;27/04/1969;;70.11
1401;28/04/1969;;67.09
1401;29/04/1969;;68.16
1401;30/04/1969;;67.96
1401;01/05/1969;;59.98
1401;02/05/1969;;68.66
1401;03/05/1969;;52.93
1401;04/05/1969;;53.98
1401;05/05/1969;;30.72
1401;06/05/1969;;50.99
1401;07/05/1969;;57.16
1401;08/05/1969;;7.4
1401;09/05/1969;;15.87
1401;10/05/1969;;31.27
1401;11/05/1969;;46.32
1401;12/05/1969;;24.81
1401;13/05/1969;;58.64
1401;14/05/1969;;59.12
1401;15/05/1969;;68.4
1401;16/05/1969;;54.51
1401;17/05/1969;;62.39
1401;18/05/1969;;69.74
1401;19/05/1969;;47.53
1401;20/05/1969;;61.61
1401;21/05/1969;;63.82
1401;22/05/1969;;68.14
1401;23/05/1969;;66.09
1401;24/05/1969;;70.63
1401;25/05/1969;;71.26
1401;26/05/1969;;72.06
1401;27/05/1969;;24.41
1401;28/05/1969;;37.95
1401;29/05/1969;;23.41
1401;30/05/1969;;28.96
1401;31/05/1969;;29.95
1401;01/06/1969;;67.59
1401;02/06/1969;;58.72
1401;03/06/1969;;58.34
1401;04/06/1969;;52.43
1401;05/06/1969;;65.92
1401;06/06/1969;;58.56
1401;07/06/1969;;60.87
1401;08/06/1969;;64.01
1401;09/06/1969;;65.73
1401;10/06/1969;;61.64
1401;11/06/1969;;49.87
1401;12/06/1969;;72.03
1401;13/06/1969;;67.09
1401;14/06/1969;;66.6
1401;15/06/1969;;60.24
1401;16/06/1969;;65.04
1401;17/06/1969;;68.71
1401;18/06/1969;;68.51
1401;19/06/1969;;69.65
1401;20/06/1969;;64.94
1401;21/06/1969;;65.17
1401;22/06/1969;;71.09
1401;23/06/1969;;71.56
1401;24/06/1969;;71.3
1401;25/06/1969;;69.91
1401;26/06/1969;;67.01
1401;27/06/1969;;71.28
1401;28/06/1969;;63.27
1401;29/06/1969;;50.61
1401;30/06/1969;;48.92
1401;01/07/1969;;77.95
1401;02/07/1969;;72.05
1401;03/07/1969;;76.63
1401;04/07/1969;;72.52
1401;05/07/1969;;67.44
1401;06/07/1969;;69.72
1401;07/07/1969;;67.97
1401;08/07/1969;;70.67
1401;09/07/1969;;74.01
1401;10/07/1969;;69.12
1401;11/07/1969;;66.55
1401;12/07/1969;;67.79
1401;13/07/1969;;53.55
1401;14/07/1969;;64.52
1401;15/07/1969;;69.15
1401;16/07/1969;;71.04
1401;17/07/1969;;71.67
1401;18/07/1969;;39.69
1401;19/07/1969;;43.72
1401;20/07/1969;;34.36
1401;21/07/1969;;38.05
1401;22/07/1969;;67.65
1401;23/07/1969;;66.52
1401;24/07/1969;;71.67
1401;25/07/1969;;60.57
1401;26/07/1969;;60.08
1401;27/07/1969;;63.37
1401;28/07/1969;;54.52
1401;29/07/1969;;62.51
1401;30/07/1969;;69.7
1401;31/07/1969;;73.31
1401;01/08/1969;;72.52
1401;02/08/1969;;71.27
1401;03/08/1969;;69.75
1401;04/08/1969;;58.62
1401;05/08/1969;;67.71
1401;06/08/1969;;72.57
1401;07/08/1969;;70.57
1401;08/08/1969;;69.45
1401;09/08/1969;;68.04
1401;10/08/1969;;72.06
1401;11/08/1969;;66.96
1401;12/08/1969;;70.75
1401;13/08/1969;;69.75
1401;14/08/1969;;70.34
1401;15/08/1969;;75.89
1401;16/08/1969;;71.32
1401;17/08/1969;;70.59
1401;18/08/1969;;69.58
1401;19/08/1969;;67.14
1401;20/08/1969;;64.95
1401;21/08/1969;;62.35
1401;22/08/1969;;70.85
1401;23/08/1969;;71.74
1401;24/08/1969;;75.24
1401;25/08/1969;;71.17
1401;26/08/1969;;70.97
1401;27/08/1969;;73.67
1401;28/08/1969;;69.83
1401;29/08/1969;;72.29
1401;30/08/1969;;70.99
1401;31/08/1969;;72.13
1401;01/09/1969;;71.85
1401;02/09/1969;;73.88
1401;03/09/1969;;71.97
1401;04/09/1969;;70.52
1401;05/09/1969;;75.22
1401;06/09/1969;;75.58
1401;07/09/1969;;68.11
1401;08/09/1969;;49.02
1401;09/09/1969;;62.34
1401;10/09/1969;;69.94
1401;11/09/1969;;79.87
1401;12/09/1969;;66.83
1401;13/09/1969;;73.84
1401;14/09/1969;;72.71
1401;15/09/1969;;66.59
1401;16/09/1969;;71.89
1401;17/09/1969;;49.72
1401;18/09/1969;;40.44
1401;19/09/1969;;47.62
1401;20/09/1969;;59.55
1401;21/09/1969;;57.36
1401;22/09/1969;;45.97
1401;23/09/1969;;37.52
1401;24/09/1969;;31.21
1401;25/09/1969;;25.51
1401;26/09/1969;;9.21
1401;27/09/1969;;5.42
1401;28/09/1969;;11.24
1401;29/09/1969;;21.09
1401;30/09/1969;;31.11
1401;01/10/1969;;36.58
1401;02/10/1969;;34.6
1401;03/10/1969;;39.47
1401;04/10/1969;;44.23
1401;05/10/1969;;38.39
1401;06/10/1969;;38.29
1401;07/10/1969;;62.47
1401;08/10/1969;;71.47
1401;09/10/1969;;70.78
1401;10/10/1969;;78.49
1401;11/10/1969;;71.52
1401;12/10/1969;;68.05
1401;13/10/1969;;62.79
1401;14/10/1969;;62.61
1401;15/10/1969;;56.37
1401;16/10/1969;;69.18
1401;17/10/1969;;71.35
1401;18/10/1969;;69.58
1401;19/10/1969;;70.13
1401;20/10/1969;;55.54
1401;21/10/1969;;65.79
1401;22/10/1969;;67.37
1401;23/10/1969;;65.02
1401;24/10/1969;;64.38
1401;25/10/1969;;68.99
1401;26/10/1969;;69.89
1401;27/10/1969;;62.6
1401;28/10/1969;;64.64
1401;29/10/1969;;67.08
1401;30/10/1969;;68.45
1401;31/10/1969;;67.41
1401;01/11/1969;;66.35
1401;02/11/1969;;38.73
1401;03/11/1969;;44.07
1401;04/11/1969;;23.18
1401;05/11/1969;;35.82
1401;06/11/1969;;31.1
1401;07/11/1969;;28.2
1401;08/11/1969;;31.8
1401;09/11/1969;;23.21
1401;10/11/1969;;4.45
1401;11/11/1969;;11.35
1401;12/11/1969;;44.58
1401;13/11/1969;;64.34
1401;14/11/1969;;72.24
1401;15/11/1969;;65.22
1401;16/11/1969;;70.56
1401;17/11/1969;;74.44
1401;18/11/1969;;71.84
1401;19/11/1969;;69.07
1401;20/11/1969;;64.37
1401;21/11/1969;;61.49
1401;22/11/1969;;40.84
1401;23/11/1969;;59.84
1401;24/11/1969;;58
1401;25/11/1969;;70.36
1401;26/11/1969;;64.17
1401;27/11/1969;;53.75
1401;28/11/1969;;44.07
1401;29/11/1969;;47.17
1401;30/11/1969;;29.25
1401;01/12/1969;;28.55
1401;02/12/1969;;27.2
1401;03/12/1969;;28.29
1401;04/12/1969;;33.61
1401;05/12/1969;;40.86
1401;06/12/1969;;62.5
1401;07/12/1969;;18.29
1401;08/12/1969;;35.35
1401;09/12/1969;;60.03
1401;10/12/1969;;61.17
1401;11/12/1969;;46.06
1401;12/12/1969;;37.51
1401;13/12/1969;;43.92
1401;14/12/1969;;32.28
1401;15/12/1969;;48.45
1401;16/12/1969;;63.66
1401;17/12/1969;;54.48
1401;18/12/1969;;66.73
1401;19/12/1969;;75.9
1401;20/12/1969;;72.9
1401;21/12/1969;;71.71
1401;22/12/1969;;70.88
1401;23/12/1969;;70.09
1401;24/12/1969;;72.77
1401;25/12/1969;;74.26
1401;26/12/1969;;71.41
1401;27/12/1969;;64.01
1401;28/12/1969;;73.8
1401;29/12/1969;;70.44
1401;30/12/1969;;76.34
1401;31/12/1969;;76.45
1401;01/01/1970;;73.87
1401;02/01/1970;;62.68
1401;03/01/1970;;72.88
1401;04/01/1970;;76.89
1401;05/01/1970;;72.22
1401;06/01/1970;;60.84
1401;07/01/1970;;75.26
1401;08/01/1970;;74.64
1401;09/01/1970;;66.33
1401;10/01/1970;;57.93
1401;11/01/1970;;65.87
1401;12/01/1970;;59.06
1401;13/01/1970;;27.27
1401;14/01/1970;;14.09
1401;15/01/1970;;0
1401;16/01/1970;;18.45
1401;17/01/1970;;29.94
1401;18/01/1970;;0
1401;19/01/1970;;0
1401;20/01/1970;;0
1401;21/01/1970;;16.07
1401;22/01/1970;;20.83
1401;23/01/1970;;29.69
1401;24/01/1970;;25.32
1401;25/01/1970;;0
1401;26/01/1970;;22.18
1401;27/01/1970;;34.78
1401;28/01/1970;;32.54
1401;29/01/1970;;32.03
1401;30/01/1970;;27.66
1401;31/01/1970;;32.03
1401;01/02/1970;;30.96
1401;02/02/1970;;31.29
1401;03/02/1970;;36.71
1401;04/02/1970;;47.02
1401;05/02/1970;;36.83
1401;06/02/1970;;36.97
1401;07/02/1970;;39.95
1401;08/02/1970;;36.59
1401;09/02/1970;;26.59
1401;10/02/1970;;38.15
1401;11/02/1970;;36.1
1401;12/02/1970;;41.32
1401;13/02/1970;;41.3
1401;14/02/1970;;62.86
1401;15/02/1970;;68.78
1401;16/02/1970;;63.49
1401;17/02/1970;;53.96
1401;18/02/1970;;56.19
1401;19/02/1970;;56.51
1401;20/02/1970;;60.88
1401;21/02/1970;;63.09
1401;22/02/1970;;77.02
1401;23/02/1970;;71.61
1401;24/02/1970;;67.12
1401;25/02/1970;;62.94
1401;26/02/1970;;65.98
1401;27/02/1970;;70.34
1401;28/02/1970;;68.65
1401;01/03/1970;;65.77
1401;02/03/1970;;68.54
1401;03/03/1970;;56.03
1401;04/03/1970;;64.85
1401;05/03/1970;;60.84
1401;06/03/1970;;63.97
1401;07/03/1970;;65.07
1401;08/03/1970;;59.87
1401;09/03/1970;;69.17
1401;10/03/1970;;67.07
1401;11/03/1970;;72.19
1401;12/03/1970;;63.77
1401;13/03/1970;;66.86
1401;14/03/1970;;69.78
1401;15/03/1970;;75.83
1401;16/03/1970;;72.37
1401;17/03/1970;;70.79
1401;18/03/1970;;69.94
1401;19/03/1970;;69.66
1401;20/03/1970;;63.99
1401;21/03/1970;;75.33
1401;22/03/1970;;57.22
1401;23/03/1970;;66.22
1401;24/03/1970;;74.28
1401;25/03/1970;;71.49
1401;26/03/1970;;70.79
1401;27/03/1970;;65.82
1401;28/03/1970;;59.95
1401;29/03/1970;;67.88
1401;30/03/1970;;63.63
1401;31/03/1970;;68.09
1401;01/04/1970;;69.72
1401;02/04/1970;;72.24
1401;03/04/1970;;67.12
1401;04/04/1970;;63.86
1401;05/04/1970;;63.48
1401;06/04/1970;;49.3
1401;07/04/1970;;61.1
1401;08/04/1970;;67.97
1401;09/04/1970;;69.59
1401;10/04/1970;;71.47
1401;11/04/1970;;70.43
1401;12/04/1970;;55.88
1401;13/04/1970;;52.1
1401;14/04/1970;;58.65
1401;15/04/1970;;65.09
1401;16/04/1970;;66.82
1401;17/04/1970;;68.39
1401;18/04/1970;;64.26
1401;19/04/1970;;41.45
1401;20/04/1970;;41.03
1401;21/04/1970;;46.98
1401;22/04/1970;;42.42
1401;23/04/1970;;41.92
1401;24/04/1970;;45.35
1401;25/04/1970;;44.61
1401;26/04/1970;;42.87
1401;27/04/1970;;40.92
1401;28/04/1970;;56.66
1401;29/04/1970;;72.26
1401;30/04/1970;;46.61
1401;01/05/1970;;25.65
1401;02/05/1970;;27.4
1401;03/05/1970;;33.77
1401;04/05/1970;;34.9
1401;05/05/1970;;45.65
1401;06/05/1970;;50.74
1401;07/05/1970;;63.93
1401;08/05/1970;;42.66
1401;09/05/1970;;44.55
1401;10/05/1970;;42.36
1401;11/05/1970;;64.63
1401;12/05/1970;;67.17
1401;13/05/1970;;75.46
1401;14/05/1970;;78.79
1401;15/05/1970;;71.67
1401;16/05/1970;;72.01
1401;17/05/1970;;75.95
1401;18/05/1970;;73.9
1401;19/05/1970;;70.23
1401;20/05/1970;;75.47
1401;21/05/1970;;80.34
1401;22/05/1970;;75.12
1401;23/05/1970;;73.5
1401;24/05/1970;;73.56
1401;25/05/1970;;47.86
1401;26/05/1970;;46.84
1401;27/05/1970;;73.09
1401;28/05/1970;;74.85
1401;29/05/1970;;69.17
1401;30/05/1970;;73.9
1401;31/05/1970;;79.01
1401;01/06/1970;;74.69
1401;02/06/1970;;59.52
1401;03/06/1970;;63.53
1401;04/06/1970;;76.18
1401;05/06/1970;;73.62
1401;06/06/1970;;75.21
1401;07/06/1970;;77.41
1401;08/06/1970;;71.16
1401;09/06/1970;;71.99
1401;10/06/1970;;74.2
1401;11/06/1970;;74.8
1401;12/06/1970;;71.55
1401;13/06/1970;;73.98
1401;14/06/1970;;72.8
1401;15/06/1970;;69.78
1401;16/06/1970;;64.17
1401;17/06/1970;;68.24
1401;18/06/1970;;67.41
1401;19/06/1970;;69.36
1401;20/06/1970;;77.01
1401;21/06/1970;;73.37
1401;22/06/1970;;71.79
1401;23/06/1970;;69.92
1401;24/06/1970;;72.2
1401;25/06/1970;;73.47
1401;26/06/1970;;71.83
1401;27/06/1970;;73.51
1401;28/06/1970;;72.93
1401;29/06/1970;;74.33
1401;30/06/1970;;73.31
1401;01/07/1970;;69.41
1401;02/07/1970;;68.55
1401;03/07/1970;;70.7
1401;04/07/1970;;73.6
1401;05/07/1970;;55.59
1401;06/07/1970;;22.22
1401;07/07/1970;;29.01
1401;08/07/1970;;33.1
1401;09/07/1970;;22.02
1401;10/07/1970;;23.68
1401;11/07/1970;;1.76
1401;12/07/1970;;14.88
1401;13/07/1970;;22.21
1401;14/07/1970;;40.78
1401;15/07/1970;;20.15
1401;16/07/1970;;43.42
1401;17/07/1970;;35.99
1401;18/07/1970;;31.87
1401;19/07/1970;;18.28
1401;20/07/1970;;32.95
1401;21/07/1970;;53.89
1401;22/07/1970;;56.17
1401;23/07/1970;;54.28
1401;24/07/1970;;55.89
1401;25/07/1970;;24.82
1401;26/07/1970;;38.34
1401;27/07/1970;;39.41
1401;28/07/1970;;61.62
1401;29/07/1970;;66.59
1401;30/07/1970;;68.99
1401;31/07/1970;;70.39
1401;01/08/1970;;70.93
1401;02/08/1970;;67.24
1401;03/08/1970;;25.17
1401;04/08/1970;;42.67
1401;05/08/1970;;74.21
1401;06/08/1970;;76.98
1401;07/08/1970;;74.04
1401;08/08/1970;;66.26
1401;09/08/1970;;55.9
1401;10/08/1970;;58.84
1401;11/08/1970;;57.37
1401;12/08/1970;;67.88
1401;13/08/1970;;68.12
1401;14/08/1970;;64.47
1401;15/08/1970;;39.91
1401;16/08/1970;;25.25
1401;17/08/1970;;11.8
1401;18/08/1970;;47.49
1401;19/08/1970;;49.52
1401;20/08/1970;;40.18
1401;21/08/1970;;42
1401;22/08/1970;;47.05
1401;23/08/1970;;36.76
1401;24/08/1970;;42.52
1401;25/08/1970;;63.13
1401;26/08/1970;;66.57
1401;27/08/1970;;76.44
1401;28/08/1970;;75.54
1401;29/08/1970;;68.23
1401;30/08/1970;;55.56
1401;31/08/1970;;51.6
1401;01/09/1970;;65.46
1401;02/09/1970;;40.13
1401;03/09/1970;;22.51
1401;04/09/1970;;18.19
1401;05/09/1970;;11.38
1401;06/09/1970;;0
1401;07/09/1970;;0
1401;08/09/1970;;0
1401;09/09/1970;;0
1401;10/09/1970;;0
1401;11/09/1970;;0
1401;12/09/1970;;0
1401;13/09/1970;;0
1401;14/09/1970;;0
1401;15/09/1970;;0
1401;16/09/1970;;0
1401;17/09/1970;;0
1401;18/09/1970;;0
1401;19/09/1970;;0
1401;20/09/1970;;0
1401;21/09/1970;;0
1401;22/09/1970;;14.26
1401;23/09/1970;;23.96
1401;24/09/1970;;30.79
1401;25/09/1970;;23.24
1401;26/09/1970;;14.38
1401;27/09/1970;;0
1401;28/09/1970;;12.76
1401;29/09/1970;;20.3
1401;30/09/1970;;14.46
1401;01/10/1970;;19.89
1401;02/10/1970;;22.69
1401;03/10/1970;;20.2
1401;04/10/1970;;27.95
1401;05/10/1970;;27.47
1401;06/10/1970;;53.97
1401;07/10/1970;;35.24
1401;08/10/1970;;19.31
1401;09/10/1970;;23.14
1401;10/10/1970;;28.38
1401;11/10/1970;;21.62
1401;12/10/1970;;49.37
1401;13/10/1970;;34.12
1401;14/10/1970;;29.05
1401;15/10/1970;;22.65
1401;16/10/1970;;23.59
1401;17/10/1970;;33.03
1401;18/10/1970;;28.85
1401;19/10/1970;;48.42
1401;20/10/1970;;9.35
1401;21/10/1970;;17.4
1401;22/10/1970;;18.62
1401;23/10/1970;;21.1
1401;24/10/1970;;26.89
1401;25/10/1970;;24.77
1401;26/10/1970;;34.96
1401;27/10/1970;;47.99
1401;28/10/1970;;19.4
1401;29/10/1970;;11.76
1401;30/10/1970;;8.32
1401;31/10/1970;;17
1401;01/11/1970;;17.16
1401;02/11/1970;;26.12
1401;03/11/1970;;30.31
1401;04/11/1970;;46.03
1401;05/11/1970;;36.82
1401;06/11/1970;;24.14
1401;07/11/1970;;6.13
1401;08/11/1970;;5.51
1401;09/11/1970;;4.67
1401;10/11/1970;;11.65
1401;11/11/1970;;15.56
1401;12/11/1970;;51.99
1401;13/11/1970;;43.53
1401;14/11/1970;;25.86
1401;15/11/1970;;7.32
1401;16/11/1970;;24.26
1401;17/11/1970;;60.47
1401;18/11/1970;;60.6
1401;19/11/1970;;63.58
1401;20/11/1970;;63.86
1401;21/11/1970;;54.16
1401;22/11/1970;;53.26
1401;23/11/1970;;41.01
1401;24/11/1970;;39.09
1401;25/11/1970;;36.51
1401;26/11/1970;;43.16
1401;27/11/1970;;42.66
1401;28/11/1970;;18.82
1401;29/11/1970;;37.23
1401;30/11/1970;;58.4
1401;01/12/1970;;71.41
1401;02/12/1970;;65.25
1401;03/12/1970;;48.69
1401;04/12/1970;;52.55
1401;05/12/1970;;62.02
1401;06/12/1970;;50.11
1401;07/12/1970;;51.75
1401;08/12/1970;;42.7
1401;09/12/1970;;52.29
1401;10/12/1970;;69.71
1401;11/12/1970;;72.6
1401;12/12/1970;;77.6
1401;13/12/1970;;74.91
1401;14/12/1970;;75.03
1401;15/12/1970;;76.34
1401;16/12/1970;;78.1
1401;17/12/1970;;72.95
1401;18/12/1970;;78.43
1401;19/12/1970;;77.78
1401;20/12/1970;;66.69
1401;21/12/1970;;43.21
1401;22/12/1970;;60.33
1401;23/12/1970;;75.58
1401;24/12/1970;;63.53
1401;25/12/1970;;42.21
1401;26/12/1970;;19.55
1401;27/12/1970;;21.36
1401;28/12/1970;;33.31
1401;29/12/1970;;23.28
1401;30/12/1970;;58.41
1401;31/12/1970;;62.69
1401;01/01/1971;;37.01
1401;02/01/1971;;31.36
1401;03/01/1971;;36.81
1401;04/01/1971;;19.46
1401;05/01/1971;;19.11
1401;06/01/1971;;24.63
1401;07/01/1971;;31.56
1401;08/01/1971;;25.94
1401;09/01/1971;;3.99
1401;10/01/1971;;21.1
1401;11/01/1971;;37.91
1401;12/01/1971;;26.61
1401;13/01/1971;;11.54
1401;14/01/1971;;24.55
1401;15/01/1971;;40.12
1401;16/01/1971;;38.6
1401;17/01/1971;;38.92
1401;18/01/1971;;40.7
1401;19/01/1971;;54.79
1401;20/01/1971;;71.24
1401;21/01/1971;;78.6
1401;22/01/1971;;75.3
1401;23/01/1971;;54.44
1401;24/01/1971;;68.31
1401;25/01/1971;;71.05
1401;26/01/1971;;75.12
1401;27/01/1971;;76
1401;28/01/1971;;73.94
1401;29/01/1971;;76.51
1401;30/01/1971;;75.53
1401;31/01/1971;;76.25
1401;01/02/1971;;78.41
1401;02/02/1971;;78.45
1401;03/02/1971;;77.5
1401;04/02/1971;;77.62
1401;05/02/1971;;78.16
1401;06/02/1971;;77.27
1401;07/02/1971;;64.68
1401;08/02/1971;;65.52
1401;09/02/1971;;74.18
1401;10/02/1971;;73.5
1401;11/02/1971;;73.18
1401;12/02/1971;;65.97
1401;13/02/1971;;61.03
1401;14/02/1971;;54.94
1401;15/02/1971;;58.1
1401;16/02/1971;;67.47
1401;17/02/1971;;58.2
1401;18/02/1971;;55.99
1401;19/02/1971;;55.55
1401;20/02/1971;;58.85
1401;21/02/1971;;72.77
1401;22/02/1971;;72.13
1401;23/02/1971;;62.29
1401;24/02/1971;;59.78
1401;25/02/1971;;59.7
1401;26/02/1971;;58.82
1401;27/02/1971;;59.03
1401;28/02/1971;;64.23
1401;01/03/1971;;62.25
1401;02/03/1971;;67.99
1401;03/03/1971;;57.9
1401;04/03/1971;;63.91
1401;05/03/1971;;72.38
1401;06/03/1971;;57.18
1401;07/03/1971;;43.98
1401;08/03/1971;;47.92
1401;09/03/1971;;65.09
1401;10/03/1971;;66.2
1401;11/03/1971;;52.01
1401;12/03/1971;;48.93
1401;13/03/1971;;19.9
1401;14/03/1971;;36.63
1401;15/03/1971;;56.72
1401;16/03/1971;;70.59
1401;17/03/1971;;70.47
1401;18/03/1971;;79.9
1401;19/03/1971;;80
1401;20/03/1971;;77.21
1401;21/03/1971;;80.52
1401;22/03/1971;;77.84
1401;23/03/1971;;80.46
1401;24/03/1971;;79.85
1401;25/03/1971;;76.51
1401;26/03/1971;;76.01
1401;27/03/1971;;77.36
1401;28/03/1971;;80.18
1401;29/03/1971;;75.88
1401;30/03/1971;;77.61
1401;31/03/1971;;79.88
1401;01/04/1971;;81.66
1401;02/04/1971;;71.82
1401;03/04/1971;;67.75
1401;04/04/1971;;75.23
1401;05/04/1971;;74.29
1401;06/04/1971;;67.56
1401;07/04/1971;;70.44
1401;08/04/1971;;71
1401;09/04/1971;;74.77
1401;10/04/1971;;74.37
1401;11/04/1971;;76.72
1401;12/04/1971;;78.63
1401;13/04/1971;;60.85
1401;14/04/1971;;70.9
1401;15/04/1971;;68.93
1401;16/04/1971;;71.03
1401;17/04/1971;;63.09
1401;18/04/1971;;80.29
1401;19/04/1971;;68.82
1401;20/04/1971;;66.57
1401;21/04/1971;;74.21
1401;22/04/1971;;76.9
1401;23/04/1971;;75.03
1401;24/04/1971;;72.09
1401;25/04/1971;;71.36
1401;26/04/1971;;66.84
1401;27/04/1971;;71.16
1401;28/04/1971;;71.82
1401;29/04/1971;;58.38
1401;30/04/1971;;69.78
1401;01/05/1971;;74.01
1401;02/05/1971;;76.46
1401;03/05/1971;;45.97
1401;04/05/1971;;71.61
1401;05/05/1971;;69.28
1401;06/05/1971;;72.89
1401;07/05/1971;;67.5
1401;08/05/1971;;72.61
1401;09/05/1971;;72.5
1401;10/05/1971;;69.38
1401;11/05/1971;;71.81
1401;12/05/1971;;72.67
1401;13/05/1971;;70.64
1401;14/05/1971;;66.82
1401;15/05/1971;;68.56
1401;16/05/1971;;64.07
1401;17/05/1971;;69.92
1401;18/05/1971;;69.45
1401;19/05/1971;;67.37
1401;20/05/1971;;74.13
1401;21/05/1971;;69.77
1401;22/05/1971;;70.75
1401;23/05/1971;;75.34
1401;24/05/1971;;66.99
1401;25/05/1971;;63.18
1401;26/05/1971;;67.28
1401;27/05/1971;;58.15
1401;28/05/1971;;56.54
1401;29/05/1971;;49.5
1401;30/05/1971;;69.09
1401;31/05/1971;;68.86
1401;01/06/1971;;63.19
1401;02/06/1971;;63.77
1401;03/06/1971;;59.45
1401;04/06/1971;;57.32
1401;05/06/1971;;61.07
1401;06/06/1971;;73.81
1401;07/06/1971;;69.79
1401;08/06/1971;;69.76
1401;09/06/1971;;72.27
1401;10/06/1971;;75.5
1401;11/06/1971;;76.72
1401;12/06/1971;;71.49
1401;13/06/1971;;77.89
1401;14/06/1971;;72.07
1401;15/06/1971;;75.38
1401;16/06/1971;;78.47
1401;17/06/1971;;75.1
1401;18/06/1971;;73.58
1401;19/06/1971;;73.73
1401;20/06/1971;;75.12
1401;21/06/1971;;70.36
1401;22/06/1971;;75.58
1401;23/06/1971;;80.91
1401;24/06/1971;;73.1
1401;25/06/1971;;75.61
1401;26/06/1971;;75.07
1401;27/06/1971;;76.01
1401;28/06/1971;;73.74
1401;29/06/1971;;77.07
1401;30/06/1971;;77.91
1401;01/07/1971;;76.49
1401;02/07/1971;;80.54
1401;03/07/1971;;83.29
1401;04/07/1971;;80.43
1401;05/07/1971;;82.54
1401;06/07/1971;;79.41
1401;07/07/1971;;75.04
1401;08/07/1971;;75.72
1401;09/07/1971;;74.64
1401;10/07/1971;;70.55
1401;11/07/1971;;59.15
1401;12/07/1971;;62.39
1401;13/07/1971;;73.97
1401;14/07/1971;;74.19
1401;15/07/1971;;72.2
1401;16/07/1971;;71.58
1401;17/07/1971;;77.16
1401;18/07/1971;;77.18
1401;19/07/1971;;72.44
1401;20/07/1971;;74.3
1401;21/07/1971;;74.04
1401;22/07/1971;;72.85
1401;23/07/1971;;71.3
1401;24/07/1971;;70.53
1401;25/07/1971;;68.38
1401;26/07/1971;;69.48
1401;27/07/1971;;71.34
1401;28/07/1971;;71.8
1401;29/07/1971;;71.68
1401;30/07/1971;;70.54
1401;31/07/1971;;70.49
1401;01/08/1971;;69.97
1401;02/08/1971;;70.07
1401;03/08/1971;;70.79
1401;04/08/1971;;72.75
1401;05/08/1971;;71.55
1401;06/08/1971;;73.87
1401;07/08/1971;;69.34
1401;08/08/1971;;68.89
1401;09/08/1971;;69.81
1401;10/08/1971;;72.45
1401;11/08/1971;;70.28
1401;12/08/1971;;71.45
1401;13/08/1971;;68.28
1401;14/08/1971;;69.89
1401;15/08/1971;;60.67
1401;16/08/1971;;50.97
1401;17/08/1971;;62.37
1401;18/08/1971;;69.78
1401;19/08/1971;;70.64
1401;20/08/1971;;67.96
1401;21/08/1971;;75.9
1401;22/08/1971;;73.12
1401;23/08/1971;;62.89
1401;24/08/1971;;73.48
1401;25/08/1971;;72.36
1401;26/08/1971;;72.67
1401;27/08/1971;;71.81
1401;28/08/1971;;72.65
1401;29/08/1971;;69.69
1401;30/08/1971;;74.4
1401;31/08/1971;;72.18
1401;01/09/1971;;73.58
1401;02/09/1971;;70.94
1401;03/09/1971;;73.73
1401;04/09/1971;;74.74
1401;05/09/1971;;69.33
1401;06/09/1971;;64.21
1401;07/09/1971;;71.35
1401;08/09/1971;;69.21
1401;09/09/1971;;77.11
1401;10/09/1971;;70.3
1401;11/09/1971;;74.79
1401;12/09/1971;;77.85
1401;13/09/1971;;62.68
1401;14/09/1971;;56.62
1401;15/09/1971;;55.16
1401;16/09/1971;;60.5
1401;17/09/1971;;55.15
1401;18/09/1971;;61.44
1401;19/09/1971;;54.28
1401;20/09/1971;;47.51
1401;21/09/1971;;57.75
1401;22/09/1971;;51.61
1401;23/09/1971;;59.95
1401;24/09/1971;;70.03
1401;25/09/1971;;69.81
1401;26/09/1971;;65.32
1401;27/09/1971;;67.05
1401;28/09/1971;;68.45
1401;29/09/1971;;68.5
1401;30/09/1971;;68.06
1401;01/10/1971;;68.03
1401;02/10/1971;;69.52
1401;03/10/1971;;61.4
1401;04/10/1971;;53.85
1401;05/10/1971;;63.38
1401;06/10/1971;;63.72
1401;07/10/1971;;54.39
1401;08/10/1971;;48.31
1401;09/10/1971;;40.82
1401;10/10/1971;;44.84
1401;11/10/1971;;44.8
1401;12/10/1971;;47.06
1401;13/10/1971;;36.14
1401;14/10/1971;;55.31
1401;15/10/1971;;60.1
1401;16/10/1971;;68.53
1401;17/10/1971;;63.65
1401;18/10/1971;;44.88
1401;19/10/1971;;50.62
1401;20/10/1971;;58.37
1401;21/10/1971;;44.46
1401;22/10/1971;;52.55
1401;23/10/1971;;47.84
1401;24/10/1971;;51.52
1401;25/10/1971;;44.08
1401;26/10/1971;;44.31
1401;27/10/1971;;50.67
1401;28/10/1971;;54.03
1401;29/10/1971;;53.83
1401;30/10/1971;;57.8
1401;31/10/1971;;32.29
1401;01/11/1971;;25.12
1401;02/11/1971;;21.78
1401;03/11/1971;;60.65
1401;04/11/1971;;64.86
1401;05/11/1971;;70.34
1401;06/11/1971;;68.95
1401;07/11/1971;;42.02
1401;08/11/1971;;42.37
1401;09/11/1971;;59.05
1401;10/11/1971;;67.04
1401;11/11/1971;;67.32
1401;12/11/1971;;64.13
1401;13/11/1971;;60.46
1401;14/11/1971;;50
1401;15/11/1971;;53.6
1401;16/11/1971;;54.67
1401;17/11/1971;;60.17
1401;18/11/1971;;70.53
1401;19/11/1971;;72.14
1401;20/11/1971;;75.04
1401;21/11/1971;;68.27
1401;22/11/1971;;68.49
1401;23/11/1971;;73.32
1401;24/11/1971;;72.12
1401;25/11/1971;;66.9
1401;26/11/1971;;59.65
1401;27/11/1971;;51.71
1401;28/11/1971;;44.45
1401;29/11/1971;;50.01
1401;30/11/1971;;57.49
1401;01/12/1971;;72.12
1401;02/12/1971;;72.97
1401;03/12/1971;;73.23
1401;04/12/1971;;74.66
1401;05/12/1971;;72.33
1401;06/12/1971;;72.5
1401;07/12/1971;;59.7
1401;08/12/1971;;48.25
1401;09/12/1971;;55.15
1401;10/12/1971;;58.66
1401;11/12/1971;;53.2
1401;12/12/1971;;52.99
1401;13/12/1971;;54.72
1401;14/12/1971;;51.5
1401;15/12/1971;;48.21
1401;16/12/1971;;52.15
1401;17/12/1971;;62.04
1401;18/12/1971;;52.7
1401;19/12/1971;;38.68
1401;20/12/1971;;54.06
1401;21/12/1971;;66.61
1401;22/12/1971;;70.21
1401;23/12/1971;;81.64
1401;24/12/1971;;68.91
1401;25/12/1971;;60.3
1401;26/12/1971;;35.35
1401;27/12/1971;;62.59
1401;28/12/1971;;71.29
1401;29/12/1971;;67.55
1401;30/12/1971;;69.55
1401;31/12/1971;;69
1401;01/01/1972;;35.16
1401;02/01/1972;;20.43
1401;03/01/1972;;43.72
1401;04/01/1972;;70.11
1401;05/01/1972;;57.14
1401;06/01/1972;;17.08
1401;07/01/1972;;35.59
1401;08/01/1972;;49.41
1401;09/01/1972;;30.12
1401;10/01/1972;;40.96
1401;11/01/1972;;52.66
1401;12/01/1972;;53.6
1401;13/01/1972;;72.12
1401;14/01/1972;;81.72
1401;15/01/1972;;70.55
1401;16/01/1972;;73.97
1401;17/01/1972;;76.74
1401;18/01/1972;;73.84
1401;19/01/1972;;74.39
1401;20/01/1972;;70.4
1401;21/01/1972;;72.46
1401;22/01/1972;;76.83
1401;23/01/1972;;77.97
1401;24/01/1972;;73.7
1401;25/01/1972;;72.7
1401;26/01/1972;;68.86
1401;27/01/1972;;70.21
1401;28/01/1972;;75.85
1401;29/01/1972;;74.13
1401;30/01/1972;;80.6
1401;31/01/1972;;75.84
1401;01/02/1972;;74.51
1401;02/02/1972;;76.13
1401;03/02/1972;;77.2
1401;04/02/1972;;80.47
1401;05/02/1972;;83.44
1401;06/02/1972;;83.86
1401;07/02/1972;;79.53
1401;08/02/1972;;75.46
1401;09/02/1972;;76.1
1401;10/02/1972;;55.79
1401;11/02/1972;;14.81
1401;12/02/1972;;17.73
1401;13/02/1972;;28.23
1401;14/02/1972;;46.07
1401;15/02/1972;;45.22
1401;16/02/1972;;45.42
1401;17/02/1972;;62.63
1401;18/02/1972;;50.2
1401;19/02/1972;;63.34
1401;20/02/1972;;73.11
1401;21/02/1972;;60.74
1401;22/02/1972;;64.12
1401;23/02/1972;;62.77
1401;24/02/1972;;65.73
1401;25/02/1972;;65
1401;26/02/1972;;73.93
1401;27/02/1972;;74.19
1401;28/02/1972;;52.23
1401;29/02/1972;;66.39
1401;01/03/1972;;66.34
1401;02/03/1972;;69.61
1401;03/03/1972;;73.87
1401;04/03/1972;;44.85
1401;05/03/1972;;76.9
1401;06/03/1972;;54.72
1401;07/03/1972;;46.77
1401;08/03/1972;;65.28
1401;09/03/1972;;65.49
1401;10/03/1972;;69.75
1401;11/03/1972;;71.45
1401;12/03/1972;;77.9
1401;13/03/1972;;67.16
1401;14/03/1972;;72.39
1401;15/03/1972;;77.36
1401;16/03/1972;;69.64
1401;17/03/1972;;69.29
1401;18/03/1972;;72.87
1401;19/03/1972;;78.04
1401;20/03/1972;;77.77
1401;21/03/1972;;70.7
1401;22/03/1972;;73.14
1401;23/03/1972;;77.81
1401;24/03/1972;;71.84
1401;25/03/1972;;73.98
1401;26/03/1972;;79.32
1401;27/03/1972;;71.15
1401;28/03/1972;;74.54
1401;29/03/1972;;71.78
1401;30/03/1972;;71.26
1401;31/03/1972;;74.85
1401;01/04/1972;;68.74
1401;02/04/1972;;73.72
1401;03/04/1972;;74.2
1401;04/04/1972;;70.91
1401;05/04/1972;;70.61
1401;06/04/1972;;74.18
1401;07/04/1972;;66.92
1401;08/04/1972;;76.4
1401;09/04/1972;;73.84
1401;10/04/1972;;68.92
1401;11/04/1972;;62.4
1401;12/04/1972;;52.5
1401;13/04/1972;;67.46
1401;14/04/1972;;65.37
1401;15/04/1972;;62.09
1401;16/04/1972;;73.12
1401;17/04/1972;;59.97
1401;18/04/1972;;63.14
1401;19/04/1972;;74.02
1401;20/04/1972;;70.26
1401;21/04/1972;;69.3
1401;22/04/1972;;67.7
1401;23/04/1972;;72.79
1401;24/04/1972;;75.07
1401;25/04/1972;;74.79
1401;26/04/1972;;68.58
1401;27/04/1972;;73.86
1401;28/04/1972;;70.52
1401;29/04/1972;;71.19
1401;30/04/1972;;60.06
1401;01/05/1972;;52.76
1401;02/05/1972;;70.1
1401;03/05/1972;;65.9
1401;04/05/1972;;72.49
1401;05/05/1972;;57.42
1401;06/05/1972;;58.92
1401;07/05/1972;;46.69
1401;08/05/1972;;47.02
1401;09/05/1972;;62.57
1401;10/05/1972;;68.2
1401;11/05/1972;;40.54
1401;12/05/1972;;57.73
1401;13/05/1972;;72.69
1401;14/05/1972;;67.98
1401;15/05/1972;;70.81
1401;16/05/1972;;75.45
1401;17/05/1972;;70.96
1401;18/05/1972;;70.07
1401;19/05/1972;;72.71
1401;20/05/1972;;71.82
1401;21/05/1972;;65.51
1401;22/05/1972;;70.05
1401;23/05/1972;;66.48
1401;24/05/1972;;68.36
1401;25/05/1972;;70.99
1401;26/05/1972;;71.52
1401;27/05/1972;;74.1
1401;28/05/1972;;74.04
1401;29/05/1972;;70.87
1401;30/05/1972;;70.36
1401;31/05/1972;;71.98
1401;01/06/1972;;71.4
1401;02/06/1972;;72.18
1401;03/06/1972;;68
1401;04/06/1972;;71.87
1401;05/06/1972;;69.65
1401;06/06/1972;;72.33
1401;07/06/1972;;72.48
1401;08/06/1972;;63.81
1401;09/06/1972;;68.51
1401;10/06/1972;;66.27
1401;11/06/1972;;48.82
1401;12/06/1972;;59.11
1401;13/06/1972;;65.36
1401;14/06/1972;;69.31
1401;15/06/1972;;59.83
1401;16/06/1972;;72.04
1401;17/06/1972;;70.23
1401;18/06/1972;;73.44
1401;19/06/1972;;69.87
1401;20/06/1972;;67.79
1401;21/06/1972;;69.13
1401;22/06/1972;;66.44
1401;23/06/1972;;71.85
1401;24/06/1972;;64.28
1401;25/06/1972;;73.05
1401;26/06/1972;;61.12
1401;27/06/1972;;54.17
1401;28/06/1972;;58.8
1401;29/06/1972;;34.79
1401;30/06/1972;;34.96
1401;01/07/1972;;47.17
1401;02/07/1972;;38.87
1401;03/07/1972;;40.39
1401;04/07/1972;;54.31
1401;05/07/1972;;64.84
1401;06/07/1972;;71.58
1401;07/07/1972;;73.69
1401;08/07/1972;;70.96
1401;09/07/1972;;56.01
1401;10/07/1972;;59.3
1401;11/07/1972;;67.78
1401;12/07/1972;;71.29
1401;13/07/1972;;73.11
1401;14/07/1972;;71.71
1401;15/07/1972;;70.1
1401;16/07/1972;;67.47
1401;17/07/1972;;69.89
1401;18/07/1972;;67.61
1401;19/07/1972;;66.34
1401;20/07/1972;;72.37
1401;21/07/1972;;77.68
1401;22/07/1972;;71.04
1401;23/07/1972;;55.01
1401;24/07/1972;;56.1
1401;25/07/1972;;51.6
1401;26/07/1972;;76.91
1401;27/07/1972;;73.63
1401;28/07/1972;;71.16
1401;29/07/1972;;73.1
1401;30/07/1972;;64.48
1401;31/07/1972;;63.12
1401;01/08/1972;;74.02
1401;02/08/1972;;73.68
1401;03/08/1972;;69.95
1401;04/08/1972;;76.03
1401;05/08/1972;;73.8
1401;06/08/1972;;74.16
1401;07/08/1972;;54.94
1401;08/08/1972;;61.41
1401;09/08/1972;;67.62
1401;10/08/1972;;70.78
1401;11/08/1972;;73.8
1401;12/08/1972;;74.46
1401;13/08/1972;;64.3
1401;14/08/1972;;77.34
1401;15/08/1972;;73.03
1401;16/08/1972;;59.46
1401;17/08/1972;;46.07
1401;18/08/1972;;0
1401;19/08/1972;;0
1401;20/08/1972;;0
1401;21/08/1972;;0
1401;22/08/1972;;0
1401;23/08/1972;;0
1401;24/08/1972;;10.2
1401;25/08/1972;;54.56
1401;26/08/1972;;44.42
1401;27/08/1972;;50.59
1401;28/08/1972;;27.95
1401;29/08/1972;;15.61
1401;30/08/1972;;21.16
1401;31/08/1972;;18.38
1401;01/09/1972;;19.51
1401;02/09/1972;;40.23
1401;03/09/1972;;49.55
1401;04/09/1972;;38.99
1401;05/09/1972;;47.62
1401;06/09/1972;;37.91
1401;07/09/1972;;39.21
1401;08/09/1972;;38.74
1401;09/09/1972;;36.17
1401;10/09/1972;;40.05
1401;11/09/1972;;40.04
1401;12/09/1972;;37.43
1401;13/09/1972;;37.4
1401;14/09/1972;;40.95
1401;15/09/1972;;42.68
1401;16/09/1972;;36.73
1401;17/09/1972;;25.09
1401;18/09/1972;;34.13
1401;19/09/1972;;23.59
1401;20/09/1972;;35.88
1401;21/09/1972;;33.27
1401;22/09/1972;;36.59
1401;23/09/1972;;33.56
1401;24/09/1972;;40.77
1401;25/09/1972;;33.96
1401;26/09/1972;;17.41
1401;27/09/1972;;22.26
1401;28/09/1972;;24.19
1401;29/09/1972;;22.69
1401;30/09/1972;;28.43
1401;01/10/1972;;27.42
1401;02/10/1972;;40.82
1401;03/10/1972;;51.08
1401;04/10/1972;;65.26
1401;05/10/1972;;67.47
1401;06/10/1972;;66.66
1401;07/10/1972;;67.15
1401;08/10/1972;;65.33
1401;09/10/1972;;53.38
1401;10/10/1972;;61.55
1401;11/10/1972;;68.26
1401;12/10/1972;;57.88
1401;13/10/1972;;54.38
1401;14/10/1972;;70.24
1401;15/10/1972;;64.68
1401;16/10/1972;;50.86
1401;17/10/1972;;62.18
1401;18/10/1972;;66.15
1401;19/10/1972;;69.65
1401;20/10/1972;;71
1401;21/10/1972;;77.04
1401;22/10/1972;;55.37
1401;23/10/1972;;50.1
1401;24/10/1972;;72.61
1401;25/10/1972;;69.6
1401;26/10/1972;;78.6
1401;27/10/1972;;72.9
1401;28/10/1972;;74.71
1401;29/10/1972;;71.65
1401;30/10/1972;;52.39
1401;31/10/1972;;49.1
1401;01/11/1972;;54.24
1401;02/11/1972;;57.17
1401;03/11/1972;;72.37
1401;04/11/1972;;74.85
1401;05/11/1972;;67.75
1401;06/11/1972;;56.11
1401;07/11/1972;;67.59
1401;08/11/1972;;69.66
1401;09/11/1972;;74.94
1401;10/11/1972;;73.45
1401;11/11/1972;;75.83
1401;12/11/1972;;65.61
1401;13/11/1972;;58.41
1401;14/11/1972;;60.15
1401;15/11/1972;;46.88
1401;16/11/1972;;42.75
1401;17/11/1972;;52.77
1401;18/11/1972;;63.77
1401;19/11/1972;;61.86
1401;20/11/1972;;47.17
1401;21/11/1972;;72.29
1401;22/11/1972;;70.67
1401;23/11/1972;;71
1401;24/11/1972;;71.5
1401;25/11/1972;;73.89
1401;26/11/1972;;64.6
1401;27/11/1972;;67.27
1401;28/11/1972;;73.36
1401;29/11/1972;;76.93
1401;30/11/1972;;74.53
1401;01/12/1972;;74.09
1401;02/12/1972;;75.46
1401;03/12/1972;;73.99
1401;04/12/1972;;75.68
1401;05/12/1972;;77.01
1401;06/12/1972;;70.99
1401;07/12/1972;;76
1401;08/12/1972;;76.26
1401;09/12/1972;;77.53
1401;10/12/1972;;76.86
1401;11/12/1972;;72.13
1401;12/12/1972;;79.92
1401;13/12/1972;;75.48
1401;14/12/1972;;77.56
1401;15/12/1972;;77.56
1401;16/12/1972;;78.67
1401;17/12/1972;;75.7
1401;18/12/1972;;76.19
1401;19/12/1972;;75.64
1401;20/12/1972;;72.53
1401;21/12/1972;;71.59
1401;22/12/1972;;70.95
1401;23/12/1972;;75.92
1401;24/12/1972;;68.19
1401;25/12/1972;;57.07
1401;26/12/1972;;54.23
1401;27/12/1972;;66.8
1401;28/12/1972;;75.15
1401;29/12/1972;;70.49
1401;30/12/1972;;63.39
1401;31/12/1972;;75.66
1401;01/01/1973;;76.99
1401;02/01/1973;;63.01
1401;03/01/1973;;76.92
1401;04/01/1973;;75.39
1401;05/01/1973;;73.61
1401;06/01/1973;;74.91
1401;07/01/1973;;65.05
1401;08/01/1973;;61.56
1401;09/01/1973;;69.01
1401;10/01/1973;;77.23
1401;11/01/1973;;71.78
1401;12/01/1973;;72.18
1401;13/01/1973;;72.79
1401;14/01/1973;;71.49
1401;15/01/1973;;69.68
1401;16/01/1973;;71.93
1401;17/01/1973;;59.5
1401;18/01/1973;;63.74
1401;19/01/1973;;69.62
1401;20/01/1973;;66.08
1401;21/01/1973;;79.51
1401;22/01/1973;;76.51
1401;23/01/1973;;70.31
1401;24/01/1973;;71.24
1401;25/01/1973;;73.71
1401;26/01/1973;;61.44
1401;27/01/1973;;82.4
1401;28/01/1973;;77.61
1401;29/01/1973;;74.54
1401;30/01/1973;;69.11
1401;31/01/1973;;71.29
1401;01/02/1973;;70.12
1401;02/02/1973;;71.2
1401;03/02/1973;;75.72
1401;04/02/1973;;73.3
1401;05/02/1973;;72.96
1401;06/02/1973;;71.66
1401;07/02/1973;;67.84
1401;08/02/1973;;67.58
1401;09/02/1973;;69.25
1401;10/02/1973;;71.62
1401;11/02/1973;;64.23
1401;12/02/1973;;56.41
1401;13/02/1973;;52.39
1401;14/02/1973;;58.76
1401;15/02/1973;;71.82
1401;16/02/1973;;76.26
1401;17/02/1973;;77.87
1401;18/02/1973;;71.63
1401;19/02/1973;;59.24
1401;20/02/1973;;61.06
1401;21/02/1973;;70.4
1401;22/02/1973;;73.6
1401;23/02/1973;;77.55
1401;24/02/1973;;79.88
1401;25/02/1973;;79.57
1401;26/02/1973;;71.34
1401;27/02/1973;;71.63
1401;28/02/1973;;77.48
1401;01/03/1973;;80.16
1401;02/03/1973;;82.63
1401;03/03/1973;;76.1
1401;04/03/1973;;76.45
1401;05/03/1973;;80.98
1401;06/03/1973;;75.32
1401;07/03/1973;;78.98
1401;08/03/1973;;78.53
1401;09/03/1973;;76.77
1401;10/03/1973;;74.02
1401;11/03/1973;;78.05
1401;12/03/1973;;71.65
1401;13/03/1973;;64.45
1401;14/03/1973;;71.93
1401;15/03/1973;;70.31
1401;16/03/1973;;62.06
1401;17/03/1973;;61.35
1401;18/03/1973;;55.33
1401;19/03/1973;;53.03
1401;20/03/1973;;33.26
1401;21/03/1973;;72.94
1401;22/03/1973;;62.2
1401;23/03/1973;;61.11
1401;24/03/1973;;49.54
1401;25/03/1973;;61.49
1401;26/03/1973;;79.94
1401;27/03/1973;;72.61
1401;28/03/1973;;79.75
1401;29/03/1973;;82.13
1401;30/03/1973;;77.12
1401;31/03/1973;;75.13
1401;01/04/1973;;58.29
1401;02/04/1973;;78.24
1401;03/04/1973;;63.98
1401;04/04/1973;;61.37
1401;05/04/1973;;73.24
1401;06/04/1973;;75.75
1401;07/04/1973;;65.36
1401;08/04/1973;;67.53
1401;09/04/1973;;53.78
1401;10/04/1973;;62.52
1401;11/04/1973;;57.42
1401;12/04/1973;;47.11
1401;13/04/1973;;47.03
1401;14/04/1973;;52.96
1401;15/04/1973;;36.2
1401;16/04/1973;;39.78
1401;17/04/1973;;41.78
1401;18/04/1973;;42.7
1401;19/04/1973;;30.09
1401;20/04/1973;;33.24
1401;21/04/1973;;30.05
1401;22/04/1973;;31.81
1401;23/04/1973;;30.46
1401;24/04/1973;;40.93
1401;25/04/1973;;49.81
1401;26/04/1973;;45.1
1401;27/04/1973;;44.93
1401;28/04/1973;;30.31
1401;29/04/1973;;42.1
1401;30/04/1973;;47.76
1401;01/05/1973;;70.33
1401;02/05/1973;;36.81
1401;03/05/1973;;42.18
1401;04/05/1973;;12.61
1401;05/05/1973;;11
1401;06/05/1973;;62.41
1401;07/05/1973;;57.19
1401;08/05/1973;;38.96
1401;09/05/1973;;45
1401;10/05/1973;;52.38
1401;11/05/1973;;70.47
1401;12/05/1973;;70.62
1401;13/05/1973;;81.32
1401;14/05/1973;;77.78
1401;15/05/1973;;71.45
1401;16/05/1973;;74.83
1401;17/05/1973;;73.18
1401;18/05/1973;;71.36
1401;19/05/1973;;68.75
1401;20/05/1973;;65.65
1401;21/05/1973;;54.31
1401;22/05/1973;;15.09
1401;23/05/1973;;36.49
1401;24/05/1973;;48.65
1401;25/05/1973;;60.12
1401;26/05/1973;;52.87
1401;27/05/1973;;68.11
1401;28/05/1973;;67.48
1401;29/05/1973;;70.87
1401;30/05/1973;;75.28
1401;31/05/1973;;66.75
1401;01/06/1973;;68.6
1401;02/06/1973;;72.04
1401;03/06/1973;;69.55
1401;04/06/1973;;59.77
1401;05/06/1973;;68.58
1401;06/06/1973;;62.25
1401;07/06/1973;;73.36
1401;08/06/1973;;65.25
1401;09/06/1973;;56.54
1401;10/06/1973;;48.6
1401;11/06/1973;;63.42
1401;12/06/1973;;42.42
1401;13/06/1973;;51.39
1401;14/06/1973;;55.02
1401;15/06/1973;;32.32
1401;16/06/1973;;19.88
1401;17/06/1973;;40.96
1401;18/06/1973;;20.95
1401;19/06/1973;;38.55
1401;20/06/1973;;31.42
1401;21/06/1973;;28.35
1401;22/06/1973;;32.99
1401;23/06/1973;;24.21
1401;24/06/1973;;28.08
1401;25/06/1973;;21.01
1401;26/06/1973;;34.76
1401;27/06/1973;;46.39
1401;28/06/1973;;32.32
1401;29/06/1973;;34.5
1401;30/06/1973;;31.71
1401;01/07/1973;;27.78
1401;02/07/1973;;11.11
1401;03/07/1973;;25.67
1401;04/07/1973;;35.65
1401;05/07/1973;;41.47
1401;06/07/1973;;56.53
1401;07/07/1973;;59.37
1401;08/07/1973;;43.08
1401;09/07/1973;;25.62
1401;10/07/1973;;33.22
1401;11/07/1973;;9.19
1401;12/07/1973;;45.2
1401;13/07/1973;;40.75
1401;14/07/1973;;44.21
1401;15/07/1973;;16.5
1401;16/07/1973;;42.27
1401;17/07/1973;;40.07
1401;18/07/1973;;42.41
1401;19/07/1973;;60.87
1401;20/07/1973;;62.15
1401;21/07/1973;;63.97
1401;22/07/1973;;58.21
1401;23/07/1973;;50.33
1401;24/07/1973;;63.91
1401;25/07/1973;;62.3
1401;26/07/1973;;68.86
1401;27/07/1973;;73.94
1401;28/07/1973;;68.7
1401;29/07/1973;;57.31
1401;30/07/1973;;48.07
1401;31/07/1973;;59.02
1401;01/08/1973;;61.19
1401;02/08/1973;;67.35
1401;03/08/1973;;70.69
1401;04/08/1973;;74.44
1401;05/08/1973;;69.88
1401;06/08/1973;;67.31
1401;07/08/1973;;75.39
1401;08/08/1973;;72.67
1401;09/08/1973;;72.53
1401;10/08/1973;;69.93
1401;11/08/1973;;70.87
1401;12/08/1973;;73.42
1401;13/08/1973;;69.96
1401;14/08/1973;;74.42
1401;15/08/1973;;74.3
1401;16/08/1973;;73.9
1401;17/08/1973;;70.98
1401;18/08/1973;;69.73
1401;19/08/1973;;63.39
1401;20/08/1973;;44.94
1401;21/08/1973;;65.21
1401;22/08/1973;;55.38
1401;23/08/1973;;27.05
1401;24/08/1973;;26.66
1401;25/08/1973;;30.23
1401;26/08/1973;;38.89
1401;27/08/1973;;27.9
1401;28/08/1973;;4.02
1401;29/08/1973;;24.53
1401;30/08/1973;;33.54
1401;31/08/1973;;33.79
1401;01/09/1973;;32.35
1401;02/09/1973;;27.91
1401;03/09/1973;;30.25
1401;04/09/1973;;30.24
1401;05/09/1973;;33.77
1401;06/09/1973;;30.26
1401;07/09/1973;;32.36
1401;08/09/1973;;34.92
1401;09/09/1973;;31.12
1401;10/09/1973;;6.86
1401;11/09/1973;;8.29
1401;12/09/1973;;18.85
1401;13/09/1973;;24.84
1401;14/09/1973;;29.82
1401;15/09/1973;;28.56
1401;16/09/1973;;13.55
1401;17/09/1973;;40.52
1401;18/09/1973;;53.41
1401;19/09/1973;;61.9
1401;20/09/1973;;68.73
1401;21/09/1973;;71.37
1401;22/09/1973;;73.48
1401;23/09/1973;;48.42
1401;24/09/1973;;55.42
1401;25/09/1973;;65.5
1401;26/09/1973;;68.31
1401;27/09/1973;;46.61
1401;28/09/1973;;57.17
1401;29/09/1973;;60.56
1401;30/09/1973;;64.34
1401;01/10/1973;;63.4
1401;02/10/1973;;63.34
1401;03/10/1973;;63.22
1401;04/10/1973;;63.42
1401;05/10/1973;;72.8
1401;06/10/1973;;67.66
1401;07/10/1973;;65.31
1401;08/10/1973;;61.62
1401;09/10/1973;;47.01
1401;10/10/1973;;51.73
1401;11/10/1973;;34.39
1401;12/10/1973;;27.23
1401;13/10/1973;;32.71
1401;14/10/1973;;21.47
1401;15/10/1973;;37.32
1401;16/10/1973;;61.77
1401;17/10/1973;;74.45
1401;18/10/1973;;71.15
1401;19/10/1973;;75.58
1401;20/10/1973;;69.5
1401;21/10/1973;;64.65
1401;22/10/1973;;44.67
1401;23/10/1973;;64.33
1401;24/10/1973;;65.13
1401;25/10/1973;;62.38
1401;26/10/1973;;67.11
1401;27/10/1973;;59.92
1401;28/10/1973;;57.24
1401;29/10/1973;;60.49
1401;30/10/1973;;60.64
1401;31/10/1973;;62.83
1401;01/11/1973;;66.21
1401;02/11/1973;;78.01
1401;03/11/1973;;58.19
1401;04/11/1973;;75.51
1401;05/11/1973;;73.5
1401;06/11/1973;;65.08
1401;07/11/1973;;38.66
1401;08/11/1973;;40.15
1401;09/11/1973;;37.28
1401;10/11/1973;;44.15
1401;11/11/1973;;24.45
1401;12/11/1973;;19.64
1401;13/11/1973;;39.62
1401;14/11/1973;;45.09
1401;15/11/1973;;37.57
1401;16/11/1973;;35.28
1401;17/11/1973;;47.4
1401;18/11/1973;;28.58
1401;19/11/1973;;18.75
1401;20/11/1973;;34.73
1401;21/11/1973;;28.76
1401;22/11/1973;;53.93
1401;23/11/1973;;48.09
1401;24/11/1973;;42.42
1401;25/11/1973;;33.24
1401;26/11/1973;;25.58
1401;27/11/1973;;32.5
1401;28/11/1973;;41.74
1401;29/11/1973;;36.62
1401;30/11/1973;;42.14
1401;01/12/1973;;40.75
1401;02/12/1973;;24.65
1401;03/12/1973;;20.62
1401;04/12/1973;;34.25
1401;05/12/1973;;35.98
1401;06/12/1973;;39.84
1401;07/12/1973;;52.52
1401;08/12/1973;;35.19
1401;09/12/1973;;17.3
1401;10/12/1973;;23.09
1401;11/12/1973;;32.75
1401;12/12/1973;;33.82
1401;13/12/1973;;39.42
1401;14/12/1973;;40.41
1401;15/12/1973;;33.15
1401;16/12/1973;;44.36
1401;17/12/1973;;32.54
1401;18/12/1973;;28.43
1401;19/12/1973;;57.88
1401;20/12/1973;;69.81
1401;21/12/1973;;72.5
1401;22/12/1973;;67.81
1401;23/12/1973;;77.98
1401;24/12/1973;;71.5
1401;25/12/1973;;49.38
1401;26/12/1973;;41.28
1401;27/12/1973;;61.13
1401;28/12/1973;;69.89
1401;29/12/1973;;60.24
1401;30/12/1973;;38.79
1401;31/12/1973;;60.04
1401;01/01/1974;;44.85
1401;02/01/1974;;65.74
1401;03/01/1974;;68.63
1401;04/01/1974;;68.13
1401;05/01/1974;;79.85
1401;06/01/1974;;69.44
1401;07/01/1974;;67.27
1401;08/01/1974;;72.6
1401;09/01/1974;;54.44
1401;10/01/1974;;55.39
1401;11/01/1974;;60.85
1401;12/01/1974;;66.82
1401;13/01/1974;;72.57
1401;14/01/1974;;68.63
1401;15/01/1974;;70.71
1401;16/01/1974;;68.74
1401;17/01/1974;;72.62
1401;18/01/1974;;71.01
1401;19/01/1974;;73.39
1401;20/01/1974;;77.38
1401;21/01/1974;;73.92
1401;22/01/1974;;74.73
1401;23/01/1974;;74.76
1401;24/01/1974;;75.3
1401;25/01/1974;;75.38
1401;26/01/1974;;73.37
1401;27/01/1974;;79.61
1401;28/01/1974;;78.68
1401;29/01/1974;;53.98
1401;30/01/1974;;40.35
1401;31/01/1974;;39.3
1401;01/02/1974;;51.37
1401;02/02/1974;;55.87
1401;03/02/1974;;59.15
1401;04/02/1974;;58.46
1401;05/02/1974;;49.28
1401;06/02/1974;;45.03
1401;07/02/1974;;33.2
1401;08/02/1974;;33.21
1401;09/02/1974;;36.24
1401;10/02/1974;;58.65
1401;11/02/1974;;45.25
1401;12/02/1974;;16.4
1401;13/02/1974;;17.31
1401;14/02/1974;;50.36
1401;15/02/1974;;8.03
1401;16/02/1974;;50.52
1401;17/02/1974;;46.32
1401;18/02/1974;;24.51
1401;19/02/1974;;42.7
1401;20/02/1974;;35.32
1401;21/02/1974;;50.25
1401;22/02/1974;;48.76
1401;23/02/1974;;53.29
1401;24/02/1974;;52.54
1401;25/02/1974;;76.58
1401;26/02/1974;;74.76
1401;27/02/1974;;69.78
1401;28/02/1974;;80.39
1401;01/03/1974;;72.14
1401;02/03/1974;;79.32
1401;03/03/1974;;76.65
1401;04/03/1974;;75.97
1401;05/03/1974;;76.96
1401;06/03/1974;;74.48
1401;07/03/1974;;74.65
1401;08/03/1974;;70.83
1401;09/03/1974;;75.54
1401;10/03/1974;;80.93
1401;11/03/1974;;75.27
1401;12/03/1974;;76.41
1401;13/03/1974;;74.72
1401;14/03/1974;;76.14
1401;15/03/1974;;75.04
1401;16/03/1974;;72.79
1401;17/03/1974;;77.16
1401;18/03/1974;;74.85
1401;19/03/1974;;76.71
1401;20/03/1974;;67.06
1401;21/03/1974;;74.57
1401;22/03/1974;;69.8
1401;23/03/1974;;72.95
1401;24/03/1974;;71.6
1401;25/03/1974;;73.92
1401;26/03/1974;;75.16
1401;27/03/1974;;68.89
1401;28/03/1974;;72.65
1401;29/03/1974;;72.47
1401;30/03/1974;;71.8
1401;31/03/1974;;71.82
1401;01/04/1974;;74.87
1401;02/04/1974;;68.57
1401;03/04/1974;;68.98
1401;04/04/1974;;71.56
1401;05/04/1974;;78.87
1401;06/04/1974;;72.26
1401;07/04/1974;;71.6
1401;08/04/1974;;56.11
1401;09/04/1974;;66.61
1401;10/04/1974;;75.25
1401;11/04/1974;;72.69
1401;12/04/1974;;71.65
1401;13/04/1974;;55.85
1401;14/04/1974;;56.59
1401;15/04/1974;;47.32
1401;16/04/1974;;61.92
1401;17/04/1974;;62.45
1401;18/04/1974;;72.06
1401;19/04/1974;;72.88
1401;20/04/1974;;64.38
1401;21/04/1974;;64.23
1401;22/04/1974;;64.27
1401;23/04/1974;;76.43
1401;24/04/1974;;73.82
1401;25/04/1974;;69.57
1401;26/04/1974;;65.57
1401;27/04/1974;;55.64
1401;28/04/1974;;34.85
1401;29/04/1974;;54.32
1401;30/04/1974;;51.11
1401;01/05/1974;;46.58
1401;02/05/1974;;43.26
1401;03/05/1974;;56.59
1401;04/05/1974;;73.13
1401;05/05/1974;;71.07
1401;06/05/1974;;67.42
1401;07/05/1974;;70.68
1401;08/05/1974;;62.89
1401;09/05/1974;;56.75
1401;10/05/1974;;54.05
1401;11/05/1974;;57.94
1401;12/05/1974;;55.3
1401;13/05/1974;;65.87
1401;14/05/1974;;73.37
1401;15/05/1974;;73.28
1401;16/05/1974;;70.88
1401;17/05/1974;;72.89
1401;18/05/1974;;69.92
1401;19/05/1974;;74.39
1401;20/05/1974;;54.76
1401;21/05/1974;;59.09
1401;22/05/1974;;56.18
1401;23/05/1974;;63.82
1401;24/05/1974;;73.7
1401;25/05/1974;;69.66
1401;26/05/1974;;68.53
1401;27/05/1974;;61.01
1401;28/05/1974;;54.79
1401;29/05/1974;;54.65
1401;30/05/1974;;35.85
1401;31/05/1974;;29.26
1401;01/06/1974;;35.04
1401;02/06/1974;;23.45
1401;03/06/1974;;24.49
1401;04/06/1974;;40.96
1401;05/06/1974;;54.21
1401;06/06/1974;;37.08
1401;07/06/1974;;28.41
1401;08/06/1974;;44.22
1401;09/06/1974;;59.67
1401;10/06/1974;;61.05
1401;11/06/1974;;62.45
1401;12/06/1974;;60.19
1401;13/06/1974;;60.2
1401;14/06/1974;;61.53
1401;15/06/1974;;49.19
1401;16/06/1974;;48.22
1401;17/06/1974;;43.43
1401;18/06/1974;;27.24
1401;19/06/1974;;29.11
1401;20/06/1974;;37.95
1401;21/06/1974;;27.51
1401;22/06/1974;;24.61
1401;23/06/1974;;26.56
1401;24/06/1974;;24.77
1401;25/06/1974;;33.78
1401;26/06/1974;;32.6
1401;27/06/1974;;62.41
1401;28/06/1974;;70.51
1401;29/06/1974;;75.83
1401;30/06/1974;;77.79
1401;01/07/1974;;73.81
1401;02/07/1974;;72.46
1401;03/07/1974;;72
1401;04/07/1974;;67.69
1401;05/07/1974;;66.51
1401;06/07/1974;;66.44
1401;07/07/1974;;74.16
1401;08/07/1974;;69.37
1401;09/07/1974;;66.08
1401;10/07/1974;;71.98
1401;11/07/1974;;68
1401;12/07/1974;;69.97
1401;13/07/1974;;70.41
1401;14/07/1974;;56
1401;15/07/1974;;53.96
1401;16/07/1974;;57.16
1401;17/07/1974;;68.11
1401;18/07/1974;;45.75
1401;19/07/1974;;60.11
1401;20/07/1974;;65.54
1401;21/07/1974;;47.57
1401;22/07/1974;;55.8
1401;23/07/1974;;56.98
1401;24/07/1974;;63.73
1401;25/07/1974;;49.75
1401;26/07/1974;;47.92
1401;27/07/1974;;65.99
1401;28/07/1974;;50.08
1401;29/07/1974;;53.47
1401;30/07/1974;;72.62
1401;31/07/1974;;46.44
1401;01/08/1974;;0
1401;02/08/1974;;0
1401;03/08/1974;;0
1401;04/08/1974;;0
1401;05/08/1974;;0
1401;06/08/1974;;0
1401;07/08/1974;;0
1401;08/08/1974;;0
1401;09/08/1974;;0
1401;10/08/1974;;0
1401;11/08/1974;;0
1401;12/08/1974;;0
1401;13/08/1974;;0
1401;14/08/1974;;0
1401;15/08/1974;;0
1401;16/08/1974;;0
1401;17/08/1974;;0
1401;18/08/1974;;0
1401;19/08/1974;;0
1401;20/08/1974;;0
1401;21/08/1974;;0
1401;22/08/1974;;0
1401;23/08/1974;;0
1401;24/08/1974;;0
1401;25/08/1974;;0
1401;26/08/1974;;0
1401;27/08/1974;;0
1401;28/08/1974;;0
1401;29/08/1974;;0
1401;30/08/1974;;0
1401;31/08/1974;;0
1401;01/09/1974;;0
1401;02/09/1974;;0
1401;03/09/1974;;0
1401;04/09/1974;;0
1401;05/09/1974;;0
1401;06/09/1974;;0
1401;07/09/1974;;0
1401;08/09/1974;;0
1401;09/09/1974;;0
1401;10/09/1974;;0
1401;11/09/1974;;0
1401;12/09/1974;;0
1401;13/09/1974;;0
1401;14/09/1974;;0
1401;15/09/1974;;0
1401;16/09/1974;;0
1401;17/09/1974;;0
1401;18/09/1974;;0
1401;19/09/1974;;0
1401;20/09/1974;;0
1401;21/09/1974;;0
1401;22/09/1974;;0
1401;23/09/1974;;0
1401;24/09/1974;;0
1401;25/09/1974;;0
1401;26/09/1974;;0
1401;27/09/1974;;0
1401;28/09/1974;;0
1401;29/09/1974;;0
1401;30/09/1974;;0
1401;01/10/1974;;0
1401;02/10/1974;;0
1401;03/10/1974;;0
1401;04/10/1974;;0
1401;05/10/1974;;0
1401;06/10/1974;;0
1401;07/10/1974;;0
1401;08/10/1974;;0
1401;09/10/1974;;0
1401;10/10/1974;;0
1401;11/10/1974;;0
1401;12/10/1974;;0
1401;13/10/1974;;0
1401;14/10/1974;;0
1401;15/10/1974;;0
1401;16/10/1974;;0
1401;17/10/1974;;0
1401;18/10/1974;;1.4
1401;19/10/1974;;2.54
1401;20/10/1974;;2.91
1401;21/10/1974;;3.06
1401;22/10/1974;;0
1401;23/10/1974;;0
1401;24/10/1974;;0
1401;25/10/1974;;0
1401;26/10/1974;;0
1401;27/10/1974;;0
1401;28/10/1974;;0
1401;29/10/1974;;0
1401;30/10/1974;;0
1401;31/10/1974;;0
1401;01/11/1974;;0
1401;02/11/1974;;0
1401;03/11/1974;;0
1401;04/11/1974;;0
1401;05/11/1974;;0
1401;06/11/1974;;0
1401;07/11/1974;;0
1401;08/11/1974;;0
1401;09/11/1974;;0
1401;10/11/1974;;0
1401;11/11/1974;;0
1401;12/11/1974;;0
1401;13/11/1974;;0
1401;14/11/1974;;0
1401;15/11/1974;;0
1401;16/11/1974;;0
1401;17/11/1974;;0
1401;18/11/1974;;0
1401;19/11/1974;;0
1401;20/11/1974;;0
1401;21/11/1974;;0
1401;22/11/1974;;0
1401;23/11/1974;;0
1401;24/11/1974;;0
1401;25/11/1974;;0
1401;26/11/1974;;0
1401;27/11/1974;;0
1401;28/11/1974;;0
1401;29/11/1974;;0
1401;30/11/1974;;0
1401;01/12/1974;;0
1401;02/12/1974;;0
1401;03/12/1974;;0
1401;04/12/1974;;0
1401;05/12/1974;;0
1401;06/12/1974;;0
1401;07/12/1974;;0
1401;08/12/1974;;0
1401;09/12/1974;;0
1401;10/12/1974;;0
1401;11/12/1974;;0
1401;12/12/1974;;0
1401;13/12/1974;;0
1401;14/12/1974;;0
1401;15/12/1974;;0
1401;16/12/1974;;0
1401;17/12/1974;;0
1401;18/12/1974;;0
1401;19/12/1974;;0
1401;20/12/1974;;0
1401;21/12/1974;;0
1401;22/12/1974;;0
1401;23/12/1974;;0
1401;24/12/1974;;0
1401;25/12/1974;;0
1401;26/12/1974;;0
1401;27/12/1974;;0
1401;28/12/1974;;0
1401;29/12/1974;;0
1401;30/12/1974;;0
1401;31/12/1974;;0
1401;01/01/1975;;0
1401;02/01/1975;;0
1401;03/01/1975;;0
1401;04/01/1975;;0
1401;05/01/1975;;0
1401;06/01/1975;;0
1401;07/01/1975;;0
1401;08/01/1975;;0
1401;09/01/1975;;0
1401;10/01/1975;;0
1401;11/01/1975;;0
1401;12/01/1975;;0
1401;13/01/1975;;0
1401;14/01/1975;;0
1401;15/01/1975;;0
1401;16/01/1975;;0
1401;17/01/1975;;0
1401;18/01/1975;;0
1401;19/01/1975;;0
1401;20/01/1975;;0
1401;21/01/1975;;0
1401;22/01/1975;;0
1401;23/01/1975;;0
1401;24/01/1975;;0
1401;25/01/1975;;0
1401;26/01/1975;;0
1401;27/01/1975;;0
1401;28/01/1975;;0
1401;29/01/1975;;0
1401;30/01/1975;;0
1401;31/01/1975;;0
1401;01/02/1975;;0
1401;02/02/1975;;0
1401;03/02/1975;;0
1401;04/02/1975;;0
1401;05/02/1975;;0
1401;06/02/1975;;0
1401;07/02/1975;;0
1401;08/02/1975;;0
1401;09/02/1975;;0
1401;10/02/1975;;0
1401;11/02/1975;;0
1401;12/02/1975;;0
1401;13/02/1975;;0
1401;14/02/1975;;0
1401;15/02/1975;;0
1401;16/02/1975;;0
1401;17/02/1975;;0
1401;18/02/1975;;0
1401;19/02/1975;;0
1401;20/02/1975;;0
1401;21/02/1975;;0
1401;22/02/1975;;0
1401;23/02/1975;;0
1401;24/02/1975;;0
1401;25/02/1975;;0
1401;26/02/1975;;0
1401;27/02/1975;;0
1401;28/02/1975;;0
1401;01/03/1975;;0
1401;02/03/1975;;0
1401;03/03/1975;;0
1401;04/03/1975;;0
1401;05/03/1975;;0
1401;06/03/1975;;0
1401;07/03/1975;;0
1401;08/03/1975;;0
1401;09/03/1975;;0
1401;10/03/1975;;0
1401;11/03/1975;;0
1401;12/03/1975;;0
1401;13/03/1975;;0
1401;14/03/1975;;0
1401;15/03/1975;;0
1401;16/03/1975;;0
1401;17/03/1975;;0
1401;18/03/1975;;0
1401;19/03/1975;;0
1401;20/03/1975;;0
1401;21/03/1975;;0
1401;22/03/1975;;0
1401;23/03/1975;;0
1401;24/03/1975;;0
1401;25/03/1975;;0
1401;26/03/1975;;0
1401;27/03/1975;;0
1401;28/03/1975;;0
1401;29/03/1975;;32.41
1401;30/03/1975;;67.16
1401;31/03/1975;;54.86
1401;01/04/1975;;63.93
1401;02/04/1975;;60.86
1401;03/04/1975;;64.87
1401;04/04/1975;;61.45
1401;05/04/1975;;58.56
1401;06/04/1975;;46.16
1401;07/04/1975;;66.46
1401;08/04/1975;;64.4
1401;09/04/1975;;72.58
1401;10/04/1975;;73.4
1401;11/04/1975;;66.65
1401;12/04/1975;;64.67
1401;13/04/1975;;62.54
1401;14/04/1975;;40.72
1401;15/04/1975;;54.26
1401;16/04/1975;;55.7
1401;17/04/1975;;56.81
1401;18/04/1975;;48.01
1401;19/04/1975;;56.92
1401;20/04/1975;;55.68
1401;21/04/1975;;43.73
1401;22/04/1975;;53.67
1401;23/04/1975;;45.91
1401;24/04/1975;;59.78
1401;25/04/1975;;49.95
1401;26/04/1975;;48.36
1401;27/04/1975;;48.66
1401;28/04/1975;;44.93
1401;29/04/1975;;54
1401;30/04/1975;;48.8
1401;01/05/1975;;18.41
1401;02/05/1975;;41.98
1401;03/05/1975;;57.76
1401;04/05/1975;;18.82
1401;05/05/1975;;34.67
1401;06/05/1975;;46.98
1401;07/05/1975;;35.12
1401;08/05/1975;;20
1401;09/05/1975;;47.97
1401;10/05/1975;;59.17
1401;11/05/1975;;23.81
1401;12/05/1975;;35.99
1401;13/05/1975;;32.3
1401;14/05/1975;;38.14
1401;15/05/1975;;37.48
1401;16/05/1975;;35.55
1401;17/05/1975;;42.37
1401;18/05/1975;;32.83
1401;19/05/1975;;27.1
1401;20/05/1975;;44.87
1401;21/05/1975;;43.62
1401;22/05/1975;;36.33
1401;23/05/1975;;38.91
1401;24/05/1975;;41.62
1401;25/05/1975;;18.98
1401;26/05/1975;;32.7
1401;27/05/1975;;39.7
1401;28/05/1975;;51.87
1401;29/05/1975;;57.66
1401;30/05/1975;;50.21
1401;31/05/1975;;56.73
1401;01/06/1975;;41.95
1401;02/06/1975;;43.14
1401;03/06/1975;;48.04
1401;04/06/1975;;46.22
1401;05/06/1975;;44.64
1401;06/06/1975;;22.73
1401;07/06/1975;;26.52
1401;08/06/1975;;29.63
1401;09/06/1975;;28.56
1401;10/06/1975;;33.28
1401;11/06/1975;;17.64
1401;12/06/1975;;27.21
1401;13/06/1975;;47.96
1401;14/06/1975;;57.34
1401;15/06/1975;;47.81
1401;16/06/1975;;34.28
1401;17/06/1975;;19.43
1401;18/06/1975;;25.05
1401;19/06/1975;;28.37
1401;20/06/1975;;39.94
1401;21/06/1975;;46.17
1401;22/06/1975;;19.69
1401;23/06/1975;;44.17
1401;24/06/1975;;67.53
1401;25/06/1975;;60.53
1401;26/06/1975;;51.35
1401;27/06/1975;;43.09
1401;28/06/1975;;42.68
1401;29/06/1975;;23.77
1401;30/06/1975;;43.69
1401;01/07/1975;;43.44
1401;02/07/1975;;40.84
1401;03/07/1975;;56.52
1401;04/07/1975;;49.75
1401;05/07/1975;;44.8
1401;06/07/1975;;12.15
1401;07/07/1975;;29.56
1401;08/07/1975;;48.26
1401;09/07/1975;;45.28
1401;10/07/1975;;43.36
1401;11/07/1975;;38.84
1401;12/07/1975;;45.45
1401;13/07/1975;;15.36
1401;14/07/1975;;33.59
1401;15/07/1975;;48.67
1401;16/07/1975;;55.62
1401;17/07/1975;;49.66
1401;18/07/1975;;16.74
1401;19/07/1975;;34.24
1401;20/07/1975;;9.7
1401;21/07/1975;;45.23
1401;22/07/1975;;43.12
1401;23/07/1975;;35.56
1401;24/07/1975;;44.64
1401;25/07/1975;;18.69
1401;26/07/1975;;41.05
1401;27/07/1975;;18.05
1401;28/07/1975;;43.78
1401;29/07/1975;;40.66
1401;30/07/1975;;48.82
1401;31/07/1975;;42.25
1401;01/08/1975;;36.6
1401;02/08/1975;;37.08
1401;03/08/1975;;16.33
1401;04/08/1975;;10.19
1401;05/08/1975;;6.78
1401;06/08/1975;;7.61
1401;07/08/1975;;7.41
1401;08/08/1975;;8.81
1401;09/08/1975;;12.74
1401;10/08/1975;;5.76
1401;11/08/1975;;44.68
1401;12/08/1975;;59.76
1401;13/08/1975;;57.32
1401;14/08/1975;;59.95
1401;15/08/1975;;18.62
1401;16/08/1975;;42.86
1401;17/08/1975;;18.07
1401;18/08/1975;;26.82
1401;19/08/1975;;39.68
1401;20/08/1975;;22.95
1401;21/08/1975;;14.85
1401;22/08/1975;;25.04
1401;23/08/1975;;23.27
1401;24/08/1975;;5.61
1401;25/08/1975;;34.79
1401;26/08/1975;;42.65
1401;27/08/1975;;36.7
1401;28/08/1975;;34.76
1401;29/08/1975;;40.5
1401;30/08/1975;;50.82
1401;31/08/1975;;17.57
1401;01/09/1975;;23.01
1401;02/09/1975;;56.07
1401;03/09/1975;;49.68
1401;04/09/1975;;66.56
1401;05/09/1975;;57.08
1401;06/09/1975;;51.42
1401;07/09/1975;;18.95
1401;08/09/1975;;44.04
1401;09/09/1975;;68.07
1401;10/09/1975;;58.5
1401;11/09/1975;;64.11
1401;12/09/1975;;76.82
1401;13/09/1975;;68.49
1401;14/09/1975;;46.55
1401;15/09/1975;;47.3
1401;16/09/1975;;66.93
1401;17/09/1975;;65.64
1401;18/09/1975;;67.18
1401;19/09/1975;;55.12
1401;20/09/1975;;19.28
1401;21/09/1975;;4.29
1401;22/09/1975;;28.44
1401;23/09/1975;;28.97
1401;24/09/1975;;38.12
1401;25/09/1975;;52.81
1401;26/09/1975;;65.72
1401;27/09/1975;;56.04
1401;28/09/1975;;16.94
1401;29/09/1975;;54.06
1401;30/09/1975;;71.32
1401;01/10/1975;;75.09
1401;02/10/1975;;70.27
1401;03/10/1975;;74.8
1401;04/10/1975;;72.67
1401;05/10/1975;;15.77
1401;06/10/1975;;56.58
1401;07/10/1975;;67.43
1401;08/10/1975;;58.35
1401;09/10/1975;;57.18
1401;10/10/1975;;54.93
1401;11/10/1975;;59.19
1401;12/10/1975;;18.54
1401;13/10/1975;;54.43
1401;14/10/1975;;67.81
1401;15/10/1975;;72.74
1401;16/10/1975;;68.67
1401;17/10/1975;;70.2
1401;18/10/1975;;76.85
1401;19/10/1975;;76.23
1401;20/10/1975;;65.28
1401;21/10/1975;;64.92
1401;22/10/1975;;71.99
1401;23/10/1975;;40.7
1401;24/10/1975;;33.57
1401;25/10/1975;;26.55
1401;26/10/1975;;14.3
1401;27/10/1975;;2.27
1401;28/10/1975;;0
1401;29/10/1975;;0
1401;30/10/1975;;0
1401;31/10/1975;;0
1401;01/11/1975;;9.86
1401;02/11/1975;;40.93
1401;03/11/1975;;56.4
1401;04/11/1975;;68.23
1401;05/11/1975;;68.06
1401;06/11/1975;;47.61
1401;07/11/1975;;49.57
1401;08/11/1975;;48.54
1401;09/11/1975;;10.77
1401;10/11/1975;;36.8
1401;11/11/1975;;49.2
1401;12/11/1975;;56.4
1401;13/11/1975;;63.27
1401;14/11/1975;;67.79
1401;15/11/1975;;66.56
1401;16/11/1975;;64.72
1401;17/11/1975;;67.4
1401;18/11/1975;;49.85
1401;19/11/1975;;77.27
1401;20/11/1975;;61.17
1401;21/11/1975;;70.92
1401;22/11/1975;;63.24
1401;23/11/1975;;67.29
1401;24/11/1975;;62.98
1401;25/11/1975;;72.97
1401;26/11/1975;;74.72
1401;27/11/1975;;72.74
1401;28/11/1975;;74.73
1401;29/11/1975;;78.09
1401;30/11/1975;;75.8
1401;01/12/1975;;74.33
1401;02/12/1975;;72.27
1401;03/12/1975;;75.26
1401;04/12/1975;;77.79
1401;05/12/1975;;61.72
1401;06/12/1975;;71.89
1401;07/12/1975;;53.63
1401;08/12/1975;;60.94
1401;09/12/1975;;68.73
1401;10/12/1975;;74.26
1401;11/12/1975;;76.76
1401;12/12/1975;;72.75
1401;13/12/1975;;78.64
1401;14/12/1975;;73.71
1401;15/12/1975;;67.02
1401;16/12/1975;;77.19
1401;17/12/1975;;76.97
1401;18/12/1975;;77.52
1401;19/12/1975;;74.01
1401;20/12/1975;;77.81
1401;21/12/1975;;65.12
1401;22/12/1975;;62.5
1401;23/12/1975;;71.56
1401;24/12/1975;;75.7
1401;25/12/1975;;67.81
1401;26/12/1975;;53.6
1401;27/12/1975;;70.29
1401;28/12/1975;;46.41
1401;29/12/1975;;54.46
1401;30/12/1975;;59.63
1401;31/12/1975;;70.46
1401;01/01/1976;;15.96
1401;02/01/1976;;63.09
1401;03/01/1976;;64.46
1401;04/01/1976;;14.38
1401;05/01/1976;;42.04
1401;06/01/1976;;12.5
1401;07/01/1976;;23.58
1401;08/01/1976;;31.13
1401;09/01/1976;;36.07
1401;10/01/1976;;29.59
1401;11/01/1976;;9.34
1401;12/01/1976;;28.02
1401;13/01/1976;;32.79
1401;14/01/1976;;25.81
1401;15/01/1976;;22.08
1401;16/01/1976;;23.21
1401;17/01/1976;;30.18
1401;18/01/1976;;11.94
1401;19/01/1976;;22.65
1401;20/01/1976;;22.32
1401;21/01/1976;;21.82
1401;22/01/1976;;20.6
1401;23/01/1976;;20.55
1401;24/01/1976;;28.01
1401;25/01/1976;;9.68
1401;26/01/1976;;19.94
1401;27/01/1976;;13.69
1401;28/01/1976;;23.14
1401;29/01/1976;;32.81
1401;30/01/1976;;27.98
1401;31/01/1976;;33.78
1401;01/02/1976;;17.4
1401;02/02/1976;;27.36
1401;03/02/1976;;33.9
1401;04/02/1976;;49.95
1401;05/02/1976;;58.45
1401;06/02/1976;;61.35
1401;07/02/1976;;43.37
1401;08/02/1976;;12.48
1401;09/02/1976;;27.8
1401;10/02/1976;;40.45
1401;11/02/1976;;50.14
1401;12/02/1976;;58.12
1401;13/02/1976;;63.5
1401;14/02/1976;;64.5
1401;15/02/1976;;50.79
1401;16/02/1976;;76.91
1401;17/02/1976;;73.79
1401;18/02/1976;;57.88
1401;19/02/1976;;61.07
1401;20/02/1976;;63.81
1401;21/02/1976;;67.62
1401;22/02/1976;;43.22
1401;23/02/1976;;61.55
1401;24/02/1976;;58.56
1401;25/02/1976;;61.28
1401;26/02/1976;;66.63
1401;27/02/1976;;62.39
1401;28/02/1976;;63.73
1401;29/02/1976;;47.57
1401;01/03/1976;;58.71
1401;02/03/1976;;57.59
1401;03/03/1976;;60.27
1401;04/03/1976;;49.51
1401;05/03/1976;;42.95
1401;06/03/1976;;47.49
1401;07/03/1976;;14.81
1401;08/03/1976;;44.36
1401;09/03/1976;;45.84
1401;10/03/1976;;46.8
1401;11/03/1976;;53.11
1401;12/03/1976;;51.41
1401;13/03/1976;;59.84
1401;14/03/1976;;13.94
1401;15/03/1976;;59.23
1401;16/03/1976;;71.11
1401;17/03/1976;;71.57
1401;18/03/1976;;70.59
1401;19/03/1976;;40.87
1401;20/03/1976;;61.98
1401;21/03/1976;;38.74
1401;22/03/1976;;67.3
1401;23/03/1976;;71.3
1401;24/03/1976;;66.4
1401;25/03/1976;;59.72
1401;26/03/1976;;52.99
1401;27/03/1976;;50.82
1401;28/03/1976;;48.3
1401;29/03/1976;;58.88
1401;30/03/1976;;67.82
1401;31/03/1976;;69.53
1401;01/04/1976;;65.73
1401;02/04/1976;;66.61
1401;03/04/1976;;65.53
1401;04/04/1976;;51.12
1401;05/04/1976;;61.84
1401;06/04/1976;;71.99
1401;07/04/1976;;75.78
1401;08/04/1976;;70.81
1401;09/04/1976;;69.4
1401;10/04/1976;;69.25
1401;11/04/1976;;29.91
1401;12/04/1976;;56.55
1401;13/04/1976;;68.9
1401;14/04/1976;;71.91
1401;15/04/1976;;68.28
1401;16/04/1976;;31.87
1401;17/04/1976;;60.7
1401;18/04/1976;;48.89
1401;19/04/1976;;59.03
1401;20/04/1976;;50.26
1401;21/04/1976;;54.93
1401;22/04/1976;;58.67
1401;23/04/1976;;55.34
1401;24/04/1976;;53.66
1401;25/04/1976;;40.16
1401;26/04/1976;;51.71
1401;27/04/1976;;67.05
1401;28/04/1976;;34.01
1401;29/04/1976;;57.13
1401;30/04/1976;;67.36
1401;01/05/1976;;30.69
1401;02/05/1976;;9.58
1401;03/05/1976;;34.4
1401;04/05/1976;;31.38
1401;05/05/1976;;41.03
1401;06/05/1976;;35.72
1401;07/05/1976;;32.59
1401;08/05/1976;;31.46
1401;09/05/1976;;21.95
1401;10/05/1976;;23.85
1401;11/05/1976;;36.58
1401;12/05/1976;;42.99
1401;13/05/1976;;50.21
1401;14/05/1976;;35.29
1401;15/05/1976;;36.99
1401;16/05/1976;;19.93
1401;17/05/1976;;25.52
1401;18/05/1976;;39.54
1401;19/05/1976;;43.12
1401;20/05/1976;;48.14
1401;21/05/1976;;38.44
1401;22/05/1976;;14.19
1401;23/05/1976;;14.63
1401;24/05/1976;;13.77
1401;25/05/1976;;21.1
1401;26/05/1976;;20.2
1401;27/05/1976;;9.97
1401;28/05/1976;;32.25
1401;29/05/1976;;52.07
1401;30/05/1976;;21.54
1401;31/05/1976;;27.15
1401;01/06/1976;;39.14
1401;02/06/1976;;40.82
1401;03/06/1976;;41.44
1401;04/06/1976;;44.03
1401;05/06/1976;;28.68
1401;06/06/1976;;16.27
1401;07/06/1976;;17.44
1401;08/06/1976;;31.88
1401;09/06/1976;;42.38
1401;10/06/1976;;38.97
1401;11/06/1976;;33.29
1401;12/06/1976;;25.32
1401;13/06/1976;;17.61
1401;14/06/1976;;24.36
1401;15/06/1976;;56.75
1401;16/06/1976;;55.38
1401;17/06/1976;;23.91
1401;18/06/1976;;35.42
1401;19/06/1976;;55.55
1401;20/06/1976;;24.48
1401;21/06/1976;;27.74
1401;22/06/1976;;41.36
1401;23/06/1976;;42.45
1401;24/06/1976;;49.4
1401;25/06/1976;;53.92
1401;26/06/1976;;49.49
1401;27/06/1976;;14.63
1401;28/06/1976;;27.9
1401;29/06/1976;;17.47
1401;30/06/1976;;31.25
1401;01/07/1976;;43.62
1401;02/07/1976;;36.18
1401;03/07/1976;;36.96
1401;04/07/1976;;14.22
1401;05/07/1976;;22.95
1401;06/07/1976;;51.53
1401;07/07/1976;;59.8
1401;08/07/1976;;50.66
1401;09/07/1976;;36.84
1401;10/07/1976;;33.31
1401;11/07/1976;;10.87
1401;12/07/1976;;19.73
1401;13/07/1976;;30.67
1401;14/07/1976;;40.23
1401;15/07/1976;;42.26
1401;16/07/1976;;36.24
1401;17/07/1976;;31.55
1401;18/07/1976;;12.76
1401;19/07/1976;;14.83
1401;20/07/1976;;32.3
1401;21/07/1976;;38.72
1401;22/07/1976;;40.56
1401;23/07/1976;;23.66
1401;24/07/1976;;23.19
1401;25/07/1976;;17.8
1401;26/07/1976;;13.78
1401;27/07/1976;;25.1
1401;28/07/1976;;37.54
1401;29/07/1976;;34.19
1401;30/07/1976;;38.79
1401;31/07/1976;;47
1401;01/08/1976;;31.43
1401;02/08/1976;;15.83
1401;03/08/1976;;29.83
1401;04/08/1976;;23.41
1401;05/08/1976;;29.51
1401;06/08/1976;;41.37
1401;07/08/1976;;29.77
1401;08/08/1976;;14.56
1401;09/08/1976;;15.46
1401;10/08/1976;;22.67
1401;11/08/1976;;29.57
1401;12/08/1976;;32.89
1401;13/08/1976;;31.79
1401;14/08/1976;;28.94
1401;15/08/1976;;13
1401;16/08/1976;;14.75
1401;17/08/1976;;29.27
1401;18/08/1976;;24.78
1401;19/08/1976;;35.25
1401;20/08/1976;;31.57
1401;21/08/1976;;39.65
1401;22/08/1976;;20.09
1401;23/08/1976;;13.4
1401;24/08/1976;;42.66
1401;25/08/1976;;38.85
1401;26/08/1976;;40.16
1401;27/08/1976;;56.14
1401;28/08/1976;;34.92
1401;29/08/1976;;15.97
1401;30/08/1976;;32.01
1401;31/08/1976;;58.66
1401;01/09/1976;;52.92
1401;02/09/1976;;52.5
1401;03/09/1976;;47.76
1401;04/09/1976;;46.73
1401;05/09/1976;;20.35
1401;06/09/1976;;22.01
1401;07/09/1976;;37.05
1401;08/09/1976;;35.28
1401;09/09/1976;;35.59
1401;10/09/1976;;42.01
1401;11/09/1976;;51.8
1401;12/09/1976;;18.43
1401;13/09/1976;;20.82
1401;14/09/1976;;24.49
1401;15/09/1976;;33.99
1401;16/09/1976;;49.71
1401;17/09/1976;;54.71
1401;18/09/1976;;49.28
1401;19/09/1976;;18.9
1401;20/09/1976;;29.9
1401;21/09/1976;;37.16
1401;22/09/1976;;49.45
1401;23/09/1976;;37.96
1401;24/09/1976;;53.17
1401;25/09/1976;;52.35
1401;26/09/1976;;18.66
1401;27/09/1976;;23.84
1401;28/09/1976;;48.93
1401;29/09/1976;;66.75
1401;30/09/1976;;62.16
1401;01/10/1976;;67.21
1401;02/10/1976;;68.4
1401;03/10/1976;;48.5
1401;04/10/1976;;31.06
1401;05/10/1976;;23.48
1401;06/10/1976;;9.31
1401;07/10/1976;;22.35
1401;08/10/1976;;31.87
1401;09/10/1976;;19.77
1401;10/10/1976;;15.75
1401;11/10/1976;;1.51
1401;12/10/1976;;7.59
1401;13/10/1976;;7.88
1401;14/10/1976;;49.23
1401;15/10/1976;;71.54
1401;16/10/1976;;61.78
1401;17/10/1976;;63.93
1401;18/10/1976;;70.33
1401;19/10/1976;;74.01
1401;20/10/1976;;67.06
1401;21/10/1976;;71.42
1401;22/10/1976;;63.77
1401;23/10/1976;;60.01
1401;24/10/1976;;36.36
1401;25/10/1976;;55.36
1401;26/10/1976;;71.71
1401;27/10/1976;;74.02
1401;28/10/1976;;68.98
1401;29/10/1976;;76.15
1401;30/10/1976;;66.19
1401;31/10/1976;;53.45
1401;01/11/1976;;67.13
1401;02/11/1976;;72.16
1401;03/11/1976;;72.25
1401;04/11/1976;;64.6
1401;05/11/1976;;66.2
1401;06/11/1976;;71.79
1401;07/11/1976;;71.79
1401;08/11/1976;;70.72
1401;09/11/1976;;72.4
1401;10/11/1976;;58
1401;11/11/1976;;49.53
1401;12/11/1976;;59.96
1401;13/11/1976;;58.68
1401;14/11/1976;;65.04
1401;15/11/1976;;62.48
1401;16/11/1976;;58.08
1401;17/11/1976;;64.13
1401;18/11/1976;;64.44
1401;19/11/1976;;66.66
1401;20/11/1976;;61.78
1401;21/11/1976;;67.47
1401;22/11/1976;;70.9
1401;23/11/1976;;67.75
1401;24/11/1976;;62.99
1401;25/11/1976;;66.34
1401;26/11/1976;;71.16
1401;27/11/1976;;74.63
1401;28/11/1976;;72.04
1401;29/11/1976;;74.14
1401;30/11/1976;;79.86
1401;01/12/1976;;70.42
1401;02/12/1976;;60.36
1401;03/12/1976;;52.95
1401;04/12/1976;;61.07
1401;05/12/1976;;71.06
1401;06/12/1976;;52.62
1401;07/12/1976;;0.28
1401;08/12/1976;;57.71
1401;09/12/1976;;44.95
1401;10/12/1976;;43.58
1401;11/12/1976;;52.95
1401;12/12/1976;;68.18
1401;13/12/1976;;70.11
1401;14/12/1976;;68.31
1401;15/12/1976;;67.05
1401;16/12/1976;;68.42
1401;17/12/1976;;66.42
1401;18/12/1976;;68.28
1401;19/12/1976;;74.15
1401;20/12/1976;;70.04
1401;21/12/1976;;69.76
1401;22/12/1976;;68.62
1401;23/12/1976;;63.95
1401;24/12/1976;;70.58
1401;25/12/1976;;72.92
1401;26/12/1976;;73.08
1401;27/12/1976;;67.79
1401;28/12/1976;;72.2
1401;29/12/1976;;71.37
1401;30/12/1976;;70.47
1401;31/12/1976;;68.97
1401;01/01/1977;;74.5
1401;02/01/1977;;76.88
1401;03/01/1977;;73.26
1401;04/01/1977;;68.95
1401;05/01/1977;;70.3
1401;06/01/1977;;74.71
1401;07/01/1977;;70.59
1401;08/01/1977;;76.09
1401;09/01/1977;;73.1
1401;10/01/1977;;69.88
1401;11/01/1977;;66.23
1401;12/01/1977;;66.48
1401;13/01/1977;;70.04
1401;14/01/1977;;62.83
1401;15/01/1977;;66.46
1401;16/01/1977;;76.17
1401;17/01/1977;;73.53
1401;18/01/1977;;65.42
1401;19/01/1977;;69.12
1401;20/01/1977;;63.92
1401;21/01/1977;;60.28
1401;22/01/1977;;53.09
1401;23/01/1977;;71.73
1401;24/01/1977;;59.64
1401;25/01/1977;;40.7
1401;26/01/1977;;11.47
1401;27/01/1977;;44.85
1401;28/01/1977;;48.44
1401;29/01/1977;;26.16
1401;30/01/1977;;29.19
1401;31/01/1977;;32.46
1401;01/02/1977;;38.27
1401;02/02/1977;;32.53
1401;03/02/1977;;28.06
1401;04/02/1977;;30.19
1401;05/02/1977;;7.76
1401;06/02/1977;;59.47
1401;07/02/1977;;61.08
1401;08/02/1977;;43.82
1401;09/02/1977;;43.94
1401;10/02/1977;;0
1401;11/02/1977;;10.66
1401;12/02/1977;;4.15
1401;13/02/1977;;19.41
1401;14/02/1977;;17.97
1401;15/02/1977;;22.28
1401;16/02/1977;;19.19
1401;17/02/1977;;5.25
1401;18/02/1977;;0.9
1401;19/02/1977;;0
1401;20/02/1977;;0
1401;21/02/1977;;0
1401;22/02/1977;;0
1401;23/02/1977;;0
1401;24/02/1977;;14.27
1401;25/02/1977;;20.19
1401;26/02/1977;;20.47
1401;27/02/1977;;10.59
1401;28/02/1977;;25.1
1401;01/03/1977;;26.04
1401;02/03/1977;;24.38
1401;03/03/1977;;23.08
1401;04/03/1977;;29.47
1401;05/03/1977;;66.37
1401;06/03/1977;;73.81
1401;07/03/1977;;77.06
1401;08/03/1977;;73.48
1401;09/03/1977;;72.07
1401;10/03/1977;;76.14
1401;11/03/1977;;63.26
1401;12/03/1977;;30.12
1401;13/03/1977;;33.87
1401;14/03/1977;;25.16
1401;15/03/1977;;26.26
1401;16/03/1977;;25.1
1401;17/03/1977;;26.68
1401;18/03/1977;;23.63
1401;19/03/1977;;25.17
1401;20/03/1977;;22.79
1401;21/03/1977;;25.18
1401;22/03/1977;;22.47
1401;23/03/1977;;27.86
1401;24/03/1977;;30.97
1401;25/03/1977;;43.21
1401;26/03/1977;;49.6
1401;27/03/1977;;60.15
1401;28/03/1977;;51.06
1401;29/03/1977;;28.86
1401;30/03/1977;;57.86
1401;31/03/1977;;55.6
1401;01/04/1977;;56.63
1401;02/04/1977;;62.18
1401;03/04/1977;;71.31
1401;04/04/1977;;64.01
1401;05/04/1977;;39.67
1401;06/04/1977;;43.37
1401;07/04/1977;;70.72
1401;08/04/1977;;79.5
1401;09/04/1977;;74.94
1401;10/04/1977;;76.72
1401;11/04/1977;;62.74
1401;12/04/1977;;43.8
1401;13/04/1977;;55.12
1401;14/04/1977;;52.6
1401;15/04/1977;;52.21
1401;16/04/1977;;51.83
1401;17/04/1977;;62.96
1401;18/04/1977;;55.86
1401;19/04/1977;;53.92
1401;20/04/1977;;56.68
1401;21/04/1977;;52.4
1401;22/04/1977;;59.98
1401;23/04/1977;;68.81
1401;24/04/1977;;52.44
1401;25/04/1977;;44.8
1401;26/04/1977;;60.14
1401;27/04/1977;;58.78
1401;28/04/1977;;55.1
1401;29/04/1977;;44.89
1401;30/04/1977;;44.27
1401;01/05/1977;;43.69
1401;02/05/1977;;19.37
1401;03/05/1977;;52.51
1401;04/05/1977;;57.09
1401;05/05/1977;;56.55
1401;06/05/1977;;59.51
1401;07/05/1977;;54.47
1401;08/05/1977;;45.09
1401;09/05/1977;;34.99
1401;10/05/1977;;25.67
1401;11/05/1977;;27.92
1401;12/05/1977;;37.14
1401;13/05/1977;;43.27
1401;14/05/1977;;52.11
1401;15/05/1977;;29.56
1401;16/05/1977;;47.27
1401;17/05/1977;;58.16
1401;18/05/1977;;52.07
1401;19/05/1977;;67.33
1401;20/05/1977;;65.67
1401;21/05/1977;;61.09
1401;22/05/1977;;49.73
1401;23/05/1977;;64.79
1401;24/05/1977;;71.1
1401;25/05/1977;;65.64
1401;26/05/1977;;65.64
1401;27/05/1977;;64.14
1401;28/05/1977;;46.33
1401;29/05/1977;;36.27
1401;30/05/1977;;64.05
1401;31/05/1977;;74.34
1401;01/06/1977;;75.75
1401;02/06/1977;;73.4
1401;03/06/1977;;70.83
1401;04/06/1977;;69.01
1401;05/06/1977;;43.47
1401;06/06/1977;;55.8
1401;07/06/1977;;71.7
1401;08/06/1977;;65.63
1401;09/06/1977;;51.49
1401;10/06/1977;;76.16
1401;11/06/1977;;70.1
1401;12/06/1977;;58.89
1401;13/06/1977;;67.21
1401;14/06/1977;;72.91
1401;15/06/1977;;73.84
1401;16/06/1977;;72.43
1401;17/06/1977;;72.6
1401;18/06/1977;;71.66
1401;19/06/1977;;55.51
1401;20/06/1977;;65.17
1401;21/06/1977;;71.14
1401;22/06/1977;;73.03
1401;23/06/1977;;72.82
1401;24/06/1977;;71.12
1401;25/06/1977;;71.96
1401;26/06/1977;;62.36
1401;27/06/1977;;64.19
1401;28/06/1977;;73.99
1401;29/06/1977;;71.19
1401;30/06/1977;;71.31
1401;01/07/1977;;70.82
1401;02/07/1977;;69.55
1401;03/07/1977;;52.35
1401;04/07/1977;;47.03
1401;05/07/1977;;57.61
1401;06/07/1977;;68.32
1401;07/07/1977;;71.24
1401;08/07/1977;;67.1
1401;09/07/1977;;67.83
1401;10/07/1977;;63.15
1401;11/07/1977;;53.39
1401;12/07/1977;;69.18
1401;13/07/1977;;70.26
1401;14/07/1977;;66.29
1401;15/07/1977;;61.79
1401;16/07/1977;;49.99
1401;17/07/1977;;17.31
1401;18/07/1977;;38.43
1401;19/07/1977;;47.5
1401;20/07/1977;;58.39
1401;21/07/1977;;69.91
1401;22/07/1977;;71.17
1401;23/07/1977;;63.67
1401;24/07/1977;;48.08
1401;25/07/1977;;41.76
1401;26/07/1977;;52.7
1401;27/07/1977;;64.6
1401;28/07/1977;;69.29
1401;29/07/1977;;67.09
1401;30/07/1977;;65.03
1401;31/07/1977;;52.44
1401;01/08/1977;;55.77
1401;02/08/1977;;60.74
1401;03/08/1977;;65.91
1401;04/08/1977;;61.4
1401;05/08/1977;;55.02
1401;06/08/1977;;55.81
1401;07/08/1977;;45.41
1401;08/08/1977;;48
1401;09/08/1977;;50.91
1401;10/08/1977;;54.05
1401;11/08/1977;;56.95
1401;12/08/1977;;67.26
1401;13/08/1977;;71.72
1401;14/08/1977;;65.71
1401;15/08/1977;;24.49
1401;16/08/1977;;13.62
1401;17/08/1977;;5.35
1401;18/08/1977;;24.07
1401;19/08/1977;;72.24
1401;20/08/1977;;70.8
1401;21/08/1977;;69.99
1401;22/08/1977;;70.31
1401;23/08/1977;;72.78
1401;24/08/1977;;72.34
1401;25/08/1977;;72.85
1401;26/08/1977;;71.68
1401;27/08/1977;;74.79
1401;28/08/1977;;73.11
1401;29/08/1977;;71.5
1401;30/08/1977;;73.84
1401;31/08/1977;;75.13
1401;01/09/1977;;72.06
1401;02/09/1977;;74.37
1401;03/09/1977;;74.87
1401;04/09/1977;;75.37
1401;05/09/1977;;67.24
1401;06/09/1977;;71.18
1401;07/09/1977;;72.38
1401;08/09/1977;;68.83
1401;09/09/1977;;67.15
1401;10/09/1977;;60.51
1401;11/09/1977;;44.02
1401;12/09/1977;;57.07
1401;13/09/1977;;67.37
1401;14/09/1977;;63.79
1401;15/09/1977;;67.99
1401;16/09/1977;;67.45
1401;17/09/1977;;59.73
1401;18/09/1977;;33.13
1401;19/09/1977;;44.07
1401;20/09/1977;;60.78
1401;21/09/1977;;66.2
1401;22/09/1977;;69.63
1401;23/09/1977;;73.21
1401;24/09/1977;;72.6
1401;25/09/1977;;57.67
1401;26/09/1977;;61.74
1401;27/09/1977;;55
1401;28/09/1977;;61.77
1401;29/09/1977;;63.63
1401;30/09/1977;;71.5
1401;01/10/1977;;72.41
1401;02/10/1977;;63.36
1401;03/10/1977;;37.91
1401;04/10/1977;;25.76
1401;05/10/1977;;16.77
1401;06/10/1977;;18.79
1401;07/10/1977;;21.46
1401;08/10/1977;;63.13
1401;09/10/1977;;75.64
1401;10/10/1977;;68.88
1401;11/10/1977;;53.07
1401;12/10/1977;;27.88
1401;13/10/1977;;33.65
1401;14/10/1977;;25.75
1401;15/10/1977;;24.36
1401;16/10/1977;;19.83
1401;17/10/1977;;48.95
1401;18/10/1977;;67.53
1401;19/10/1977;;74.02
1401;20/10/1977;;76.83
1401;21/10/1977;;72.22
1401;22/10/1977;;70.91
1401;23/10/1977;;72.16
1401;24/10/1977;;68.83
1401;25/10/1977;;70.84
1401;26/10/1977;;71.51
1401;27/10/1977;;74.42
1401;28/10/1977;;68.79
1401;29/10/1977;;75.62
1401;30/10/1977;;46.32
1401;31/10/1977;;66.7
1401;01/11/1977;;69.65
1401;02/11/1977;;65.06
1401;03/11/1977;;65.46
1401;04/11/1977;;61.52
1401;05/11/1977;;60.88
1401;06/11/1977;;42.61
1401;07/11/1977;;45.35
1401;08/11/1977;;61.94
1401;09/11/1977;;65.06
1401;10/11/1977;;65.28
1401;11/11/1977;;67.53
1401;12/11/1977;;65.25
1401;13/11/1977;;44.99
1401;14/11/1977;;39.55
1401;15/11/1977;;55.64
1401;16/11/1977;;64.93
1401;17/11/1977;;60.93
1401;18/11/1977;;62.24
1401;19/11/1977;;65.81
1401;20/11/1977;;29.92
1401;21/11/1977;;50.63
1401;22/11/1977;;72.5
1401;23/11/1977;;66.42
1401;24/11/1977;;56.81
1401;25/11/1977;;31.99
1401;26/11/1977;;43.8
1401;27/11/1977;;23.63
1401;28/11/1977;;28.34
1401;29/11/1977;;43.51
1401;30/11/1977;;46.82
1401;01/12/1977;;40.89
1401;02/12/1977;;41.03
1401;03/12/1977;;34.35
1401;04/12/1977;;12.86
1401;05/12/1977;;34.51
1401;06/12/1977;;73.89
1401;07/12/1977;;71.54
1401;08/12/1977;;76.94
1401;09/12/1977;;71.34
1401;10/12/1977;;71.83
1401;11/12/1977;;75.72
1401;12/12/1977;;76.3
1401;13/12/1977;;74.53
1401;14/12/1977;;70.77
1401;15/12/1977;;74.48
1401;16/12/1977;;73.29
1401;17/12/1977;;75.92
1401;18/12/1977;;72.16
1401;19/12/1977;;75.34
1401;20/12/1977;;76.03
1401;21/12/1977;;74.45
1401;22/12/1977;;66.33
1401;23/12/1977;;69.1
1401;24/12/1977;;70.69
1401;25/12/1977;;67.02
1401;26/12/1977;;56.25
1401;27/12/1977;;65.99
1401;28/12/1977;;65.47
1401;29/12/1977;;53.97
1401;30/12/1977;;40.82
1401;31/12/1977;;44.71
1401;01/01/1978;;66.35
1401;02/01/1978;;67.09
1401;03/01/1978;;51.31
1401;04/01/1978;;71.88
1401;05/01/1978;;60.28
1401;06/01/1978;;55.58
1401;07/01/1978;;77.37
1401;08/01/1978;;62.82
1401;09/01/1978;;56.26
1401;10/01/1978;;64.77
1401;11/01/1978;;58.75
1401;12/01/1978;;70.92
1401;13/01/1978;;69.83
1401;14/01/1978;;69.53
1401;15/01/1978;;66.46
1401;16/01/1978;;62.95
1401;17/01/1978;;70.79
1401;18/01/1978;;66.75
1401;19/01/1978;;57.49
1401;20/01/1978;;66.09
1401;21/01/1978;;71.19
1401;22/01/1978;;76.28
1401;23/01/1978;;69.94
1401;24/01/1978;;51.36
1401;25/01/1978;;37.16
1401;26/01/1978;;46.74
1401;27/01/1978;;59.33
1401;28/01/1978;;28.24
1401;29/01/1978;;70.22
1401;30/01/1978;;70.94
1401;31/01/1978;;36.11
1401;01/02/1978;;49.6
1401;02/02/1978;;62.6
1401;03/02/1978;;66.54
1401;04/02/1978;;68.52
1401;05/02/1978;;78.83
1401;06/02/1978;;72.23
1401;07/02/1978;;69.1
1401;08/02/1978;;67.92
1401;09/02/1978;;67.19
1401;10/02/1978;;59.74
1401;11/02/1978;;64.93
1401;12/02/1978;;77.12
1401;13/02/1978;;69.88
1401;14/02/1978;;64.74
1401;15/02/1978;;55.33
1401;16/02/1978;;27.53
1401;17/02/1978;;45.82
1401;18/02/1978;;35.91
1401;19/02/1978;;55.49
1401;20/02/1978;;52.69
1401;21/02/1978;;0
1401;22/02/1978;;1.85
1401;23/02/1978;;0
1401;24/02/1978;;0
1401;25/02/1978;;0
1401;26/02/1978;;0
1401;27/02/1978;;0
1401;28/02/1978;;0
1401;01/03/1978;;0
1401;02/03/1978;;0
1401;03/03/1978;;0
1401;04/03/1978;;0
1401;05/03/1978;;54.48
1401;06/03/1978;;51.3
1401;07/03/1978;;39.35
1401;08/03/1978;;63.15
1401;09/03/1978;;63.9
1401;10/03/1978;;58.71
1401;11/03/1978;;52.43
1401;12/03/1978;;72.8
1401;13/03/1978;;71.81
1401;14/03/1978;;51.11
1401;15/03/1978;;49.7
1401;16/03/1978;;52.77
1401;17/03/1978;;42.77
1401;18/03/1978;;39.24
1401;19/03/1978;;17.95
1401;20/03/1978;;35.02
1401;21/03/1978;;32.38
1401;22/03/1978;;36.36
1401;23/03/1978;;45.96
1401;24/03/1978;;50.91
1401;25/03/1978;;66.95
1401;26/03/1978;;73.31
1401;27/03/1978;;68.05
1401;28/03/1978;;65.78
1401;29/03/1978;;39.72
1401;30/03/1978;;59.88
1401;31/03/1978;;59.64
1401;01/04/1978;;74.97
1401;02/04/1978;;74.41
1401;03/04/1978;;64.73
1401;04/04/1978;;70.74
1401;05/04/1978;;70.1
1401;06/04/1978;;73.68
1401;07/04/1978;;75.66
1401;08/04/1978;;78.56
1401;09/04/1978;;71.77
1401;10/04/1978;;68.27
1401;11/04/1978;;47.6
1401;12/04/1978;;43.88
1401;13/04/1978;;29.37
1401;14/04/1978;;43.49
1401;15/04/1978;;55.98
1401;16/04/1978;;72.71
1401;17/04/1978;;73.37
1401;18/04/1978;;65.76
1401;19/04/1978;;64.51
1401;20/04/1978;;66.03
1401;21/04/1978;;67.5
1401;22/04/1978;;70.02
1401;23/04/1978;;70.15
1401;24/04/1978;;63.51
1401;25/04/1978;;65.74
1401;26/04/1978;;71.8
1401;27/04/1978;;73.34
1401;28/04/1978;;67.93
1401;29/04/1978;;67.57
1401;30/04/1978;;71.13
1401;01/05/1978;;68.33
1401;02/05/1978;;67.31
1401;03/05/1978;;68.16
1401;04/05/1978;;75.26
1401;05/05/1978;;67.06
1401;06/05/1978;;71.92
1401;07/05/1978;;76.76
1401;08/05/1978;;63.37
1401;09/05/1978;;42.42
1401;10/05/1978;;43.32
1401;11/05/1978;;50.4
1401;12/05/1978;;69.6
1401;13/05/1978;;65.02
1401;14/05/1978;;69.44
1401;15/05/1978;;69.76
1401;16/05/1978;;69.82
1401;17/05/1978;;70.32
1401;18/05/1978;;70.83
1401;19/05/1978;;72.03
1401;20/05/1978;;73.71
1401;21/05/1978;;74.35
1401;22/05/1978;;69.07
1401;23/05/1978;;70.85
1401;24/05/1978;;60.12
1401;25/05/1978;;64.29
1401;26/05/1978;;69.51
1401;27/05/1978;;69.48
1401;28/05/1978;;66.51
1401;29/05/1978;;65.79
1401;30/05/1978;;63.95
1401;31/05/1978;;61.13
1401;01/06/1978;;66.99
1401;02/06/1978;;67.49
1401;03/06/1978;;68.11
1401;04/06/1978;;48.76
1401;05/06/1978;;57.5
1401;06/06/1978;;67.76
1401;07/06/1978;;72.54
1401;08/06/1978;;72.24
1401;09/06/1978;;67.03
1401;10/06/1978;;71.64
1401;11/06/1978;;74.44
1401;12/06/1978;;69.93
1401;13/06/1978;;72
1401;14/06/1978;;71.4
1401;15/06/1978;;70.86
1401;16/06/1978;;71.61
1401;17/06/1978;;70.76
1401;18/06/1978;;66.36
1401;19/06/1978;;62.73
1401;20/06/1978;;68.97
1401;21/06/1978;;69.48
1401;22/06/1978;;66.3
1401;23/06/1978;;70.38
1401;24/06/1978;;68.09
1401;25/06/1978;;62.26
1401;26/06/1978;;59.95
1401;27/06/1978;;55.55
1401;28/06/1978;;69.7
1401;29/06/1978;;67.58
1401;30/06/1978;;66.92
1401;01/07/1978;;66.46
1401;02/07/1978;;49.82
1401;03/07/1978;;53.72
1401;04/07/1978;;64.86
1401;05/07/1978;;68.23
1401;06/07/1978;;65.68
1401;07/07/1978;;63.9
1401;08/07/1978;;65.25
1401;09/07/1978;;37.41
1401;10/07/1978;;48.79
1401;11/07/1978;;61.95
1401;12/07/1978;;67.35
1401;13/07/1978;;69.26
1401;14/07/1978;;70.03
1401;15/07/1978;;69.22
1401;16/07/1978;;37.86
1401;17/07/1978;;58.44
1401;18/07/1978;;61.53
1401;19/07/1978;;68.15
1401;20/07/1978;;73.45
1401;21/07/1978;;68.49
1401;22/07/1978;;66.29
1401;23/07/1978;;40.73
1401;24/07/1978;;53.66
1401;25/07/1978;;41.15
1401;26/07/1978;;50.1
1401;27/07/1978;;59.06
1401;28/07/1978;;70.32
1401;29/07/1978;;74.8
1401;30/07/1978;;60.16
1401;31/07/1978;;52.39
1401;01/08/1978;;44.71
1401;02/08/1978;;49.76
1401;03/08/1978;;48.53
1401;04/08/1978;;45.06
1401;05/08/1978;;51.18
1401;06/08/1978;;27.19
1401;07/08/1978;;48.65
1401;08/08/1978;;57.48
1401;09/08/1978;;72.76
1401;10/08/1978;;60.44
1401;11/08/1978;;57.61
1401;12/08/1978;;62.09
1401;13/08/1978;;26.48
1401;14/08/1978;;46.29
1401;15/08/1978;;48.91
1401;16/08/1978;;61.44
1401;17/08/1978;;68.57
1401;18/08/1978;;69.49
1401;19/08/1978;;69.89
1401;20/08/1978;;53.14
1401;21/08/1978;;47.87
1401;22/08/1978;;52.34
1401;23/08/1978;;57.13
1401;24/08/1978;;65.45
1401;25/08/1978;;66.5
1401;26/08/1978;;72.14
1401;27/08/1978;;67.15
1401;28/08/1978;;65.19
1401;29/08/1978;;60.63
1401;30/08/1978;;30.32
1401;31/08/1978;;19.07
1401;01/09/1978;;11.22
1401;02/09/1978;;13.13
1401;03/09/1978;;5.97
1401;04/09/1978;;22.44
1401;05/09/1978;;15.18
1401;06/09/1978;;25.62
1401;07/09/1978;;20.59
1401;08/09/1978;;15.13
1401;09/09/1978;;17.96
1401;10/09/1978;;7.53
1401;11/09/1978;;13.76
1401;12/09/1978;;6.31
1401;13/09/1978;;10.88
1401;14/09/1978;;14.92
1401;15/09/1978;;19.33
1401;16/09/1978;;37.49
1401;17/09/1978;;29.02
1401;18/09/1978;;22.73
1401;19/09/1978;;28.95
1401;20/09/1978;;29.44
1401;21/09/1978;;28.36
1401;22/09/1978;;1.68
1401;23/09/1978;;0
1401;24/09/1978;;0.25
1401;25/09/1978;;17.64
1401;26/09/1978;;39.06
1401;27/09/1978;;31.16
1401;28/09/1978;;31.12
1401;29/09/1978;;35.06
1401;30/09/1978;;31.39
1402;01/10/1961;;0
1402;02/10/1961;;0
1402;03/10/1961;;0
1402;04/10/1961;;0
1402;05/10/1961;;0
1402;06/10/1961;;0
1402;07/10/1961;;0
1402;08/10/1961;;0
1402;09/10/1961;;0
1402;10/10/1961;;0
1402;11/10/1961;;0
1402;12/10/1961;;0
1402;13/10/1961;;0
1402;14/10/1961;;0
1402;15/10/1961;;0
1402;16/10/1961;;0
1402;17/10/1961;;0
1402;18/10/1961;;0
1402;19/10/1961;;0
1402;20/10/1961;;0
1402;21/10/1961;;0
1402;22/10/1961;;0
1402;23/10/1961;;0
1402;24/10/1961;;0
1402;25/10/1961;;0
1402;26/10/1961;;0
1402;27/10/1961;;0
1402;28/10/1961;;0
1402;29/10/1961;;0
1402;30/10/1961;;0
1402;31/10/1961;;0
1402;01/11/1961;;0
1402;02/11/1961;;0
1402;03/11/1961;;0
1402;04/11/1961;;0
1402;05/11/1961;;0
1402;06/11/1961;;0
1402;07/11/1961;;0
1402;08/11/1961;;0
1402;09/11/1961;;0
1402;10/11/1961;;0
1402;11/11/1961;;0
1402;12/11/1961;;0
1402;13/11/1961;;0
1402;14/11/1961;;0
1402;15/11/1961;;0
1402;16/11/1961;;0
1402;17/11/1961;;0
1402;18/11/1961;;0
1402;19/11/1961;;0
1402;20/11/1961;;0
1402;21/11/1961;;0
1402;22/11/1961;;0
1402;23/11/1961;;0
1402;24/11/1961;;0
1402;25/11/1961;;0
1402;26/11/1961;;0
1402;27/11/1961;;0
1402;28/11/1961;;0
1402;29/11/1961;;0
1402;30/11/1961;;0
1402;01/12/1961;;0
1402;02/12/1961;;0
1402;03/12/1961;;0
1402;04/12/1961;;0
1402;05/12/1961;;0
1402;06/12/1961;;0
1402;07/12/1961;;0
1402;08/12/1961;;0
1402;09/12/1961;;0
1402;10/12/1961;;0
1402;11/12/1961;;0
1402;12/12/1961;;0
1402;13/12/1961;;0
1402;14/12/1961;;0
1402;15/12/1961;;0
1402;16/12/1961;;0
1402;17/12/1961;;0
1402;18/12/1961;;0
1402;19/12/1961;;0
1402;20/12/1961;;0
1402;21/12/1961;;0
1402;22/12/1961;;0
1402;23/12/1961;;0
1402;24/12/1961;;0
1402;25/12/1961;;0
1402;26/12/1961;;43.5
1402;27/12/1961;;0
1402;28/12/1961;;22.5
1402;29/12/1961;;47
1402;30/12/1961;;40
1402;31/12/1961;;45
1402;01/01/1962;;43.5
1402;02/01/1962;;32
1402;03/01/1962;;59
1402;04/01/1962;;45
1402;05/01/1962;;36
1402;06/01/1962;;0
1402;07/01/1962;;0
1402;08/01/1962;;0
1402;09/01/1962;;0
1402;10/01/1962;;40.5
1402;11/01/1962;;39
1402;12/01/1962;;36
1402;13/01/1962;;20
1402;14/01/1962;;60
1402;15/01/1962;;0
1402;16/01/1962;;0
1402;17/01/1962;;0
1402;18/01/1962;;0
1402;19/01/1962;;0
1402;20/01/1962;;0
1402;21/01/1962;;0
1402;22/01/1962;;0
1402;23/01/1962;;0
1402;24/01/1962;;0
1402;25/01/1962;;0
1402;26/01/1962;;0
1402;27/01/1962;;0
1402;28/01/1962;;0
1402;29/01/1962;;0
1402;30/01/1962;;0
1402;31/01/1962;;0
1402;01/02/1962;;0
1402;02/02/1962;;0
1402;03/02/1962;;0
1402;04/02/1962;;0
1402;05/02/1962;;0
1402;06/02/1962;;0
1402;07/02/1962;;0
1402;08/02/1962;;0
1402;09/02/1962;;0
1402;10/02/1962;;0
1402;11/02/1962;;0
1402;12/02/1962;;0
1402;13/02/1962;;0
1402;14/02/1962;;0
1402;15/02/1962;;0
1402;16/02/1962;;0
1402;17/02/1962;;0
1402;18/02/1962;;0
1402;19/02/1962;;0
1402;20/02/1962;;0
1402;21/02/1962;;0
1402;22/02/1962;;0
1402;23/02/1962;;0
1402;24/02/1962;;0
1402;25/02/1962;;0
1402;26/02/1962;;0
1402;27/02/1962;;0
1402;28/02/1962;;0
1402;01/03/1962;;0
1402;02/03/1962;;0
1402;03/03/1962;;0
1402;04/03/1962;;0
1402;05/03/1962;;0
1402;06/03/1962;;0
1402;07/03/1962;;0
1402;08/03/1962;;0
1402;09/03/1962;;0
1402;10/03/1962;;33.55
1402;11/03/1962;;0
1402;12/03/1962;;0
1402;13/03/1962;;0
1402;14/03/1962;;0
1402;15/03/1962;;0
1402;16/03/1962;;0
1402;17/03/1962;;0
1402;18/03/1962;;0
1402;19/03/1962;;0
1402;20/03/1962;;0
1402;21/03/1962;;0
1402;22/03/1962;;0
1402;23/03/1962;;0
1402;24/03/1962;;0
1402;25/03/1962;;0
1402;26/03/1962;;0
1402;27/03/1962;;0
1402;28/03/1962;;0
1402;29/03/1962;;0
1402;30/03/1962;;60
1402;31/03/1962;;50
1402;01/04/1962;;55
1402;02/04/1962;;75
1402;03/04/1962;;25.2
1402;04/04/1962;;0
1402;05/04/1962;;0
1402;06/04/1962;;0
1402;07/04/1962;;0
1402;08/04/1962;;0
1402;09/04/1962;;0
1402;10/04/1962;;0
1402;11/04/1962;;0
1402;12/04/1962;;0
1402;13/04/1962;;0
1402;14/04/1962;;0
1402;15/04/1962;;0
1402;16/04/1962;;0
1402;17/04/1962;;0
1402;18/04/1962;;0
1402;19/04/1962;;0
1402;20/04/1962;;0
1402;21/04/1962;;0
1402;22/04/1962;;0
1402;23/04/1962;;0
1402;24/04/1962;;0
1402;25/04/1962;;0
1402;26/04/1962;;0
1402;27/04/1962;;0
1402;28/04/1962;;0
1402;29/04/1962;;0
1402;30/04/1962;;0
1402;01/05/1962;;0
1402;02/05/1962;;0
1402;03/05/1962;;0
1402;04/05/1962;;0
1402;05/05/1962;;0
1402;06/05/1962;;0
1402;07/05/1962;;0
1402;08/05/1962;;0
1402;09/05/1962;;0
1402;10/05/1962;;0
1402;11/05/1962;;0
1402;12/05/1962;;0
1402;13/05/1962;;0
1402;14/05/1962;;0
1402;15/05/1962;;0
1402;16/05/1962;;0
1402;17/05/1962;;0
1402;18/05/1962;;0
1402;19/05/1962;;0
1402;20/05/1962;;0
1402;21/05/1962;;0
1402;22/05/1962;;0
1402;23/05/1962;;0
1402;24/05/1962;;0
1402;25/05/1962;;0
1402;26/05/1962;;0
1402;27/05/1962;;0
1402;28/05/1962;;0
1402;29/05/1962;;0
1402;30/05/1962;;0
1402;31/05/1962;;0
1402;01/06/1962;;0
1402;02/06/1962;;0
1402;03/06/1962;;0
1402;04/06/1962;;0
1402;05/06/1962;;0
1402;06/06/1962;;0
1402;07/06/1962;;0
1402;08/06/1962;;0
1402;09/06/1962;;0
1402;10/06/1962;;0
1402;11/06/1962;;0
1402;12/06/1962;;0
1402;13/06/1962;;0
1402;14/06/1962;;0
1402;15/06/1962;;0
1402;16/06/1962;;0
1402;17/06/1962;;0
1402;18/06/1962;;0
1402;19/06/1962;;0
1402;20/06/1962;;0
1402;21/06/1962;;0
1402;22/06/1962;;0
1402;23/06/1962;;0
1402;24/06/1962;;0
1402;25/06/1962;;0
1402;26/06/1962;;0
1402;27/06/1962;;0
1402;28/06/1962;;0
1402;29/06/1962;;0
1402;30/06/1962;;0
1402;01/07/1962;;0
1402;02/07/1962;;0
1402;03/07/1962;;0
1402;04/07/1962;;0
1402;05/07/1962;;0
1402;06/07/1962;;0
1402;07/07/1962;;0
1402;08/07/1962;;0
1402;09/07/1962;;0
1402;10/07/1962;;0
1402;11/07/1962;;0
1402;12/07/1962;;0
1402;13/07/1962;;0
1402;14/07/1962;;0
1402;15/07/1962;;0
1402;16/07/1962;;0
1402;17/07/1962;;0
1402;18/07/1962;;0
1402;19/07/1962;;0
1402;20/07/1962;;0
1402;21/07/1962;;0
1402;22/07/1962;;0
1402;23/07/1962;;0
1402;24/07/1962;;0
1402;25/07/1962;;0
1402;26/07/1962;;0
1402;27/07/1962;;0
1402;28/07/1962;;0
1402;29/07/1962;;0
1402;30/07/1962;;0
1402;31/07/1962;;0
1402;01/08/1962;;0
1402;02/08/1962;;0
1402;03/08/1962;;0
1402;04/08/1962;;0
1402;05/08/1962;;0
1402;06/08/1962;;0
1402;07/08/1962;;0
1402;08/08/1962;;0
1402;09/08/1962;;0
1402;10/08/1962;;0
1402;11/08/1962;;0
1402;12/08/1962;;0
1402;13/08/1962;;0
1402;14/08/1962;;0
1402;15/08/1962;;0
1402;16/08/1962;;0
1402;17/08/1962;;0
1402;18/08/1962;;0
1402;19/08/1962;;0
1402;20/08/1962;;0
1402;21/08/1962;;0
1402;22/08/1962;;0
1402;23/08/1962;;0
1402;24/08/1962;;0
1402;25/08/1962;;0
1402;26/08/1962;;0
1402;27/08/1962;;0
1402;28/08/1962;;0
1402;29/08/1962;;0
1402;30/08/1962;;0
1402;31/08/1962;;0
1402;01/09/1962;;0
1402;02/09/1962;;0
1402;03/09/1962;;0
1402;04/09/1962;;0
1402;05/09/1962;;0
1402;06/09/1962;;0
1402;07/09/1962;;0
1402;08/09/1962;;0
1402;09/09/1962;;0
1402;10/09/1962;;0
1402;11/09/1962;;0
1402;12/09/1962;;0
1402;13/09/1962;;0
1402;14/09/1962;;0
1402;15/09/1962;;0
1402;16/09/1962;;0
1402;17/09/1962;;0
1402;18/09/1962;;0
1402;19/09/1962;;0
1402;20/09/1962;;0
1402;21/09/1962;;0
1402;22/09/1962;;0
1402;23/09/1962;;0
1402;24/09/1962;;0
1402;25/09/1962;;0
1402;26/09/1962;;0
1402;27/09/1962;;0
1402;28/09/1962;;0
1402;29/09/1962;;0
1402;30/09/1962;;0
1402;01/10/1963;;0
1402;02/10/1963;;0
1402;03/10/1963;;0
1402;04/10/1963;;0
1402;05/10/1963;;0
1402;06/10/1963;;0
1402;07/10/1963;;0
1402;08/10/1963;;0
1402;09/10/1963;;0
1402;10/10/1963;;0
1402;11/10/1963;;0
1402;12/10/1963;;0
1402;13/10/1963;;0
1402;14/10/1963;;0
1402;15/10/1963;;0
1402;16/10/1963;;0
1402;17/10/1963;;0
1402;18/10/1963;;0
1402;19/10/1963;;0
1402;20/10/1963;;0
1402;21/10/1963;;0
1402;22/10/1963;;0
1402;23/10/1963;;0
1402;24/10/1963;;0
1402;25/10/1963;;0
1402;26/10/1963;;0
1402;27/10/1963;;0
1402;28/10/1963;;0
1402;29/10/1963;;0
1402;30/10/1963;;0
1402;31/10/1963;;0
1402;01/11/1963;;0
1402;02/11/1963;;0
1402;03/11/1963;;0
1402;04/11/1963;;0
1402;05/11/1963;;0
1402;06/11/1963;;0
1402;07/11/1963;;0
1402;08/11/1963;;0
1402;09/11/1963;;0
1402;10/11/1963;;0
1402;11/11/1963;;0
1402;12/11/1963;;0
1402;13/11/1963;;0
1402;14/11/1963;;0
1402;15/11/1963;;0
1402;16/11/1963;;0
1402;17/11/1963;;0
1402;18/11/1963;;0
1402;19/11/1963;;0
1402;20/11/1963;;0
1402;21/11/1963;;0
1402;22/11/1963;;0
1402;23/11/1963;;0
1402;24/11/1963;;0
1402;25/11/1963;;0
1402;26/11/1963;;0
1402;27/11/1963;;0
1402;28/11/1963;;0
1402;29/11/1963;;0
1402;30/11/1963;;0
1402;01/12/1963;;0
1402;02/12/1963;;0
1402;03/12/1963;;0
1402;04/12/1963;;0
1402;05/12/1963;;0
1402;06/12/1963;;4.75
1402;07/12/1963;;0
1402;08/12/1963;;0
1402;09/12/1963;;0
1402;10/12/1963;;0
1402;11/12/1963;;0.9
1402;12/12/1963;;0
1402;13/12/1963;;0
1402;14/12/1963;;0
1402;15/12/1963;;0
1402;16/12/1963;;0
1402;17/12/1963;;0
1402;18/12/1963;;0
1402;19/12/1963;;0
1402;20/12/1963;;0
1402;21/12/1963;;0
1402;22/12/1963;;0
1402;23/12/1963;;0
1402;24/12/1963;;0
1402;25/12/1963;;0
1402;26/12/1963;;0
1402;27/12/1963;;0
1402;28/12/1963;;0
1402;29/12/1963;;0
1402;30/12/1963;;0
1402;31/12/1963;;0
1402;01/01/1964;;0
1402;02/01/1964;;0
1402;03/01/1964;;0
1402;04/01/1964;;0
1402;05/01/1964;;0
1402;06/01/1964;;0
1402;07/01/1964;;0
1402;08/01/1964;;0
1402;09/01/1964;;0
1402;10/01/1964;;0
1402;11/01/1964;;0
1402;12/01/1964;;0
1402;13/01/1964;;0
1402;14/01/1964;;0
1402;15/01/1964;;0
1402;16/01/1964;;0
1402;17/01/1964;;0
1402;18/01/1964;;0
1402;19/01/1964;;0
1402;20/01/1964;;0
1402;21/01/1964;;0
1402;22/01/1964;;0
1402;23/01/1964;;0
1402;24/01/1964;;0
1402;25/01/1964;;0
1402;26/01/1964;;0
1402;27/01/1964;;0
1402;28/01/1964;;0
1402;29/01/1964;;0
1402;30/01/1964;;0
1402;31/01/1964;;0
1402;01/02/1964;;0
1402;02/02/1964;;0
1402;03/02/1964;;0
1402;04/02/1964;;0
1402;05/02/1964;;0
1402;06/02/1964;;0
1402;07/02/1964;;0
1402;08/02/1964;;0
1402;09/02/1964;;0
1402;10/02/1964;;0
1402;11/02/1964;;0
1402;12/02/1964;;0
1402;13/02/1964;;0
1402;14/02/1964;;0
1402;15/02/1964;;0
1402;16/02/1964;;0
1402;17/02/1964;;0
1402;18/02/1964;;0
1402;19/02/1964;;0
1402;20/02/1964;;0
1402;21/02/1964;;0
1402;22/02/1964;;0
1402;23/02/1964;;0
1402;24/02/1964;;0
1402;25/02/1964;;4.87
1402;26/02/1964;;63.68
1402;27/02/1964;;72.3
1402;28/02/1964;;0
1402;29/02/1964;;0
1402;01/03/1964;;0
1402;02/03/1964;;0
1402;03/03/1964;;0
1402;04/03/1964;;0
1402;05/03/1964;;0
1402;06/03/1964;;0
1402;07/03/1964;;0
1402;08/03/1964;;0
1402;09/03/1964;;0
1402;10/03/1964;;0
1402;11/03/1964;;7.67
1402;12/03/1964;;46.58
1402;13/03/1964;;0.58
1402;14/03/1964;;43.54
1402;15/03/1964;;39.15
1402;16/03/1964;;0
1402;17/03/1964;;0
1402;18/03/1964;;0
1402;19/03/1964;;1.9
1402;20/03/1964;;60.54
1402;21/03/1964;;68.51
1402;22/03/1964;;68.75
1402;23/03/1964;;44.48
1402;24/03/1964;;32.57
1402;25/03/1964;;35.59
1402;26/03/1964;;0
1402;27/03/1964;;0
1402;28/03/1964;;0
1402;29/03/1964;;0
1402;30/03/1964;;0
1402;31/03/1964;;0
1402;01/04/1964;;0
1402;02/04/1964;;0
1402;03/04/1964;;0
1402;04/04/1964;;0
1402;05/04/1964;;0
1402;06/04/1964;;0
1402;07/04/1964;;0
1402;08/04/1964;;0
1402;09/04/1964;;0
1402;10/04/1964;;0
1402;11/04/1964;;0
1402;12/04/1964;;0
1402;13/04/1964;;0
1402;14/04/1964;;0
1402;15/04/1964;;0
1402;16/04/1964;;0
1402;17/04/1964;;0
1402;18/04/1964;;0
1402;19/04/1964;;0
1402;20/04/1964;;0
1402;21/04/1964;;0
1402;22/04/1964;;0
1402;23/04/1964;;0
1402;24/04/1964;;0
1402;25/04/1964;;0
1402;26/04/1964;;0
1402;27/04/1964;;0
1402;28/04/1964;;0
1402;29/04/1964;;0
1402;30/04/1964;;0
1402;01/05/1964;;0
1402;02/05/1964;;0
1402;03/05/1964;;0
1402;04/05/1964;;0
1402;05/05/1964;;0
1402;06/05/1964;;0
1402;07/05/1964;;0
1402;08/05/1964;;0
1402;09/05/1964;;0
1402;10/05/1964;;0
1402;11/05/1964;;0
1402;12/05/1964;;0
1402;13/05/1964;;0
1402;14/05/1964;;0
1402;15/05/1964;;0
1402;16/05/1964;;0
1402;17/05/1964;;0
1402;18/05/1964;;0
1402;19/05/1964;;0
1402;20/05/1964;;0
1402;21/05/1964;;0
1402;22/05/1964;;0
1402;23/05/1964;;0
1402;24/05/1964;;0
1402;25/05/1964;;0
1402;26/05/1964;;0
1402;27/05/1964;;0
1402;28/05/1964;;0
1402;29/05/1964;;0
1402;30/05/1964;;0
1402;31/05/1964;;0
1402;01/06/1964;;0
1402;02/06/1964;;0
1402;03/06/1964;;0
1402;04/06/1964;;0
1402;05/06/1964;;0
1402;06/06/1964;;0
1402;07/06/1964;;0
1402;08/06/1964;;0
1402;09/06/1964;;0
1402;10/06/1964;;0
1402;11/06/1964;;0
1402;12/06/1964;;0
1402;13/06/1964;;0
1402;14/06/1964;;0
1402;15/06/1964;;0
1402;16/06/1964;;0
1402;17/06/1964;;0
1402;18/06/1964;;0
1402;19/06/1964;;0
1402;20/06/1964;;0
1402;21/06/1964;;0
1402;22/06/1964;;0
1402;23/06/1964;;0
1402;24/06/1964;;0
1402;25/06/1964;;0
1402;26/06/1964;;0
1402;27/06/1964;;0
1402;28/06/1964;;0
1402;29/06/1964;;0
1402;30/06/1964;;0
1402;01/07/1964;;0
1402;02/07/1964;;0
1402;03/07/1964;;0
1402;04/07/1964;;0
1402;05/07/1964;;0
1402;06/07/1964;;0
1402;07/07/1964;;0
1402;08/07/1964;;0
1402;09/07/1964;;0
1402;10/07/1964;;0
1402;11/07/1964;;0
1402;12/07/1964;;0
1402;13/07/1964;;0
1402;14/07/1964;;0
1402;15/07/1964;;0
1402;16/07/1964;;0
1402;17/07/1964;;0
1402;18/07/1964;;0
1402;19/07/1964;;0
1402;20/07/1964;;0
1402;21/07/1964;;0
1402;22/07/1964;;0
1402;23/07/1964;;0
1402;24/07/1964;;0
1402;25/07/1964;;0
1402;26/07/1964;;0
1402;27/07/1964;;0
1402;28/07/1964;;0
1402;29/07/1964;;0
1402;30/07/1964;;0
1402;31/07/1964;;0
1402;01/08/1964;;0
1402;02/08/1964;;0
1402;03/08/1964;;0
1402;04/08/1964;;0
1402;05/08/1964;;0
1402;06/08/1964;;0
1402;07/08/1964;;0
1402;08/08/1964;;0
1402;09/08/1964;;0
1402;10/08/1964;;0
1402;11/08/1964;;0
1402;12/08/1964;;0
1402;13/08/1964;;0
1402;14/08/1964;;0
1402;15/08/1964;;0
1402;16/08/1964;;0
1402;17/08/1964;;0
1402;18/08/1964;;0
1402;19/08/1964;;0
1402;20/08/1964;;0
1402;21/08/1964;;0
1402;22/08/1964;;0
1402;23/08/1964;;0
1402;24/08/1964;;0
1402;25/08/1964;;0
1402;26/08/1964;;0
1402;27/08/1964;;0
1402;28/08/1964;;0
1402;29/08/1964;;0
1402;30/08/1964;;0
1402;31/08/1964;;0
1402;01/09/1964;;0
1402;02/09/1964;;0
1402;03/09/1964;;0
1402;04/09/1964;;0
1402;05/09/1964;;0
1402;06/09/1964;;0
1402;07/09/1964;;0
1402;08/09/1964;;0
1402;09/09/1964;;0
1402;10/09/1964;;0
1402;11/09/1964;;0
1402;12/09/1964;;0
1402;13/09/1964;;0
1402;14/09/1964;;0
1402;15/09/1964;;0
1402;16/09/1964;;0
1402;17/09/1964;;0
1402;18/09/1964;;0
1402;19/09/1964;;0
1402;20/09/1964;;0
1402;21/09/1964;;0
1402;22/09/1964;;0
1402;23/09/1964;;0
1402;24/09/1964;;0
1402;25/09/1964;;0
1402;26/09/1964;;0
1402;27/09/1964;;0
1402;28/09/1964;;0
1402;29/09/1964;;0
1402;30/09/1964;;0
1402;01/10/1965;;0
1402;02/10/1965;;0
1402;03/10/1965;;0
1402;04/10/1965;;0
1402;05/10/1965;;0
1402;06/10/1965;;0
1402;07/10/1965;;0
1402;08/10/1965;;0
1402;09/10/1965;;0
1402;10/10/1965;;0
1402;11/10/1965;;0
1402;12/10/1965;;0
1402;13/10/1965;;0
1402;14/10/1965;;0
1402;15/10/1965;;0
1402;16/10/1965;;0
1402;17/10/1965;;0
1402;18/10/1965;;0
1402;19/10/1965;;0
1402;20/10/1965;;0
1402;21/10/1965;;0
1402;22/10/1965;;0
1402;23/10/1965;;0
1402;24/10/1965;;0
1402;25/10/1965;;0
1402;26/10/1965;;0
1402;27/10/1965;;0
1402;28/10/1965;;0
1402;29/10/1965;;0
1402;30/10/1965;;0
1402;31/10/1965;;0
1402;01/11/1965;;0
1402;02/11/1965;;0
1402;03/11/1965;;0
1402;04/11/1965;;0
1402;05/11/1965;;0
1402;06/11/1965;;0
1402;07/11/1965;;0
1402;08/11/1965;;0
1402;09/11/1965;;0
1402;10/11/1965;;0
1402;11/11/1965;;0
1402;12/11/1965;;0
1402;13/11/1965;;0
1402;14/11/1965;;0
1402;15/11/1965;;0
1402;16/11/1965;;0
1402;17/11/1965;;0
1402;18/11/1965;;0
1402;19/11/1965;;0
1402;20/11/1965;;0
1402;21/11/1965;;0
1402;22/11/1965;;0
1402;23/11/1965;;0
1402;24/11/1965;;0
1402;25/11/1965;;0
1402;26/11/1965;;0
1402;27/11/1965;;0
1402;28/11/1965;;0
1402;29/11/1965;;0
1402;30/11/1965;;0
1402;01/12/1965;;0
1402;02/12/1965;;0
1402;03/12/1965;;0
1402;04/12/1965;;0
1402;05/12/1965;;0
1402;06/12/1965;;0
1402;07/12/1965;;38.99
1402;08/12/1965;;15.7
1402;09/12/1965;;0
1402;10/12/1965;;0
1402;11/12/1965;;0
1402;12/12/1965;;0
1402;13/12/1965;;0
1402;14/12/1965;;0
1402;15/12/1965;;0
1402;16/12/1965;;0
1402;17/12/1965;;0
1402;18/12/1965;;0
1402;19/12/1965;;0
1402;20/12/1965;;0
1402;21/12/1965;;0
1402;22/12/1965;;0
1402;23/12/1965;;0
1402;24/12/1965;;0
1402;25/12/1965;;0
1402;26/12/1965;;14.32
1402;27/12/1965;;0
1402;28/12/1965;;10.39
1402;29/12/1965;;0
1402;30/12/1965;;0
1402;31/12/1965;;0
1402;01/01/1966;;0
1402;02/01/1966;;0
1402;03/01/1966;;0
1402;04/01/1966;;0
1402;05/01/1966;;0
1402;06/01/1966;;0
1402;07/01/1966;;0
1402;08/01/1966;;0
1402;09/01/1966;;0
1402;10/01/1966;;0
1402;11/01/1966;;0
1402;12/01/1966;;4.84
1402;13/01/1966;;12.62
1402;14/01/1966;;0
1402;15/01/1966;;0
1402;16/01/1966;;0
1402;17/01/1966;;0
1402;18/01/1966;;0
1402;19/01/1966;;0
1402;20/01/1966;;0
1402;21/01/1966;;0
1402;22/01/1966;;6.48
1402;23/01/1966;;0
1402;24/01/1966;;0
1402;25/01/1966;;0
1402;26/01/1966;;0
1402;27/01/1966;;0
1402;28/01/1966;;0
1402;29/01/1966;;0
1402;30/01/1966;;0
1402;31/01/1966;;0
1402;01/02/1966;;0
1402;02/02/1966;;0
1402;03/02/1966;;0
1402;04/02/1966;;0
1402;05/02/1966;;0
1402;06/02/1966;;0
1402;07/02/1966;;0
1402;08/02/1966;;8.7
1402;09/02/1966;;38.52
1402;10/02/1966;;0
1402;11/02/1966;;0
1402;12/02/1966;;0
1402;13/02/1966;;0
1402;14/02/1966;;0
1402;15/02/1966;;0
1402;16/02/1966;;0
1402;17/02/1966;;0
1402;18/02/1966;;0
1402;19/02/1966;;0
1402;20/02/1966;;0
1402;21/02/1966;;0
1402;22/02/1966;;0
1402;23/02/1966;;0
1402;24/02/1966;;0
1402;25/02/1966;;0
1402;26/02/1966;;0
1402;27/02/1966;;0
1402;28/02/1966;;0
1402;01/03/1966;;0
1402;02/03/1966;;0
1402;03/03/1966;;0
1402;04/03/1966;;0
1402;05/03/1966;;0
1402;06/03/1966;;0
1402;07/03/1966;;0
1402;08/03/1966;;31.42
1402;09/03/1966;;0
1402;10/03/1966;;0
1402;11/03/1966;;0
1402;12/03/1966;;0
1402;13/03/1966;;0
1402;14/03/1966;;0
1402;15/03/1966;;0
1402;16/03/1966;;0
1402;17/03/1966;;0
1402;18/03/1966;;0
1402;19/03/1966;;0
1402;20/03/1966;;0
1402;21/03/1966;;0
1402;22/03/1966;;0
1402;23/03/1966;;0
1402;24/03/1966;;0
1402;25/03/1966;;0
1402;26/03/1966;;0
1402;27/03/1966;;0
1402;28/03/1966;;0
1402;29/03/1966;;0
1402;30/03/1966;;0
1402;31/03/1966;;0
1402;01/04/1966;;0
1402;02/04/1966;;0
1402;03/04/1966;;0
1402;04/04/1966;;0
1402;05/04/1966;;0
1402;06/04/1966;;0
1402;07/04/1966;;0
1402;08/04/1966;;0
1402;09/04/1966;;0
1402;10/04/1966;;14.15
1402;11/04/1966;;13.86
1402;12/04/1966;;0
1402;13/04/1966;;32.27
1402;14/04/1966;;0
1402;15/04/1966;;0
1402;16/04/1966;;0
1402;17/04/1966;;0
1402;18/04/1966;;0
1402;19/04/1966;;0
1402;20/04/1966;;0
1402;21/04/1966;;0
1402;22/04/1966;;0
1402;23/04/1966;;0
1402;24/04/1966;;0
1402;25/04/1966;;0
1402;26/04/1966;;0
1402;27/04/1966;;0
1402;28/04/1966;;0
1402;29/04/1966;;0
1402;30/04/1966;;0
1402;01/05/1966;;0
1402;02/05/1966;;0
1402;03/05/1966;;0
1402;04/05/1966;;0
1402;05/05/1966;;0
1402;06/05/1966;;0
1402;07/05/1966;;0
1402;08/05/1966;;0
1402;09/05/1966;;0
1402;10/05/1966;;0
1402;11/05/1966;;0
1402;12/05/1966;;0
1402;13/05/1966;;0
1402;14/05/1966;;0
1402;15/05/1966;;0
1402;16/05/1966;;0
1402;17/05/1966;;0
1402;18/05/1966;;0
1402;19/05/1966;;0
1402;20/05/1966;;0
1402;21/05/1966;;0
1402;22/05/1966;;0
1402;23/05/1966;;0
1402;24/05/1966;;0
1402;25/05/1966;;0
1402;26/05/1966;;0
1402;27/05/1966;;0
1402;28/05/1966;;0
1402;29/05/1966;;0
1402;30/05/1966;;0
1402;31/05/1966;;0
1402;01/06/1966;;0
1402;02/06/1966;;0
1402;03/06/1966;;0
1402;04/06/1966;;0
1402;05/06/1966;;0
1402;06/06/1966;;0
1402;07/06/1966;;0
1402;08/06/1966;;0
1402;09/06/1966;;0
1402;10/06/1966;;0
1402;11/06/1966;;0
1402;12/06/1966;;0
1402;13/06/1966;;0
1402;14/06/1966;;0
1402;15/06/1966;;0
1402;16/06/1966;;0
1402;17/06/1966;;0
1402;18/06/1966;;0
1402;19/06/1966;;0
1402;20/06/1966;;0
1402;21/06/1966;;0
1402;22/06/1966;;0
1402;23/06/1966;;0
1402;24/06/1966;;0
1402;25/06/1966;;0
1402;26/06/1966;;0
1402;27/06/1966;;0
1402;28/06/1966;;0
1402;29/06/1966;;0
1402;30/06/1966;;0
1402;01/07/1966;;0
1402;02/07/1966;;0
1402;03/07/1966;;0
1402;04/07/1966;;0
1402;05/07/1966;;0
1402;06/07/1966;;0
1402;07/07/1966;;0
1402;08/07/1966;;0
1402;09/07/1966;;0
1402;10/07/1966;;0
1402;11/07/1966;;0
1402;12/07/1966;;0
1402;13/07/1966;;0
1402;14/07/1966;;0
1402;15/07/1966;;0
1402;16/07/1966;;0
1402;17/07/1966;;0
1402;18/07/1966;;0
1402;19/07/1966;;0
1402;20/07/1966;;0
1402;21/07/1966;;0
1402;22/07/1966;;0
1402;23/07/1966;;0
1402;24/07/1966;;0
1402;25/07/1966;;0
1402;26/07/1966;;0
1402;27/07/1966;;0
1402;28/07/1966;;0
1402;29/07/1966;;0
1402;30/07/1966;;0
1402;31/07/1966;;0
1402;01/08/1966;;0
1402;02/08/1966;;0
1402;03/08/1966;;0
1402;04/08/1966;;0
1402;05/08/1966;;0
1402;06/08/1966;;0
1402;07/08/1966;;0
1402;08/08/1966;;0
1402;09/08/1966;;0
1402;10/08/1966;;0
1402;11/08/1966;;0
1402;12/08/1966;;0
1402;13/08/1966;;0
1402;14/08/1966;;0
1402;15/08/1966;;0
1402;16/08/1966;;0
1402;17/08/1966;;0
1402;18/08/1966;;0
1402;19/08/1966;;0
1402;20/08/1966;;0
1402;21/08/1966;;0
1402;22/08/1966;;0
1402;23/08/1966;;0
1402;24/08/1966;;0
1402;25/08/1966;;0
1402;26/08/1966;;0
1402;27/08/1966;;0
1402;28/08/1966;;0
1402;29/08/1966;;0
1402;30/08/1966;;0
1402;31/08/1966;;0
1402;01/09/1966;;0
1402;02/09/1966;;0
1402;03/09/1966;;0
1402;04/09/1966;;0
1402;05/09/1966;;0
1402;06/09/1966;;0
1402;07/09/1966;;0
1402;08/09/1966;;0
1402;09/09/1966;;0
1402;10/09/1966;;0
1402;11/09/1966;;0
1402;12/09/1966;;0
1402;13/09/1966;;0
1402;14/09/1966;;0
1402;15/09/1966;;0
1402;16/09/1966;;0
1402;17/09/1966;;0
1402;18/09/1966;;0
1402;19/09/1966;;0
1402;20/09/1966;;0
1402;21/09/1966;;0
1402;22/09/1966;;0
1402;23/09/1966;;0
1402;24/09/1966;;0
1402;25/09/1966;;0
1402;26/09/1966;;0
1402;27/09/1966;;0
1402;28/09/1966;;0
1402;29/09/1966;;0
1402;30/09/1966;;0
1402;01/10/1966;;0
1402;02/10/1966;;0
1402;03/10/1966;;0
1402;04/10/1966;;0
1402;05/10/1966;;0
1402;06/10/1966;;0
1402;07/10/1966;;0
1402;08/10/1966;;0
1402;09/10/1966;;0
1402;10/10/1966;;0
1402;11/10/1966;;0
1402;12/10/1966;;0
1402;13/10/1966;;0
1402;14/10/1966;;0
1402;15/10/1966;;0
1402;16/10/1966;;0
1402;17/10/1966;;0
1402;18/10/1966;;0
1402;19/10/1966;;0
1402;20/10/1966;;0
1402;21/10/1966;;0
1402;22/10/1966;;0
1402;23/10/1966;;0
1402;24/10/1966;;0
1402;25/10/1966;;0
1402;26/10/1966;;0
1402;27/10/1966;;0
1402;28/10/1966;;0
1402;29/10/1966;;0
1402;30/10/1966;;0
1402;31/10/1966;;0
1402;01/11/1966;;0
1402;02/11/1966;;0
1402;03/11/1966;;0
1402;04/11/1966;;0
1402;05/11/1966;;0
1402;06/11/1966;;0
1402;07/11/1966;;0
1402;08/11/1966;;0
1402;09/11/1966;;0
1402;10/11/1966;;0
1402;11/11/1966;;0
1402;12/11/1966;;0
1402;13/11/1966;;0
1402;14/11/1966;;0
1402;15/11/1966;;0
1402;16/11/1966;;0
1402;17/11/1966;;0
1402;18/11/1966;;0
1402;19/11/1966;;0
1402;20/11/1966;;0
1402;21/11/1966;;0
1402;22/11/1966;;0
1402;23/11/1966;;0
1402;24/11/1966;;0
1402;25/11/1966;;0
1402;26/11/1966;;0
1402;27/11/1966;;0
1402;28/11/1966;;0
1402;29/11/1966;;0
1402;30/11/1966;;0
1402;01/12/1966;;0
1402;02/12/1966;;0
1402;03/12/1966;;0
1402;04/12/1966;;0
1402;05/12/1966;;0
1402;06/12/1966;;0
1402;07/12/1966;;0
1402;08/12/1966;;0
1402;09/12/1966;;0
1402;10/12/1966;;0
1402;11/12/1966;;0
1402;12/12/1966;;0
1402;13/12/1966;;0
1402;14/12/1966;;0
1402;15/12/1966;;0
1402;16/12/1966;;0
1402;17/12/1966;;0
1402;18/12/1966;;0
1402;19/12/1966;;0
1402;20/12/1966;;0
1402;21/12/1966;;0
1402;22/12/1966;;0
1402;23/12/1966;;0
1402;24/12/1966;;0
1402;25/12/1966;;0
1402;26/12/1966;;0
1402;27/12/1966;;0
1402;28/12/1966;;0
1402;29/12/1966;;0
1402;30/12/1966;;0
1402;31/12/1966;;0
1402;01/01/1967;;0
1402;02/01/1967;;0
1402;03/01/1967;;0
1402;04/01/1967;;0
1402;05/01/1967;;0
1402;06/01/1967;;0
1402;07/01/1967;;0
1402;08/01/1967;;0
1402;09/01/1967;;0
1402;10/01/1967;;0
1402;11/01/1967;;0
1402;12/01/1967;;0
1402;13/01/1967;;0
1402;14/01/1967;;0
1402;15/01/1967;;0
1402;16/01/1967;;0
1402;17/01/1967;;0
1402;18/01/1967;;0
1402;19/01/1967;;0
1402;20/01/1967;;0
1402;21/01/1967;;0
1402;22/01/1967;;0
1402;23/01/1967;;0
1402;24/01/1967;;0
1402;25/01/1967;;0
1402;26/01/1967;;0
1402;27/01/1967;;0
1402;28/01/1967;;0
1402;29/01/1967;;0
1402;30/01/1967;;0
1402;31/01/1967;;0
1402;01/02/1967;;0
1402;02/02/1967;;0
1402;03/02/1967;;0
1402;04/02/1967;;0
1402;05/02/1967;;0
1402;06/02/1967;;0
1402;07/02/1967;;0
1402;08/02/1967;;0
1402;09/02/1967;;0
1402;10/02/1967;;0
1402;11/02/1967;;0
1402;12/02/1967;;0
1402;13/02/1967;;0
1402;14/02/1967;;0
1402;15/02/1967;;0
1402;16/02/1967;;0
1402;17/02/1967;;0
1402;18/02/1967;;0
1402;19/02/1967;;0
1402;20/02/1967;;0
1402;21/02/1967;;0
1402;22/02/1967;;0
1402;23/02/1967;;0
1402;24/02/1967;;0
1402;25/02/1967;;0
1402;26/02/1967;;0
1402;27/02/1967;;0
1402;28/02/1967;;0
1402;01/03/1967;;0
1402;02/03/1967;;0
1402;03/03/1967;;0
1402;04/03/1967;;0
1402;05/03/1967;;0
1402;06/03/1967;;0
1402;07/03/1967;;0
1402;08/03/1967;;0
1402;09/03/1967;;0
1402;10/03/1967;;0
1402;11/03/1967;;0
1402;12/03/1967;;0
1402;13/03/1967;;0
1402;14/03/1967;;0
1402;15/03/1967;;0
1402;16/03/1967;;0
1402;17/03/1967;;0
1402;18/03/1967;;0
1402;19/03/1967;;0
1402;20/03/1967;;0
1402;21/03/1967;;0
1402;22/03/1967;;0
1402;23/03/1967;;0
1402;24/03/1967;;0
1402;25/03/1967;;0
1402;26/03/1967;;0
1402;27/03/1967;;0
1402;28/03/1967;;0
1402;29/03/1967;;0
1402;30/03/1967;;0
1402;31/03/1967;;0
1402;01/04/1967;;0
1402;02/04/1967;;0
1402;03/04/1967;;0
1402;04/04/1967;;0
1402;05/04/1967;;0
1402;06/04/1967;;0
1402;07/04/1967;;0
1402;08/04/1967;;0
1402;09/04/1967;;0
1402;10/04/1967;;0
1402;11/04/1967;;0
1402;12/04/1967;;0
1402;13/04/1967;;0
1402;14/04/1967;;0
1402;15/04/1967;;0
1402;16/04/1967;;0
1402;17/04/1967;;0
1402;18/04/1967;;0
1402;19/04/1967;;0
1402;20/04/1967;;0
1402;21/04/1967;;0
1402;22/04/1967;;0
1402;23/04/1967;;0
1402;24/04/1967;;0
1402;25/04/1967;;0
1402;26/04/1967;;0
1402;27/04/1967;;0
1402;28/04/1967;;0
1402;29/04/1967;;0
1402;30/04/1967;;0
1402;01/05/1967;;0
1402;02/05/1967;;0
1402;03/05/1967;;0
1402;04/05/1967;;0
1402;05/05/1967;;0
1402;06/05/1967;;0
1402;07/05/1967;;0
1402;08/05/1967;;0
1402;09/05/1967;;0
1402;10/05/1967;;0
1402;11/05/1967;;0
1402;12/05/1967;;0
1402;13/05/1967;;0
1402;14/05/1967;;0
1402;15/05/1967;;0
1402;16/05/1967;;0
1402;17/05/1967;;0
1402;18/05/1967;;0
1402;19/05/1967;;0
1402;20/05/1967;;0
1402;21/05/1967;;0
1402;22/05/1967;;0
1402;23/05/1967;;0
1402;24/05/1967;;0
1402;25/05/1967;;0
1402;26/05/1967;;0
1402;27/05/1967;;0
1402;28/05/1967;;0
1402;29/05/1967;;0
1402;30/05/1967;;0
1402;31/05/1967;;0
1402;01/06/1967;;0
1402;02/06/1967;;0
1402;03/06/1967;;0
1402;04/06/1967;;0
1402;05/06/1967;;0
1402;06/06/1967;;0
1402;07/06/1967;;0
1402;08/06/1967;;0
1402;09/06/1967;;0
1402;10/06/1967;;0
1402;11/06/1967;;0
1402;12/06/1967;;0
1402;13/06/1967;;0
1402;14/06/1967;;0
1402;15/06/1967;;0
1402;16/06/1967;;0
1402;17/06/1967;;0
1402;18/06/1967;;0
1402;19/06/1967;;0
1402;20/06/1967;;0
1402;21/06/1967;;0
1402;22/06/1967;;0
1402;23/06/1967;;0
1402;24/06/1967;;0
1402;25/06/1967;;0
1402;26/06/1967;;0
1402;27/06/1967;;0
1402;28/06/1967;;0
1402;29/06/1967;;0
1402;30/06/1967;;0
1402;01/07/1967;;0
1402;02/07/1967;;0
1402;03/07/1967;;0
1402;04/07/1967;;0
1402;05/07/1967;;0
1402;06/07/1967;;0
1402;07/07/1967;;0
1402;08/07/1967;;0
1402;09/07/1967;;0
1402;10/07/1967;;0
1402;11/07/1967;;0
1402;12/07/1967;;0
1402;13/07/1967;;0
1402;14/07/1967;;0
1402;15/07/1967;;0
1402;16/07/1967;;0
1402;17/07/1967;;0
1402;18/07/1967;;0
1402;19/07/1967;;0
1402;20/07/1967;;0
1402;21/07/1967;;0
1402;22/07/1967;;0
1402;23/07/1967;;0
1402;24/07/1967;;0
1402;25/07/1967;;0
1402;26/07/1967;;0
1402;27/07/1967;;0
1402;28/07/1967;;0
1402;29/07/1967;;0
1402;30/07/1967;;0
1402;31/07/1967;;0
1402;01/08/1967;;0
1402;02/08/1967;;0
1402;03/08/1967;;0
1402;04/08/1967;;0
1402;05/08/1967;;0
1402;06/08/1967;;0
1402;07/08/1967;;0
1402;08/08/1967;;0
1402;09/08/1967;;0
1402;10/08/1967;;0
1402;11/08/1967;;0
1402;12/08/1967;;0
1402;13/08/1967;;0
1402;14/08/1967;;0
1402;15/08/1967;;0
1402;16/08/1967;;0
1402;17/08/1967;;0
1402;18/08/1967;;0
1402;19/08/1967;;0
1402;20/08/1967;;0
1402;21/08/1967;;0
1402;22/08/1967;;0
1402;23/08/1967;;0
1402;24/08/1967;;0
1402;25/08/1967;;0
1402;26/08/1967;;0
1402;27/08/1967;;0
1402;28/08/1967;;0
1402;29/08/1967;;0
1402;30/08/1967;;0
1402;31/08/1967;;0
1402;01/09/1967;;0
1402;02/09/1967;;0
1402;03/09/1967;;0
1402;04/09/1967;;0
1402;05/09/1967;;0
1402;06/09/1967;;0
1402;07/09/1967;;0
1402;08/09/1967;;0
1402;09/09/1967;;0
1402;10/09/1967;;0
1402;11/09/1967;;0
1402;12/09/1967;;0
1402;13/09/1967;;0
1402;14/09/1967;;0
1402;15/09/1967;;0
1402;16/09/1967;;0
1402;17/09/1967;;0
1402;18/09/1967;;0
1402;19/09/1967;;0
1402;20/09/1967;;0
1402;21/09/1967;;0
1402;22/09/1967;;0
1402;23/09/1967;;0
1402;24/09/1967;;0
1402;25/09/1967;;0
1402;26/09/1967;;0
1402;27/09/1967;;0
1402;28/09/1967;;0
1402;29/09/1967;;0
1402;30/09/1967;;0
1402;01/10/1967;;0
1402;02/10/1967;;0
1402;03/10/1967;;0
1402;04/10/1967;;0
1402;05/10/1967;;0
1402;06/10/1967;;0
1402;07/10/1967;;0
1402;08/10/1967;;0
1402;09/10/1967;;0
1402;10/10/1967;;0
1402;11/10/1967;;0
1402;12/10/1967;;0
1402;13/10/1967;;0
1402;14/10/1967;;0
1402;15/10/1967;;0
1402;16/10/1967;;0
1402;17/10/1967;;0
1402;18/10/1967;;0
1402;19/10/1967;;0
1402;20/10/1967;;0
1402;21/10/1967;;0
1402;22/10/1967;;0
1402;23/10/1967;;0
1402;24/10/1967;;0
1402;25/10/1967;;0
1402;26/10/1967;;0
1402;27/10/1967;;0
1402;28/10/1967;;0
1402;29/10/1967;;0
1402;30/10/1967;;0
1402;31/10/1967;;0
1402;01/11/1967;;0
1402;02/11/1967;;0
1402;03/11/1967;;0
1402;04/11/1967;;0
1402;05/11/1967;;0
1402;06/11/1967;;0
1402;07/11/1967;;0
1402;08/11/1967;;0
1402;09/11/1967;;0
1402;10/11/1967;;0
1402;11/11/1967;;0
1402;12/11/1967;;0
1402;13/11/1967;;0
1402;14/11/1967;;0
1402;15/11/1967;;0
1402;16/11/1967;;0
1402;17/11/1967;;0
1402;18/11/1967;;0
1402;19/11/1967;;0
1402;20/11/1967;;0
1402;21/11/1967;;0
1402;22/11/1967;;0
1402;23/11/1967;;0
1402;24/11/1967;;0
1402;25/11/1967;;0
1402;26/11/1967;;0
1402;27/11/1967;;0
1402;28/11/1967;;0
1402;29/11/1967;;0
1402;30/11/1967;;0
1402;01/12/1967;;0
1402;02/12/1967;;0
1402;03/12/1967;;0
1402;04/12/1967;;0
1402;05/12/1967;;0
1402;06/12/1967;;0
1402;07/12/1967;;0
1402;08/12/1967;;0
1402;09/12/1967;;0
1402;10/12/1967;;0
1402;11/12/1967;;0
1402;12/12/1967;;0
1402;13/12/1967;;0
1402;14/12/1967;;0
1402;15/12/1967;;0
1402;16/12/1967;;0
1402;17/12/1967;;0
1402;18/12/1967;;0
1402;19/12/1967;;0
1402;20/12/1967;;0
1402;21/12/1967;;0
1402;22/12/1967;;0
1402;23/12/1967;;0
1402;24/12/1967;;0
1402;25/12/1967;;0
1402;26/12/1967;;0
1402;27/12/1967;;0
1402;28/12/1967;;0
1402;29/12/1967;;0
1402;30/12/1967;;0
1402;31/12/1967;;0
1402;01/01/1968;;0
1402;02/01/1968;;0
1402;03/01/1968;;0
1402;04/01/1968;;0
1402;05/01/1968;;0
1402;06/01/1968;;0
1402;07/01/1968;;0
1402;08/01/1968;;0
1402;09/01/1968;;0
1402;10/01/1968;;0
1402;11/01/1968;;0
1402;12/01/1968;;0
1402;13/01/1968;;0
1402;14/01/1968;;0
1402;15/01/1968;;0
1402;16/01/1968;;0
1402;17/01/1968;;0
1402;18/01/1968;;0
1402;19/01/1968;;0
1402;20/01/1968;;0
1402;21/01/1968;;0
1402;22/01/1968;;0
1402;23/01/1968;;0
1402;24/01/1968;;0
1402;25/01/1968;;0
1402;26/01/1968;;0
1402;27/01/1968;;0
1402;28/01/1968;;0
1402;29/01/1968;;0
1402;30/01/1968;;0
1402;31/01/1968;;0
1402;01/02/1968;;0
1402;02/02/1968;;0
1402;03/02/1968;;0
1402;04/02/1968;;0
1402;05/02/1968;;0
1402;06/02/1968;;0
1402;07/02/1968;;0
1402;08/02/1968;;0
1402;09/02/1968;;0
1402;10/02/1968;;0
1402;11/02/1968;;0
1402;12/02/1968;;0
1402;13/02/1968;;0
1402;14/02/1968;;0
1402;15/02/1968;;0
1402;16/02/1968;;0
1402;17/02/1968;;0
1402;18/02/1968;;0
1402;19/02/1968;;0
1402;20/02/1968;;0
1402;21/02/1968;;0
1402;22/02/1968;;0
1402;23/02/1968;;0
1402;24/02/1968;;0
1402;25/02/1968;;0
1402;26/02/1968;;0
1402;27/02/1968;;0
1402;28/02/1968;;0
1402;29/02/1968;;0
1402;01/03/1968;;0
1402;02/03/1968;;0
1402;03/03/1968;;0
1402;04/03/1968;;0
1402;05/03/1968;;0
1402;06/03/1968;;0
1402;07/03/1968;;0
1402;08/03/1968;;0
1402;09/03/1968;;0
1402;10/03/1968;;0
1402;11/03/1968;;0
1402;12/03/1968;;0
1402;13/03/1968;;0
1402;14/03/1968;;0
1402;15/03/1968;;0
1402;16/03/1968;;0
1402;17/03/1968;;0
1402;18/03/1968;;0
1402;19/03/1968;;0
1402;20/03/1968;;0
1402;21/03/1968;;0
1402;22/03/1968;;0
1402;23/03/1968;;0
1402;24/03/1968;;0
1402;25/03/1968;;0
1402;26/03/1968;;0
1402;27/03/1968;;0
1402;28/03/1968;;0
1402;29/03/1968;;0
1402;30/03/1968;;0
1402;31/03/1968;;0
1402;01/04/1968;;0
1402;02/04/1968;;0
1402;03/04/1968;;0
1402;04/04/1968;;0
1402;05/04/1968;;0
1402;06/04/1968;;0
1402;07/04/1968;;0
1402;08/04/1968;;0
1402;09/04/1968;;0
1402;10/04/1968;;0
1402;11/04/1968;;0
1402;12/04/1968;;0
1402;13/04/1968;;0
1402;14/04/1968;;0
1402;15/04/1968;;0
1402;16/04/1968;;0
1402;17/04/1968;;0
1402;18/04/1968;;0
1402;19/04/1968;;0
1402;20/04/1968;;0
1402;21/04/1968;;0
1402;22/04/1968;;0
1402;23/04/1968;;0
1402;24/04/1968;;0
1402;25/04/1968;;0
1402;26/04/1968;;0
1402;27/04/1968;;0
1402;28/04/1968;;0
1402;29/04/1968;;0
1402;30/04/1968;;0
1402;01/05/1968;;0
1402;02/05/1968;;0
1402;03/05/1968;;0
1402;04/05/1968;;0
1402;05/05/1968;;0
1402;06/05/1968;;0
1402;07/05/1968;;0
1402;08/05/1968;;0
1402;09/05/1968;;0
1402;10/05/1968;;0
1402;11/05/1968;;0
1402;12/05/1968;;0
1402;13/05/1968;;0
1402;14/05/1968;;0
1402;15/05/1968;;0
1402;16/05/1968;;0
1402;17/05/1968;;0
1402;18/05/1968;;0
1402;19/05/1968;;0
1402;20/05/1968;;0
1402;21/05/1968;;0
1402;22/05/1968;;0
1402;23/05/1968;;0
1402;24/05/1968;;0
1402;25/05/1968;;0
1402;26/05/1968;;0
1402;27/05/1968;;0
1402;28/05/1968;;0
1402;29/05/1968;;0
1402;30/05/1968;;0
1402;31/05/1968;;0
1402;01/06/1968;;0
1402;02/06/1968;;0
1402;03/06/1968;;0
1402;04/06/1968;;0
1402;05/06/1968;;0
1402;06/06/1968;;0
1402;07/06/1968;;0
1402;08/06/1968;;0
1402;09/06/1968;;0
1402;10/06/1968;;0
1402;11/06/1968;;0
1402;12/06/1968;;0
1402;13/06/1968;;0
1402;14/06/1968;;0
1402;15/06/1968;;0
1402;16/06/1968;;0
1402;17/06/1968;;0
1402;18/06/1968;;0
1402;19/06/1968;;0
1402;20/06/1968;;0
1402;21/06/1968;;0
1402;22/06/1968;;0
1402;23/06/1968;;0
1402;24/06/1968;;0
1402;25/06/1968;;0
1402;26/06/1968;;0
1402;27/06/1968;;0
1402;28/06/1968;;0
1402;29/06/1968;;0
1402;30/06/1968;;0
1402;01/07/1968;;0
1402;02/07/1968;;0
1402;03/07/1968;;0
1402;04/07/1968;;0
1402;05/07/1968;;0
1402;06/07/1968;;0
1402;07/07/1968;;0
1402;08/07/1968;;0
1402;09/07/1968;;0
1402;10/07/1968;;0
1402;11/07/1968;;0
1402;12/07/1968;;0
1402;13/07/1968;;0
1402;14/07/1968;;0
1402;15/07/1968;;0
1402;16/07/1968;;0
1402;17/07/1968;;0
1402;18/07/1968;;0
1402;19/07/1968;;0
1402;20/07/1968;;0
1402;21/07/1968;;0
1402;22/07/1968;;0
1402;23/07/1968;;0
1402;24/07/1968;;0
1402;25/07/1968;;0
1402;26/07/1968;;0
1402;27/07/1968;;0
1402;28/07/1968;;0
1402;29/07/1968;;0
1402;30/07/1968;;0
1402;31/07/1968;;0
1402;01/08/1968;;0
1402;02/08/1968;;0
1402;03/08/1968;;0
1402;04/08/1968;;0
1402;05/08/1968;;0
1402;06/08/1968;;0
1402;07/08/1968;;0
1402;08/08/1968;;0
1402;09/08/1968;;0
1402;10/08/1968;;0
1402;11/08/1968;;0
1402;12/08/1968;;0
1402;13/08/1968;;0
1402;14/08/1968;;0
1402;15/08/1968;;0
1402;16/08/1968;;0
1402;17/08/1968;;0
1402;18/08/1968;;0
1402;19/08/1968;;0
1402;20/08/1968;;0
1402;21/08/1968;;0
1402;22/08/1968;;0
1402;23/08/1968;;0
1402;24/08/1968;;0
1402;25/08/1968;;0
1402;26/08/1968;;0
1402;27/08/1968;;0
1402;28/08/1968;;0
1402;29/08/1968;;0
1402;30/08/1968;;0
1402;31/08/1968;;0
1402;01/09/1968;;0
1402;02/09/1968;;0
1402;03/09/1968;;0
1402;04/09/1968;;0
1402;05/09/1968;;0
1402;06/09/1968;;0
1402;07/09/1968;;0
1402;08/09/1968;;0
1402;09/09/1968;;0
1402;10/09/1968;;0
1402;11/09/1968;;0
1402;12/09/1968;;0
1402;13/09/1968;;0
1402;14/09/1968;;0
1402;15/09/1968;;0
1402;16/09/1968;;0
1402;17/09/1968;;0
1402;18/09/1968;;0
1402;19/09/1968;;0
1402;20/09/1968;;0
1402;21/09/1968;;0
1402;22/09/1968;;0
1402;23/09/1968;;0
1402;24/09/1968;;0
1402;25/09/1968;;0
1402;26/09/1968;;0
1402;27/09/1968;;0
1402;28/09/1968;;0
1402;29/09/1968;;0
1402;30/09/1968;;0
1402;01/10/1968;;0
1402;02/10/1968;;0
1402;03/10/1968;;0
1402;04/10/1968;;0
1402;05/10/1968;;0
1402;06/10/1968;;0
1402;07/10/1968;;0
1402;08/10/1968;;0
1402;09/10/1968;;0
1402;10/10/1968;;0
1402;11/10/1968;;0
1402;12/10/1968;;0
1402;13/10/1968;;0
1402;14/10/1968;;0
1402;15/10/1968;;0
1402;16/10/1968;;0
1402;17/10/1968;;0
1402;18/10/1968;;0
1402;19/10/1968;;0
1402;20/10/1968;;0
1402;21/10/1968;;0
1402;22/10/1968;;0
1402;23/10/1968;;0
1402;24/10/1968;;0
1402;25/10/1968;;0
1402;26/10/1968;;0
1402;27/10/1968;;0
1402;28/10/1968;;0
1402;29/10/1968;;0
1402;30/10/1968;;0
1402;31/10/1968;;0
1402;01/11/1968;;0
1402;02/11/1968;;0
1402;03/11/1968;;0
1402;04/11/1968;;0
1402;05/11/1968;;0
1402;06/11/1968;;0
1402;07/11/1968;;0
1402;08/11/1968;;0
1402;09/11/1968;;0
1402;10/11/1968;;0
1402;11/11/1968;;0
1402;12/11/1968;;0
1402;13/11/1968;;0
1402;14/11/1968;;0
1402;15/11/1968;;0
1402;16/11/1968;;0
1402;17/11/1968;;0
1402;18/11/1968;;0
1402;19/11/1968;;0
1402;20/11/1968;;0
1402;21/11/1968;;0
1402;22/11/1968;;0
1402;23/11/1968;;0
1402;24/11/1968;;0
1402;25/11/1968;;0
1402;26/11/1968;;0
1402;27/11/1968;;0
1402;28/11/1968;;0
1402;29/11/1968;;0
1402;30/11/1968;;0
1402;01/12/1968;;0
1402;02/12/1968;;0
1402;03/12/1968;;0
1402;04/12/1968;;0
1402;05/12/1968;;0
1402;06/12/1968;;0
1402;07/12/1968;;0
1402;08/12/1968;;0
1402;09/12/1968;;0
1402;10/12/1968;;0
1402;11/12/1968;;0
1402;12/12/1968;;0
1402;13/12/1968;;0
1402;14/12/1968;;0
1402;15/12/1968;;0
1402;16/12/1968;;0
1402;17/12/1968;;0
1402;18/12/1968;;0
1402;19/12/1968;;0
1402;20/12/1968;;0
1402;21/12/1968;;0
1402;22/12/1968;;0
1402;23/12/1968;;0
1402;24/12/1968;;0
1402;25/12/1968;;0
1402;26/12/1968;;0
1402;27/12/1968;;0
1402;28/12/1968;;0
1402;29/12/1968;;0
1402;30/12/1968;;0
1402;31/12/1968;;0
1402;01/01/1969;;0
1402;02/01/1969;;0
1402;03/01/1969;;0
1402;04/01/1969;;0
1402;05/01/1969;;0
1402;06/01/1969;;0
1402;07/01/1969;;0
1402;08/01/1969;;0
1402;09/01/1969;;0
1402;10/01/1969;;0
1402;11/01/1969;;0
1402;12/01/1969;;0
1402;13/01/1969;;0
1402;14/01/1969;;0
1402;15/01/1969;;0
1402;16/01/1969;;0
1402;17/01/1969;;0
1402;18/01/1969;;0
1402;19/01/1969;;0
1402;20/01/1969;;0
1402;21/01/1969;;0
1402;22/01/1969;;0
1402;23/01/1969;;0
1402;24/01/1969;;0
1402;25/01/1969;;0
1402;26/01/1969;;0
1402;27/01/1969;;0
1402;28/01/1969;;0
1402;29/01/1969;;0
1402;30/01/1969;;0
1402;31/01/1969;;0
1402;01/02/1969;;0
1402;02/02/1969;;0
1402;03/02/1969;;0
1402;04/02/1969;;0
1402;05/02/1969;;0
1402;06/02/1969;;0
1402;07/02/1969;;0
1402;08/02/1969;;0
1402;09/02/1969;;0
1402;10/02/1969;;0
1402;11/02/1969;;0
1402;12/02/1969;;0
1402;13/02/1969;;0
1402;14/02/1969;;0
1402;15/02/1969;;0
1402;16/02/1969;;0
1402;17/02/1969;;0
1402;18/02/1969;;0
1402;19/02/1969;;0
1402;20/02/1969;;0
1402;21/02/1969;;0
1402;22/02/1969;;0
1402;23/02/1969;;0
1402;24/02/1969;;0
1402;25/02/1969;;0
1402;26/02/1969;;0
1402;27/02/1969;;0
1402;28/02/1969;;0
1402;01/03/1969;;0
1402;02/03/1969;;0
1402;03/03/1969;;0
1402;04/03/1969;;0
1402;05/03/1969;;0
1402;06/03/1969;;0
1402;07/03/1969;;0
1402;08/03/1969;;0
1402;09/03/1969;;0
1402;10/03/1969;;0
1402;11/03/1969;;0
1402;12/03/1969;;0
1402;13/03/1969;;0
1402;14/03/1969;;0
1402;15/03/1969;;0
1402;16/03/1969;;0
1402;17/03/1969;;0
1402;18/03/1969;;0
1402;19/03/1969;;0
1402;20/03/1969;;0
1402;21/03/1969;;0
1402;22/03/1969;;0
1402;23/03/1969;;0
1402;24/03/1969;;0
1402;25/03/1969;;0
1402;26/03/1969;;0
1402;27/03/1969;;0
1402;28/03/1969;;0
1402;29/03/1969;;0
1402;30/03/1969;;0
1402;31/03/1969;;0
1402;01/04/1969;;0
1402;02/04/1969;;0
1402;03/04/1969;;0
1402;04/04/1969;;0
1402;05/04/1969;;0
1402;06/04/1969;;0
1402;07/04/1969;;0
1402;08/04/1969;;0
1402;09/04/1969;;0
1402;10/04/1969;;0
1402;11/04/1969;;0
1402;12/04/1969;;0
1402;13/04/1969;;0
1402;14/04/1969;;0
1402;15/04/1969;;0
1402;16/04/1969;;0
1402;17/04/1969;;0
1402;18/04/1969;;0
1402;19/04/1969;;0
1402;20/04/1969;;0
1402;21/04/1969;;0
1402;22/04/1969;;0
1402;23/04/1969;;0
1402;24/04/1969;;0
1402;25/04/1969;;0
1402;26/04/1969;;0
1402;27/04/1969;;0
1402;28/04/1969;;0
1402;29/04/1969;;0
1402;30/04/1969;;0
1402;01/05/1969;;0
1402;02/05/1969;;0
1402;03/05/1969;;0
1402;04/05/1969;;0
1402;05/05/1969;;0
1402;06/05/1969;;0
1402;07/05/1969;;0
1402;08/05/1969;;0
1402;09/05/1969;;0
1402;10/05/1969;;0
1402;11/05/1969;;0
1402;12/05/1969;;0
1402;13/05/1969;;0
1402;14/05/1969;;0
1402;15/05/1969;;0
1402;16/05/1969;;0
1402;17/05/1969;;0
1402;18/05/1969;;0
1402;19/05/1969;;0
1402;20/05/1969;;0
1402;21/05/1969;;0
1402;22/05/1969;;0
1402;23/05/1969;;0
1402;24/05/1969;;0
1402;25/05/1969;;0
1402;26/05/1969;;0
1402;27/05/1969;;0
1402;28/05/1969;;0
1402;29/05/1969;;0
1402;30/05/1969;;0
1402;31/05/1969;;0
1402;01/06/1969;;0
1402;02/06/1969;;0
1402;03/06/1969;;0
1402;04/06/1969;;0
1402;05/06/1969;;0
1402;06/06/1969;;0
1402;07/06/1969;;0
1402;08/06/1969;;0
1402;09/06/1969;;0
1402;10/06/1969;;0
1402;11/06/1969;;0
1402;12/06/1969;;0
1402;13/06/1969;;0
1402;14/06/1969;;0
1402;15/06/1969;;0
1402;16/06/1969;;0
1402;17/06/1969;;0
1402;18/06/1969;;0
1402;19/06/1969;;0
1402;20/06/1969;;0
1402;21/06/1969;;0
1402;22/06/1969;;0
1402;23/06/1969;;0
1402;24/06/1969;;0
1402;25/06/1969;;0
1402;26/06/1969;;0
1402;27/06/1969;;0
1402;28/06/1969;;0
1402;29/06/1969;;0
1402;30/06/1969;;0
1402;01/07/1969;;0
1402;02/07/1969;;0
1402;03/07/1969;;0
1402;04/07/1969;;0
1402;05/07/1969;;0
1402;06/07/1969;;0
1402;07/07/1969;;0
1402;08/07/1969;;0
1402;09/07/1969;;0
1402;10/07/1969;;0
1402;11/07/1969;;0
1402;12/07/1969;;0
1402;13/07/1969;;0
1402;14/07/1969;;0
1402;15/07/1969;;0
1402;16/07/1969;;0
1402;17/07/1969;;0
1402;18/07/1969;;0
1402;19/07/1969;;0
1402;20/07/1969;;0
1402;21/07/1969;;0
1402;22/07/1969;;0
1402;23/07/1969;;0
1402;24/07/1969;;0
1402;25/07/1969;;0
1402;26/07/1969;;0
1402;27/07/1969;;0
1402;28/07/1969;;0
1402;29/07/1969;;0
1402;30/07/1969;;0
1402;31/07/1969;;0
1402;01/08/1969;;0
1402;02/08/1969;;0
1402;03/08/1969;;0
1402;04/08/1969;;0
1402;05/08/1969;;0
1402;06/08/1969;;0
1402;07/08/1969;;0
1402;08/08/1969;;0
1402;09/08/1969;;0
1402;10/08/1969;;0
1402;11/08/1969;;0
1402;12/08/1969;;0
1402;13/08/1969;;0
1402;14/08/1969;;0
1402;15/08/1969;;0
1402;16/08/1969;;0
1402;17/08/1969;;0
1402;18/08/1969;;0
1402;19/08/1969;;0
1402;20/08/1969;;0
1402;21/08/1969;;0
1402;22/08/1969;;0
1402;23/08/1969;;0
1402;24/08/1969;;0
1402;25/08/1969;;0
1402;26/08/1969;;0
1402;27/08/1969;;0
1402;28/08/1969;;0
1402;29/08/1969;;0
1402;30/08/1969;;0
1402;31/08/1969;;0
1402;01/09/1969;;0
1402;02/09/1969;;0
1402;03/09/1969;;0
1402;04/09/1969;;0
1402;05/09/1969;;0
1402;06/09/1969;;0
1402;07/09/1969;;0
1402;08/09/1969;;0
1402;09/09/1969;;0
1402;10/09/1969;;0
1402;11/09/1969;;0
1402;12/09/1969;;0
1402;13/09/1969;;0
1402;14/09/1969;;0
1402;15/09/1969;;0
1402;16/09/1969;;0
1402;17/09/1969;;0
1402;18/09/1969;;0
1402;19/09/1969;;0
1402;20/09/1969;;0
1402;21/09/1969;;0
1402;22/09/1969;;0
1402;23/09/1969;;0
1402;24/09/1969;;0
1402;25/09/1969;;0
1402;26/09/1969;;0
1402;27/09/1969;;0
1402;28/09/1969;;0
1402;29/09/1969;;0
1402;30/09/1969;;0
1402;01/10/1969;;0
1402;02/10/1969;;0
1402;03/10/1969;;0
1402;04/10/1969;;0
1402;05/10/1969;;0
1402;06/10/1969;;0
1402;07/10/1969;;0
1402;08/10/1969;;0
1402;09/10/1969;;0
1402;10/10/1969;;0
1402;11/10/1969;;0
1402;12/10/1969;;0
1402;13/10/1969;;0
1402;14/10/1969;;0
1402;15/10/1969;;0
1402;16/10/1969;;0
1402;17/10/1969;;0
1402;18/10/1969;;0
1402;19/10/1969;;0
1402;20/10/1969;;0
1402;21/10/1969;;0
1402;22/10/1969;;0
1402;23/10/1969;;0
1402;24/10/1969;;0
1402;25/10/1969;;0
1402;26/10/1969;;0
1402;27/10/1969;;0
1402;28/10/1969;;0
1402;29/10/1969;;0
1402;30/10/1969;;0
1402;31/10/1969;;0
1402;01/11/1969;;0
1402;02/11/1969;;0
1402;03/11/1969;;0
1402;04/11/1969;;0
1402;05/11/1969;;0
1402;06/11/1969;;0
1402;07/11/1969;;0
1402;08/11/1969;;0
1402;09/11/1969;;0
1402;10/11/1969;;0
1402;11/11/1969;;0
1402;12/11/1969;;0
1402;13/11/1969;;0
1402;14/11/1969;;0
1402;15/11/1969;;0
1402;16/11/1969;;0
1402;17/11/1969;;0
1402;18/11/1969;;0
1402;19/11/1969;;0
1402;20/11/1969;;0
1402;21/11/1969;;0
1402;22/11/1969;;0
1402;23/11/1969;;0
1402;24/11/1969;;0
1402;25/11/1969;;0
1402;26/11/1969;;0
1402;27/11/1969;;0
1402;28/11/1969;;0
1402;29/11/1969;;0
1402;30/11/1969;;0
1402;01/12/1969;;0
1402;02/12/1969;;0
1402;03/12/1969;;0
1402;04/12/1969;;0
1402;05/12/1969;;0
1402;06/12/1969;;0
1402;07/12/1969;;0
1402;08/12/1969;;0
1402;09/12/1969;;0
1402;10/12/1969;;0
1402;11/12/1969;;0
1402;12/12/1969;;0
1402;13/12/1969;;0
1402;14/12/1969;;0
1402;15/12/1969;;0
1402;16/12/1969;;0
1402;17/12/1969;;0
1402;18/12/1969;;0
1402;19/12/1969;;0
1402;20/12/1969;;0
1402;21/12/1969;;0
1402;22/12/1969;;0
1402;23/12/1969;;0
1402;24/12/1969;;0
1402;25/12/1969;;0
1402;26/12/1969;;0
1402;27/12/1969;;0
1402;28/12/1969;;0
1402;29/12/1969;;0
1402;30/12/1969;;0
1402;31/12/1969;;0
1402;01/01/1970;;0
1402;02/01/1970;;0
1402;03/01/1970;;0
1402;04/01/1970;;0
1402;05/01/1970;;0
1402;06/01/1970;;0
1402;07/01/1970;;0
1402;08/01/1970;;0
1402;09/01/1970;;0
1402;10/01/1970;;0
1402;11/01/1970;;0
1402;12/01/1970;;0
1402;13/01/1970;;0
1402;14/01/1970;;0
1402;15/01/1970;;0
1402;16/01/1970;;0
1402;17/01/1970;;0
1402;18/01/1970;;0
1402;19/01/1970;;0
1402;20/01/1970;;0
1402;21/01/1970;;0
1402;22/01/1970;;0
1402;23/01/1970;;0
1402;24/01/1970;;0
1402;25/01/1970;;0
1402;26/01/1970;;0
1402;27/01/1970;;0
1402;28/01/1970;;0
1402;29/01/1970;;0
1402;30/01/1970;;0
1402;31/01/1970;;0
1402;01/02/1970;;0
1402;02/02/1970;;0
1402;03/02/1970;;0
1402;04/02/1970;;0
1402;05/02/1970;;0
1402;06/02/1970;;0
1402;07/02/1970;;0
1402;08/02/1970;;0
1402;09/02/1970;;0
1402;10/02/1970;;0
1402;11/02/1970;;0
1402;12/02/1970;;0
1402;13/02/1970;;0
1402;14/02/1970;;0
1402;15/02/1970;;0
1402;16/02/1970;;0
1402;17/02/1970;;0
1402;18/02/1970;;0
1402;19/02/1970;;0
1402;20/02/1970;;0
1402;21/02/1970;;0
1402;22/02/1970;;0
1402;23/02/1970;;0
1402;24/02/1970;;0
1402;25/02/1970;;0
1402;26/02/1970;;0
1402;27/02/1970;;0
1402;28/02/1970;;0
1402;01/03/1970;;0
1402;02/03/1970;;0
1402;03/03/1970;;0
1402;04/03/1970;;0
1402;05/03/1970;;0
1402;06/03/1970;;0
1402;07/03/1970;;0
1402;08/03/1970;;0
1402;09/03/1970;;0
1402;10/03/1970;;0
1402;11/03/1970;;0
1402;12/03/1970;;0
1402;13/03/1970;;0
1402;14/03/1970;;0
1402;15/03/1970;;0
1402;16/03/1970;;0
1402;17/03/1970;;0
1402;18/03/1970;;0
1402;19/03/1970;;0
1402;20/03/1970;;0
1402;21/03/1970;;0
1402;22/03/1970;;0
1402;23/03/1970;;0
1402;24/03/1970;;0
1402;25/03/1970;;0
1402;26/03/1970;;0
1402;27/03/1970;;0
1402;28/03/1970;;0
1402;29/03/1970;;0
1402;30/03/1970;;0
1402;31/03/1970;;0
1402;01/04/1970;;0
1402;02/04/1970;;0
1402;03/04/1970;;0
1402;04/04/1970;;0
1402;05/04/1970;;0
1402;06/04/1970;;0
1402;07/04/1970;;0
1402;08/04/1970;;0
1402;09/04/1970;;0
1402;10/04/1970;;0
1402;11/04/1970;;0
1402;12/04/1970;;0
1402;13/04/1970;;0
1402;14/04/1970;;0
1402;15/04/1970;;0
1402;16/04/1970;;0
1402;17/04/1970;;0
1402;18/04/1970;;0
1402;19/04/1970;;0
1402;20/04/1970;;0
1402;21/04/1970;;0
1402;22/04/1970;;0
1402;23/04/1970;;0
1402;24/04/1970;;0
1402;25/04/1970;;0
1402;26/04/1970;;0
1402;27/04/1970;;0
1402;28/04/1970;;0
1402;29/04/1970;;0
1402;30/04/1970;;0
1402;01/05/1970;;0
1402;02/05/1970;;0
1402;03/05/1970;;0
1402;04/05/1970;;0
1402;05/05/1970;;0
1402;06/05/1970;;0
1402;07/05/1970;;0
1402;08/05/1970;;0
1402;09/05/1970;;0
1402;10/05/1970;;0
1402;11/05/1970;;0
1402;12/05/1970;;0
1402;13/05/1970;;0
1402;14/05/1970;;0
1402;15/05/1970;;0
1402;16/05/1970;;0
1402;17/05/1970;;0
1402;18/05/1970;;0
1402;19/05/1970;;0
1402;20/05/1970;;0
1402;21/05/1970;;0
1402;22/05/1970;;0
1402;23/05/1970;;0
1402;24/05/1970;;0
1402;25/05/1970;;0
1402;26/05/1970;;0
1402;27/05/1970;;0
1402;28/05/1970;;0
1402;29/05/1970;;0
1402;30/05/1970;;0
1402;31/05/1970;;0
1402;01/06/1970;;0
1402;02/06/1970;;0
1402;03/06/1970;;0
1402;04/06/1970;;0
1402;05/06/1970;;0
1402;06/06/1970;;0
1402;07/06/1970;;0
1402;08/06/1970;;0
1402;09/06/1970;;0
1402;10/06/1970;;0
1402;11/06/1970;;0
1402;12/06/1970;;0
1402;13/06/1970;;0
1402;14/06/1970;;0
1402;15/06/1970;;0
1402;16/06/1970;;0
1402;17/06/1970;;0
1402;18/06/1970;;0
1402;19/06/1970;;0
1402;20/06/1970;;0
1402;21/06/1970;;0
1402;22/06/1970;;0
1402;23/06/1970;;0
1402;24/06/1970;;0
1402;25/06/1970;;0
1402;26/06/1970;;0
1402;27/06/1970;;0
1402;28/06/1970;;0
1402;29/06/1970;;0
1402;30/06/1970;;0
1402;01/07/1970;;0
1402;02/07/1970;;0
1402;03/07/1970;;0
1402;04/07/1970;;0
1402;05/07/1970;;0
1402;06/07/1970;;0
1402;07/07/1970;;0
1402;08/07/1970;;0
1402;09/07/1970;;0
1402;10/07/1970;;0
1402;11/07/1970;;0
1402;12/07/1970;;0
1402;13/07/1970;;0
1402;14/07/1970;;0
1402;15/07/1970;;0
1402;16/07/1970;;0
1402;17/07/1970;;0
1402;18/07/1970;;0
1402;19/07/1970;;0
1402;20/07/1970;;0
1402;21/07/1970;;0
1402;22/07/1970;;0
1402;23/07/1970;;0
1402;24/07/1970;;0
1402;25/07/1970;;0
1402;26/07/1970;;0
1402;27/07/1970;;0
1402;28/07/1970;;0
1402;29/07/1970;;0
1402;30/07/1970;;0
1402;31/07/1970;;0
1402;01/08/1970;;0
1402;02/08/1970;;0
1402;03/08/1970;;0
1402;04/08/1970;;0
1402;05/08/1970;;0
1402;06/08/1970;;0
1402;07/08/1970;;0
1402;08/08/1970;;0
1402;09/08/1970;;0
1402;10/08/1970;;0
1402;11/08/1970;;0
1402;12/08/1970;;0
1402;13/08/1970;;0
1402;14/08/1970;;0
1402;15/08/1970;;0
1402;16/08/1970;;0
1402;17/08/1970;;0
1402;18/08/1970;;0
1402;19/08/1970;;0
1402;20/08/1970;;0
1402;21/08/1970;;0
1402;22/08/1970;;0
1402;23/08/1970;;0
1402;24/08/1970;;0
1402;25/08/1970;;0
1402;26/08/1970;;0
1402;27/08/1970;;0
1402;28/08/1970;;0
1402;29/08/1970;;0
1402;30/08/1970;;0
1402;31/08/1970;;0
1402;01/09/1970;;0
1402;02/09/1970;;0
1402;03/09/1970;;0
1402;04/09/1970;;0
1402;05/09/1970;;0
1402;06/09/1970;;0
1402;07/09/1970;;0
1402;08/09/1970;;0
1402;09/09/1970;;0
1402;10/09/1970;;0
1402;11/09/1970;;0
1402;12/09/1970;;0
1402;13/09/1970;;0
1402;14/09/1970;;0
1402;15/09/1970;;0
1402;16/09/1970;;0
1402;17/09/1970;;0
1402;18/09/1970;;0
1402;19/09/1970;;0
1402;20/09/1970;;0
1402;21/09/1970;;0
1402;22/09/1970;;0
1402;23/09/1970;;0
1402;24/09/1970;;0
1402;25/09/1970;;0
1402;26/09/1970;;0
1402;27/09/1970;;0
1402;28/09/1970;;0
1402;29/09/1970;;0
1402;30/09/1970;;0
1402;01/10/1970;;0
1402;02/10/1970;;0
1402;03/10/1970;;0
1402;04/10/1970;;0
1402;05/10/1970;;0
1402;06/10/1970;;0
1402;07/10/1970;;0
1402;08/10/1970;;0
1402;09/10/1970;;0
1402;10/10/1970;;0
1402;11/10/1970;;0
1402;12/10/1970;;0
1402;13/10/1970;;0
1402;14/10/1970;;0
1402;15/10/1970;;0
1402;16/10/1970;;0
1402;17/10/1970;;0
1402;18/10/1970;;0
1402;19/10/1970;;0
1402;20/10/1970;;0
1402;21/10/1970;;0
1402;22/10/1970;;0
1402;23/10/1970;;0
1402;24/10/1970;;0
1402;25/10/1970;;0
1402;26/10/1970;;0
1402;27/10/1970;;0
1402;28/10/1970;;0
1402;29/10/1970;;0
1402;30/10/1970;;0
1402;31/10/1970;;0
1402;01/11/1970;;0
1402;02/11/1970;;0
1402;03/11/1970;;0
1402;04/11/1970;;0
1402;05/11/1970;;0
1402;06/11/1970;;0
1402;07/11/1970;;0
1402;08/11/1970;;0
1402;09/11/1970;;0
1402;10/11/1970;;0
1402;11/11/1970;;0
1402;12/11/1970;;0
1402;13/11/1970;;0
1402;14/11/1970;;0
1402;15/11/1970;;0
1402;16/11/1970;;0
1402;17/11/1970;;0
1402;18/11/1970;;0
1402;19/11/1970;;0
1402;20/11/1970;;0
1402;21/11/1970;;0
1402;22/11/1970;;0
1402;23/11/1970;;0
1402;24/11/1970;;0
1402;25/11/1970;;0
1402;26/11/1970;;0
1402;27/11/1970;;0
1402;28/11/1970;;0
1402;29/11/1970;;0
1402;30/11/1970;;0
1402;01/12/1970;;0
1402;02/12/1970;;0
1402;03/12/1970;;0
1402;04/12/1970;;0
1402;05/12/1970;;0
1402;06/12/1970;;0
1402;07/12/1970;;0
1402;08/12/1970;;0
1402;09/12/1970;;0
1402;10/12/1970;;0
1402;11/12/1970;;0
1402;12/12/1970;;0
1402;13/12/1970;;0
1402;14/12/1970;;0
1402;15/12/1970;;0
1402;16/12/1970;;0
1402;17/12/1970;;0
1402;18/12/1970;;0
1402;19/12/1970;;0
1402;20/12/1970;;0
1402;21/12/1970;;0
1402;22/12/1970;;0
1402;23/12/1970;;0
1402;24/12/1970;;0
1402;25/12/1970;;0
1402;26/12/1970;;0
1402;27/12/1970;;0
1402;28/12/1970;;0
1402;29/12/1970;;0
1402;30/12/1970;;0
1402;31/12/1970;;0
1402;01/01/1971;;0
1402;02/01/1971;;0
1402;03/01/1971;;0
1402;04/01/1971;;0
1402;05/01/1971;;0
1402;06/01/1971;;0
1402;07/01/1971;;0
1402;08/01/1971;;0
1402;09/01/1971;;0
1402;10/01/1971;;0
1402;11/01/1971;;0
1402;12/01/1971;;0
1402;13/01/1971;;0
1402;14/01/1971;;0
1402;15/01/1971;;0
1402;16/01/1971;;0
1402;17/01/1971;;0
1402;18/01/1971;;0
1402;19/01/1971;;0
1402;20/01/1971;;0
1402;21/01/1971;;0
1402;22/01/1971;;0
1402;23/01/1971;;0
1402;24/01/1971;;0
1402;25/01/1971;;0
1402;26/01/1971;;0
1402;27/01/1971;;0
1402;28/01/1971;;0
1402;29/01/1971;;0
1402;30/01/1971;;0
1402;31/01/1971;;0
1402;01/02/1971;;0
1402;02/02/1971;;0
1402;03/02/1971;;0
1402;04/02/1971;;0
1402;05/02/1971;;0
1402;06/02/1971;;0
1402;07/02/1971;;0
1402;08/02/1971;;0
1402;09/02/1971;;0
1402;10/02/1971;;0
1402;11/02/1971;;0
1402;12/02/1971;;0
1402;13/02/1971;;0
1402;14/02/1971;;0
1402;15/02/1971;;0
1402;16/02/1971;;0
1402;17/02/1971;;0
1402;18/02/1971;;0
1402;19/02/1971;;0
1402;20/02/1971;;0
1402;21/02/1971;;0
1402;22/02/1971;;0
1402;23/02/1971;;0
1402;24/02/1971;;0
1402;25/02/1971;;0
1402;26/02/1971;;0
1402;27/02/1971;;0
1402;28/02/1971;;0
1402;01/03/1971;;0
1402;02/03/1971;;0
1402;03/03/1971;;0
1402;04/03/1971;;0
1402;05/03/1971;;0
1402;06/03/1971;;0
1402;07/03/1971;;0
1402;08/03/1971;;0
1402;09/03/1971;;0
1402;10/03/1971;;0
1402;11/03/1971;;0
1402;12/03/1971;;0
1402;13/03/1971;;0
1402;14/03/1971;;0
1402;15/03/1971;;0
1402;16/03/1971;;0
1402;17/03/1971;;0
1402;18/03/1971;;0
1402;19/03/1971;;0
1402;20/03/1971;;0
1402;21/03/1971;;0
1402;22/03/1971;;0
1402;23/03/1971;;0
1402;24/03/1971;;0
1402;25/03/1971;;0
1402;26/03/1971;;0
1402;27/03/1971;;0
1402;28/03/1971;;0
1402;29/03/1971;;0
1402;30/03/1971;;0
1402;31/03/1971;;0
1402;01/04/1971;;0
1402;02/04/1971;;0
1402;03/04/1971;;0
1402;04/04/1971;;0
1402;05/04/1971;;0
1402;06/04/1971;;0
1402;07/04/1971;;0
1402;08/04/1971;;0
1402;09/04/1971;;0
1402;10/04/1971;;0
1402;11/04/1971;;0
1402;12/04/1971;;0
1402;13/04/1971;;0
1402;14/04/1971;;0
1402;15/04/1971;;0
1402;16/04/1971;;0
1402;17/04/1971;;0
1402;18/04/1971;;0
1402;19/04/1971;;0
1402;20/04/1971;;0
1402;21/04/1971;;0
1402;22/04/1971;;0
1402;23/04/1971;;0
1402;24/04/1971;;0
1402;25/04/1971;;0
1402;26/04/1971;;0
1402;27/04/1971;;0
1402;28/04/1971;;0
1402;29/04/1971;;0
1402;30/04/1971;;0
1402;01/05/1971;;0
1402;02/05/1971;;0
1402;03/05/1971;;0
1402;04/05/1971;;0
1402;05/05/1971;;0
1402;06/05/1971;;0
1402;07/05/1971;;0
1402;08/05/1971;;0
1402;09/05/1971;;0
1402;10/05/1971;;0
1402;11/05/1971;;0
1402;12/05/1971;;0
1402;13/05/1971;;0
1402;14/05/1971;;0
1402;15/05/1971;;0
1402;16/05/1971;;0
1402;17/05/1971;;0
1402;18/05/1971;;0
1402;19/05/1971;;0
1402;20/05/1971;;0
1402;21/05/1971;;0
1402;22/05/1971;;0
1402;23/05/1971;;0
1402;24/05/1971;;0
1402;25/05/1971;;0
1402;26/05/1971;;0
1402;27/05/1971;;0
1402;28/05/1971;;0
1402;29/05/1971;;0
1402;30/05/1971;;0
1402;31/05/1971;;0
1402;01/06/1971;;0
1402;02/06/1971;;0
1402;03/06/1971;;0
1402;04/06/1971;;0
1402;05/06/1971;;0
1402;06/06/1971;;0
1402;07/06/1971;;0
1402;08/06/1971;;0
1402;09/06/1971;;0
1402;10/06/1971;;0
1402;11/06/1971;;0
1402;12/06/1971;;0
1402;13/06/1971;;0
1402;14/06/1971;;0
1402;15/06/1971;;0
1402;16/06/1971;;0
1402;17/06/1971;;0
1402;18/06/1971;;0
1402;19/06/1971;;0
1402;20/06/1971;;0
1402;21/06/1971;;0
1402;22/06/1971;;0
1402;23/06/1971;;0
1402;24/06/1971;;0
1402;25/06/1971;;0
1402;26/06/1971;;0
1402;27/06/1971;;0
1402;28/06/1971;;0
1402;29/06/1971;;0
1402;30/06/1971;;0
1402;01/07/1971;;0
1402;02/07/1971;;0
1402;03/07/1971;;0
1402;04/07/1971;;0
1402;05/07/1971;;0
1402;06/07/1971;;0
1402;07/07/1971;;0
1402;08/07/1971;;0
1402;09/07/1971;;0
1402;10/07/1971;;0
1402;11/07/1971;;0
1402;12/07/1971;;0
1402;13/07/1971;;0
1402;14/07/1971;;0
1402;15/07/1971;;0
1402;16/07/1971;;0
1402;17/07/1971;;0
1402;18/07/1971;;0
1402;19/07/1971;;0
1402;20/07/1971;;0
1402;21/07/1971;;0
1402;22/07/1971;;0
1402;23/07/1971;;0
1402;24/07/1971;;0
1402;25/07/1971;;0
1402;26/07/1971;;0
1402;27/07/1971;;0
1402;28/07/1971;;0
1402;29/07/1971;;0
1402;30/07/1971;;0
1402;31/07/1971;;0
1402;01/08/1971;;0
1402;02/08/1971;;0
1402;03/08/1971;;0
1402;04/08/1971;;0
1402;05/08/1971;;0
1402;06/08/1971;;0
1402;07/08/1971;;0
1402;08/08/1971;;0
1402;09/08/1971;;0
1402;10/08/1971;;0
1402;11/08/1971;;0
1402;12/08/1971;;0
1402;13/08/1971;;0
1402;14/08/1971;;0
1402;15/08/1971;;0
1402;16/08/1971;;0
1402;17/08/1971;;0
1402;18/08/1971;;0
1402;19/08/1971;;0
1402;20/08/1971;;0
1402;21/08/1971;;0
1402;22/08/1971;;0
1402;23/08/1971;;0
1402;24/08/1971;;0
1402;25/08/1971;;0
1402;26/08/1971;;0
1402;27/08/1971;;0
1402;28/08/1971;;0
1402;29/08/1971;;0
1402;30/08/1971;;0
1402;31/08/1971;;0
1402;01/09/1971;;0
1402;02/09/1971;;0
1402;03/09/1971;;0
1402;04/09/1971;;0
1402;05/09/1971;;0
1402;06/09/1971;;0
1402;07/09/1971;;0
1402;08/09/1971;;0
1402;09/09/1971;;0
1402;10/09/1971;;0
1402;11/09/1971;;0
1402;12/09/1971;;0
1402;13/09/1971;;0
1402;14/09/1971;;0
1402;15/09/1971;;0
1402;16/09/1971;;0
1402;17/09/1971;;0
1402;18/09/1971;;0
1402;19/09/1971;;0
1402;20/09/1971;;0
1402;21/09/1971;;0
1402;22/09/1971;;0
1402;23/09/1971;;0
1402;24/09/1971;;0
1402;25/09/1971;;0
1402;26/09/1971;;0
1402;27/09/1971;;0
1402;28/09/1971;;0
1402;29/09/1971;;0
1402;30/09/1971;;0
1402;01/10/1971;;0
1402;02/10/1971;;0
1402;03/10/1971;;0
1402;04/10/1971;;0
1402;05/10/1971;;0
1402;06/10/1971;;0
1402;07/10/1971;;0
1402;08/10/1971;;0
1402;09/10/1971;;0
1402;10/10/1971;;0
1402;11/10/1971;;0
1402;12/10/1971;;0
1402;13/10/1971;;0
1402;14/10/1971;;0
1402;15/10/1971;;0
1402;16/10/1971;;0
1402;17/10/1971;;0
1402;18/10/1971;;0
1402;19/10/1971;;0
1402;20/10/1971;;0
1402;21/10/1971;;0
1402;22/10/1971;;0
1402;23/10/1971;;0
1402;24/10/1971;;0
1402;25/10/1971;;0
1402;26/10/1971;;0
1402;27/10/1971;;0
1402;28/10/1971;;0
1402;29/10/1971;;0
1402;30/10/1971;;0
1402;31/10/1971;;0
1402;01/11/1971;;0
1402;02/11/1971;;0
1402;03/11/1971;;0
1402;04/11/1971;;0
1402;05/11/1971;;0
1402;06/11/1971;;0
1402;07/11/1971;;0
1402;08/11/1971;;0
1402;09/11/1971;;0
1402;10/11/1971;;0
1402;11/11/1971;;0
1402;12/11/1971;;0
1402;13/11/1971;;0
1402;14/11/1971;;0
1402;15/11/1971;;0
1402;16/11/1971;;0
1402;17/11/1971;;0
1402;18/11/1971;;0
1402;19/11/1971;;0
1402;20/11/1971;;0
1402;21/11/1971;;0
1402;22/11/1971;;0
1402;23/11/1971;;0
1402;24/11/1971;;0
1402;25/11/1971;;0
1402;26/11/1971;;0
1402;27/11/1971;;0
1402;28/11/1971;;0
1402;29/11/1971;;0
1402;30/11/1971;;0
1402;01/12/1971;;0
1402;02/12/1971;;0
1402;03/12/1971;;0
1402;04/12/1971;;0
1402;05/12/1971;;0
1402;06/12/1971;;0
1402;07/12/1971;;0
1402;08/12/1971;;0
1402;09/12/1971;;0
1402;10/12/1971;;0
1402;11/12/1971;;0
1402;12/12/1971;;0
1402;13/12/1971;;0
1402;14/12/1971;;0
1402;15/12/1971;;0
1402;16/12/1971;;0
1402;17/12/1971;;0
1402;18/12/1971;;0
1402;19/12/1971;;0
1402;20/12/1971;;0
1402;21/12/1971;;0
1402;22/12/1971;;0
1402;23/12/1971;;0
1402;24/12/1971;;0
1402;25/12/1971;;0
1402;26/12/1971;;0
1402;27/12/1971;;0
1402;28/12/1971;;0
1402;29/12/1971;;0
1402;30/12/1971;;0
1402;31/12/1971;;0
1402;01/01/1972;;0
1402;02/01/1972;;0
1402;03/01/1972;;0
1402;04/01/1972;;0
1402;05/01/1972;;0
1402;06/01/1972;;0
1402;07/01/1972;;0
1402;08/01/1972;;0
1402;09/01/1972;;0
1402;10/01/1972;;0
1402;11/01/1972;;0
1402;12/01/1972;;0
1402;13/01/1972;;0
1402;14/01/1972;;0
1402;15/01/1972;;0
1402;16/01/1972;;0
1402;17/01/1972;;0
1402;18/01/1972;;0
1402;19/01/1972;;0
1402;20/01/1972;;0
1402;21/01/1972;;0
1402;22/01/1972;;0
1402;23/01/1972;;0
1402;24/01/1972;;0
1402;25/01/1972;;0
1402;26/01/1972;;0
1402;27/01/1972;;0
1402;28/01/1972;;0
1402;29/01/1972;;0
1402;30/01/1972;;0
1402;31/01/1972;;0
1402;01/02/1972;;0
1402;02/02/1972;;0
1402;03/02/1972;;0
1402;04/02/1972;;0
1402;05/02/1972;;0
1402;06/02/1972;;0
1402;07/02/1972;;0
1402;08/02/1972;;0
1402;09/02/1972;;0
1402;10/02/1972;;0
1402;11/02/1972;;0
1402;12/02/1972;;0
1402;13/02/1972;;0
1402;14/02/1972;;0
1402;15/02/1972;;0
1402;16/02/1972;;0
1402;17/02/1972;;0
1402;18/02/1972;;0
1402;19/02/1972;;0
1402;20/02/1972;;0
1402;21/02/1972;;0
1402;22/02/1972;;0
1402;23/02/1972;;0
1402;24/02/1972;;0
1402;25/02/1972;;0
1402;26/02/1972;;0
1402;27/02/1972;;0
1402;28/02/1972;;0
1402;29/02/1972;;0
1402;01/03/1972;;0
1402;02/03/1972;;0
1402;03/03/1972;;0
1402;04/03/1972;;0
1402;05/03/1972;;0
1402;06/03/1972;;0
1402;07/03/1972;;0
1402;08/03/1972;;0
1402;09/03/1972;;0
1402;10/03/1972;;0
1402;11/03/1972;;0
1402;12/03/1972;;0
1402;13/03/1972;;0
1402;14/03/1972;;0
1402;15/03/1972;;0
1402;16/03/1972;;0
1402;17/03/1972;;0
1402;18/03/1972;;0
1402;19/03/1972;;0
1402;20/03/1972;;0
1402;21/03/1972;;0
1402;22/03/1972;;0
1402;23/03/1972;;0
1402;24/03/1972;;0
1402;25/03/1972;;0
1402;26/03/1972;;0
1402;27/03/1972;;0
1402;28/03/1972;;0
1402;29/03/1972;;0
1402;30/03/1972;;0
1402;31/03/1972;;0
1402;01/04/1972;;0
1402;02/04/1972;;0
1402;03/04/1972;;0
1402;04/04/1972;;0
1402;05/04/1972;;0
1402;06/04/1972;;0
1402;07/04/1972;;0
1402;08/04/1972;;0
1402;09/04/1972;;0
1402;10/04/1972;;0
1402;11/04/1972;;0
1402;12/04/1972;;0
1402;13/04/1972;;0
1402;14/04/1972;;0
1402;15/04/1972;;0
1402;16/04/1972;;0
1402;17/04/1972;;0
1402;18/04/1972;;0
1402;19/04/1972;;0
1402;20/04/1972;;0
1402;21/04/1972;;0
1402;22/04/1972;;0
1402;23/04/1972;;0
1402;24/04/1972;;0
1402;25/04/1972;;0
1402;26/04/1972;;0
1402;27/04/1972;;0
1402;28/04/1972;;0
1402;29/04/1972;;0
1402;30/04/1972;;0
1402;01/05/1972;;0
1402;02/05/1972;;0
1402;03/05/1972;;0
1402;04/05/1972;;0
1402;05/05/1972;;0
1402;06/05/1972;;0
1402;07/05/1972;;0
1402;08/05/1972;;0
1402;09/05/1972;;0
1402;10/05/1972;;0
1402;11/05/1972;;0
1402;12/05/1972;;0
1402;13/05/1972;;0
1402;14/05/1972;;0
1402;15/05/1972;;0
1402;16/05/1972;;0
1402;17/05/1972;;0
1402;18/05/1972;;0
1402;19/05/1972;;0
1402;20/05/1972;;0
1402;21/05/1972;;0
1402;22/05/1972;;0
1402;23/05/1972;;0
1402;24/05/1972;;0
1402;25/05/1972;;0
1402;26/05/1972;;0
1402;27/05/1972;;0
1402;28/05/1972;;0
1402;29/05/1972;;0
1402;30/05/1972;;0
1402;31/05/1972;;0
1402;01/06/1972;;0
1402;02/06/1972;;0
1402;03/06/1972;;0
1402;04/06/1972;;0
1402;05/06/1972;;0
1402;06/06/1972;;0
1402;07/06/1972;;0
1402;08/06/1972;;0
1402;09/06/1972;;0
1402;10/06/1972;;0
1402;11/06/1972;;0
1402;12/06/1972;;0
1402;13/06/1972;;0
1402;14/06/1972;;0
1402;15/06/1972;;0
1402;16/06/1972;;0
1402;17/06/1972;;0
1402;18/06/1972;;0
1402;19/06/1972;;0
1402;20/06/1972;;0
1402;21/06/1972;;0
1402;22/06/1972;;0
1402;23/06/1972;;0
1402;24/06/1972;;0
1402;25/06/1972;;0
1402;26/06/1972;;0
1402;27/06/1972;;0
1402;28/06/1972;;0
1402;29/06/1972;;0
1402;30/06/1972;;0
1402;01/07/1972;;0
1402;02/07/1972;;0
1402;03/07/1972;;0
1402;04/07/1972;;0
1402;05/07/1972;;0
1402;06/07/1972;;0
1402;07/07/1972;;0
1402;08/07/1972;;0
1402;09/07/1972;;0
1402;10/07/1972;;0
1402;11/07/1972;;0
1402;12/07/1972;;0
1402;13/07/1972;;0
1402;14/07/1972;;0
1402;15/07/1972;;0
1402;16/07/1972;;0
1402;17/07/1972;;0
1402;18/07/1972;;0
1402;19/07/1972;;0
1402;20/07/1972;;0
1402;21/07/1972;;0
1402;22/07/1972;;0
1402;23/07/1972;;0
1402;24/07/1972;;0
1402;25/07/1972;;0
1402;26/07/1972;;0
1402;27/07/1972;;0
1402;28/07/1972;;0
1402;29/07/1972;;0
1402;30/07/1972;;0
1402;31/07/1972;;0
1402;01/08/1972;;0
1402;02/08/1972;;0
1402;03/08/1972;;0
1402;04/08/1972;;0
1402;05/08/1972;;0
1402;06/08/1972;;0
1402;07/08/1972;;0
1402;08/08/1972;;0
1402;09/08/1972;;0
1402;10/08/1972;;0
1402;11/08/1972;;0
1402;12/08/1972;;0
1402;13/08/1972;;0
1402;14/08/1972;;0
1402;15/08/1972;;0
1402;16/08/1972;;0
1402;17/08/1972;;0
1402;18/08/1972;;0
1402;19/08/1972;;0
1402;20/08/1972;;0
1402;21/08/1972;;0
1402;22/08/1972;;0
1402;23/08/1972;;0
1402;24/08/1972;;0
1402;25/08/1972;;0
1402;26/08/1972;;0
1402;27/08/1972;;0
1402;28/08/1972;;0
1402;29/08/1972;;0
1402;30/08/1972;;0
1402;31/08/1972;;0
1402;01/09/1972;;0
1402;02/09/1972;;0
1402;03/09/1972;;0
1402;04/09/1972;;0
1402;05/09/1972;;0
1402;06/09/1972;;0
1402;07/09/1972;;0
1402;08/09/1972;;0
1402;09/09/1972;;0
1402;10/09/1972;;0
1402;11/09/1972;;0
1402;12/09/1972;;0
1402;13/09/1972;;0
1402;14/09/1972;;0
1402;15/09/1972;;0
1402;16/09/1972;;0
1402;17/09/1972;;0
1402;18/09/1972;;0
1402;19/09/1972;;0
1402;20/09/1972;;0
1402;21/09/1972;;0
1402;22/09/1972;;0
1402;23/09/1972;;0
1402;24/09/1972;;0
1402;25/09/1972;;0
1402;26/09/1972;;0
1402;27/09/1972;;0
1402;28/09/1972;;0
1402;29/09/1972;;0
1402;30/09/1972;;0
1402;01/10/1972;;0
1402;02/10/1972;;0
1402;03/10/1972;;0
1402;04/10/1972;;0
1402;05/10/1972;;0
1402;06/10/1972;;0
1402;07/10/1972;;0
1402;08/10/1972;;0
1402;09/10/1972;;0
1402;10/10/1972;;0
1402;11/10/1972;;0
1402;12/10/1972;;0
1402;13/10/1972;;0
1402;14/10/1972;;0
1402;15/10/1972;;0
1402;16/10/1972;;0
1402;17/10/1972;;0
1402;18/10/1972;;0
1402;19/10/1972;;0
1402;20/10/1972;;0
1402;21/10/1972;;0
1402;22/10/1972;;0
1402;23/10/1972;;0
1402;24/10/1972;;0
1402;25/10/1972;;0
1402;26/10/1972;;0
1402;27/10/1972;;0
1402;28/10/1972;;0
1402;29/10/1972;;0
1402;30/10/1972;;0
1402;31/10/1972;;0
1402;01/11/1972;;0
1402;02/11/1972;;0
1402;03/11/1972;;0
1402;04/11/1972;;0
1402;05/11/1972;;0
1402;06/11/1972;;0
1402;07/11/1972;;0
1402;08/11/1972;;0
1402;09/11/1972;;0
1402;10/11/1972;;0
1402;11/11/1972;;0
1402;12/11/1972;;0
1402;13/11/1972;;0
1402;14/11/1972;;0
1402;15/11/1972;;0
1402;16/11/1972;;0
1402;17/11/1972;;0
1402;18/11/1972;;0
1402;19/11/1972;;0
1402;20/11/1972;;0
1402;21/11/1972;;0
1402;22/11/1972;;0
1402;23/11/1972;;0
1402;24/11/1972;;0
1402;25/11/1972;;0
1402;26/11/1972;;0
1402;27/11/1972;;0
1402;28/11/1972;;0
1402;29/11/1972;;0
1402;30/11/1972;;0
1402;01/12/1972;;0
1402;02/12/1972;;0
1402;03/12/1972;;0
1402;04/12/1972;;0
1402;05/12/1972;;0
1402;06/12/1972;;0
1402;07/12/1972;;0
1402;08/12/1972;;0
1402;09/12/1972;;0
1402;10/12/1972;;0
1402;11/12/1972;;0
1402;12/12/1972;;0
1402;13/12/1972;;0
1402;14/12/1972;;0
1402;15/12/1972;;0
1402;16/12/1972;;0
1402;17/12/1972;;0
1402;18/12/1972;;0
1402;19/12/1972;;0
1402;20/12/1972;;0
1402;21/12/1972;;0
1402;22/12/1972;;0
1402;23/12/1972;;0
1402;24/12/1972;;0
1402;25/12/1972;;0
1402;26/12/1972;;0
1402;27/12/1972;;0
1402;28/12/1972;;0
1402;29/12/1972;;0
1402;30/12/1972;;0
1402;31/12/1972;;0
1402;01/01/1973;;0
1402;02/01/1973;;0
1402;03/01/1973;;0
1402;04/01/1973;;0
1402;05/01/1973;;0
1402;06/01/1973;;0
1402;07/01/1973;;0
1402;08/01/1973;;0
1402;09/01/1973;;0
1402;10/01/1973;;0
1402;11/01/1973;;0
1402;12/01/1973;;0
1402;13/01/1973;;0
1402;14/01/1973;;0
1402;15/01/1973;;0
1402;16/01/1973;;0
1402;17/01/1973;;0
1402;18/01/1973;;0
1402;19/01/1973;;0
1402;20/01/1973;;0
1402;21/01/1973;;0
1402;22/01/1973;;0
1402;23/01/1973;;0
1402;24/01/1973;;0
1402;25/01/1973;;0
1402;26/01/1973;;0
1402;27/01/1973;;0
1402;28/01/1973;;0
1402;29/01/1973;;0
1402;30/01/1973;;0
1402;31/01/1973;;0
1402;01/02/1973;;0
1402;02/02/1973;;0
1402;03/02/1973;;0
1402;04/02/1973;;0
1402;05/02/1973;;0
1402;06/02/1973;;0
1402;07/02/1973;;0
1402;08/02/1973;;0
1402;09/02/1973;;0
1402;10/02/1973;;0
1402;11/02/1973;;0
1402;12/02/1973;;0
1402;13/02/1973;;0
1402;14/02/1973;;0
1402;15/02/1973;;0
1402;16/02/1973;;0
1402;17/02/1973;;0
1402;18/02/1973;;0
1402;19/02/1973;;0
1402;20/02/1973;;0
1402;21/02/1973;;0
1402;22/02/1973;;0
1402;23/02/1973;;0
1402;24/02/1973;;0
1402;25/02/1973;;0
1402;26/02/1973;;0
1402;27/02/1973;;0
1402;28/02/1973;;0
1402;01/03/1973;;0
1402;02/03/1973;;0
1402;03/03/1973;;0
1402;04/03/1973;;0
1402;05/03/1973;;0
1402;06/03/1973;;0
1402;07/03/1973;;0
1402;08/03/1973;;0
1402;09/03/1973;;0
1402;10/03/1973;;0
1402;11/03/1973;;0
1402;12/03/1973;;0
1402;13/03/1973;;0
1402;14/03/1973;;0
1402;15/03/1973;;0
1402;16/03/1973;;0
1402;17/03/1973;;0
1402;18/03/1973;;0
1402;19/03/1973;;0
1402;20/03/1973;;0
1402;21/03/1973;;0
1402;22/03/1973;;0
1402;23/03/1973;;0
1402;24/03/1973;;0
1402;25/03/1973;;0
1402;26/03/1973;;0
1402;27/03/1973;;0
1402;28/03/1973;;0
1402;29/03/1973;;0
1402;30/03/1973;;0
1402;31/03/1973;;0
1402;01/04/1973;;0
1402;02/04/1973;;0
1402;03/04/1973;;0
1402;04/04/1973;;0
1402;05/04/1973;;0
1402;06/04/1973;;0
1402;07/04/1973;;0
1402;08/04/1973;;0
1402;09/04/1973;;0
1402;10/04/1973;;0
1402;11/04/1973;;0
1402;12/04/1973;;0
1402;13/04/1973;;0
1402;14/04/1973;;0
1402;15/04/1973;;0
1402;16/04/1973;;0
1402;17/04/1973;;0
1402;18/04/1973;;0
1402;19/04/1973;;0
1402;20/04/1973;;0
1402;21/04/1973;;0
1402;22/04/1973;;0
1402;23/04/1973;;0
1402;24/04/1973;;0
1402;25/04/1973;;0
1402;26/04/1973;;0
1402;27/04/1973;;0
1402;28/04/1973;;0
1402;29/04/1973;;0
1402;30/04/1973;;0
1402;01/05/1973;;0
1402;02/05/1973;;0
1402;03/05/1973;;0
1402;04/05/1973;;0
1402;05/05/1973;;0
1402;06/05/1973;;0
1402;07/05/1973;;0
1402;08/05/1973;;0
1402;09/05/1973;;0
1402;10/05/1973;;0
1402;11/05/1973;;0
1402;12/05/1973;;0
1402;13/05/1973;;0
1402;14/05/1973;;0
1402;15/05/1973;;0
1402;16/05/1973;;0
1402;17/05/1973;;0
1402;18/05/1973;;0
1402;19/05/1973;;0
1402;20/05/1973;;0
1402;21/05/1973;;0
1402;22/05/1973;;0
1402;23/05/1973;;0
1402;24/05/1973;;0
1402;25/05/1973;;0
1402;26/05/1973;;0
1402;27/05/1973;;0
1402;28/05/1973;;0
1402;29/05/1973;;0
1402;30/05/1973;;0
1402;31/05/1973;;0
1402;01/06/1973;;0
1402;02/06/1973;;0
1402;03/06/1973;;0
1402;04/06/1973;;0
1402;05/06/1973;;0
1402;06/06/1973;;0
1402;07/06/1973;;0
1402;08/06/1973;;0
1402;09/06/1973;;0
1402;10/06/1973;;0
1402;11/06/1973;;0
1402;12/06/1973;;0
1402;13/06/1973;;0
1402;14/06/1973;;0
1402;15/06/1973;;0
1402;16/06/1973;;0
1402;17/06/1973;;0
1402;18/06/1973;;0
1402;19/06/1973;;0
1402;20/06/1973;;0
1402;21/06/1973;;0
1402;22/06/1973;;0
1402;23/06/1973;;0
1402;24/06/1973;;0
1402;25/06/1973;;0
1402;26/06/1973;;0
1402;27/06/1973;;0
1402;28/06/1973;;0
1402;29/06/1973;;0
1402;30/06/1973;;0
1402;01/07/1973;;0
1402;02/07/1973;;0
1402;03/07/1973;;0
1402;04/07/1973;;0
1402;05/07/1973;;0
1402;06/07/1973;;0
1402;07/07/1973;;0
1402;08/07/1973;;0
1402;09/07/1973;;0
1402;10/07/1973;;0
1402;11/07/1973;;0
1402;12/07/1973;;0
1402;13/07/1973;;0
1402;14/07/1973;;0
1402;15/07/1973;;0
1402;16/07/1973;;0
1402;17/07/1973;;0
1402;18/07/1973;;0
1402;19/07/1973;;0
1402;20/07/1973;;0
1402;21/07/1973;;0
1402;22/07/1973;;0
1402;23/07/1973;;0
1402;24/07/1973;;0
1402;25/07/1973;;0
1402;26/07/1973;;0
1402;27/07/1973;;0
1402;28/07/1973;;0
1402;29/07/1973;;0
1402;30/07/1973;;0
1402;31/07/1973;;0
1402;01/08/1973;;0
1402;02/08/1973;;0
1402;03/08/1973;;0
1402;04/08/1973;;0
1402;05/08/1973;;0
1402;06/08/1973;;0
1402;07/08/1973;;0
1402;08/08/1973;;0
1402;09/08/1973;;0
1402;10/08/1973;;0
1402;11/08/1973;;0
1402;12/08/1973;;0
1402;13/08/1973;;0
1402;14/08/1973;;0
1402;15/08/1973;;0
1402;16/08/1973;;0
1402;17/08/1973;;0
1402;18/08/1973;;0
1402;19/08/1973;;0
1402;20/08/1973;;0
1402;21/08/1973;;0
1402;22/08/1973;;0
1402;23/08/1973;;0
1402;24/08/1973;;0
1402;25/08/1973;;0
1402;26/08/1973;;0
1402;27/08/1973;;0
1402;28/08/1973;;0
1402;29/08/1973;;0
1402;30/08/1973;;0
1402;31/08/1973;;0
1402;01/09/1973;;0
1402;02/09/1973;;0
1402;03/09/1973;;0
1402;04/09/1973;;0
1402;05/09/1973;;0
1402;06/09/1973;;0
1402;07/09/1973;;0
1402;08/09/1973;;0
1402;09/09/1973;;0
1402;10/09/1973;;0
1402;11/09/1973;;0
1402;12/09/1973;;0
1402;13/09/1973;;0
1402;14/09/1973;;0
1402;15/09/1973;;0
1402;16/09/1973;;0
1402;17/09/1973;;0
1402;18/09/1973;;0
1402;19/09/1973;;0
1402;20/09/1973;;0
1402;21/09/1973;;0
1402;22/09/1973;;0
1402;23/09/1973;;0
1402;24/09/1973;;0
1402;25/09/1973;;0
1402;26/09/1973;;0
1402;27/09/1973;;0
1402;28/09/1973;;0
1402;29/09/1973;;0
1402;30/09/1973;;0
1402;01/10/1973;;0
1402;02/10/1973;;0
1402;03/10/1973;;0
1402;04/10/1973;;0
1402;05/10/1973;;0
1402;06/10/1973;;0
1402;07/10/1973;;0
1402;08/10/1973;;0
1402;09/10/1973;;0
1402;10/10/1973;;0
1402;11/10/1973;;0
1402;12/10/1973;;0
1402;13/10/1973;;0
1402;14/10/1973;;0
1402;15/10/1973;;0
1402;16/10/1973;;0
1402;17/10/1973;;0
1402;18/10/1973;;0
1402;19/10/1973;;0
1402;20/10/1973;;0
1402;21/10/1973;;0
1402;22/10/1973;;0
1402;23/10/1973;;0
1402;24/10/1973;;0
1402;25/10/1973;;0
1402;26/10/1973;;0
1402;27/10/1973;;0
1402;28/10/1973;;0
1402;29/10/1973;;0
1402;30/10/1973;;0
1402;31/10/1973;;0
1402;01/11/1973;;0
1402;02/11/1973;;0
1402;03/11/1973;;0
1402;04/11/1973;;0
1402;05/11/1973;;0
1402;06/11/1973;;0
1402;07/11/1973;;0
1402;08/11/1973;;0
1402;09/11/1973;;0
1402;10/11/1973;;0
1402;11/11/1973;;0
1402;12/11/1973;;0
1402;13/11/1973;;0
1402;14/11/1973;;0
1402;15/11/1973;;0
1402;16/11/1973;;0
1402;17/11/1973;;0
1402;18/11/1973;;0
1402;19/11/1973;;0
1402;20/11/1973;;0
1402;21/11/1973;;0
1402;22/11/1973;;0
1402;23/11/1973;;0
1402;24/11/1973;;0
1402;25/11/1973;;0
1402;26/11/1973;;0
1402;27/11/1973;;0
1402;28/11/1973;;0
1402;29/11/1973;;0
1402;30/11/1973;;0
1402;01/12/1973;;0
1402;02/12/1973;;0
1402;03/12/1973;;0
1402;04/12/1973;;0
1402;05/12/1973;;0
1402;06/12/1973;;0
1402;07/12/1973;;0
1402;08/12/1973;;0
1402;09/12/1973;;0
1402;10/12/1973;;0
1402;11/12/1973;;0
1402;12/12/1973;;0
1402;13/12/1973;;0
1402;14/12/1973;;0
1402;15/12/1973;;0
1402;16/12/1973;;0
1402;17/12/1973;;0
1402;18/12/1973;;0
1402;19/12/1973;;0
1402;20/12/1973;;0
1402;21/12/1973;;0
1402;22/12/1973;;0
1402;23/12/1973;;0
1402;24/12/1973;;0
1402;25/12/1973;;0
1402;26/12/1973;;0
1402;27/12/1973;;0
1402;28/12/1973;;0
1402;29/12/1973;;0
1402;30/12/1973;;0
1402;31/12/1973;;0
1402;01/01/1974;;0
1402;02/01/1974;;0
1402;03/01/1974;;0
1402;04/01/1974;;0
1402;05/01/1974;;0
1402;06/01/1974;;0
1402;07/01/1974;;0
1402;08/01/1974;;0
1402;09/01/1974;;0
1402;10/01/1974;;0
1402;11/01/1974;;0
1402;12/01/1974;;0
1402;13/01/1974;;0
1402;14/01/1974;;0
1402;15/01/1974;;0
1402;16/01/1974;;0
1402;17/01/1974;;0
1402;18/01/1974;;0
1402;19/01/1974;;0
1402;20/01/1974;;0
1402;21/01/1974;;0
1402;22/01/1974;;0
1402;23/01/1974;;0
1402;24/01/1974;;0
1402;25/01/1974;;0
1402;26/01/1974;;0
1402;27/01/1974;;0
1402;28/01/1974;;0
1402;29/01/1974;;0
1402;30/01/1974;;0
1402;31/01/1974;;0
1402;01/02/1974;;0
1402;02/02/1974;;0
1402;03/02/1974;;0
1402;04/02/1974;;0
1402;05/02/1974;;0
1402;06/02/1974;;0
1402;07/02/1974;;0
1402;08/02/1974;;0
1402;09/02/1974;;0
1402;10/02/1974;;0
1402;11/02/1974;;0
1402;12/02/1974;;0
1402;13/02/1974;;0
1402;14/02/1974;;0
1402;15/02/1974;;0
1402;16/02/1974;;0
1402;17/02/1974;;0
1402;18/02/1974;;0
1402;19/02/1974;;0
1402;20/02/1974;;0
1402;21/02/1974;;0
1402;22/02/1974;;0
1402;23/02/1974;;0
1402;24/02/1974;;0
1402;25/02/1974;;0
1402;26/02/1974;;0
1402;27/02/1974;;0
1402;28/02/1974;;0
1402;01/03/1974;;0
1402;02/03/1974;;0
1402;03/03/1974;;0
1402;04/03/1974;;0
1402;05/03/1974;;0
1402;06/03/1974;;0
1402;07/03/1974;;0
1402;08/03/1974;;0
1402;09/03/1974;;0
1402;10/03/1974;;0
1402;11/03/1974;;0
1402;12/03/1974;;0
1402;13/03/1974;;0
1402;14/03/1974;;0
1402;15/03/1974;;0
1402;16/03/1974;;0
1402;17/03/1974;;0
1402;18/03/1974;;0
1402;19/03/1974;;0
1402;20/03/1974;;0
1402;21/03/1974;;0
1402;22/03/1974;;0
1402;23/03/1974;;0
1402;24/03/1974;;0
1402;25/03/1974;;0
1402;26/03/1974;;0
1402;27/03/1974;;0
1402;28/03/1974;;0
1402;29/03/1974;;0
1402;30/03/1974;;0
1402;31/03/1974;;0
1402;01/04/1974;;0
1402;02/04/1974;;0
1402;03/04/1974;;0
1402;04/04/1974;;0
1402;05/04/1974;;0
1402;06/04/1974;;0
1402;07/04/1974;;0
1402;08/04/1974;;0
1402;09/04/1974;;0
1402;10/04/1974;;0
1402;11/04/1974;;0
1402;12/04/1974;;0
1402;13/04/1974;;0
1402;14/04/1974;;0
1402;15/04/1974;;0
1402;16/04/1974;;0
1402;17/04/1974;;0
1402;18/04/1974;;0
1402;19/04/1974;;0
1402;20/04/1974;;0
1402;21/04/1974;;0
1402;22/04/1974;;0
1402;23/04/1974;;0
1402;24/04/1974;;0
1402;25/04/1974;;0
1402;26/04/1974;;0
1402;27/04/1974;;0
1402;28/04/1974;;0
1402;29/04/1974;;0
1402;30/04/1974;;0
1402;01/05/1974;;0
1402;02/05/1974;;0
1402;03/05/1974;;0
1402;04/05/1974;;0
1402;05/05/1974;;0
1402;06/05/1974;;0
1402;07/05/1974;;0
1402;08/05/1974;;0
1402;09/05/1974;;0
1402;10/05/1974;;0
1402;11/05/1974;;0
1402;12/05/1974;;0
1402;13/05/1974;;0
1402;14/05/1974;;0
1402;15/05/1974;;0
1402;16/05/1974;;0
1402;17/05/1974;;0
1402;18/05/1974;;0
1402;19/05/1974;;0
1402;20/05/1974;;0
1402;21/05/1974;;0
1402;22/05/1974;;0
1402;23/05/1974;;0
1402;24/05/1974;;0
1402;25/05/1974;;0
1402;26/05/1974;;0
1402;27/05/1974;;0
1402;28/05/1974;;0
1402;29/05/1974;;0
1402;30/05/1974;;0
1402;31/05/1974;;0
1402;01/06/1974;;0
1402;02/06/1974;;0
1402;03/06/1974;;0
1402;04/06/1974;;0
1402;05/06/1974;;0
1402;06/06/1974;;0
1402;07/06/1974;;0
1402;08/06/1974;;0
1402;09/06/1974;;0
1402;10/06/1974;;0
1402;11/06/1974;;0
1402;12/06/1974;;0
1402;13/06/1974;;0
1402;14/06/1974;;0
1402;15/06/1974;;0
1402;16/06/1974;;0
1402;17/06/1974;;0
1402;18/06/1974;;0
1402;19/06/1974;;0
1402;20/06/1974;;0
1402;21/06/1974;;0
1402;22/06/1974;;0
1402;23/06/1974;;0
1402;24/06/1974;;0
1402;25/06/1974;;0
1402;26/06/1974;;0
1402;27/06/1974;;0
1402;28/06/1974;;0
1402;29/06/1974;;0
1402;30/06/1974;;0
1402;01/07/1974;;0
1402;02/07/1974;;0
1402;03/07/1974;;0
1402;04/07/1974;;0
1402;05/07/1974;;0
1402;06/07/1974;;0
1402;07/07/1974;;0
1402;08/07/1974;;0
1402;09/07/1974;;0
1402;10/07/1974;;0
1402;11/07/1974;;0
1402;12/07/1974;;0
1402;13/07/1974;;0
1402;14/07/1974;;0
1402;15/07/1974;;0
1402;16/07/1974;;0
1402;17/07/1974;;0
1402;18/07/1974;;0
1402;19/07/1974;;0
1402;20/07/1974;;0
1402;21/07/1974;;0
1402;22/07/1974;;0
1402;23/07/1974;;0
1402;24/07/1974;;0
1402;25/07/1974;;0
1402;26/07/1974;;0
1402;27/07/1974;;0
1402;28/07/1974;;0
1402;29/07/1974;;0
1402;30/07/1974;;0
1402;31/07/1974;;0
1402;01/08/1974;;0
1402;02/08/1974;;0
1402;03/08/1974;;0
1402;04/08/1974;;0
1402;05/08/1974;;0
1402;06/08/1974;;0
1402;07/08/1974;;0
1402;08/08/1974;;0
1402;09/08/1974;;0
1402;10/08/1974;;0
1402;11/08/1974;;0
1402;12/08/1974;;0
1402;13/08/1974;;0
1402;14/08/1974;;0
1402;15/08/1974;;0
1402;16/08/1974;;0
1402;17/08/1974;;0
1402;18/08/1974;;0
1402;19/08/1974;;0
1402;20/08/1974;;0
1402;21/08/1974;;0
1402;22/08/1974;;0
1402;23/08/1974;;0
1402;24/08/1974;;0
1402;25/08/1974;;0
1402;26/08/1974;;0
1402;27/08/1974;;0
1402;28/08/1974;;0
1402;29/08/1974;;0
1402;30/08/1974;;0
1402;31/08/1974;;0
1402;01/09/1974;;0
1402;02/09/1974;;0
1402;03/09/1974;;0
1402;04/09/1974;;0
1402;05/09/1974;;0
1402;06/09/1974;;0
1402;07/09/1974;;0
1402;08/09/1974;;0
1402;09/09/1974;;0
1402;10/09/1974;;0
1402;11/09/1974;;0
1402;12/09/1974;;0
1402;13/09/1974;;0
1402;14/09/1974;;0
1402;15/09/1974;;0
1402;16/09/1974;;0
1402;17/09/1974;;0
1402;18/09/1974;;0
1402;19/09/1974;;0
1402;20/09/1974;;0
1402;21/09/1974;;0
1402;22/09/1974;;0
1402;23/09/1974;;0
1402;24/09/1974;;0
1402;25/09/1974;;0
1402;26/09/1974;;0
1402;27/09/1974;;0
1402;28/09/1974;;0
1402;29/09/1974;;0
1402;30/09/1974;;0
1402;01/10/1974;;0
1402;02/10/1974;;0
1402;03/10/1974;;0
1402;04/10/1974;;0
1402;05/10/1974;;0
1402;06/10/1974;;0
1402;07/10/1974;;0
1402;08/10/1974;;0
1402;09/10/1974;;0
1402;10/10/1974;;0
1402;11/10/1974;;0
1402;12/10/1974;;0
1402;13/10/1974;;0
1402;14/10/1974;;0
1402;15/10/1974;;0
1402;16/10/1974;;0
1402;17/10/1974;;0
1402;18/10/1974;;0
1402;19/10/1974;;0
1402;20/10/1974;;0
1402;21/10/1974;;0
1402;22/10/1974;;0
1402;23/10/1974;;0
1402;24/10/1974;;0
1402;25/10/1974;;0
1402;26/10/1974;;0
1402;27/10/1974;;0
1402;28/10/1974;;0
1402;29/10/1974;;0
1402;30/10/1974;;0
1402;31/10/1974;;0
1402;01/11/1974;;0
1402;02/11/1974;;0
1402;03/11/1974;;0
1402;04/11/1974;;0
1402;05/11/1974;;0
1402;06/11/1974;;0
1402;07/11/1974;;0
1402;08/11/1974;;0
1402;09/11/1974;;0
1402;10/11/1974;;0
1402;11/11/1974;;0
1402;12/11/1974;;0
1402;13/11/1974;;0
1402;14/11/1974;;0
1402;15/11/1974;;0
1402;16/11/1974;;0
1402;17/11/1974;;0
1402;18/11/1974;;0
1402;19/11/1974;;0
1402;20/11/1974;;0
1402;21/11/1974;;0
1402;22/11/1974;;0
1402;23/11/1974;;0
1402;24/11/1974;;0
1402;25/11/1974;;0
1402;26/11/1974;;0
1402;27/11/1974;;0
1402;28/11/1974;;0
1402;29/11/1974;;0
1402;30/11/1974;;0
1402;01/12/1974;;0
1402;02/12/1974;;0
1402;03/12/1974;;0
1402;04/12/1974;;0
1402;05/12/1974;;0
1402;06/12/1974;;0
1402;07/12/1974;;0
1402;08/12/1974;;0
1402;09/12/1974;;0
1402;10/12/1974;;0
1402;11/12/1974;;0
1402;12/12/1974;;0
1402;13/12/1974;;0
1402;14/12/1974;;0
1402;15/12/1974;;0
1402;16/12/1974;;0
1402;17/12/1974;;0
1402;18/12/1974;;0
1402;19/12/1974;;0
1402;20/12/1974;;0
1402;21/12/1974;;0
1402;22/12/1974;;0
1402;23/12/1974;;0
1402;24/12/1974;;0
1402;25/12/1974;;0
1402;26/12/1974;;0
1402;27/12/1974;;0
1402;28/12/1974;;0
1402;29/12/1974;;0
1402;30/12/1974;;0
1402;31/12/1974;;0
1402;01/01/1975;;0
1402;02/01/1975;;0
1402;03/01/1975;;0
1402;04/01/1975;;0
1402;05/01/1975;;0
1402;06/01/1975;;0
1402;07/01/1975;;0
1402;08/01/1975;;0
1402;09/01/1975;;0
1402;10/01/1975;;0
1402;11/01/1975;;0
1402;12/01/1975;;0
1402;13/01/1975;;0
1402;14/01/1975;;0
1402;15/01/1975;;0
1402;16/01/1975;;0
1402;17/01/1975;;0
1402;18/01/1975;;0
1402;19/01/1975;;0
1402;20/01/1975;;0
1402;21/01/1975;;0
1402;22/01/1975;;0
1402;23/01/1975;;0
1402;24/01/1975;;0
1402;25/01/1975;;0
1402;26/01/1975;;0
1402;27/01/1975;;0
1402;28/01/1975;;0
1402;29/01/1975;;0
1402;30/01/1975;;0
1402;31/01/1975;;0
1402;01/02/1975;;0
1402;02/02/1975;;0
1402;03/02/1975;;0
1402;04/02/1975;;0
1402;05/02/1975;;0
1402;06/02/1975;;0
1402;07/02/1975;;0
1402;08/02/1975;;0
1402;09/02/1975;;0
1402;10/02/1975;;0
1402;11/02/1975;;0
1402;12/02/1975;;0
1402;13/02/1975;;0
1402;14/02/1975;;0
1402;15/02/1975;;0
1402;16/02/1975;;0
1402;17/02/1975;;0
1402;18/02/1975;;0
1402;19/02/1975;;0
1402;20/02/1975;;0
1402;21/02/1975;;0
1402;22/02/1975;;0
1402;23/02/1975;;0
1402;24/02/1975;;0
1402;25/02/1975;;0
1402;26/02/1975;;0
1402;27/02/1975;;0
1402;28/02/1975;;0
1402;01/03/1975;;0
1402;02/03/1975;;0
1402;03/03/1975;;0
1402;04/03/1975;;0
1402;05/03/1975;;0
1402;06/03/1975;;0
1402;07/03/1975;;0
1402;08/03/1975;;0
1402;09/03/1975;;0
1402;10/03/1975;;0
1402;11/03/1975;;0
1402;12/03/1975;;0
1402;13/03/1975;;0
1402;14/03/1975;;0
1402;15/03/1975;;0
1402;16/03/1975;;0
1402;17/03/1975;;0
1402;18/03/1975;;0
1402;19/03/1975;;0
1402;20/03/1975;;0
1402;21/03/1975;;0
1402;22/03/1975;;0
1402;23/03/1975;;0
1402;24/03/1975;;0
1402;25/03/1975;;0
1402;26/03/1975;;0
1402;27/03/1975;;0
1402;28/03/1975;;0
1402;29/03/1975;;0
1402;30/03/1975;;0
1402;31/03/1975;;0
1402;01/04/1975;;0
1402;02/04/1975;;0
1402;03/04/1975;;0
1402;04/04/1975;;0
1402;05/04/1975;;0
1402;06/04/1975;;0
1402;07/04/1975;;0
1402;08/04/1975;;0
1402;09/04/1975;;0
1402;10/04/1975;;0
1402;11/04/1975;;0
1402;12/04/1975;;0
1402;13/04/1975;;0
1402;14/04/1975;;0
1402;15/04/1975;;0
1402;16/04/1975;;0
1402;17/04/1975;;0
1402;18/04/1975;;0
1402;19/04/1975;;0
1402;20/04/1975;;0
1402;21/04/1975;;0
1402;22/04/1975;;0
1402;23/04/1975;;0
1402;24/04/1975;;0
1402;25/04/1975;;0
1402;26/04/1975;;0
1402;27/04/1975;;0
1402;28/04/1975;;0
1402;29/04/1975;;0
1402;30/04/1975;;0
1402;01/05/1975;;0
1402;02/05/1975;;0
1402;03/05/1975;;0
1402;04/05/1975;;0
1402;05/05/1975;;0
1402;06/05/1975;;0
1402;07/05/1975;;0
1402;08/05/1975;;0
1402;09/05/1975;;0
1402;10/05/1975;;0
1402;11/05/1975;;0
1402;12/05/1975;;0
1402;13/05/1975;;0
1402;14/05/1975;;0
1402;15/05/1975;;0
1402;16/05/1975;;0
1402;17/05/1975;;0
1402;18/05/1975;;0
1402;19/05/1975;;0
1402;20/05/1975;;0
1402;21/05/1975;;0
1402;22/05/1975;;0
1402;23/05/1975;;0
1402;24/05/1975;;0
1402;25/05/1975;;0
1402;26/05/1975;;0
1402;27/05/1975;;0
1402;28/05/1975;;0
1402;29/05/1975;;0
1402;30/05/1975;;0
1402;31/05/1975;;0
1402;01/06/1975;;0
1402;02/06/1975;;0
1402;03/06/1975;;0
1402;04/06/1975;;0
1402;05/06/1975;;0
1402;06/06/1975;;0
1402;07/06/1975;;0
1402;08/06/1975;;0
1402;09/06/1975;;0
1402;10/06/1975;;0
1402;11/06/1975;;0
1402;12/06/1975;;0
1402;13/06/1975;;0
1402;14/06/1975;;0
1402;15/06/1975;;0
1402;16/06/1975;;0
1402;17/06/1975;;0
1402;18/06/1975;;0
1402;19/06/1975;;0
1402;20/06/1975;;0
1402;21/06/1975;;0
1402;22/06/1975;;0
1402;23/06/1975;;0
1402;24/06/1975;;0
1402;25/06/1975;;0
1402;26/06/1975;;0
1402;27/06/1975;;0
1402;28/06/1975;;0
1402;29/06/1975;;0
1402;30/06/1975;;0
1402;01/07/1975;;0
1402;02/07/1975;;0
1402;03/07/1975;;0
1402;04/07/1975;;0
1402;05/07/1975;;0
1402;06/07/1975;;0
1402;07/07/1975;;0
1402;08/07/1975;;0
1402;09/07/1975;;0
1402;10/07/1975;;0
1402;11/07/1975;;0
1402;12/07/1975;;0
1402;13/07/1975;;0
1402;14/07/1975;;0
1402;15/07/1975;;0
1402;16/07/1975;;0
1402;17/07/1975;;0
1402;18/07/1975;;0
1402;19/07/1975;;0
1402;20/07/1975;;0
1402;21/07/1975;;0
1402;22/07/1975;;0
1402;23/07/1975;;0
1402;24/07/1975;;0
1402;25/07/1975;;0
1402;26/07/1975;;0
1402;27/07/1975;;0
1402;28/07/1975;;0
1402;29/07/1975;;0
1402;30/07/1975;;0
1402;31/07/1975;;0
1402;01/08/1975;;0
1402;02/08/1975;;0
1402;03/08/1975;;0
1402;04/08/1975;;0
1402;05/08/1975;;0
1402;06/08/1975;;0
1402;07/08/1975;;0
1402;08/08/1975;;0
1402;09/08/1975;;0
1402;10/08/1975;;0
1402;11/08/1975;;0
1402;12/08/1975;;0
1402;13/08/1975;;0
1402;14/08/1975;;0
1402;15/08/1975;;0
1402;16/08/1975;;0
1402;17/08/1975;;0
1402;18/08/1975;;0
1402;19/08/1975;;0
1402;20/08/1975;;0
1402;21/08/1975;;0
1402;22/08/1975;;0
1402;23/08/1975;;0
1402;24/08/1975;;0
1402;25/08/1975;;0
1402;26/08/1975;;0
1402;27/08/1975;;0
1402;28/08/1975;;0
1402;29/08/1975;;0
1402;30/08/1975;;0
1402;31/08/1975;;0
1402;01/09/1975;;0
1402;02/09/1975;;0
1402;03/09/1975;;0
1402;04/09/1975;;0
1402;05/09/1975;;0
1402;06/09/1975;;0
1402;07/09/1975;;0
1402;08/09/1975;;0
1402;09/09/1975;;0
1402;10/09/1975;;0
1402;11/09/1975;;0
1402;12/09/1975;;0
1402;13/09/1975;;0
1402;14/09/1975;;0
1402;15/09/1975;;0
1402;16/09/1975;;0
1402;17/09/1975;;0
1402;18/09/1975;;0
1402;19/09/1975;;0
1402;20/09/1975;;0
1402;21/09/1975;;0
1402;22/09/1975;;0
1402;23/09/1975;;0
1402;24/09/1975;;0
1402;25/09/1975;;0
1402;26/09/1975;;0
1402;27/09/1975;;0
1402;28/09/1975;;0
1402;29/09/1975;;0
1402;30/09/1975;;0
1402;01/10/1975;;0
1402;02/10/1975;;0
1402;03/10/1975;;0
1402;04/10/1975;;0
1402;05/10/1975;;0
1402;06/10/1975;;0
1402;07/10/1975;;0
1402;08/10/1975;;0
1402;09/10/1975;;0
1402;10/10/1975;;0
1402;11/10/1975;;0
1402;12/10/1975;;0
1402;13/10/1975;;0
1402;14/10/1975;;0
1402;15/10/1975;;0
1402;16/10/1975;;0
1402;17/10/1975;;0
1402;18/10/1975;;0
1402;19/10/1975;;0
1402;20/10/1975;;0
1402;21/10/1975;;0
1402;22/10/1975;;0
1402;23/10/1975;;0
1402;24/10/1975;;0
1402;25/10/1975;;0
1402;26/10/1975;;0
1402;27/10/1975;;0
1402;28/10/1975;;0
1402;29/10/1975;;0
1402;30/10/1975;;0
1402;31/10/1975;;0
1402;01/11/1975;;0
1402;02/11/1975;;0
1402;03/11/1975;;0
1402;04/11/1975;;0
1402;05/11/1975;;0
1402;06/11/1975;;0
1402;07/11/1975;;0
1402;08/11/1975;;0
1402;09/11/1975;;0
1402;10/11/1975;;0
1402;11/11/1975;;0
1402;12/11/1975;;0
1402;13/11/1975;;0
1402;14/11/1975;;0
1402;15/11/1975;;0
1402;16/11/1975;;0
1402;17/11/1975;;0
1402;18/11/1975;;0
1402;19/11/1975;;0
1402;20/11/1975;;0
1402;21/11/1975;;0
1402;22/11/1975;;0
1402;23/11/1975;;0
1402;24/11/1975;;0
1402;25/11/1975;;0
1402;26/11/1975;;0
1402;27/11/1975;;0
1402;28/11/1975;;0
1402;29/11/1975;;0
1402;30/11/1975;;0
1402;01/12/1975;;0
1402;02/12/1975;;0
1402;03/12/1975;;0
1402;04/12/1975;;0
1402;05/12/1975;;0
1402;06/12/1975;;0
1402;07/12/1975;;0
1402;08/12/1975;;0
1402;09/12/1975;;0
1402;10/12/1975;;0
1402;11/12/1975;;0
1402;12/12/1975;;0
1402;13/12/1975;;0
1402;14/12/1975;;0
1402;15/12/1975;;0
1402;16/12/1975;;0
1402;17/12/1975;;0
1402;18/12/1975;;0
1402;19/12/1975;;0
1402;20/12/1975;;0
1402;21/12/1975;;0
1402;22/12/1975;;0
1402;23/12/1975;;0
1402;24/12/1975;;0
1402;25/12/1975;;0
1402;26/12/1975;;0
1402;27/12/1975;;0
1402;28/12/1975;;0
1402;29/12/1975;;0
1402;30/12/1975;;0
1402;31/12/1975;;0
1402;01/01/1976;;0
1402;02/01/1976;;0
1402;03/01/1976;;0
1402;04/01/1976;;0
1402;05/01/1976;;0
1402;06/01/1976;;0
1402;07/01/1976;;0
1402;08/01/1976;;0
1402;09/01/1976;;0
1402;10/01/1976;;0
1402;11/01/1976;;0
1402;12/01/1976;;0
1402;13/01/1976;;0
1402;14/01/1976;;0
1402;15/01/1976;;0
1402;16/01/1976;;0
1402;17/01/1976;;0
1402;18/01/1976;;0
1402;19/01/1976;;0
1402;20/01/1976;;0
1402;21/01/1976;;0
1402;22/01/1976;;0
1402;23/01/1976;;0
1402;24/01/1976;;0
1402;25/01/1976;;0
1402;26/01/1976;;0
1402;27/01/1976;;0
1402;28/01/1976;;0
1402;29/01/1976;;0
1402;30/01/1976;;0
1402;31/01/1976;;0
1402;01/02/1976;;0
1402;02/02/1976;;0
1402;03/02/1976;;0
1402;04/02/1976;;0
1402;05/02/1976;;0
1402;06/02/1976;;0
1402;07/02/1976;;0
1402;08/02/1976;;0
1402;09/02/1976;;0
1402;10/02/1976;;0
1402;11/02/1976;;0
1402;12/02/1976;;0
1402;13/02/1976;;0
1402;14/02/1976;;0
1402;15/02/1976;;0
1402;16/02/1976;;0
1402;17/02/1976;;0
1402;18/02/1976;;0
1402;19/02/1976;;0
1402;20/02/1976;;0
1402;21/02/1976;;0
1402;22/02/1976;;0
1402;23/02/1976;;0
1402;24/02/1976;;0
1402;25/02/1976;;0
1402;26/02/1976;;0
1402;27/02/1976;;0
1402;28/02/1976;;0
1402;29/02/1976;;0
1402;01/03/1976;;0
1402;02/03/1976;;0
1402;03/03/1976;;0
1402;04/03/1976;;0
1402;05/03/1976;;0
1402;06/03/1976;;0
1402;07/03/1976;;0
1402;08/03/1976;;0
1402;09/03/1976;;0
1402;10/03/1976;;0
1402;11/03/1976;;0
1402;12/03/1976;;0
1402;13/03/1976;;0
1402;14/03/1976;;0
1402;15/03/1976;;0
1402;16/03/1976;;0
1402;17/03/1976;;0
1402;18/03/1976;;0
1402;19/03/1976;;0
1402;20/03/1976;;0
1402;21/03/1976;;0
1402;22/03/1976;;0
1402;23/03/1976;;0
1402;24/03/1976;;0
1402;25/03/1976;;0
1402;26/03/1976;;0
1402;27/03/1976;;0
1402;28/03/1976;;0
1402;29/03/1976;;0
1402;30/03/1976;;0
1402;31/03/1976;;0
1402;01/04/1976;;0
1402;02/04/1976;;0
1402;03/04/1976;;0
1402;04/04/1976;;0
1402;05/04/1976;;0
1402;06/04/1976;;0
1402;07/04/1976;;0
1402;08/04/1976;;0
1402;09/04/1976;;0
1402;10/04/1976;;0
1402;11/04/1976;;0
1402;12/04/1976;;0
1402;13/04/1976;;0
1402;14/04/1976;;0
1402;15/04/1976;;0
1402;16/04/1976;;0
1402;17/04/1976;;0
1402;18/04/1976;;0
1402;19/04/1976;;0
1402;20/04/1976;;0
1402;21/04/1976;;0
1402;22/04/1976;;0
1402;23/04/1976;;0
1402;24/04/1976;;0
1402;25/04/1976;;0
1402;26/04/1976;;0
1402;27/04/1976;;0
1402;28/04/1976;;0
1402;29/04/1976;;0
1402;30/04/1976;;0
1402;01/05/1976;;0
1402;02/05/1976;;0
1402;03/05/1976;;0
1402;04/05/1976;;0
1402;05/05/1976;;0
1402;06/05/1976;;0
1402;07/05/1976;;0
1402;08/05/1976;;0
1402;09/05/1976;;0
1402;10/05/1976;;0
1402;11/05/1976;;0
1402;12/05/1976;;0
1402;13/05/1976;;0
1402;14/05/1976;;0
1402;15/05/1976;;0
1402;16/05/1976;;0
1402;17/05/1976;;0
1402;18/05/1976;;0
1402;19/05/1976;;0
1402;20/05/1976;;0
1402;21/05/1976;;0
1402;22/05/1976;;0
1402;23/05/1976;;0
1402;24/05/1976;;0
1402;25/05/1976;;0
1402;26/05/1976;;0
1402;27/05/1976;;0
1402;28/05/1976;;0
1402;29/05/1976;;0
1402;30/05/1976;;0
1402;31/05/1976;;0
1402;01/06/1976;;0
1402;02/06/1976;;0
1402;03/06/1976;;0
1402;04/06/1976;;0
1402;05/06/1976;;0
1402;06/06/1976;;0
1402;07/06/1976;;0
1402;08/06/1976;;0
1402;09/06/1976;;0
1402;10/06/1976;;0
1402;11/06/1976;;0
1402;12/06/1976;;0
1402;13/06/1976;;0
1402;14/06/1976;;0
1402;15/06/1976;;0
1402;16/06/1976;;0
1402;17/06/1976;;0
1402;18/06/1976;;0
1402;19/06/1976;;0
1402;20/06/1976;;0
1402;21/06/1976;;0
1402;22/06/1976;;0
1402;23/06/1976;;0
1402;24/06/1976;;0
1402;25/06/1976;;0
1402;26/06/1976;;0
1402;27/06/1976;;0
1402;28/06/1976;;0
1402;29/06/1976;;0
1402;30/06/1976;;0
1402;01/07/1976;;0
1402;02/07/1976;;0
1402;03/07/1976;;0
1402;04/07/1976;;0
1402;05/07/1976;;0
1402;06/07/1976;;0
1402;07/07/1976;;0
1402;08/07/1976;;0
1402;09/07/1976;;0
1402;10/07/1976;;0
1402;11/07/1976;;0
1402;12/07/1976;;0
1402;13/07/1976;;0
1402;14/07/1976;;0
1402;15/07/1976;;0
1402;16/07/1976;;0
1402;17/07/1976;;0
1402;18/07/1976;;0
1402;19/07/1976;;0
1402;20/07/1976;;0
1402;21/07/1976;;0
1402;22/07/1976;;0
1402;23/07/1976;;0
1402;24/07/1976;;0
1402;25/07/1976;;0
1402;26/07/1976;;0
1402;27/07/1976;;0
1402;28/07/1976;;0
1402;29/07/1976;;0
1402;30/07/1976;;0
1402;31/07/1976;;0
1402;01/08/1976;;0
1402;02/08/1976;;0
1402;03/08/1976;;0
1402;04/08/1976;;0
1402;05/08/1976;;0
1402;06/08/1976;;0
1402;07/08/1976;;0
1402;08/08/1976;;0
1402;09/08/1976;;0
1402;10/08/1976;;0
1402;11/08/1976;;0
1402;12/08/1976;;0
1402;13/08/1976;;0
1402;14/08/1976;;0
1402;15/08/1976;;0
1402;16/08/1976;;0
1402;17/08/1976;;0
1402;18/08/1976;;0
1402;19/08/1976;;0
1402;20/08/1976;;0
1402;21/08/1976;;0
1402;22/08/1976;;0
1402;23/08/1976;;0
1402;24/08/1976;;0
1402;25/08/1976;;0
1402;26/08/1976;;0
1402;27/08/1976;;0
1402;28/08/1976;;0
1402;29/08/1976;;0
1402;30/08/1976;;0
1402;31/08/1976;;0
1402;01/09/1976;;0
1402;02/09/1976;;0
1402;03/09/1976;;0
1402;04/09/1976;;0
1402;05/09/1976;;0
1402;06/09/1976;;0
1402;07/09/1976;;0
1402;08/09/1976;;0
1402;09/09/1976;;0
1402;10/09/1976;;0
1402;11/09/1976;;0
1402;12/09/1976;;0
1402;13/09/1976;;0
1402;14/09/1976;;0
1402;15/09/1976;;0
1402;16/09/1976;;0
1402;17/09/1976;;0
1402;18/09/1976;;0
1402;19/09/1976;;0
1402;20/09/1976;;0
1402;21/09/1976;;0
1402;22/09/1976;;0
1402;23/09/1976;;0
1402;24/09/1976;;0
1402;25/09/1976;;0
1402;26/09/1976;;0
1402;27/09/1976;;0
1402;28/09/1976;;0
1402;29/09/1976;;0
1402;30/09/1976;;0
1402;01/10/1976;;0
1402;02/10/1976;;0
1402;03/10/1976;;0
1402;04/10/1976;;0
1402;05/10/1976;;0
1402;06/10/1976;;0
1402;07/10/1976;;0
1402;08/10/1976;;0
1402;09/10/1976;;0
1402;10/10/1976;;0
1402;11/10/1976;;0
1402;12/10/1976;;0
1402;13/10/1976;;0
1402;14/10/1976;;0
1402;15/10/1976;;0
1402;16/10/1976;;0
1402;17/10/1976;;0
1402;18/10/1976;;0
1402;19/10/1976;;0
1402;20/10/1976;;0
1402;21/10/1976;;0
1402;22/10/1976;;0
1402;23/10/1976;;0
1402;24/10/1976;;0
1402;25/10/1976;;0
1402;26/10/1976;;0
1402;27/10/1976;;0
1402;28/10/1976;;0
1402;29/10/1976;;0
1402;30/10/1976;;0
1402;31/10/1976;;0
1402;01/11/1976;;0
1402;02/11/1976;;0
1402;03/11/1976;;0
1402;04/11/1976;;0
1402;05/11/1976;;0
1402;06/11/1976;;0
1402;07/11/1976;;0
1402;08/11/1976;;0
1402;09/11/1976;;0
1402;10/11/1976;;0
1402;11/11/1976;;0
1402;12/11/1976;;0
1402;13/11/1976;;0
1402;14/11/1976;;0
1402;15/11/1976;;0
1402;16/11/1976;;0
1402;17/11/1976;;0
1402;18/11/1976;;0
1402;19/11/1976;;0
1402;20/11/1976;;0
1402;21/11/1976;;0
1402;22/11/1976;;0
1402;23/11/1976;;0
1402;24/11/1976;;0
1402;25/11/1976;;0
1402;26/11/1976;;0
1402;27/11/1976;;0
1402;28/11/1976;;0
1402;29/11/1976;;0
1402;30/11/1976;;0
1402;01/12/1976;;0
1402;02/12/1976;;0
1402;03/12/1976;;0
1402;04/12/1976;;0
1402;05/12/1976;;0
1402;06/12/1976;;0
1402;07/12/1976;;0
1402;08/12/1976;;0
1402;09/12/1976;;0
1402;10/12/1976;;0
1402;11/12/1976;;0
1402;12/12/1976;;0
1402;13/12/1976;;0
1402;14/12/1976;;0
1402;15/12/1976;;0
1402;16/12/1976;;0
1402;17/12/1976;;0
1402;18/12/1976;;0
1402;19/12/1976;;0
1402;20/12/1976;;0
1402;21/12/1976;;0
1402;22/12/1976;;0
1402;23/12/1976;;0
1402;24/12/1976;;0
1402;25/12/1976;;0
1402;26/12/1976;;0
1402;27/12/1976;;0
1402;28/12/1976;;0
1402;29/12/1976;;0
1402;30/12/1976;;0
1402;31/12/1976;;0
1402;01/01/1977;;0
1402;02/01/1977;;0
1402;03/01/1977;;0
1402;04/01/1977;;0
1402;05/01/1977;;0
1402;06/01/1977;;0
1402;07/01/1977;;0
1402;08/01/1977;;0
1402;09/01/1977;;0
1402;10/01/1977;;0
1402;11/01/1977;;0
1402;12/01/1977;;0
1402;13/01/1977;;0
1402;14/01/1977;;0
1402;15/01/1977;;0
1402;16/01/1977;;0
1402;17/01/1977;;0
1402;18/01/1977;;0
1402;19/01/1977;;0
1402;20/01/1977;;0
1402;21/01/1977;;0
1402;22/01/1977;;0
1402;23/01/1977;;0
1402;24/01/1977;;0
1402;25/01/1977;;0
1402;26/01/1977;;0
1402;27/01/1977;;0
1402;28/01/1977;;0
1402;29/01/1977;;0
1402;30/01/1977;;0
1402;31/01/1977;;0
1402;01/02/1977;;0
1402;02/02/1977;;0
1402;03/02/1977;;0
1402;04/02/1977;;0
1402;05/02/1977;;0
1402;06/02/1977;;0
1402;07/02/1977;;0
1402;08/02/1977;;0
1402;09/02/1977;;0
1402;10/02/1977;;20.04
1402;11/02/1977;;0
1402;12/02/1977;;0
1402;13/02/1977;;0
1402;14/02/1977;;0
1402;15/02/1977;;0
1402;16/02/1977;;0
1402;17/02/1977;;0
1402;18/02/1977;;0
1402;19/02/1977;;26.78
1402;20/02/1977;;71.99
1402;21/02/1977;;7.49
1402;22/02/1977;;33.65
1402;23/02/1977;;39.21
1402;24/02/1977;;0
1402;25/02/1977;;0
1402;26/02/1977;;0
1402;27/02/1977;;0
1402;28/02/1977;;0
1402;01/03/1977;;0
1402;02/03/1977;;0
1402;03/03/1977;;0
1402;04/03/1977;;0
1402;05/03/1977;;0
1402;06/03/1977;;0
1402;07/03/1977;;0
1402;08/03/1977;;0
1402;09/03/1977;;0
1402;10/03/1977;;0
1402;11/03/1977;;0
1402;12/03/1977;;0
1402;13/03/1977;;0
1402;14/03/1977;;0
1402;15/03/1977;;0
1402;16/03/1977;;0
1402;17/03/1977;;0
1402;18/03/1977;;0
1402;19/03/1977;;0
1402;20/03/1977;;0
1402;21/03/1977;;0
1402;22/03/1977;;0
1402;23/03/1977;;0
1402;24/03/1977;;0
1402;25/03/1977;;0
1402;26/03/1977;;0
1402;27/03/1977;;0
1402;28/03/1977;;0
1402;29/03/1977;;0
1402;30/03/1977;;0
1402;31/03/1977;;0
1402;01/04/1977;;0
1402;02/04/1977;;0
1402;03/04/1977;;0
1402;04/04/1977;;0
1402;05/04/1977;;0
1402;06/04/1977;;0
1402;07/04/1977;;0
1402;08/04/1977;;0
1402;09/04/1977;;0
1402;10/04/1977;;0
1402;11/04/1977;;0
1402;12/04/1977;;0
1402;13/04/1977;;0
1402;14/04/1977;;0
1402;15/04/1977;;0
1402;16/04/1977;;0
1402;17/04/1977;;0
1402;18/04/1977;;0
1402;19/04/1977;;0
1402;20/04/1977;;0
1402;21/04/1977;;0
1402;22/04/1977;;0
1402;23/04/1977;;0
1402;24/04/1977;;0
1402;25/04/1977;;0
1402;26/04/1977;;0
1402;27/04/1977;;0
1402;28/04/1977;;0
1402;29/04/1977;;0
1402;30/04/1977;;0
1402;01/05/1977;;0
1402;02/05/1977;;0
1402;03/05/1977;;0
1402;04/05/1977;;0
1402;05/05/1977;;0
1402;06/05/1977;;0
1402;07/05/1977;;0
1402;08/05/1977;;0
1402;09/05/1977;;0
1402;10/05/1977;;0
1402;11/05/1977;;0
1402;12/05/1977;;0
1402;13/05/1977;;0
1402;14/05/1977;;0
1402;15/05/1977;;0
1402;16/05/1977;;0
1402;17/05/1977;;0
1402;18/05/1977;;0
1402;19/05/1977;;0
1402;20/05/1977;;0
1402;21/05/1977;;0
1402;22/05/1977;;0
1402;23/05/1977;;0
1402;24/05/1977;;0
1402;25/05/1977;;0
1402;26/05/1977;;0
1402;27/05/1977;;0
1402;28/05/1977;;0
1402;29/05/1977;;0
1402;30/05/1977;;0
1402;31/05/1977;;0
1402;01/06/1977;;0
1402;02/06/1977;;0
1402;03/06/1977;;0
1402;04/06/1977;;0
1402;05/06/1977;;0
1402;06/06/1977;;0
1402;07/06/1977;;0
1402;08/06/1977;;0
1402;09/06/1977;;0
1402;10/06/1977;;0
1402;11/06/1977;;0
1402;12/06/1977;;0
1402;13/06/1977;;0
1402;14/06/1977;;0
1402;15/06/1977;;0
1402;16/06/1977;;0
1402;17/06/1977;;0
1402;18/06/1977;;0
1402;19/06/1977;;0
1402;20/06/1977;;0
1402;21/06/1977;;0
1402;22/06/1977;;0
1402;23/06/1977;;0
1402;24/06/1977;;0
1402;25/06/1977;;0
1402;26/06/1977;;0
1402;27/06/1977;;0
1402;28/06/1977;;0
1402;29/06/1977;;0
1402;30/06/1977;;0
1402;01/07/1977;;0
1402;02/07/1977;;0
1402;03/07/1977;;0
1402;04/07/1977;;0
1402;05/07/1977;;0
1402;06/07/1977;;0
1402;07/07/1977;;0
1402;08/07/1977;;0
1402;09/07/1977;;0
1402;10/07/1977;;0
1402;11/07/1977;;0
1402;12/07/1977;;0
1402;13/07/1977;;0
1402;14/07/1977;;0
1402;15/07/1977;;0
1402;16/07/1977;;0
1402;17/07/1977;;0
1402;18/07/1977;;0
1402;19/07/1977;;0
1402;20/07/1977;;0
1402;21/07/1977;;0
1402;22/07/1977;;0
1402;23/07/1977;;0
1402;24/07/1977;;0
1402;25/07/1977;;0
1402;26/07/1977;;0
1402;27/07/1977;;0
1402;28/07/1977;;0
1402;29/07/1977;;0
1402;30/07/1977;;0
1402;31/07/1977;;0
1402;01/08/1977;;0
1402;02/08/1977;;0
1402;03/08/1977;;0
1402;04/08/1977;;0
1402;05/08/1977;;0
1402;06/08/1977;;0
1402;07/08/1977;;0
1402;08/08/1977;;0
1402;09/08/1977;;0
1402;10/08/1977;;0
1402;11/08/1977;;0
1402;12/08/1977;;0
1402;13/08/1977;;0
1402;14/08/1977;;0
1402;15/08/1977;;0
1402;16/08/1977;;0
1402;17/08/1977;;0
1402;18/08/1977;;0
1402;19/08/1977;;0
1402;20/08/1977;;0
1402;21/08/1977;;0
1402;22/08/1977;;0
1402;23/08/1977;;0
1402;24/08/1977;;0
1402;25/08/1977;;0
1402;26/08/1977;;0
1402;27/08/1977;;0
1402;28/08/1977;;0
1402;29/08/1977;;0
1402;30/08/1977;;0
1402;31/08/1977;;0
1402;01/09/1977;;0
1402;02/09/1977;;0
1402;03/09/1977;;0
1402;04/09/1977;;0
1402;05/09/1977;;0
1402;06/09/1977;;0
1402;07/09/1977;;0
1402;08/09/1977;;0
1402;09/09/1977;;0
1402;10/09/1977;;0
1402;11/09/1977;;0
1402;12/09/1977;;0
1402;13/09/1977;;0
1402;14/09/1977;;0
1402;15/09/1977;;0
1402;16/09/1977;;0
1402;17/09/1977;;0
1402;18/09/1977;;0
1402;19/09/1977;;0
1402;20/09/1977;;0
1402;21/09/1977;;0
1402;22/09/1977;;0
1402;23/09/1977;;0
1402;24/09/1977;;0
1402;25/09/1977;;0
1402;26/09/1977;;0
1402;27/09/1977;;0
1402;28/09/1977;;0
1402;29/09/1977;;0
1402;30/09/1977;;0
1402;01/10/1977;;0
1402;02/10/1977;;0
1402;03/10/1977;;0
1402;04/10/1977;;0
1402;05/10/1977;;0
1402;06/10/1977;;0
1402;07/10/1977;;0
1402;08/10/1977;;0
1402;09/10/1977;;0
1402;10/10/1977;;0
1402;11/10/1977;;0
1402;12/10/1977;;0
1402;13/10/1977;;0
1402;14/10/1977;;0
1402;15/10/1977;;0
1402;16/10/1977;;0
1402;17/10/1977;;0
1402;18/10/1977;;0
1402;19/10/1977;;0
1402;20/10/1977;;0
1402;21/10/1977;;0
1402;22/10/1977;;0
1402;23/10/1977;;0
1402;24/10/1977;;0
1402;25/10/1977;;0
1402;26/10/1977;;0
1402;27/10/1977;;0
1402;28/10/1977;;0
1402;29/10/1977;;0
1402;30/10/1977;;0
1402;31/10/1977;;0
1402;01/11/1977;;0
1402;02/11/1977;;0
1402;03/11/1977;;0
1402;04/11/1977;;0
1402;05/11/1977;;0
1402;06/11/1977;;0
1402;07/11/1977;;0
1402;08/11/1977;;0
1402;09/11/1977;;0
1402;10/11/1977;;0
1402;11/11/1977;;0
1402;12/11/1977;;0
1402;13/11/1977;;0
1402;14/11/1977;;0
1402;15/11/1977;;0
1402;16/11/1977;;0
1402;17/11/1977;;0
1402;18/11/1977;;0
1402;19/11/1977;;0
1402;20/11/1977;;0
1402;21/11/1977;;0
1402;22/11/1977;;0
1402;23/11/1977;;0
1402;24/11/1977;;0
1402;25/11/1977;;0
1402;26/11/1977;;0
1402;27/11/1977;;0
1402;28/11/1977;;0
1402;29/11/1977;;0
1402;30/11/1977;;0
1402;01/12/1977;;0
1402;02/12/1977;;0
1402;03/12/1977;;0
1402;04/12/1977;;0
1402;05/12/1977;;0
1402;06/12/1977;;0
1402;07/12/1977;;0
1402;08/12/1977;;0
1402;09/12/1977;;0
1402;10/12/1977;;0
1402;11/12/1977;;0
1402;12/12/1977;;0
1402;13/12/1977;;0
1402;14/12/1977;;0
1402;15/12/1977;;0
1402;16/12/1977;;0
1402;17/12/1977;;0
1402;18/12/1977;;0
1402;19/12/1977;;0
1402;20/12/1977;;0
1402;21/12/1977;;0
1402;22/12/1977;;0
1402;23/12/1977;;0
1402;24/12/1977;;0
1402;25/12/1977;;0
1402;26/12/1977;;0
1402;27/12/1977;;0
1402;28/12/1977;;0
1402;29/12/1977;;0
1402;30/12/1977;;0
1402;31/12/1977;;0
1402;01/01/1978;;0
1402;02/01/1978;;0
1402;03/01/1978;;0
1402;04/01/1978;;0
1402;05/01/1978;;0
1402;06/01/1978;;0
1402;07/01/1978;;0
1402;08/01/1978;;0
1402;09/01/1978;;0
1402;10/01/1978;;0
1402;11/01/1978;;0
1402;12/01/1978;;0
1402;13/01/1978;;0
1402;14/01/1978;;0
1402;15/01/1978;;0
1402;16/01/1978;;0
1402;17/01/1978;;0
1402;18/01/1978;;0
1402;19/01/1978;;0
1402;20/01/1978;;0
1402;21/01/1978;;0
1402;22/01/1978;;0
1402;23/01/1978;;0
1402;24/01/1978;;0
1402;25/01/1978;;0
1402;26/01/1978;;0
1402;27/01/1978;;0
1402;28/01/1978;;0
1402;29/01/1978;;0
1402;30/01/1978;;0
1402;31/01/1978;;0
1402;01/02/1978;;0
1402;02/02/1978;;0
1402;03/02/1978;;0
1402;04/02/1978;;0
1402;05/02/1978;;0
1402;06/02/1978;;0
1402;07/02/1978;;0
1402;08/02/1978;;0
1402;09/02/1978;;0
1402;10/02/1978;;0
1402;11/02/1978;;0
1402;12/02/1978;;0
1402;13/02/1978;;0
1402;14/02/1978;;0
1402;15/02/1978;;0
1402;16/02/1978;;0
1402;17/02/1978;;0
1402;18/02/1978;;0
1402;19/02/1978;;0
1402;20/02/1978;;0
1402;21/02/1978;;13.78
1402;22/02/1978;;0
1402;23/02/1978;;42.47
1402;24/02/1978;;54.09
1402;25/02/1978;;78.64
1402;26/02/1978;;24.93
1402;27/02/1978;;37.88
1402;28/02/1978;;71.96
1402;01/03/1978;;12.44
1402;02/03/1978;;19.47
1402;03/03/1978;;27.74
1402;04/03/1978;;2.35
1402;05/03/1978;;0
1402;06/03/1978;;0
1402;07/03/1978;;0
1402;08/03/1978;;0
1402;09/03/1978;;0
1402;10/03/1978;;0
1402;11/03/1978;;0
1402;12/03/1978;;0
1402;13/03/1978;;0
1402;14/03/1978;;0
1402;15/03/1978;;0
1402;16/03/1978;;0
1402;17/03/1978;;0
1402;18/03/1978;;0
1402;19/03/1978;;0
1402;20/03/1978;;0
1402;21/03/1978;;0
1402;22/03/1978;;0
1402;23/03/1978;;0
1402;24/03/1978;;0
1402;25/03/1978;;0
1402;26/03/1978;;0
1402;27/03/1978;;0
1402;28/03/1978;;0
1402;29/03/1978;;0
1402;30/03/1978;;0
1402;31/03/1978;;0
1402;01/04/1978;;0
1402;02/04/1978;;0
1402;03/04/1978;;0
1402;04/04/1978;;0
1402;05/04/1978;;0
1402;06/04/1978;;0
1402;07/04/1978;;0
1402;08/04/1978;;0
1402;09/04/1978;;0
1402;10/04/1978;;0
1402;11/04/1978;;0
1402;12/04/1978;;0
1402;13/04/1978;;0
1402;14/04/1978;;0
1402;15/04/1978;;0
1402;16/04/1978;;0
1402;17/04/1978;;0
1402;18/04/1978;;0
1402;19/04/1978;;0
1402;20/04/1978;;0
1402;21/04/1978;;0
1402;22/04/1978;;0
1402;23/04/1978;;0
1402;24/04/1978;;0
1402;25/04/1978;;0
1402;26/04/1978;;0
1402;27/04/1978;;0
1402;28/04/1978;;0
1402;29/04/1978;;0
1402;30/04/1978;;0
1402;01/05/1978;;0
1402;02/05/1978;;0
1402;03/05/1978;;0
1402;04/05/1978;;0
1402;05/05/1978;;0
1402;06/05/1978;;0
1402;07/05/1978;;0
1402;08/05/1978;;0
1402;09/05/1978;;0
1402;10/05/1978;;0
1402;11/05/1978;;0
1402;12/05/1978;;0
1402;13/05/1978;;0
1402;14/05/1978;;0
1402;15/05/1978;;0
1402;16/05/1978;;0
1402;17/05/1978;;0
1402;18/05/1978;;0
1402;19/05/1978;;0
1402;20/05/1978;;0
1402;21/05/1978;;0
1402;22/05/1978;;0
1402;23/05/1978;;0
1402;24/05/1978;;0
1402;25/05/1978;;0
1402;26/05/1978;;0
1402;27/05/1978;;0
1402;28/05/1978;;0
1402;29/05/1978;;0
1402;30/05/1978;;0
1402;31/05/1978;;0
1402;01/06/1978;;0
1402;02/06/1978;;0
1402;03/06/1978;;0
1402;04/06/1978;;0
1402;05/06/1978;;0
1402;06/06/1978;;0
1402;07/06/1978;;0
1402;08/06/1978;;0
1402;09/06/1978;;0
1402;10/06/1978;;0
1402;11/06/1978;;0
1402;12/06/1978;;0
1402;13/06/1978;;0
1402;14/06/1978;;0
1402;15/06/1978;;0
1402;16/06/1978;;0
1402;17/06/1978;;0
1402;18/06/1978;;0
1402;19/06/1978;;0
1402;20/06/1978;;0
1402;21/06/1978;;0
1402;22/06/1978;;0
1402;23/06/1978;;0
1402;24/06/1978;;0
1402;25/06/1978;;0
1402;26/06/1978;;0
1402;27/06/1978;;0
1402;28/06/1978;;0
1402;29/06/1978;;0
1402;30/06/1978;;0
1402;01/07/1978;;0
1402;02/07/1978;;0
1402;03/07/1978;;0
1402;04/07/1978;;0
1402;05/07/1978;;0
1402;06/07/1978;;0
1402;07/07/1978;;0
1402;08/07/1978;;0
1402;09/07/1978;;0
1402;10/07/1978;;0
1402;11/07/1978;;0
1402;12/07/1978;;0
1402;13/07/1978;;0
1402;14/07/1978;;0
1402;15/07/1978;;0
1402;16/07/1978;;0
1402;17/07/1978;;0
1402;18/07/1978;;0
1402;19/07/1978;;0
1402;20/07/1978;;0
1402;21/07/1978;;0
1402;22/07/1978;;0
1402;23/07/1978;;0
1402;24/07/1978;;0
1402;25/07/1978;;0
1402;26/07/1978;;0
1402;27/07/1978;;0
1402;28/07/1978;;0
1402;29/07/1978;;0
1402;30/07/1978;;0
1402;31/07/1978;;0
1402;01/08/1978;;0
1402;02/08/1978;;0
1402;03/08/1978;;0
1402;04/08/1978;;0
1402;05/08/1978;;0
1402;06/08/1978;;0
1402;07/08/1978;;0
1402;08/08/1978;;0
1402;09/08/1978;;0
1402;10/08/1978;;0
1402;11/08/1978;;0
1402;12/08/1978;;0
1402;13/08/1978;;0
1402;14/08/1978;;0
1402;15/08/1978;;0
1402;16/08/1978;;0
1402;17/08/1978;;0
1402;18/08/1978;;0
1402;19/08/1978;;0
1402;20/08/1978;;0
1402;21/08/1978;;0
1402;22/08/1978;;0
1402;23/08/1978;;0
1402;24/08/1978;;0
1402;25/08/1978;;0
1402;26/08/1978;;0
1402;27/08/1978;;0
1402;28/08/1978;;0
1402;29/08/1978;;0
1402;30/08/1978;;0
1402;31/08/1978;;0
1402;01/09/1978;;0
1402;02/09/1978;;0
1402;03/09/1978;;0
1402;04/09/1978;;0
1402;05/09/1978;;0
1402;06/09/1978;;0
1402;07/09/1978;;0
1402;08/09/1978;;0
1402;09/09/1978;;0
1402;10/09/1978;;0
1402;11/09/1978;;0
1402;12/09/1978;;0
1402;13/09/1978;;0
1402;14/09/1978;;0
1402;15/09/1978;;0
1402;16/09/1978;;0
1402;17/09/1978;;0
1402;18/09/1978;;0
1402;19/09/1978;;0
1402;20/09/1978;;0
1402;21/09/1978;;0
1402;22/09/1978;;0
1402;23/09/1978;;3.49
1402;24/09/1978;;0
1402;25/09/1978;;0
1402;26/09/1978;;0
1402;27/09/1978;;0
1402;28/09/1978;;0
1402;29/09/1978;;0
1402;30/09/1978;;0
