indroea;ano_hidr;aportano;qmedano;hmedano;qc;hc;ano_c;mes_c;dia_c;qci;hci;ano_ci;mes_ci;dia_ci;qcn;hcn;ano_cn;mes_cn;dia_cn;orig_dato_id
1010;1912;;;;;;;;;;;;;;;;;;;1
1010;1913;;;0.24;;;;;;;;;;;;;;;;1
1010;1914;;;0.18;;;;;;;;;;;;;;;;1
1010;1915;;;0.13;;;;;;;;;;;;;;;;1
1010;1916;;;;;;;;;;;;;;;;;;;1
1010;1917;;;0.03;;;;;;;;;;;;;;;;1
1010;1918;;;0.31;;;;;;;;;;;;;;;;1
1010;1919;;;0.24;;;;;;;;;;;;;;;;1
1010;1920;;;-0.03;;;;;;;;;;;;;;;;1
1010;1921;;;;;;;;;;;;;;;;;;;1
1010;1922;;;;;;;;;;;;;;;;;;;1
1010;1923;;;;;;;;;;;;;;;;;;;1
1010;1924;;;;;;;;;;;;;;;;;;;1
1010;1925;;;;;;;;;;;;;;;;;;;1
1010;1926;;;;;;;;;;;;;;;;;;;1
1010;1927;;;;;;;;;;;;;;;;;;;1
1010;1928;;;;;;;;;;;;;;;;;;;1
1010;1929;;;;;;;;;;;;;;;;;;;1
1010;1930;;;;;;;;;;;;;;;;;;;1
1010;1931;;;;;;;;;;;;;;;;;;;1
1010;1934;;;;;;;;;;;;;;;;;;;2
1010;1935;;;;;;;;;;;;;;;;;;;2
1010;1941;;;;;;;;;;;;;;;;;;;2
1010;1942;;;0.08;;;;;;;;;;;;;;;;1
1010;1943;267.551;8.461;-0.02;185.6;1;1943;11;26;;;;;;2.2;-0.25;1944;8;6;1
1010;1944;;;;;;;;;;;;;;;;;;;1
1010;1945;386.057;12.242;-0.03;130;1.24;1945;12;27;;;;;;1.8;-0.36;1946;7;12;1
1010;1946;673.764;21.365;0.11;450;2.78;1947;2;22;530;3.12;1947;2;;2.1;-0.34;1946;11;12;1
1010;1947;370.526;11.717;-0.1;213.3;1.7;1948;1;7;;;;;;1.5;-0.4;1947;11;16;1
1010;1948;174.588;5.536;-0.21;30.3;0.37;1948;10;30;;;;;;1.5;-0.4;1949;8;6;1
1010;1949;270.544;8.579;-0.08;20.6;0.2;1950;2;25;;;;;;2.4;-0.32;1950;9;27;1
1010;1950;823.478;26.112;0.19;160.2;1.42;1951;2;19;;;;;;2.1;-0.34;1951;9;6;1
1010;1951;362.837;11.474;-0.02;83.2;0.92;1951;11;18;;;;;;2.1;-0.34;1951;10;1;1
1010;1952;429.762;13.628;0;278;2;1952;11;26;;;;;;1.8;-0.36;1953;8;26;1
1010;1953;341.807;10.839;-0.05;74;0.84;1954;3;17;;;;;;1.5;-0.4;1954;7;28;1
1010;1954;447.396;14.187;-0.05;221;1.74;1955;1;23;;;;;;1.5;-0.4;1955;8;30;1
1010;1955;437.348;13.83;-0.03;200.5;1.64;1956;4;13;;;;;;1.4;-0.42;1956;9;20;1
1010;1956;206.565;6.55;-0.16;20.6;0.2;1957;2;22;;;;;;1.3;-0.44;1957;9;23;1
1010;1957;663.492;21.039;0.11;140;1.3;1958;3;27;;;;;;1.5;-0.4;1957;10;14;1
1010;1958;619.142;19.633;0.12;114;1.14;1959;4;16;;;;;;2.6;-0.3;1959;7;27;1
1011;1911;;;;;;;;;;;;;;;;;;;1
1011;1912;;;;;;;;;;;;;;;;;;;1
1011;1913;;;1.65;;;;;;;;;;;;;;;;1
1011;1914;;;;;;;;;;;;;;;;;;;1
1011;1915;;;1.77;;;;;;;;;;;;;;;;1
1011;1916;;;1.92;;;;;;;;;;;;;;;;1
1011;1917;;;1.23;;;;;;;;;;;;;;;;1
1011;1918;;;1.76;;;;;;;;;;;;;;;;1
1011;1919;;;1.51;;;;;;;;;;;;;;;;1
1011;1920;;;1.21;;;;;;;;;;;;;;;;1
1011;1921;;;1.49;;;;;;;;;;;;;;;;1
1011;1922;;;1.63;;;;;;;;;;;;;;;;1
1011;1923;;;1.64;;;;;;;;;;;;;;;;1
1011;1924;;;;;;;;;;;;;;;;;;;1
1011;1925;;;1.8;;;;;;;;;;;;;;;;1
1011;1926;;;;;;;;;;;;;;;;;;;1
1011;1927;;;;;;;;;;;;;;;;;;;1
1011;1928;;;1.21;;;;;;;;;;;;;;;;1
1011;1929;;;1.88;;;;;;;;;;;;;;;;1
1011;1930;;;1.55;;;;;;;;;;;;;;;;1
1011;1931;;;;;;;;;;;;;;;;;;;1
1011;1932;;;;;;;;;;;;;;;;;;;2
1011;1933;;;;;;;;;;;;;;;;;;;2
1011;1934;;;;;;;;;;;;;;;;;;;2
1011;1935;;;;;;;;;;;;;;;;;;;2
1011;1936;;;;;;;;;;;;;;;;;;;2
1011;1938;;;;;;;;;;;;;;;;;;;2
1011;1939;;;;;;;;;;;;;;;;;;;2
1011;1940;;;;;;;;;;;;;;;;;;;2
1012;1913;;;;;;;;;;;;;;;;;;;1
1012;1914;;;1.66;;;;;;;;;;;;;;;;1
1012;1915;;;1.59;;;;;;;;;;;;;;;;1
1012;1916;;;1.78;;;;;;;;;;;;;;;;1
1012;1917;;;;;;;;;;;;;;;;;;;1
1012;1918;;;1.97;;;;;;;;;;;;;;;;1
1012;1919;;;1.78;;;;;;;;;;;;;;;;1
1012;1920;;;1.73;;;;;;;;;;;;;;;;1
1012;1921;;;;;;;;;;;;;;;;;;;1
1012;1922;;;;;;;;;;;;;;;;;;;1
1012;1923;;;;;;;;;;;;;;;;;;;1
1012;1924;;;;;;;;;;;;;;;;;;;1
1012;1925;;;;;;;;;;;;;;;;;;;1
1012;1926;;;;;;;;;;;;;;;;;;;1
1012;1927;;;1.68;;;;;;;;;;;;;;;;1
1012;1928;;;1.58;;;;;;;;;;;;;;;;1
1012;1929;;;1.67;;;;;;;;;;;;;;;;1
1012;1930;;;1.68;;;;;;;;;;;;;;;;1
1012;1931;;;;;;;;;;;;;;;;;;;1
1012;1932;;;;;;;;;;;;;;;;;;;2
1012;1933;;;;;;;;;;;;;;;;;;;2
1012;1934;;;;;;;;;;;;;;;;;;;2
1012;1935;;;;;;;;;;;;;;;;;;;2
1012;1937;;;;;;;;;;;;;;;;;;;2
1018;1912;;;;;;;;;;;;;;;;;;;1
1018;1913;;;1.09;;;;;;;;;;;;;;;;1
1018;1914;;;;;;;;;;;;;;;;;;;1
1018;1915;;;1.28;;;;;;;;;;;;;;;;1
1018;1916;;;1.37;;;;;;;;;;;;;;;;1
1018;1917;;;0.6;;;;;;;;;;;;;;;;1
1018;1918;;;1.33;;;;;;;;;;;;;;;;1
1018;1919;;;0.87;;;;;;;;;;;;;;;;1
1018;1920;;;;;;;;;;;;;;;;;;;1
1018;1921;;;;;;;;;;;;;;;;;;;1
1018;1922;;;;;;;;;;;;;;;;;;;1
1018;1923;;;;;;;;;;;;;;;;;;;1
1018;1924;;;;;;;;;;;;;;;;;;;1
1018;1925;;;1.19;;;;;;;;;;;;;;;;1
1018;1926;;;1.15;;;;;;;;;;;;;;;;1
1018;1927;;;;;;;;;;;;;;;;;;;1
1018;1928;;;;;;;;;;;;;;;;;;;1
1018;1929;;;;;;;;;;;;;;;;;;;1
1018;1930;;;1.08;;;;;;;;;;;;;;;;1
1018;1931;;;;;;;;;;;;;;;;;;;1
1018;1933;;;;;;;;;;;;;;;;;;;2
1018;1936;;;;;;;;;;;;;;;;;;;2
1018;1937;;;;;;;;;;;;;;;;;;;2
1018;1938;;;;;;;;;;;;;;;;;;;2
1018;1939;;;;;;;;;;;;;;;;;;;2
1018;1943;1291.609;40.845;0.31;398.71;3.3;1943;11;27;;;;;;3.4;-0.45;1944;8;13;1
1018;1944;1681.127;53.308;0.43;608.67;4.75;1944;12;12;;;;;;8.183;-0.35;1945;8;11;1
1018;1945;2521.7;79.963;0.7;552.2;4.36;1945;12;24;;;;;;9.412;-0.3;1945;10;14;1
1018;1946;4159.887;131.909;1.13;1116;7;1947;2;22;1185;7.2;1947;2;;12.6;-0.18;1947;8;6;1
1018;1947;2578.836;81.551;0.7;572.5;4.5;1948;1;29;;;;;;13.8;-0.14;1948;9;11;1
1018;1948;1073.655;34.045;;340.8;2.9;1949;1;5;;;;;;5.9;-0.44;1949;9;3;1
1018;1949;2147.706;68.103;;297.35;2.6;1950;2;3;;;;;;12.132;-0.2;1949;10;1;1
1018;1950;3839.69;121.756;1.08;644.87;5;1951;2;19;;;;;;11.55;-0.22;1951;9;29;1
1018;1951;2483.994;78.552;0.69;427.67;3.5;1952;3;31;;;;;;8.4;-0.34;1952;9;12;1
1019;1944;30;0.951;0.06;23.9;0.9;1945;1;28;;;;;;0;0.1;1945;5;16;1
1019;1945;23.654;0.75;0.05;11.5;0.6;1946;6;1;;;;;;0.25;-0.04;1945;10;22;1
1019;1946;35.989;1.141;0.07;15.1;0.7;1947;2;22;23.9;0.9;1947;2;;0.25;-0.04;1947;7;18;1
1019;1947;22.196;0.702;0.04;8.4;0.5;1948;1;28;;;;;;0.25;-0.04;1948;7;29;1
1019;1948;17.539;0.556;;5.8;0.4;1948;12;16;;;;;;0.2;-0.06;1948;10;7;1
1019;1949;17.166;0.544;;2.75;0.24;1950;2;4;;;;;;0.2;-0.06;1950;8;11;1
1019;1950;;;;;;;;;;;;;;;;;;;1
1019;1951;32.837;1.038;0.07;8.4;0.5;1952;4;2;;;;;;0.25;-0.04;1952;9;16;1
1603;2007;;;;;;;;;;;;;;;;;;;1
1603;2008;56.985;1.807;0.37;17.472;1.04;2009;1;29;28.93;1.34;2009;1;29;0.13;0.15;2009;9;30;1
1603;2009;;;;;;;;;;;;;;;;;;;1
1603;2010;53.189;1.687;0.36;32.46;1.64;2011;1;7;46.56;2.21;2011;1;6;0.1;0.13;2011;9;21;1
1603;2011;21.052;0.666;0.26;5.757;0.69;2012;4;19;7.83;0.79;2012;4;18;0.066;0.12;2012;9;20;1
1603;2012;85.522;2.712;0.42;41.895;2.03;2013;1;19;46.56;2.21;2013;1;19;0.097;0.13;2012;10;8;1
1603;2013;68.787;2.181;0.4;20.257;1.2;2014;2;8;75.12;;2014;2;3;0.15;0.16;2014;9;3;1
1603;2014;54.255;1.72;0.36;15.539;1.03;2015;3;3;23.79;1.28;2015;3;3;0.13;0.15;2015;8;8;1
1603;2015;79.35;2.509;0.4;30.167;1.55;2016;2;12;50.9;2.3;2016;1;8;0.11;0.14;2016;9;9;1
1603;2016;23.103;0.733;0.26;15.68;1.05;2017;2;4;35.191;1.76;2017;2;4;0.077;0.12;2017;9;10;1
1603;2017;68.205;2.163;0.38;21.015;1.22;2018;3;15;30.578;1.57;2018;3;15;0.063;0.11;2017;10;16;1
1603;2018;41.112;1.304;0.34;16.478;1.06;2019;2;2;23.557;1.27;2019;2;2;0.109;0.14;2019;9;5;1
1603;2019;80.361;2.541;0.4;30.155;1.55;2019;12;20;35.191;1.76;2019;12;19;0.111;0.14;2019;10;3;1
1603;2020;62.212;1.973;0.38;23.797;1.31;2020;12;11;31.058;1.59;2021;1;25;0.142;0.16;2021;9;7;1
1605;2007;;;;;;;;;;;;;;;;;;;1
1605;2008;407.39;12.918;0.57;82.833;2.34;2008;12;15;86.44;2.38;2008;12;15;1.118;0.09;2009;9;9;1
1605;2009;425.652;13.497;0.59;93.638;2.46;2010;2;26;114.67;2.68;2009;12;7;1.19;0.09;2009;10;1;1
1605;2010;286.626;9.089;0.43;97.73;2.5;2011;1;8;115.67;2.69;2011;1;7;0.84;0.07;2011;8;14;1
1605;2011;157.878;4.993;0.27;36.218;1.44;2012;4;21;37.95;1.5;2012;4;21;0.749;0.06;2011;10;8;1
1605;2012;448.055;14.208;0.61;156.424;3.05;2013;1;20;166.81;3.11;2013;1;20;1.067;0.08;2013;8;23;1
1605;2013;353.037;11.195;0.52;56.403;2.01;2014;2;9;57.84;2.03;2014;2;9;1.094;0.08;2014;8;22;1
1605;2014;308.804;9.792;0.47;56.834;2.01;2015;3;4;59.34;2.05;2015;3;4;0.88;0.07;2015;7;26;1
1605;2015;390.065;12.335;0.54;99.525;2.52;2016;2;14;113.68;2.67;2016;1;9;1.03;0.08;2016;9;4;1
1605;2016;152.919;4.849;0.27;51.293;1.92;2017;2;6;51.75;1.93;2017;2;6;0.662;0.06;2017;8;18;1
1605;2017;372.149;11.801;0.53;56.155;2.01;2018;4;1;57.094;2.02;2018;4;1;0.875;0.07;2017;10;10;1
1605;2018;222.413;7.053;0.36;59.74;2.05;2019;2;3;63.952;2.11;2019;2;2;0.875;0.07;2019;9;4;1
1605;2019;385.363;12.186;0.53;96.552;2.49;2019;12;21;99.202;2.52;2019;12;20;0.875;0.07;2020;8;7;1
1605;2020;348.636;11.055;0.51;75.041;2.24;2021;1;26;93.644;2.46;2021;1;26;1.038;0.08;2021;8;22;1
1607;1974;225.164;7.14;0.28;97.25;2.03;1975;3;10;98;2.04;1975;3;10;0.16;0.02;1975;9;7;1
1607;1975;241.548;7.638;0.3;86.75;1.89;1975;12;4;;;;;;0.16;0.02;1976;7;29;1
1607;1976;738.836;23.428;0.71;143;2.6;1977;2;12;162.2;2.84;1976;12;9;0.4;0.05;1976;10;1;1
1607;1977;734.274;23.284;0.7;143;2.6;1978;3;2;148.6;2.67;1978;3;2;0.08;0.01;1978;9;30;1
1607;1978;646.508;20.501;0.59;167;2.96;1978;12;30;;;;;;0.4;0.05;1978;10;1;1
1607;1979;441.869;13.973;0.51;86.75;1.89;1980;1;25;;;;;;0.92;0.09;1980;9;22;1
1607;1980;329.314;10.442;0.4;182.18;2.97;1980;12;20;;;;;;0.53;0.06;1981;9;12;1
1607;1981;272.566;8.643;0.32;141.76;2.54;1981;12;31;154;2.67;1982;1;1;0.32;0.04;1982;9;12;1
1607;1982;735.816;23.333;0.69;113.833;2.21;1983;2;24;;;;;;0.79;0.08;1983;9;29;1
1607;1983;511.288;16.169;0.53;87.5;1.9;1984;2;1;89;1.92;1983;12;24;0.79;0.08;1983;10;1;1
1607;1984;739.317;23.444;0.69;118.833;2.27;1985;2;15;124.667;2.34;1985;2;15;0.66;0.07;1985;9;4;1
1607;1985;534.122;16.937;0.53;119.667;2.28;1986;2;17;121.333;2.3;1986;2;17;0.53;0.06;1985;10;20;1
1607;1986;251.8;7.985;0.35;57.8;1.43;1987;4;4;;;;;;0.92;0.09;1987;9;17;1
1607;1987;626.419;19.809;0.84;115.99;2.25;1987;10;16;;;;;;1.128;0.18;1988;8;26;1
1607;1988;143.052;4.536;0.34;44.81;1.54;1989;4;14;47.826;1.6;1989;4;14;0.488;0.11;1989;7;26;1
1607;1989;192.19;6.094;0.38;101.029;2.47;1989;12;22;101.738;2.48;1989;12;22;0.18;0.06;1990;9;15;1
1607;1990;363.654;11.531;0.58;103.156;2.5;1991;1;12;110.995;2.61;1991;1;12;0.349;0.09;1991;8;16;1
1607;1991;251.259;7.946;0.36;50.037;1.56;1992;4;2;53.524;1.64;1992;4;2;0.46;0.1;1992;8;22;1
1607;1992;341.438;10.827;0.57;88.997;2.45;1992;12;7;93.215;2.5;1992;12;7;1.147;0.15;1993;8;20;1
1607;1993;438.36;13.9;0.65;141.016;3;1994;1;7;;;;;;1.819;0.15;1994;8;25;1
1607;1994;337.891;10.714;0.52;120.396;2.8;1995;1;2;;;;;;0.474;0.07;1995;8;17;1
1607;1995;394.418;12.473;0.58;99.119;2.57;1996;1;1;;;;;;0.922;0.1;1996;8;16;1
1607;1996;253.313;8.033;0.45;58.628;2.03;1996;11;24;60.597;2.06;1996;11;24;0.97;0.15;1997;8;3;1
1607;1997;453.144;14.369;0.66;141.016;3;1998;5;2;143.219;3.02;1998;5;2;1.192;0.16;1997;10;4;1
1607;1998;259.464;8.228;0.45;49.17;1.86;1999;3;10;;;;;;1.281;0.12;1999;9;1;1
1607;1999;321.459;10.166;0.52;82.529;2.37;1999;12;16;86.466;2.42;1999;12;16;1.46;0.13;2000;8;18;1
1607;2000;;;0.83;;;;;;;;;;;;;;;;1
1607;2001;186.321;5.908;0.35;30.997;1.41;2002;4;13;32.586;1.46;2002;4;13;1.101;0.11;2002;9;4;1
1607;2002;;;;;;;;;80.28;2.34;2002;11;24;;;;;;1
1607;2003;;;;;;;;;;;;;;;;;;;1
1607;2004;;;;;;;;;;;;;;;;;;;1
1607;2005;272.071;8.627;0.55;94.902;2.02;2006;2;22;98.276;2.06;2006;2;22;0.415;0.25;2005;10;1;1
1607;2006;422.733;13.405;0.66;130.706;2.4;2006;12;10;;;;;;0.285;0.2;2007;9;7;1
1607;2007;220.682;6.979;0.5;78.471;1.82;2008;4;11;84.779;1.9;2008;4;11;1.055;0.28;2007;10;1;1
1607;2008;;;;;;;;;154.44;2.06;2009;1;26;;;;;;1
1607;2009;551.125;17.476;0.7;219.68;2.34;2010;2;26;269.1;2.54;2009;12;7;1.435;0.3;2009;10;3;1
1607;2010;351.175;11.136;0.59;240.91;2.43;2011;1;8;263.91;2.52;2011;1;8;1.03;0.26;2011;9;27;1
1607;2011;160.468;5.075;0.46;56.111;1.53;2012;4;20;60.41;1.56;2012;4;20;0.921;0.25;2012;9;14;1
1607;2012;505.765;16.038;0.73;217.003;3.22;2013;1;20;235.632;3.33;2013;1;20;1.181;0.28;2012;10;8;1
1607;2013;394.141;12.498;0.66;68.859;1.93;2014;2;9;70.934;1.96;2014;2;9;1.268;0.29;2014;8;23;1
1607;2014;346.067;10.974;0.62;63.882;1.86;2015;2;1;70.132;1.95;2015;1;31;1.211;0.28;2015;8;9;1
1607;2015;407.76;12.895;0.65;128.887;2.56;2016;2;14;135.2;2.62;2016;2;13;1.3;0.29;2016;8;28;1
1607;2016;157.768;5.003;0.46;64.138;1.87;2017;2;6;65.427;1.89;2017;2;6;0.888;0.25;2017;8;19;1
1607;2017;400.853;12.711;0.65;64.96;1.88;2018;4;1;67.757;1.92;2018;3;31;0.818;0.24;2017;10;17;1
1607;2018;237.469;7.53;0.54;67.504;1.91;2019;2;3;70.934;1.96;2019;2;3;0.904;0.25;2019;9;12;1
1607;2019;448.241;14.175;0.68;114.135;2.43;2019;12;21;118.597;2.47;2019;12;21;1.063;0.27;2020;8;7;1
1607;2020;409.685;12.991;0.68;88.767;2.17;2021;1;26;96.391;2.25;2021;1;26;1.301;0.29;2021;9;8;1
1608;1974;238.378;7.559;0.55;51.6;1.94;1975;3;10;54;;1975;2;;1.34;0.22;1975;9;3;1
1608;1975;244.823;7.742;0.55;56.4;2.06;1975;12;5;;;;;;0.99;0.18;1976;7;30;1
1608;1976;492.999;15.633;0.88;62;2.2;1977;1;27;63.6;2.24;1977;1;27;2.22;0.29;1976;10;8;1
1608;1977;476.83;15.12;0.84;79.6;2.64;1978;3;2;;;;;;2.8;0.33;1978;9;22;1
1608;1978;482.294;15.293;0.8;97.2;3.08;1978;12;30;;;;;;1.34;0.22;1979;8;31;1
1608;1979;354.143;11.199;0.7;45.6;1.79;1980;1;24;;;;;;0.88;0.16;1980;9;25;1
1608;1980;295.382;9.366;0.62;113.714;3.09;1980;12;20;;;;;;1.22;0.21;1980;10;1;1
1608;1981;308.641;9.787;0.62;117.714;3.16;1981;12;31;123.3;3.25;1981;12;31;2.097;0.28;1982;9;15;1
1608;1982;593.593;18.823;0.89;92.25;2.43;1983;2;24;;;;;;2.815;0.33;1982;10;2;1
1608;1983;406.09;12.842;0.72;71.2;2.1;1984;2;2;77;2.2;1984;2;2;1.592;0.24;1984;8;13;1
1608;1984;527.912;16.74;0.83;75.26;2.17;1985;1;27;77;2.2;1985;1;27;1.34;0.22;1985;9;13;1
1608;1985;385.956;12.239;0.67;77;2.2;1986;2;18;;;;;;1.1;0.2;1985;11;3;1
1608;1986;251.283;7.968;0.57;33.73;1.37;1987;4;5;;;;;;1.845;0.26;1987;8;23;1
1608;1987;613.108;19.388;0.93;88.7;2.38;1988;2;7;;;;;;2.098;0.28;1988;9;13;1
1608;1988;184.354;5.846;0.47;48.114;1.68;1989;3;2;50.163;1.72;1989;3;2;0.332;0.2;1989;9;29;1
1608;1989;226.735;7.19;0.51;97.488;2.5;1989;12;22;;;;;;0.208;0.18;1990;8;6;1
1608;1990;410.255;13.009;0.73;97.488;2.5;1991;1;12;102.331;2.57;1991;1;12;0.971;0.26;1991;8;19;1
1608;1991;250.041;7.907;0.58;47.113;1.66;1992;4;2;50.163;1.72;1991;11;16;0.84;0.25;1992;8;20;1
1608;1992;395.435;12.539;0.74;88.954;2.48;1992;12;7;94.203;2.54;1992;12;7;2.132;0.32;1993;8;20;1
1608;1993;443.188;14.053;0.78;143.244;3.02;1994;1;7;152.61;3.1;1994;1;7;1.355;0.28;1994;8;26;1
1608;1994;356.167;11.294;0.68;135.452;2.95;1995;1;2;172.526;3.26;1995;1;2;0.742;0.23;1995;8;31;1
1608;1995;406.685;12.861;0.71;105.347;2.66;1996;1;1;109.277;2.7;1996;1;1;1.886;0.29;1996;7;25;1
1608;1996;293.296;9.3;0.61;60.677;2.11;1996;11;24;63.975;2.16;1996;11;24;2.102;0.3;1997;8;1;1
1608;1997;455.965;14.459;0.81;135.452;2.95;1998;5;2;143.244;3.02;1998;5;2;1.741;0.3;1998;8;22;1
1608;1998;260.395;8.257;0.6;43.435;1.82;1999;3;9;48.792;1.92;1999;3;9;1.867;0.28;1999;8;26;1
1608;1999;339.856;10.747;0.69;83.706;2.42;1999;12;16;87.205;2.46;1999;12;16;1.867;0.28;2000;9;7;1
1608;2000;;;0.98;;;;;;;;;;;;;;;;1
1608;2001;221.145;7.012;0.54;29.865;1.5;2002;4;13;32.046;1.56;2002;4;13;2.047;0.29;2002;8;21;1
1608;2002;400.526;12.701;0.73;80.422;2.38;2002;11;24;81.956;2.4;2002;11;24;1.506;0.26;2003;8;11;1
1608;2003;;;;;;;;;;;;;;;;;;;1
1608;2004;;;;;;;;;;;;;;;;;;;1
1608;2005;290.434;9.21;0.51;99.452;1.95;2006;2;22;;;;;;0.512;0.16;2006;8;8;1
1608;2006;;;;;;;;;;;;;;;;;;;1
1608;2007;190.023;6.009;0.45;77.522;1.72;2008;4;11;85.787;1.81;2008;4;11;0.639;0.21;2007;10;17;1
1608;2008;386.681;12.262;0.6;131.878;1.94;2009;1;27;138.4;1.97;2009;1;27;0.829;0.23;2009;9;16;1
1608;2009;542.274;17.195;0.68;198.648;2.26;2010;2;26;241.66;2.45;2009;12;7;0.848;0.24;2009;10;3;1
1608;2010;347.387;11.016;0.56;219.77;2.36;2011;1;8;239.28;2.44;2011;1;8;0.57;0.2;2011;9;27;1
1608;2011;153.988;4.87;0.43;60.252;1.49;2012;4;20;63.88;1.52;2012;4;20;0.44;0.18;2012;9;13;1
1608;2012;504.885;16.01;0.72;184.844;3.16;2013;1;20;201.704;3.27;2013;1;20;0.644;0.22;2012;10;9;1
1608;2013;396.005;12.557;0.64;59.18;1.89;2014;2;9;59.993;1.91;2014;2;9;0.716;0.22;2014;8;24;1
1608;2014;350.828;11.125;0.6;56.986;1.82;2015;2;5;59.295;1.9;2015;1;31;0.664;0.22;2015;8;9;1
1608;2015;394.723;12.482;0.63;108.38;2.49;2016;2;14;114.18;2.55;2016;2;13;0.54;0.2;2016;9;11;1
1608;2016;143.667;4.556;0.42;56.268;1.79;2017;2;6;56.817;1.81;2017;2;6;0.433;0.18;2017;8;19;1
1608;2017;388.239;12.311;0.61;57.098;1.82;2018;4;1;58.195;1.86;2018;3;31;0.412;0.18;2017;10;17;1
1608;2018;238.956;7.577;0.52;58.079;1.86;2019;2;3;59.021;1.89;2019;2;3;0.471;0.19;2019;9;7;1
1608;2019;426.677;13.493;0.66;94.049;2.34;2019;12;21;97.92;2.38;2019;12;21;0.569;0.2;2020;8;8;1
1608;2020;348.45;11.049;0.61;73.846;2.1;2021;1;26;80.534;2.18;2021;1;26;0.756;0.23;2021;8;21;1
1609;1914;;;;;;;;;;;;;;;;;;;1
1609;1915;;;0.38;;;;;;;;;;;;;;;;1
1609;1916;;;0.39;;;;;;;;;;;;;;;;1
1609;1917;;;0.16;;;;;;;;;;;;;;;;1
1609;1918;;;0.43;;;;;;;;;;;;;;;;1
1609;1919;525.329;16.613;0.32;112;1.9;1920;1;7;;;;;;1.6;-0.2;1920;9;10;1
1609;1920;;;0.24;;;;;;;;;;;;;;;;1
1609;1921;;;0.3;;;;;;;;;;;;;;;;1
1609;1922;;;0.34;;;;;;;;;;;;;;;;1
1609;1923;;;;;;;;;;;;;;;;;;;1
1609;1924;;;;;;;;;;;;;;;;;;;1
1609;1925;;;;;;;;;;;;;;;;;;;1
1609;1926;;;0.48;;;;;;;;;;;;;;;;1
1609;1927;;;;;;;;;;;;;;;;;;;1
1609;1928;;;;;;;;;;;;;;;;;;;1
1609;1929;;;;;;;;;;;;;;;;;;;1
1609;1930;;;0.53;;;;;;;;;;;;;;;;1
1609;1931;;;;;;;;;;;;;;;;;;;1
1609;1932;;;;;;;;;;;;;;;;;;;2
1609;1933;;;;;;;;;;;;;;;;;;;2
1609;1934;;;;;;;;;;;;;;;;;;;2
1609;1935;;;;;;;;;;;;;;;;;;;2
1609;1936;;;;;;;;;;;;;;;;;;;2
1609;1937;;;;;;;;;;;;;;;;;;;2
1609;1938;;;;;;;;;;;;;;;;;;;2
1609;1939;;;;;;;;;;;;;;;;;;;2
1609;1940;;;;;;;;;;;;;;;;;;;2
1609;1941;;;;;;;;;;;;;;;;;;;2
1609;1942;;;0.32;;;;;;;;;;;;;;;;1
1609;1943;489.088;15.467;0.41;69;1.65;1943;11;26;;;;;;0.2;0.35;1944;6;1;1
1609;1944;647.671;20.538;;259;3.35;1945;1;25;;;;;;3.4;0.1;1945;8;4;1
1609;1945;898.261;28.484;0.62;225;3;1945;12;24;;;;;;2.6;0.18;1945;10;21;1
1609;1946;1016.562;32.235;0.64;810;4.5;1947;2;22;;;;;;3.32;0.12;1947;9;24;1
1609;1947;903.014;28.556;;327.5;3.46;1948;1;27;;;;;;3.1;0.14;1947;10;1;1
1609;1948;508.053;16.11;;214;2.94;1949;1;5;;;;;;1.62;0.28;1949;9;23;1
1609;1949;456.362;14.471;;51;1.2;1950;2;5;;;;;;1.38;0.32;1950;8;29;1
1609;1950;1445.549;45.838;0.82;311.5;3.4;1951;2;19;;;;;;0.55;-0.02;1951;8;13;1
1609;1951;535.362;16.93;0.36;67.25;1.5;1952;4;2;;;;;;3.85;-0.08;1952;7;24;1
1609;1952;;;;;;;;;;;;;;;;;;;1
1609;1953;507.772;16.101;0.27;198.5;2.84;1954;2;11;;;;;;3.55;-0.1;1954;7;10;1
1609;1954;734.282;23.284;0.26;174.8;1.5;1955;2;1;;;;;;2.4;-0.2;1955;8;23;1
1609;1955;619.584;19.593;0.38;225;3;1956;4;14;;;;;;2;-0.24;1955;10;10;1
1609;1956;433.63;13.75;0.25;56;1.3;1957;2;16;;;;;;1.8;-0.26;1957;9;24;1
1609;1957;503.81;15.976;0.28;100;1.96;1958;2;13;;;;;;1.5;-0.3;1958;9;25;1
1609;1958;430.189;13.641;0.21;74;1.6;1959;4;17;;;;;;1.62;-0.28;1959;8;22;1
1609;1959;818.539;25.885;0.61;225;3;1959;12;12;;;;;;1.38;0.32;1960;8;10;1
1609;1960;753.589;23.896;0.52;142.6;2.42;1961;1;1;;;;;;3.5;-0.1;1961;9;20;1
1609;1961;769.167;24.39;0.51;311.5;3.4;1961;11;14;;;;;;4.1;-0.06;1962;8;18;1
1609;1962;617.95;19.595;0.43;88;1.8;1963;2;7;;;;;;4.5;-0.03;1963;8;30;1
1609;1963;626.676;19.817;0.43;125.3;2.25;1964;3;15;;;;;;4.3;-0.05;1964;9;5;1
1609;1964;410.659;13.022;0.25;56;1.3;1965;1;21;;;;;;4.2;-0.05;1965;7;28;1
1609;1965;830.477;26.334;1.53;193.5;3.3;1966;2;14;;;;;;0.6;0.94;1966;9;7;1
1609;1966;579.01;18.36;1.44;157.5;3.05;1966;11;7;;;;;;0.7;0.95;1967;8;24;1
1609;1967;569.134;17.998;1.4;61.6;2.4;1968;4;18;;;;;;4.1;0.95;1968;8;7;1
1609;1968;766.619;24.309;0.56;253.1;2.55;1968;12;18;;;;;;0.8;0.01;1969;8;1;1
1609;1969;649.538;20.597;0.47;231.3;2.35;1970;1;16;;;;;;1.1;0;1970;8;30;1
1609;1970;543.344;17.229;0.44;121;1.65;1971;1;26;;;;;;2.8;0;1971;9;27;1
1609;1971;652.552;20.636;0.46;161.6;1.94;1972;2;6;;;;;;2.8;0;1972;8;26;1
1609;1972;410.818;13.027;0.34;71.5;1.25;1973;1;22;;;;;;3;0;1973;7;30;1
1609;1973;535.594;16.984;0.36;142;1.8;1974;2;17;;;;;;3;0;1973;10;1;1
1617;1970;184.611;5.854;0.6;63;1.8;1971;1;25;;;;;;0.01;0.2;1970;11;19;1
1617;1971;244.416;7.729;0.63;122.5;2.4;1972;3;8;;;;;;0.14;0.27;1972;8;21;1
1617;1972;151.836;4.815;0.56;40.5;1.48;1973;1;22;;;;;;0.11;0.25;1973;8;16;1
1617;1974;235.845;7.479;0.37;72.8;1.84;1975;3;10;;;;;;0.48;0.06;1975;8;21;1
1617;1975;148.556;4.698;0.28;37.55;1.19;1976;1;31;41;1.26;1976;1;31;0.4;0.05;1976;7;29;1
1617;1976;398.236;12.628;0.54;90;2.1;1977;2;11;143.3;2.78;1976;11;4;1.36;0.14;1976;10;1;1
1617;1977;331.324;10.506;0.47;83;2;1978;1;27;136.5;2.7;1978;1;27;0.64;0.08;1978;8;24;1
1617;1978;336.414;10.668;0.43;119.343;2.48;1978;12;29;182.94;3.32;1978;12;29;0.48;0.06;1978;10;21;1
1617;1979;285.53;9.029;0.42;46;1.36;1980;1;23;;;;;;0.56;0.07;1980;9;15;1
1617;1980;209.915;6.656;0.34;91.4;2.12;1980;12;20;;;;;;0.08;0.01;1981;7;31;1
1617;1981;225.402;7.147;0.33;109;2.36;1981;12;23;;;;;;0.32;0.04;1982;9;6;1
1617;1982;348.574;11.053;0.49;65.4;1.72;1982;12;21;;;;;;1.08;0.12;1983;9;21;1
1617;1983;261.303;8.263;0.38;66.55;1.74;1984;1;31;80.4;1.96;1984;1;31;0.32;0.04;1984;9;17;1
1617;1984;361.216;11.454;0.48;112;2.4;1985;2;15;128;2.6;1985;2;15;0.48;0.06;1985;9;22;1
1617;1985;278.065;8.817;0.39;83;2;1986;2;17;;;;;;0.48;0.06;1986;8;7;1
1617;1986;187.953;5.96;0.32;39;1.22;1987;2;17;;;;;;0.4;0.05;1987;8;24;1
1617;1987;375.036;11.86;0.51;95.6;2.18;1988;1;6;154;2.9;1987;10;15;0.46;0.06;1988;9;9;1
1617;1991;175.106;5.537;0.29;50.062;1.44;1991;11;15;;;;;;0.072;0.01;1992;8;16;1
1617;1992;234.409;7.433;0.36;72.538;1.84;1992;12;7;;;;;;0.594;0.07;1993;8;19;1
1617;1993;;;;;;;;;;;;;;;;;;;1
1617;1994;249.584;7.914;0.36;83;2;1995;1;1;328.588;4.49;1994;12;31;0.594;0.07;1995;8;5;1
1617;1995;272.558;8.619;0.37;66.456;1.74;1996;1;7;94.2;2.16;1996;1;7;0.471;0.06;1996;8;17;1
1617;1996;174.05;5.519;0.28;46.19;1.36;1996;11;22;54.759;1.53;1996;11;22;0.343;0.05;1997;9;27;1
1617;1997;270.09;8.564;0.36;88.6;2.08;1997;12;2;133.1;2.66;1997;12;2;0.206;0.03;1998;8;19;1
1617;1999;211.766;6.697;0.28;57.974;1.54;1999;12;15;101.5;2.26;1999;12;15;0.362;0.01;2000;8;24;1
1617;2000;497.023;15.76;0.51;136.5;2.7;2000;12;7;220.9;3.58;2001;1;5;0.631;0.03;2001;9;3;1
1617;2001;143.916;4.564;0.26;23.623;0.83;2002;2;7;;;;;;0.42;0.08;2002;8;18;1
1617;2002;317.741;10.076;0.42;66.339;1.7;2002;12;28;;;;;;0.523;0.09;2003;8;8;1
1617;2003;;;;;;;;;;;;;;;;;;;1
1617;2004;;;;;;;;;;;;;;;;;;;1
1617;2005;201.804;6.399;0.45;71.755;1.8;2006;3;24;91.749;2.12;2006;3;24;0.08;0.12;2006;2;21;1
1617;2006;267.782;8.491;0.53;113.6;2.42;2006;12;9;180.075;3.18;2006;11;28;0.357;0.16;2007;9;15;1
1617;2007;;;;;;;;;;;;;;;;;;;1
1617;2008;219.805;6.97;0.48;65.839;1.46;2009;1;26;66.44;1.53;2008;12;13;0.366;0.18;2009;9;29;1
1617;2009;328.939;10.431;0.56;124.541;2.34;2009;12;6;221.12;3.61;2009;12;6;0.27;0.16;2010;9;25;1
1617;2010;223.504;7.087;0.47;78.84;1.74;2010;12;8;108.74;2.19;2011;1;6;0.16;0.13;2011;9;24;1
1617;2011;104.115;3.292;0.36;51.94;1.31;2012;4;19;62.94;1.49;2012;4;19;0.1;0.11;2012;9;16;1
1617;2012;305.878;9.699;0.52;148.682;2.73;2013;1;19;164.41;2.93;2013;1;19;0.08;0.1;2013;9;4;1
1617;2013;309.033;9.799;0.53;85.932;1.83;2014;2;5;134.23;2.54;2014;2;5;0.27;0.16;2014;9;4;1
1617;2014;216.17;6.855;0.45;154.927;2.75;2015;1;31;251.27;3.95;2015;1;31;0.149;0.13;2015;8;12;1
1617;2015;300.974;9.518;0.52;143.562;2.63;2016;2;13;208.19;3.46;2016;2;13;0.115;0.12;2016;9;10;1
1617;2016;87.628;2.779;0.34;45.025;1.2;2017;2;4;64.743;1.52;2017;2;5;0.16;0.13;2017;8;25;1
1617;2017;251.915;7.988;0.46;65.116;1.52;2018;3;31;90.211;1.92;2018;3;11;0.13;0.12;2017;10;10;1
1617;2018;190.23;6.032;0.45;103.336;2.09;2019;1;31;136.483;2.57;2019;1;31;0.16;0.13;2019;9;17;1
1617;2019;312.719;9.889;0.52;151.801;2.74;2019;12;13;220.253;3.6;2019;12;13;0.15;0.13;2020;9;17;1
1617;2020;281.383;8.923;0.51;127.062;2.43;2020;12;11;168.407;2.98;2020;12;11;0.231;0.15;2021;9;8;1
1619;1970;586.907;18.611;0.96;209;2.86;1971;1;24;;;;;;0.3;0.63;1971;9;16;1
1619;1971;857.847;27.128;1.04;453;4.2;1972;2;11;;;;;;0.65;0.51;1972;9;7;1
1619;1972;460.789;14.612;0.56;110.4;1.76;1973;1;22;;;;;;0.92;0.21;1973;9;9;1
1619;1973;549.516;17.425;0.6;160.25;2.17;1974;2;16;205;2.48;1974;2;17;1.36;0.23;1974;8;28;1
1619;1974;466.858;14.804;0.55;188.65;2.37;1975;3;10;232.6;2.66;1975;3;10;1.2;0.22;1975;8;21;1
1619;1975;393.036;12.429;0.52;87;1.55;1976;1;31;101.2;1.68;1976;1;31;0.8;0.2;1976;8;10;1
1619;1976;1103.871;35.004;0.86;281.25;2.95;1976;12;4;370;3.4;1976;11;4;3.62;0.33;1977;9;18;1
1619;1977;901.141;28.575;0.77;290;3;1978;1;29;420;3.65;1978;1;29;1.8;0.25;1978;9;2;1
1619;1978;1036.886;32.879;0.76;350;3.3;1979;1;12;;;;;;1.4;0.23;1979;9;12;1
1619;1979;563.442;17.818;0.61;113.85;1.79;1979;12;31;134.2;1.96;1980;1;2;1;0.21;1980;9;19;1
1619;1980;500.491;15.87;0.58;334;3.22;1980;12;20;515;4.1;1980;12;20;1.2;0.22;1981;9;10;1
1619;1981;596.9;18.928;0.59;336;3.23;1981;12;31;615;4.5;1981;12;23;1.8;0.25;1982;9;10;1
1619;1982;980.135;31.08;0.82;300;3.05;1982;12;13;350;3.3;1982;12;14;4.4;0.36;1983;7;18;1
1619;1983;748.383;23.666;0.68;214;2.54;1984;1;31;;;;;;1.8;0.25;1984;9;6;1
1619;1984;1057.56;33.535;0.83;306;3.08;1985;2;15;360;3.35;1985;2;15;1.8;0.25;1985;9;22;1
1619;1985;793.74;25.169;0.7;248.6;2.76;1986;2;17;;;;;;1.6;0.24;1986;8;18;1
1619;1986;482.943;15.314;0.59;103.5;1.7;1987;2;17;;;;;;1.052;0.24;1987;9;13;1
1619;1987;1008.938;31.906;0.82;310;3.1;1988;1;6;402;3.56;1988;1;6;1.265;0.25;1988;8;17;1
1619;1988;336.165;10.66;0.48;121.436;1.86;1989;3;1;;;;;;0.7;0.22;1989;9;14;1
1619;1989;439.735;13.944;0.52;267.536;2.86;1989;12;21;516.281;4.11;1989;12;21;0.525;0.21;1990;8;2;1
1619;1990;719.251;22.807;0.68;313.43;3.12;1991;1;11;447.824;3.8;1991;1;11;0.525;0.21;1990;10;1;1
1619;1991;481.083;15.213;0.58;209.359;2.5;1991;11;16;274.424;2.9;1991;11;16;1.461;0.26;1992;8;16;1
1619;1992;667.664;21.171;0.67;318.876;3.15;1992;12;5;;;;;;1.7;0.27;1993;8;23;1
1619;1993;992.407;31.469;0.79;463.057;3.87;1994;1;6;572.083;4.35;1994;1;6;1.461;0.26;1994;9;5;1
1619;1994;730.232;23.155;0.67;406.069;3.6;1995;1;2;;;;;;1.049;0.24;1995;9;4;1
1619;1995;824.374;26.069;0.72;302.537;3.06;1996;1;7;331.769;3.22;1996;1;7;2.415;0.3;1996;8;5;1
1619;1996;586.968;18.613;0.64;234.425;2.66;1996;11;23;250.696;2.76;1996;11;23;2.177;0.29;1997;9;24;1
1619;1997;958.44;30.392;0.77;478.291;3.94;1998;5;1;583.873;4.4;1998;5;1;1.938;0.28;1998;8;12;1
1619;1998;572.561;18.156;0.64;209.359;2.5;1999;3;9;240.934;2.7;1999;3;9;1.7;0.27;1999;9;8;1
1619;1999;;;;;;;;;;;;;;;;;;;1
1619;2000;1788.545;56.714;1.01;612.98;4.52;2000;12;8;729.409;5;2000;12;8;1.985;0.29;2001;9;15;1
1619;2001;441.6;14.003;0.57;82.886;1.47;2002;2;7;121.662;1.82;2002;2;3;1.768;0.28;2001;10;2;1
1619;2002;943.757;29.926;0.74;261.82;2.82;2002;12;2;327.954;3.2;2002;11;14;1.334;0.26;2003;9;24;1
1619;2003;;;;;;;;;;;;;;;;;;;1
1619;2004;;;;;;;;;;;;;;;;;;;1
1619;2005;667.342;21.161;0.55;285.016;2.81;2006;3;24;354.659;3.19;2006;3;24;0.433;0.16;2006;9;6;1
1619;2006;859.337;27.249;0.68;462.602;3.88;2006;12;9;580.16;4.18;2006;11;28;0.718;0.17;2007;9;13;1
1619;2007;406.824;12.865;0.47;134.95;2.28;2008;4;10;145.044;2.42;2008;4;10;0.92;0.19;2007;10;1;1
1619;2008;645.069;20.455;0.6;337.851;3.49;2009;1;24;;;;;;1.088;0.2;2009;9;30;1
1619;2009;905.205;28.704;0.71;359;3.5;2009;12;7;519.16;4.03;2009;12;7;0.94;0.19;2010;9;22;1
1619;2010;619.73;19.652;0.58;205.92;2.91;2011;1;7;277.61;3.28;2011;1;7;0.61;0.16;2011;9;25;1
1619;2011;321.433;10.165;0.44;140.143;2.35;2012;4;19;169.29;2.75;2012;4;19;0.52;0.15;2011;10;8;1
1619;2012;981.169;31.113;0.74;389.858;4.13;2013;1;19;440.58;4.4;2013;1;19;0.94;0.19;2013;9;2;1
1619;2013;912.2;28.926;0.73;217.813;3.11;2014;2;5;259.54;3.4;2014;2;5;1.51;0.23;2014;9;12;1
1619;2014;729.931;23.146;0.63;423.38;4.3;2015;1;31;499.45;4.68;2015;1;31;0.94;0.19;2015;8;12;1
1619;2015;899.396;28.442;0.69;510.663;4.4;2016;2;13;561.88;4.96;2016;2;13;0.82;0.18;2016;9;9;1
1619;2016;273.897;8.685;0.41;139.92;2.35;2017;2;5;147.21;2.45;2017;2;5;0.941;0.19;2017;8;23;1
1619;2017;748.393;23.731;0.63;163.97;2.68;2018;3;31;175.722;2.82;2018;3;31;0.823;0.18;2017;10;12;1
1619;2018;555.38;17.611;0.56;251.74;3.34;2019;2;1;292.068;3.6;2019;2;1;0.823;0.18;2018;10;8;1
1619;2019;897.916;28.395;0.7;301.477;3.59;2019;12;13;404.609;4.22;2019;12;13;1.068;0.2;2020;9;14;1
1619;2020;836.454;26.524;0.7;245.264;3.26;2020;12;12;340.709;3.88;2020;12;11;1.508;0.23;2021;9;7;1
1620;2007;;;;;;;;;;;;;;;;;;;1
1620;2008;102.58;3.253;0.35;29.639;1.06;2009;1;29;36.11;1.18;2009;1;29;0.16;0.11;2009;9;29;1
1620;2009;173.983;5.517;0.43;92.285;1.89;2010;2;25;119.58;2.26;2010;2;25;0.13;0.1;2009;10;3;1
1620;2010;117.451;3.724;0.36;54.48;1.41;2011;1;7;114.71;2.19;2011;1;6;0.06;0.07;2011;9;29;1
1620;2011;43.134;1.364;0.25;9.146;0.65;2012;5;9;15.05;0.81;2011;12;16;0.04;0.06;2011;10;8;1
1620;2012;164.054;5.202;0.4;92.827;1.88;2013;1;19;112.64;2.16;2013;1;19;0.067;0.08;2013;9;26;1
1620;2013;165.992;5.264;0.41;54.228;1.4;2014;2;5;95.76;1.91;2014;1;6;0.16;0.11;2014;8;24;1
1620;2014;98.81;3.133;0.34;47.401;1.32;2015;1;31;67.5;1.56;2015;1;31;0.04;0.06;2015;8;12;1
1620;2015;152.043;4.808;0.4;53.753;1.38;2016;1;14;97.75;1.94;2016;1;14;0.068;0.08;2016;9;11;1
1620;2016;43.362;1.375;0.24;32.398;1.08;2017;2;5;67.503;1.56;2017;2;5;0.026;0.05;2017;8;23;1
1620;2017;130.011;4.123;0.36;52.158;1.36;2018;3;11;83.391;1.72;2018;3;11;0.044;0.06;2017;10;16;1
1620;2018;93.099;2.952;0.34;22.852;0.96;2019;2;2;31.607;1.12;2019;2;2;0.075;0.08;2018;10;8;1
1620;2019;165.194;5.224;0.41;73.084;1.61;2019;12;20;84.032;1.73;2019;12;20;0.12;0.1;2020;9;16;1
1620;2020;133.126;4.221;0.39;43.531;1.26;2021;1;22;72.561;1.61;2021;1;22;0.182;0.12;2021;9;9;1
1621;1915;;;;;;;;;;;;;;;;;;;1
1621;1916;;;;;;;;;;;;;;;;;;;1
1621;1917;;;0.77;;;;;;;;;;;;;;;;1
1621;1918;;;0.95;;;;;;;;;;;;;;;;1
1621;1919;;;0.83;;;;;;;;;;;;;;;;1
1621;1920;;;;;;;;;;;;;;;;;;;1
1621;1921;;;;;;;;;;;;;;;;;;;1
1621;1922;;;;;;;;;;;;;;;;;;;1
1621;1923;;;;;;;;;;;;;;;;;;;1
1621;1924;;;;;;;;;;;;;;;;;;;1
1621;1925;;;;;;;;;;;;;;;;;;;1
1621;1926;;;;;;;;;;;;;;;;;;;1
1621;1927;;;;;;;;;;;;;;;;;;;1
1621;1928;;;0.76;;;;;;;;;;;;;;;;1
1621;1929;;;1;;;;;;;;;;;;;;;;1
1621;1930;;;0.97;;;;;;;;;;;;;;;;1
1621;1931;;;;;;;;;;;;;;;;;;;1
1621;1932;;;;;;;;;;;;;;;;;;;2
1621;1933;;;;;;;;;;;;;;;;;;;2
1621;1934;;;;;;;;;;;;;;;;;;;2
1621;1935;;;;;;;;;;;;;;;;;;;2
1621;1936;;;;;;;;;;;;;;;;;;;2
1621;1937;;;;;;;;;;;;;;;;;;;2
1621;1938;;;;;;;;;;;;;;;;;;;2
1621;1939;;;;;;;;;;;;;;;;;;;2
1621;1941;;;;;;;;;;;;;;;;;;;2
1621;1943;743.35;23.507;0.71;192.25;1.7;1943;11;27;;;;;;1.38;0.05;1944;8;16;1
1621;1944;1088.748;34.524;0.81;470;3.1;1945;1;26;;;;;;4.3;0.45;1944;10;1;1
1621;1945;1046.617;33.188;0.81;251.8;2;1946;6;2;;;;;;3.025;0.18;1945;10;22;1
1621;1946;2145.941;68.047;0.98;903;5.06;1947;2;22;1030;5.6;1947;2;22;3.36;0.26;1947;9;25;1
1621;1947;944.276;29.861;0.75;345.7;2.48;1948;1;27;;;;;;3.305;0.25;1947;10;1;1
1621;1948;580.045;18.393;0.63;244;1.96;1949;1;5;;;;;;3.1;0.2;1949;8;20;1
1621;1949;860.108;27.274;0.73;199;1.72;1950;2;6;;;;;;3.36;0.26;1949;10;1;1
1621;1950;1653.077;52.419;0.9;377;2.64;1951;2;19;;;;;;3.25;0.24;1950;10;1;1
1621;1951;846.446;26.767;0.75;188;1.66;1952;1;13;;;;;;4.87;0.44;1952;7;3;1
1621;1952;1121.976;35.578;0.76;389.3;2.7;1952;11;30;;;;;;2.95;0.1;1953;9;3;1
1621;1953;910.923;28.885;0.75;309.5;2.3;1954;2;11;;;;;;4.08;0.36;1954;7;16;1
1621;1954;1206.987;38.273;0.78;357;2.54;1955;1;21;;;;;;3.6;0.3;1955;7;13;1
1621;1955;1142.097;36.117;0.76;531.6;3.4;1956;4;14;;;;;;3.36;0.26;1955;11;1;1
1621;1956;708.539;22.468;0.64;176.6;1.6;1957;2;16;;;;;;3;0.12;1957;9;5;1
1621;1957;1126.572;35.723;0.76;251.8;2;1958;2;13;;;;;;3.25;0.24;1958;9;26;1
1621;1958;948.831;30.087;0.69;270.8;2.1;1959;1;20;;;;;;2.95;0.1;1959;8;8;1
1621;1959;2086.399;65.979;0.82;574.2;3.6;1959;12;12;;;;;;2.625;0.14;1960;9;9;1
1621;1960;1752.788;55.581;0.86;393.5;2.72;1960;12;31;;;;;;2.8;0.05;1961;8;14;1
1621;1961;1574.251;49.919;0.91;552.7;3.5;1962;3;31;;;;;;6.8;0.56;1961;10;1;1
1621;1962;1355.184;42.973;0.86;280;2.15;1963;2;7;;;;;;5.1;0.46;1963;8;29;1
1621;1963;1426.092;45.098;0.91;329.3;2.4;1964;3;15;;;;;;9.4;0.64;1964;8;6;1
1621;1964;631.314;20.019;0.68;242.4;1.95;1965;1;21;;;;;;4.4;0.4;1965;8;10;1
1621;1965;1912.749;60.653;1.9;192.8;3.65;1966;2;14;;;;;;25.3;1.2;1966;8;14;1
1621;1966;1616.656;51.264;1.79;453.5;4.3;1966;11;6;;;;;;16;1;1967;9;21;1
1621;1967;644.561;20.383;1.52;225.5;2.85;1968;4;18;;;;;;2.4;0.85;1968;7;9;1
1621;1968;2181.678;69.181;1.65;713.8;3.97;1968;12;18;;;;;;5;0.5;1969;7;9;1
1621;1969;1849.072;58.634;1.57;464;3.45;1970;1;15;;;;;;6.9;0.6;1970;8;2;1
1621;1970;1277.7;40.516;1.71;307;2.95;1971;1;25;;;;;;2.5;0.93;1970;10;5;1
1621;1971;1590.295;50.29;1.71;560;3.7;1972;2;12;;;;;;2;0.95;1972;9;1;1
1621;1972;1062.096;33.679;1.65;211.2;2.58;1973;1;22;;;;;;0.8;0.83;1973;9;5;1
1621;1973;1282.303;40.662;1.66;460;3.45;1974;2;17;;;;;;1;0.85;1974;8;27;1
1621;1974;730.397;23.161;1.43;350;3.1;1975;3;10;;;;;;1.39;0.52;1975;9;6;1
1621;1975;723.331;22.874;1.4;204;2.55;1976;1;31;;;;;;0.69;0.26;1976;8;18;1
1621;1976;2030.939;64.401;1.78;580;4;1977;2;12;;;;;;2.19;0.82;1977;9;21;1
1621;1977;1675.304;53.124;1.6;554;3.9;1978;1;29;;;;;;1.28;0.48;1978;9;2;1
1621;1978;2342.492;74.28;1.69;606;4.1;1978;12;29;;;;;;1.867;0.7;1978;10;3;1
1621;1979;739.047;23.371;1.35;192;2.5;1980;1;1;;;;;;1.867;0.7;1980;6;8;1
1621;1980;1017.849;32.276;1.62;437;3.45;1980;12;21;;;;;;1.733;0.65;1981;9;15;1
1621;1981;1162.704;36.869;1.65;606;4.1;1981;12;31;;;;;;2.4;0.9;1982;8;1;1
1621;1982;1566.801;49.683;1.74;411;3.35;1982;12;14;;;;;;2.68;0.97;1983;7;13;1
1621;1983;1027.15;32.482;1.52;281;2.85;1984;1;31;;;;;;1.253;0.47;1984;8;2;1
1621;1984;2037.178;64.598;1.75;515;3.75;1985;2;15;;;;;;1.52;0.57;1985;9;8;1
1621;1985;1548.606;49.106;1.7;535.8;3.83;1986;2;18;;;;;;1.52;0.57;1985;10;2;1
1621;1986;979.442;31.058;1.68;183;2.45;1987;2;17;;;;;;2.267;0.85;1987;9;21;1
1621;1987;2138.757;67.634;1.89;463;3.55;1987;10;16;;;;;;5.68;1.34;1988;9;7;1
1621;1988;620.446;19.674;1.54;175.086;2.4;1989;3;2;;;;;;2.181;0.8;1989;8;27;1
1621;1989;;;;;;;;;;;;;;;;;;;1
1621;1990;1550.915;49.179;1.75;472.448;3.6;1991;1;11;;;;;;2.379;0.88;1990;10;1;1
1621;1991;911.814;28.834;1.65;222.445;2.6;1991;11;16;;;;;;4.298;0.8;1992;8;5;1
1621;1992;1520.97;48.23;1.78;511.93;3.75;1992;12;8;;;;;;6.34;1.18;1993;8;24;1
1621;1993;2123.782;67.345;1.82;716.274;4.5;1994;1;7;;;;;;5.91;1.1;1994;8;25;1
1621;1994;;;;;;;;;;;;;;;;;;;1
1621;1995;;;;;;;;;;;;;;;;;;;1
1621;1996;1226.557;38.894;1.61;311.25;2.95;1996;11;23;;;;;;3.407;0.9;1997;9;12;1
1621;1997;2120.641;67.245;1.72;682.774;4.38;1998;5;1;;;;;;2.6;0.8;1998;8;28;1
1621;1998;1122.732;35.602;1.57;271.535;2.78;1999;3;10;;;;;;3.072;0.86;1999;9;4;1
1621;1999;1401.466;44.319;1.59;369.805;3.2;1999;12;15;;;;;;1.98;0.71;2000;9;12;1
1621;2000;3764.39;119.368;1.98;997.892;5.52;2000;12;8;;;;;;0.884;0.98;2001;8;25;1
1621;2001;838.643;26.593;1.34;131.13;2.15;2002;2;4;;;;;;4.285;0.52;2002;9;5;1
1621;2002;;;;;;;;;;;;;;;;;;;1
1621;2003;;;;;;;;;;;;;;;;;;;1
1621;2004;790.397;25.063;1.6;172.323;2.34;2004;10;31;;;;;;0.344;0.9;2005;9;7;1
1621;2005;1302.785;41.311;1.64;392.701;3.29;2006;3;25;;;;;;0.079;0.63;2006;8;16;1
1621;2006;2075.524;65.814;1.82;738.058;4.58;2006;12;10;;;;;;0.491;1.05;2007;8;17;1
1621;2007;952.297;30.115;1.65;341.688;3.08;2008;4;10;;;;;;0.482;1.04;2008;9;30;1
1621;2008;;;;;;;;;;;;;;;;;;;1
1622;2008;;;1.16;;;;;;452;2.86;2009;1;24;;;;;;1
1622;2009;2215.433;70.251;1.38;632.391;3.46;2009;12;7;706;3.63;2009;12;7;1.71;0.91;2010;8;23;1
1622;2010;1455.702;46.16;1.26;482.65;3.14;2011;1;7;522;3.22;2011;1;7;1.352;0.89;2011;8;14;1
1622;2011;796.613;25.191;1.09;300.984;2.24;2012;4;20;327.804;2.31;2012;4;20;2.893;0.83;2011;10;22;1
1622;2012;2337.86;74.133;1.37;844.013;4.25;2013;1;20;867.46;4.32;2013;1;20;3.561;0.88;2013;9;12;1
1622;2013;2125.564;67.401;1.34;426.869;2.91;2014;2;5;473.36;3.05;2014;2;5;4.538;0.9;2013;10;13;1
1622;2014;1705.469;54.08;1.27;543.177;3.3;2015;1;31;681.3;3.76;2015;1;31;3.885;0.89;2015;9;11;1
1622;2015;2193.046;69.351;1.34;854.879;4.28;2016;2;13;949.4;4.55;2016;2;13;4.355;0.9;2016;9;10;1
1622;2016;675.996;21.436;1.09;288.432;2.47;2017;2;5;309.04;2.54;2017;2;5;3.244;0.89;2017;8;26;1
1622;2017;1730.775;54.883;1.29;352.577;2.68;2018;3;31;373.2;2.75;2018;3;31;3.175;0.89;2017;10;14;1
1622;2018;1222.443;38.763;1.22;424.725;2.9;2019;2;1;450.89;2.98;2019;2;1;3.029;0.89;2018;10;9;1
1622;2019;2189.042;69.224;1.38;563.245;3.37;2019;12;20;580.66;3.43;2019;12;20;5.609;0.93;2020;8;8;1
1622;2020;1957.147;62.061;1.36;465.777;3.04;2020;12;12;517.4;3.21;2020;12;12;8.003;0.97;2021;9;8;1
1624;2007;;;;;;;;;;;;;;;;;;;1
1624;2008;;;;;;;;;142.7;1.82;2009;1;29;;;;;;1
1624;2009;625.866;19.846;0.44;249.897;2.41;2010;2;25;337.49;2.83;2010;2;25;2.46;0.11;2009;10;2;1
1624;2010;441.975;14.015;0.33;313.67;2.63;2011;1;7;692.05;4.09;2011;1;6;1.81;0.09;2011;9;24;1
1624;2011;188.306;5.955;0.19;36.698;0.79;2012;4;19;38.98;0.88;2012;4;19;1.544;0.08;2012;9;16;1
1624;2012;578.595;18.347;0.41;289.052;2.6;2013;1;19;378.15;3;2013;1;19;1.86;0.09;2013;9;24;1
1624;2013;563.404;17.865;0.41;124.713;1.69;2014;2;8;164.88;1.96;2014;2;8;2.46;0.11;2014;8;25;1
1624;2014;414.662;13.149;0.33;118.07;1.65;2015;1;31;136.64;1.78;2015;1;31;2.287;0.1;2015;9;14;1
1624;2015;573.881;18.148;0.4;213.55;2.2;2016;1;11;332.85;2.81;2016;1;11;2.497;0.11;2016;9;10;1
1624;2016;182.015;5.772;0.19;87.47;1.33;2017;2;5;174.868;2.02;2017;2;5;1.556;0.08;2017;8;14;1
1624;2017;472.378;14.979;0.37;107.572;1.57;2018;3;15;139.655;1.8;2018;3;15;1.556;0.08;2017;10;12;1
1624;2018;380.857;12.077;0.31;126.06;1.68;2019;2;1;152.392;1.87;2019;1;31;1.81;0.09;2019;9;11;1
1624;2019;604.051;19.102;0.39;250.566;2.43;2019;12;20;284.541;2.6;2019;12;20;2.277;0.11;2020;8;9;1
1624;2020;509.941;16.17;0.37;140.322;1.73;2021;2;18;208.12;2.21;2021;2;18;2.408;0.11;2021;8;26;1
1625;2008;;;0.48;;;;;;;;;;;;;;;;1
1625;2009;162.452;5.151;0.56;51.978;1.46;2010;2;25;;;;;;0.04;0.28;2009;10;3;1
1625;2010;96.882;3.072;0.48;48.12;1.31;2011;1;6;124.64;2.16;2011;1;6;0.15;0.31;2011;8;1;1
1625;2011;45.424;1.436;0.41;12.118;0.82;2012;4;19;13.49;0.85;2012;4;19;0.005;0.22;2012;9;19;1
1625;2012;138.286;4.385;0.53;55.49;1.49;2013;1;19;74.41;1.71;2013;1;19;0.01;0.22;2013;8;30;1
1625;2013;161.279;5.114;0.56;39.787;1.3;2014;2;8;53.54;1.48;2014;2;8;0.469;0.35;2013;10;12;1
1625;2014;118.706;3.764;0.53;32.72;1.2;2015;1;31;43.21;1.35;2015;1;31;0.204;0.31;2015;8;11;1
1625;2015;174.965;5.533;0.56;56.699;1.51;2016;1;11;83.47;1.8;2016;1;11;0.036;0.25;2016;9;3;1
1625;2016;38.521;1.221;0.4;22.197;1.01;2017;2;5;43.206;1.35;2017;2;5;0.011;0.19;2017;8;3;1
1625;2017;132.803;4.211;0.53;36.218;1.25;2018;3;15;41.711;1.33;2018;3;15;0.299;0.32;2017;10;3;1
1625;2018;116.48;3.694;0.52;39.678;1.3;2019;2;1;59.545;1.55;2019;1;31;0.19;0.31;2019;9;7;1
1625;2019;162.732;5.146;0.55;62.867;1.59;2019;12;20;68.65;1.65;2019;12;20;0.014;0.22;2020;9;14;1
1625;2020;122.522;3.885;0.52;29.042;1.12;2021;2;18;47.056;1.4;2021;2;18;0.044;0.27;2021;8;21;1
1626;1970;91.347;2.897;0.33;15.7;0.85;1971;1;25;18.1;0.92;1971;1;25;0.45;0.1;1970;10;1;1
1626;1971;107.692;3.406;0.33;67.08;1.79;1972;2;11;71;1.84;1972;2;11;0.56;0.12;1972;8;7;1
1626;1972;82.757;2.624;0.32;13.02;0.77;1973;2;27;15;0.83;1973;2;27;0.49;0.14;1972;10;1;1
1626;1973;110.022;3.489;0.36;36.54;1.31;1974;2;17;59.22;1.68;1974;2;17;0.67;0.17;1973;10;1;1
1626;1974;85.336;2.706;0.33;18.54;0.93;1975;3;8;21.2;1;1974;11;24;0.73;0.18;1975;8;20;1
1626;1975;63.863;2.02;0.29;7.7;0.6;1976;1;31;9.91;0.67;1975;12;3;0.55;0.15;1976;8;7;1
1626;1976;254.051;8.056;0.57;49.87;1.54;1977;2;11;64.94;1.76;1976;11;3;0.05;0.02;1977;5;26;1
1626;1977;197.916;6.276;0.48;82.38;1.98;1978;2;28;107.8;2.28;1978;2;28;1.06;0.22;1978;9;12;1
1626;1978;224.802;7.128;0.45;143.5;2.7;1978;12;29;;;;;;0.37;0.12;1979;8;22;1
1626;1979;115.649;3.657;0.37;31.68;1.22;1980;1;22;54.215;1.61;1980;1;22;0.49;0.14;1979;10;1;1
1626;1980;78.984;2.505;0.32;48.66;1.52;1980;12;20;71.04;1.84;1980;12;20;0.37;0.12;1981;8;29;1
1626;1981;90.556;2.872;0.3;100.15;2.19;1981;12;30;;;;;;0.25;0.1;1982;9;2;1
1626;1982;119.792;3.799;0.38;20.44;0.98;1982;12;21;;;;;;0.49;0.14;1983;9;22;1
1626;1983;107.733;3.407;0.35;31.68;1.22;1984;4;3;;;;;;0.37;0.12;1983;10;13;1
1626;1984;142.391;4.515;0.41;27.78;1.14;1985;2;11;67.8;1.8;1984;11;16;0.49;0.14;1985;9;23;1
1626;1985;106.078;3.364;0.34;64.94;1.76;1986;2;17;;;;;;0.43;0.13;1985;10;17;1
1626;1986;66.33;2.103;0.29;13.025;0.77;1987;4;7;15.36;0.84;1987;2;17;0.49;0.14;1987;9;13;1
1626;1987;139.06;4.398;0.41;42.566;1.42;1987;10;15;69.386;1.82;1987;10;15;0.45;0.14;1988;9;10;1
1626;1988;44.995;1.427;0.23;8.9;0.65;1989;4;13;21.869;1.02;1989;5;24;0.403;0.13;1989;9;1;1
1626;1989;72.196;2.289;0.27;35.462;1.3;1989;12;22;;;;;;0.348;0.12;1990;8;6;1
1626;1990;98.176;3.113;0.33;41.133;1.4;1991;1;11;;;;;;0.348;0.12;1991;8;12;1
1626;1991;63.098;1.995;0.28;14.832;0.84;1992;4;3;17.009;0.9;1992;4;3;0.403;0.13;1992;8;15;1
1626;1992;114.656;3.636;0.38;24.951;1.09;1992;12;7;;;;;;0.979;0.21;1993;8;21;1
1626;1993;137.503;4.36;0.4;57.913;1.66;1994;1;6;114.435;2.33;1994;1;6;0.66;0.17;1994;8;27;1
1626;1994;119.411;3.786;0.39;53.747;1.6;1995;1;1;75.857;1.9;1995;1;1;0.323;0.15;1995;8;23;1
1626;1995;135.496;4.285;0.45;42.912;1.54;1995;12;25;92.323;2.15;1996;1;8;0.5;0.23;1996;8;19;1
1626;1996;78.528;2.49;0.39;28.497;1.27;1996;11;22;41.351;1.52;1996;11;23;0.5;0.23;1997;8;4;1
1626;1997;139.388;4.42;0.48;32.275;1.35;1998;5;1;57.036;1.76;1998;4;30;0.5;0.23;1998;8;8;1
1626;1998;71.378;2.263;0.38;11.574;0.82;1999;9;22;30.32;1.31;1999;9;22;0.37;0.21;1998;10;25;1
1626;1999;114.271;3.614;0.44;42.549;1.54;1999;10;25;58.489;1.78;1999;10;25;0.37;0.21;2000;9;16;1
1626;2000;238.62;7.567;0.48;152.185;2.66;2000;12;7;317.637;4.05;2000;12;7;0.565;0.24;2000;10;1;1
1626;2001;47.362;1.502;0.19;5.922;0.47;2002;2;7;6.967;0.52;2002;2;7;0.616;0.11;2002;8;13;1
1626;2002;125.674;3.985;0.32;55.584;1.74;2002;12;27;81.086;2.04;2002;12;27;0.526;0.1;2003;8;9;1
1626;2003;88.821;2.809;0.27;20.061;1;2003;12;31;41.95;1.53;2004;1;14;0.526;0.1;2003;10;1;1
1626;2004;62.128;1.97;0.23;7.184;0.53;2004;10;31;12.854;0.76;2004;10;31;0.39;0.08;2005;9;28;1
1626;2005;77.811;2.467;0.25;16.905;0.9;2006;3;24;20.734;1.02;2006;3;24;0.39;0.08;2006;9;10;1
1626;2006;116.307;3.688;0.32;33.526;1.36;2006;11;25;114.095;2.34;2006;11;24;0.526;0.1;2006;10;1;1
1626;2007;71.832;2.272;0.25;18.982;0.97;2008;4;21;22.079;1.06;2008;4;21;0.468;0.11;2007;10;14;1
1626;2008;;;;;;;;;;;;;;;;;;;1
1628;2008;;;0.2;;;;;;44.963;1.04;2009;2;5;;;;;;1
1628;2009;248.448;7.878;0.29;74.314;1.44;2010;2;25;96.6;1.72;2010;2;25;0.2;0.03;2009;10;1;1
1628;2010;161.048;5.107;0.21;73.9;1.42;2011;1;7;126.13;2.05;2011;1;6;0.14;0.02;2011;9;29;1
1628;2011;67.917;2.148;0.13;15.11;0.51;2012;4;19;16.6;0.54;2012;4;19;0.113;0.02;2011;10;5;1
1628;2012;206.165;6.537;0.25;82.087;1.4;2013;1;19;98.93;1.57;2013;1;19;0.2;0.03;2013;8;31;1
1628;2013;215.317;6.828;0.25;58.216;1.13;2014;2;8;101.02;1.59;2014;2;5;0.32;0.04;2014;8;24;1
1628;2014;139.872;4.435;0.2;35.601;0.84;2015;1;31;46.23;0.99;2015;1;31;0.11;0.02;2015;8;10;1
1628;2015;226.936;7.176;0.27;74.467;1.3;2016;1;11;109.54;1.67;2016;1;11;0.32;0.04;2015;10;1;1
1628;2016;59.166;1.876;0.12;28.18;0.72;2017;2;5;44.696;0.97;2017;2;5;0.318;0.04;2017;8;2;1
1628;2017;188.928;5.991;0.24;53.73;1.08;2018;3;15;64.372;1.21;2018;3;15;0.318;0.04;2017;10;5;1
1628;2018;142.897;4.531;0.21;43.796;0.96;2019;2;1;52.551;1.07;2019;2;1;0.321;0.04;2019;9;9;1
1628;2019;214.244;6.775;0.25;91.355;1.5;2019;12;20;112.808;1.7;2019;12;19;0.429;0.05;2019;10;13;1
1628;2020;180.3;5.717;0.23;49.278;1.03;2021;2;21;71.544;1.29;2021;2;18;0.54;0.06;2021;8;25;1
1629;1951;2581.278;81.628;0.79;391.631;2.42;1952;4;2;;;;;;12.598;-0.04;1952;9;7;1
1629;1952;2870.057;91.009;0.76;887.2;3.82;1952;11;30;;;;;;7.2;-0.2;1953;8;16;1
1629;1953;2344.805;74.353;0.6;597;3.24;1954;2;15;;;;;;3.12;-0.5;1954;8;5;1
1629;1954;3449.061;109.369;0.78;815;3.7;1955;1;20;;;;;;3.7;-0.48;1955;8;25;1
1629;1955;3540.195;111.952;0.84;1060;4.02;1956;1;15;;;;;;3.7;-0.48;1955;10;16;1
1629;1956;1681.406;53.317;0.45;407.4;2.54;1957;2;16;;;;;;2;-0.54;1957;9;5;1
1629;1957;2823.919;89.546;0.71;671;3.42;1958;4;5;;;;;;2;-0.54;1957;10;27;1
1629;1958;2658.881;84.313;0.71;653;3.18;1959;4;16;;;;;;4.21;-0.46;1959;8;27;1
1629;1959;6502.884;205.642;1.11;2095;4.62;1959;12;27;;;;;;4.21;-0.46;1960;9;13;1
1631;2010;7738.184;245.376;1.51;1056.289;5.25;2011;1;7;1260.08;5.75;2011;1;7;5.718;0.14;2011;7;27;1
1631;2011;3727.075;117.862;0.87;323.478;2.07;2012;4;20;622.58;3.25;2012;4;20;24.662;0.18;2012;8;14;1
1631;2012;9704.369;307.724;1.77;1927.305;6.38;2013;1;19;2225.32;6.88;2013;1;19;20.092;0.13;2012;11;13;1
1631;2013;11108.54;352.249;1.95;1997.989;6.21;2014;2;9;2418.66;6.99;2014;2;9;29.214;0.23;2014;7;10;1
1631;2014;7311.151;231.835;1.42;1108.367;4.81;2015;1;31;1349.23;5.47;2015;1;31;25.493;0.18;2015;8;30;1
1631;2015;10948.633;346.23;1.89;2857.828;7.65;2016;2;14;3054.45;8.13;2016;2;14;39.636;0.29;2015;12;25;1
1631;2016;3488.738;110.627;0.89;529.341;2.86;2017;2;5;689.02;3.63;2017;2;5;26.266;0.25;2017;8;12;1
1631;2017;7364.362;233.522;1.57;947.509;4.6;2018;4;5;1148.89;4.94;2018;4;3;26.989;0.28;2017;10;18;1
1631;2018;5613.793;178.012;1.32;601.714;3.48;2019;2;2;719.04;3.92;2019;2;1;24.237;0.27;2019;8;15;1
1631;2019;10023.453;316.973;1.85;3273.748;8.82;2019;12;20;3489.98;9.17;2019;12;20;27.13;0.09;2020;8;9;1
1631;2020;8507.539;269.772;1.69;1300.168;5.58;2021;2;10;1648.15;6.24;2020;12;11;38.637;0.2;2021;9;3;1
1637;1968;778.326;24.681;0.68;194.1;2.35;1969;3;16;;;;;;1.1;0.09;1969;8;27;1
1637;1969;524.664;16.637;0.48;272;2.61;1970;1;5;;;;;;0.5;0.03;1970;9;5;1
1637;1970;352.09;11.165;0.46;286.25;2.7;1971;1;23;;;;;;0.5;0.03;1970;10;27;1
1637;1971;411.957;13.027;0.42;422.5;3.25;1972;2;11;;;;;;0.48;0.03;1972;9;2;1
1638;2007;;;;;;;;;;;;;;;;;;;1
1638;2008;68.674;2.178;0.31;18.443;0.97;2009;1;29;31.03;1.29;2009;2;4;0.085;0.09;2009;9;26;1
1638;2009;186.375;5.91;0.45;58.296;1.42;2009;12;6;107.29;1.94;2009;12;28;0.1;0.1;2009;10;1;1
1638;2010;131.223;4.161;0.39;86.18;1.69;2011;1;6;168.57;2.49;2011;1;6;0.12;0.11;2011;9;25;1
1638;2011;;;;;;;;;24.77;1;2012;5;9;;;;;;1
1638;2012;134.846;4.276;0.41;37.484;1.4;2013;1;19;59.02;1.79;2012;12;14;0.06;0.08;2013;9;20;1
1638;2013;159.987;5.073;0.45;35.334;1.34;2014;2;8;75.87;2.04;2013;10;22;0.221;0.14;2014;9;3;1
1638;2014;85.702;2.718;0.35;16.781;0.91;2014;11;13;38.87;1.44;2014;10;16;0.1;0.1;2015;8;10;1
1638;2015;144.251;4.562;0.43;36.837;1.39;2016;1;10;62.23;1.84;2016;1;10;0.163;0.12;2016;9;12;1
1638;2016;42.615;1.351;0.25;31.172;1.26;2017;2;4;51.07;1.66;2017;2;4;0.056;0.08;2017;8;23;1
1638;2017;95.218;3.019;0.34;33.108;1.31;2018;3;11;52.258;1.68;2018;3;11;0.056;0.08;2017;10;12;1
1638;2018;82.182;2.606;0.35;17.096;0.94;2019;3;6;32.89;1.32;2018;11;10;0.096;0.1;2018;10;4;1
1638;2019;131.194;4.149;0.42;41.533;1.47;2019;12;19;75.866;2.04;2019;12;19;0.152;0.12;2020;9;13;1
1638;2020;111.913;3.549;0.39;34.029;1.31;2021;2;18;62.882;1.85;2021;2;18;0.279;0.16;2021;9;30;1
1639;2008;;;1.15;;;;;;;;;;;;;;;;1
1639;2009;;;;;;;;;;;;;;;;;;;1
1639;2010;1010.177;32.032;1.39;252.92;2.59;2011;1;6;525.76;3.73;2011;1;6;2.19;0.92;2011;8;21;1
1639;2011;;;;;;;;;87.04;1.84;2012;5;9;;;;;;1
1639;2012;728.699;23.107;1.25;123.96;2.18;2013;1;19;168.493;2.49;2012;12;14;0.264;0.57;2013;9;5;1
1639;2013;780.915;24.763;1.28;126.86;2.2;2014;2;15;181.89;2.6;2014;2;8;0.982;0.82;2014;8;26;1
1639;2014;400.265;12.692;1.13;69.817;1.79;2015;1;31;85.59;1.95;2014;10;16;0.432;0.67;2015;8;12;1
1639;2015;703.501;22.247;1.27;197.429;2.74;2016;1;11;277.7;3.44;2016;1;11;1.059;0.84;2016;9;9;1
1639;2016;230.687;7.315;1.03;85.8;1.92;2017;2;4;132.258;2.22;2017;2;4;0.556;0.71;2017;9;29;1
1639;2017;484.295;15.357;1.11;84.371;1.93;2018;3;15;101.984;2.06;2018;3;11;0.5;0.69;2017;10;16;1
1639;2018;406.257;12.882;1.14;59.289;1.67;2019;5;15;73.253;1.83;2018;12;18;0.682;0.75;2019;8;5;1
1639;2019;558.79;17.671;1.14;119.266;2.16;2019;12;19;173.393;2.53;2019;12;19;0.207;0.53;2020;8;9;1
1639;2020;567.508;17.996;1.08;110.182;2.03;2021;2;21;149.243;2.35;2021;2;18;1.346;0.62;2021;8;27;1
1640;2007;;;;;;;;;;;;;;;;;;;1
1640;2008;426.847;13.535;1.13;97.117;2.33;2009;2;5;114.357;2.53;2009;2;5;0.491;0.73;2009;9;16;1
1640;2009;975.942;30.947;1.42;169.18;3.08;2010;2;25;207.214;3.4;2010;2;25;0.509;0.73;2009;10;1;1
1640;2010;696.887;22.098;1.28;189.385;3.14;2011;1;7;363.219;4.19;2011;1;7;0.616;0.75;2011;9;24;1
1640;2011;349.749;11.06;1.11;72.875;2.03;2012;5;9;83.843;2.17;2012;5;9;0.436;0.72;2011;10;18;1
1640;2012;842.989;26.731;1.36;179.386;3.17;2013;1;19;207.214;3.4;2013;1;19;0.68;0.76;2013;9;24;1
1640;2013;981.946;31.137;1.43;172.603;3.1;2014;2;8;236.09;3.59;2014;2;8;1.578;0.85;2014;8;26;1
1640;2014;500.958;15.885;1.19;77.722;2.09;2015;1;31;97.5;2.34;2014;11;13;0.622;0.75;2015;9;10;1
1640;2015;933.533;29.521;1.4;294.683;3.85;2016;1;11;413.23;4.43;2016;1;11;0.744;0.77;2016;8;24;1
1640;2016;329.663;10.454;1.08;105.175;2.42;2017;2;4;148.087;2.89;2017;2;4;0.167;0.65;2017;7;18;1
1640;2017;;;;;;;;;;;;;;;;;;;1
1640;2018;537.198;17.034;1.22;63.92;1.92;2019;3;8;83.073;2.16;2019;1;31;0.337;0.7;2018;10;2;1
1640;2019;839.235;26.539;1.35;240.05;3.59;2019;12;21;276.968;3.81;2019;12;20;1.108;0.81;2020;8;10;1
1640;2020;713.415;22.622;1.31;131.497;2.72;2021;2;21;179.183;3.18;2021;2;18;1.647;0.86;2021;8;29;1
1641;1914;;;;;;;;;;;;;;;;;;;1
1641;1915;;;;;;;;;;;;;;;;;;;1
1641;1916;;;;;;;;;;;;;;;;;;;1
1641;1917;;;1.06;;;;;;;;;;;;;;;;1
1641;1918;;;2.46;;;;;;;;;;;;;;;;1
1641;1919;;;1.66;;;;;;;;;;;;;;;;1
1641;1920;;;1.08;;;;;;;;;;;;;;;;1
1641;1921;;;1.53;;;;;;;;;;;;;;;;1
1641;1922;;;1.8;;;;;;;;;;;;;;;;1
1641;1923;;;;;;;;;;;;;;;;;;;1
1641;1924;;;;;;;;;;;;;;;;;;;1
1641;1925;;;;;;;;;;;;;;;;;;;1
1641;1926;;;;;;;;;;;;;;;;;;;1
1641;1927;;;2.11;;;;;;;;;;;;;;;;1
1641;1928;;;1.2;;;;;;;;;;;;;;;;1
1641;1929;;;2.56;;;;;;;;;;;;;;;;1
1641;1930;;;2.28;;;;;;;;;;;;;;;;1
1641;1931;;;;;;;;;;;;;;;;;;;1
1641;1932;;;;;;;;;;;;;;;;;;;2
1641;1934;;;;;;;;;;;;;;;;;;;2
1641;1935;;;;;;;;;;;;;;;;;;;2
1641;1937;;;;;;;;;;;;;;;;;;;2
1641;1938;;;;;;;;;;;;;;;;;;;2
1641;1939;;;;;;;;;;;;;;;;;;;2
1641;1941;;;;;;;;;;;;;;;;;;;2
1641;1942;;;1.67;;;;;;;;;;;;;;;;1
1641;1943;5392.346;170.523;1.31;1150;5.35;1943;11;27;;;;;;19;0.45;1944;8;4;1
1641;1944;6445.393;204.382;1.44;3261;11.6;1944;12;12;;;;;;19;0.45;1945;8;9;1
1641;1945;9516.756;301.774;1.89;2222;8.6;1945;12;24;;;;;;20;0.46;1945;10;7;1
1641;1946;16706.4;529.756;2.75;5800;15.96;1947;2;22;6700;17.1;1947;2;;28;0.6;1947;8;8;1
1641;1947;9110.114;288.091;1.8;2672;9.8;1948;1;29;;;;;;28;0.6;1948;9;25;1
1641;1948;4095.954;129.882;1.07;1470;6.4;1948;12;12;;;;;;22;0.44;1949;9;10;1
1641;1949;7393.751;234.454;1.6;1598;6.8;1950;2;6;;;;;;21;0.42;1950;9;15;1
1641;1950;13529.79;429.027;2.4;3320;11.6;1951;2;19;;;;;;25;0.5;1951;9;25;1
1641;1951;8351.661;264.106;1.73;1347;6;1952;4;1;;;;;;22;0.44;1952;8;6;1
1641;1952;8741.258;277.183;1.74;2078;8.2;1952;12;3;;;;;;15;0.3;1953;8;21;1
1641;1953;6349.135;201.33;1.43;1224;5.6;1954;2;11;;;;;;15;0.3;1954;8;15;1
1641;1954;9882.044;313.358;1.88;2438;9.2;1955;1;18;;;;;;14;0.28;1955;7;19;1
1641;1955;10298.614;325.675;1.96;2438;9.2;1956;1;15;;;;;;18;0.36;1956;8;15;1
1641;1956;5431.778;172.241;1.31;1514;6.54;1957;2;15;;;;;;23;0.46;1957;8;13;1
1641;1957;9680.64;306.971;1.87;2474;9.3;1958;3;27;;;;;;27;0.52;1957;10;1;1
1641;1958;9651.24;306.039;1.9;1942.8;7.82;1959;4;16;;;;;;39;0.62;1959;8;28;1
1641;1959;18276.366;577.956;2.87;6780;17.2;1959;12;27;;;;;;42;0.64;1960;9;12;1
1641;1960;15958.78;506.05;2.67;3269.6;11.46;1960;11;17;;;;;;15;0.3;1961;8;29;1
1641;1961;15608.212;494.933;;5998.8;;1962;3;31;;;;;;6.4;;1962;9;16;1
1641;1962;10948.141;347.163;;2821.2;;1963;3;13;;;;;;36.7;;1962;10;16;1
1641;1963;12177.484;385.09;;2315.5;;1964;3;21;;;;;;65.7;;1964;7;18;1
1641;1964;6068.736;192.438;;894.6;;1965;3;16;;;;;;28.7;;1965;8;3;1
1641;1965;20606.996;653.444;;4191.9;;1966;2;13;;;;;;23.2;;1966;7;31;1
1641;1966;9201.781;291.787;;1960.6;;1966;11;5;;;;;;31.7;;1967;8;30;1
1642;2008;;;2.51;;;;;;;;;;;;;;;;1
1642;2009;14987.177;475.24;3.39;2691.929;8.7;2010;2;26;2850.196;9.03;2010;2;26;37.096;1.12;2010;8;15;1
1642;2010;;;;;;;;;2263.257;7.94;2011;1;7;;;;;;1
1642;2011;5373.913;169.94;2.16;607.279;4.06;2012;5;9;855.975;5.21;2012;5;5;41.734;1.18;2011;10;22;1
1642;2012;13164.905;417.456;3.18;2844.392;9.25;2013;1;19;3059.292;9.9;2013;1;19;54.403;1.35;2013;8;31;1
1642;2013;14840.155;470.578;3.33;2856.973;9.06;2014;2;9;2920.95;9.22;2014;2;8;47.007;1.25;2014;7;10;1
1642;2014;9210.498;292.063;2.66;1348.62;6.42;2015;1;31;1930.8;7.43;2015;1;31;45.76;1.23;2015;5;31;1
1642;2015;14051.429;444.35;3.25;3174.229;10.77;2016;2;13;3221.65;11.15;2016;2;13;55.718;1.37;2015;12;13;1
1642;2016;4856.529;154;2.04;870.997;5.3;2017;2;5;914.883;5.54;2017;2;5;45.512;1.23;2017;1;15;1
1642;2017;10693.452;339.087;2.87;1311.643;6.45;2018;3;17;1490.843;6.75;2018;3;17;53.91;1.35;2017;10;1;1
1642;2018;8587.253;272.3;2.63;872.859;5.31;2019;2;1;957.421;5.7;2019;1;31;56.269;1.38;2019;9;7;1
1642;2019;12912.81;408.344;3.06;3211.846;11.07;2019;12;21;3234.2;11.25;2019;12;21;39.267;1.15;2020;8;11;1
1642;2020;10133.83;321.342;2.88;1839.755;7.83;2021;2;10;1921.522;8.01;2021;2;10;41.72;1.24;2020;10;20;1
1644;2008;;;0.58;;;;;;;;;;;;;;;;1
1644;2009;394.31;12.503;0.74;122.197;2.47;2009;12;6;;;;;;0.577;0.02;2009;10;1;1
1644;2010;262.354;8.319;0.62;118.05;2.37;2011;1;6;210.46;3.23;2011;1;6;0.84;0.27;2011;6;12;1
1644;2011;164.067;5.188;0.53;54.88;1.65;2012;5;9;153.95;2.77;2012;4;25;0.74;0.41;2012;8;11;1
1644;2012;373.165;11.833;0.67;119.873;2.98;2012;12;14;191.886;4.17;2012;12;14;0.58;0.02;2013;8;12;1
1644;2013;463.921;14.711;0.78;92.136;2.45;2013;11;2;162.74;3.76;2013;10;22;1.052;0.31;2014;8;1;1
1644;2014;;;;;;;;;152.98;3.61;2014;10;16;;;;;;1
1644;2015;389.071;12.304;0.68;139.726;3.36;2016;2;12;209.1;4.39;2016;1;8;0.56;0;2016;9;6;1
1644;2016;145.124;4.602;0.48;86.529;2.32;2017;2;4;141.278;3.42;2017;2;4;0.574;0.02;2016;10;10;1
1644;2017;301.02;9.545;0.65;73.31;1.98;2018;1;3;154.256;3.63;2017;12;10;1.062;0.32;2017;10;13;1
1644;2018;202.442;6.419;0.49;97.957;2.57;2019;1;31;158.781;3.7;2018;11;10;0.577;0.02;2019;9;27;1
1644;2019;395.796;12.516;0.71;81.865;2.2;2019;12;21;123.145;3.1;2020;3;5;0.577;0.02;2019;10;11;1
1644;2020;323.673;10.264;0.61;93.161;2.46;2020;12;11;149.208;3.55;2020;10;25;0.62;0.06;2021;9;24;1
1645;1970;339.339;10.76;0.82;208.75;3.5;1971;1;23;;;;;;0.78;0.47;1970;10;2;1
1645;1971;357.96;11.32;0.79;335.5;4.5;1972;2;11;;;;;;0.49;0.44;1972;8;1;1
1645;1972;439.718;13.943;;402.5;4.95;1972;12;6;;;;;;1.18;0.46;1973;9;2;1
1645;1973;;;;;;;;;;;;;;;;;;;1
1645;1974;401.552;12.733;0.78;178;2.7;1975;1;24;;;;;;1.3;0.45;1975;9;24;1
1645;1975;223.079;7.054;0.65;385.1;4.18;1975;10;1;;;;;;0.74;0.39;1976;8;9;1
1645;1976;945.987;29.997;1.07;388;4.2;1977;2;20;;;;;;2;0.5;1977;8;18;1
1645;1977;710.275;22.523;0.95;297.2;3.58;1978;2;25;;;;;;1.3;0.45;1978;9;25;1
1645;1978;1125.162;35.679;1.06;388;4.2;1978;12;24;;;;;;1.3;0.45;1979;9;10;1
1645;1979;616.368;19.492;0.87;267.875;3.37;1980;3;27;;;;;;1.282;0.46;1979;10;1;1
1645;1980;290.506;9.212;0.79;178;2.7;1980;12;20;;;;;;1.254;0.45;1981;8;28;1
1645;1981;;;;;;;;;;;;;;;;;;;1
1645;1982;;;;;;;;;;;;;;;;;;;1
1645;1983;546.027;17.267;0.91;380.75;4.15;1983;12;22;;;;;;1.55;0.5;1984;9;8;1
1645;1984;722.776;22.919;1.03;373.5;4.1;1985;2;12;;;;;;1.47;0.49;1985;9;29;1
1645;1985;595.858;18.895;0.94;410.5;4.35;1986;2;17;;;;;;1.55;0.5;1986;8;10;1
1645;1986;417.979;13.254;0.87;188.4;2.78;1986;12;13;;;;;;1.551;0.49;1987;9;10;1
1645;1987;837.603;26.488;1.04;1047.819;7;1987;10;15;;;;;;1.913;0.52;1988;9;17;1
1645;1988;244.531;7.754;0.72;111.351;2.25;1989;4;13;;;;;;0.771;0.43;1989;9;12;1
1645;1989;407.074;12.908;0.81;341.545;3.9;1989;12;20;;;;;;0.389;0.3;1990;9;28;1
1645;1990;493.31;15.643;0.89;341.545;3.9;1991;1;7;;;;;;0.785;0.39;1990;10;9;1
1645;1991;334.946;10.592;0.81;551.836;5;1991;11;15;;;;;;1.03;0.43;1992;8;26;1
1645;1992;450.193;14.276;0.9;333.035;3.85;1992;12;6;;;;;;1.401;0.48;1993;9;1;1
1645;1993;771.102;24.451;1.04;355.16;3.98;1994;1;11;;;;;;1.589;0.5;1994;8;29;1
1645;1994;784.777;24.885;1.01;351.756;3.96;1994;10;22;;;;;;1.111;0.46;1995;9;4;1
1645;1995;611.015;19.322;1;538.804;5.3;1995;12;24;;;;;;0.73;0.42;1996;9;6;1
1645;1996;440.687;13.974;0.92;526.123;5.25;1996;11;22;;;;;;1.006;0.45;1996;10;9;1
1645;1997;518.633;16.446;0.99;236.226;3.8;1997;11;13;;;;;;1.274;0.47;1998;9;1;1
1645;1998;320.835;10.174;0.85;132.193;3;1999;9;22;;;;;;1.675;0.5;1999;9;8;1
1645;1999;549.399;17.374;0.93;188.179;3.4;2000;4;25;;;;;;2.296;0.5;2000;9;8;1
1645;2000;;;;;;;;;;;;;;;;;;;1
1645;2001;259.236;8.22;0.76;170.311;3.21;2001;10;22;;;;;;1.382;0.47;2002;9;13;1
1645;2002;667.661;21.171;0.98;286.361;4.1;2002;12;26;;;;;;1.344;0.47;2003;8;23;1
1645;2003;327.769;10.365;0.82;111.812;2.53;2003;11;30;;;;;;0.902;0.44;2004;8;6;1
1645;2004;227.972;7.229;0.74;90.559;2.4;2004;10;30;;;;;;0.533;0.4;2005;8;31;1
1645;2005;342.172;10.85;0.83;300.719;4.18;2006;3;23;;;;;;0.533;0.4;2006;8;13;1
1645;2006;677.17;21.473;1;526.08;5.25;2006;12;7;;;;;;1.228;0.48;2007;9;26;1
1645;2007;254.945;8.062;0.81;80.015;2.42;2008;4;23;;;;;;1.182;0.45;2007;10;13;1
1645;2008;;;0.97;;;;;;219.5;;2009;1;23;;;;;;1
1645;2009;485.034;15.38;1.04;173.414;2.24;2009;12;6;272.33;3.31;2009;12;6;0.636;0.6;2010;8;19;1
1645;2010;343.807;10.902;0.97;145.31;2;2011;1;6;246.7;2.62;2011;1;6;0.32;0.83;2011;8;12;1
1645;2011;231.139;7.309;0.94;69.501;1.57;2012;5;9;149.7;1.96;2011;12;16;0.317;0.81;2011;10;23;1
1645;2012;566.428;17.961;1.05;194.757;2.65;2012;12;14;295.3;3.92;2012;12;14;0.35;0.78;2013;9;25;1
1645;2013;686.19;21.759;1.11;144.386;1.98;2013;11;2;286.7;2.93;2014;2;8;1.17;0.88;2014;8;5;1
1645;2014;371.396;11.777;1.02;95.101;1.71;2014;10;16;224.9;2.62;2014;10;16;0.887;0.75;2015;8;12;1
1645;2015;633.754;20.041;1.1;290.935;3.59;2016;2;13;344.57;4.37;2016;2;13;1.011;0.78;2016;9;8;1
1645;2016;192.902;6.117;0.91;126.761;1.94;2017;2;4;222.755;2.59;2017;2;4;0.325;0.3;2017;8;18;1
1645;2017;536.117;17;1.07;100.271;1.79;2018;2;16;250.001;2.98;2017;12;11;0.957;0.77;2018;9;16;1
1645;2018;391.517;12.415;1.02;160.966;2.08;2019;1;31;232.688;2.73;2018;11;10;0.685;0.64;2019;9;19;1
1645;2019;610.719;19.313;1.07;137.783;1.96;2019;12;21;201.63;2.32;2019;11;13;0.726;0.67;2020;8;8;1
1645;2020;510.417;16.185;1.05;141.221;2.01;2020;12;11;226.326;2.64;2021;2;3;1.013;0.78;2021;9;21;1
1646;2008;;;;;;;;;;;;;;;;;;;1
1646;2009;54.297;1.722;0.37;41.432;1.74;2009;12;6;;;;;;0.078;0.1;2010;8;31;1
1646;2010;34.861;1.105;0.27;35.31;1.54;2011;1;6;113.19;2.81;2011;1;6;0.02;0.05;2011;8;3;1
1646;2011;25.304;0.8;0.27;22.973;0.91;2011;10;26;126.45;2.98;2011;10;26;0.014;0.04;2011;10;12;1
1646;2012;58.233;1.847;0.36;48.719;1.85;2013;1;18;91.62;2.52;2012;12;14;0.03;0.06;2013;9;22;1
1646;2013;67.821;2.151;0.39;31.615;1.55;2014;2;8;65.54;2.14;2014;2;8;0.088;0.1;2014;8;1;1
1646;2014;33.474;1.061;0.3;21.305;1.23;2015;1;30;84.5;2.42;2014;10;16;0.07;0.09;2015;8;8;1
1646;2015;65.567;2.073;0.35;98.933;2.61;2016;2;13;136.88;3.11;2016;2;13;0.02;0.05;2016;9;7;1
1646;2016;13.703;0.435;0.2;6.796;0.82;2017;2;4;17.856;1.28;2017;2;4;0.02;0.05;2017;9;3;1
1646;2017;27.426;0.87;0.26;7.801;0.6;2017;12;10;48.706;1.87;2017;12;10;0.021;0.05;2017;10;3;1
1646;2018;41.368;1.312;0.25;28.906;1.45;2019;1;31;50.897;1.91;2019;1;31;0.029;0.06;2019;9;14;1
1646;2019;72.74;2.3;0.33;26.926;1.41;2019;12;19;80.777;2.39;2019;12;18;0.066;0.08;2019;10;7;1
1646;2020;98.678;3.129;0.39;53.376;1.87;2021;2;18;126.523;3;2021;2;18;0.237;0.13;2020;10;18;1
1647;1972;117.399;3.723;0.6;39.08;1.88;1973;1;17;;;;;;0.32;0.11;1973;9;12;1
1647;1973;155.381;4.927;0.66;40.1;1.9;1974;2;15;;;;;;0.21;0.59;1973;12;5;1
1647;1974;112.365;3.563;0.56;26.67;1.58;1975;3;4;;;;;;0.24;0.08;1975;9;8;1
1647;1975;73.722;2.331;0.54;17;1.3;1976;9;28;;;;;;0.36;0.13;1976;8;21;1
1647;1976;408.627;12.957;1.06;106.4;3.2;1977;2;11;;;;;;1.07;0.39;1977;8;16;1
1647;1977;377.436;11.968;0.97;152.3;4.1;1978;3;2;;;;;;0.5;0.2;1978;9;28;1
1647;1978;655.613;20.789;1.09;152.3;4.1;1979;2;15;;;;;;0.3;0.1;1978;10;30;1
1647;1979;406.327;12.849;1.05;73.76;2.56;1980;3;27;;;;;;0.44;0.17;1980;9;16;1
1647;1980;228.073;7.232;0.77;65.6;2.4;1981;3;1;;;;;;0.3;0.1;1981;9;8;1
1647;1981;207.373;6.576;0.7;91.1;2.9;1981;12;31;;;;;;0.18;0.06;1982;9;19;1
1647;1983;187.304;5.923;0.69;52.34;2.14;1983;12;23;59.48;2.28;1983;12;22;0.4;0.15;1984;8;7;1
1647;1984;295.513;9.371;0.87;64.58;2.38;1985;2;15;66.62;2.42;1985;2;15;0.42;0.16;1984;10;1;1
1647;1985;146.847;4.656;0.65;42.14;1.94;1986;2;17;51.32;2.12;1986;2;17;0.44;0.17;1986;8;8;1
1647;1986;140.377;4.451;0.67;27.035;1.59;1987;4;5;;;;;;0.42;0.16;1987;9;11;1
1647;1997;242.019;7.674;0.46;46.998;1.42;1997;11;24;;;;;;0.378;0.2;1998;8;24;1
1647;1998;113.344;3.594;0.35;26.496;1.23;1999;9;22;;;;;;0.678;0.22;1999;7;30;1
1647;1999;124.242;3.929;0.4;41.104;1.66;2000;4;25;43.245;1.72;2000;4;25;0.33;0.2;2000;9;15;1
1647;2000;;;;;;;;;;;;;;;;;;;1
1647;2001;114.329;3.625;0.39;58.149;2.12;2001;10;22;71.641;2.46;2001;10;22;0.997;0.26;2002;7;17;1
1647;2002;228.865;7.257;0.53;49.81;1.9;2002;12;27;;;;;;0.997;0.26;2002;10;1;1
1647;2003;;;;;;;;;;;;;;;;;;;1
1647;2004;;;;;;;;;;;;;;;;;;;1
1647;2009;;;;;;;;;;;;;;;;;;;1
1647;2010;128.765;4.083;0.23;40.74;1.4;2011;1;7;43.81;1.48;2011;1;7;0.26;0.03;2011;8;21;1
1647;2011;81.597;2.58;0.17;23.023;0.91;2011;10;27;32.62;1.19;2011;10;27;0.081;0.01;2011;10;12;1
1647;2012;175.298;5.559;0.29;68.172;2.05;2013;1;19;75.82;2.22;2013;1;19;0.05;0.01;2013;9;14;1
1647;2013;205.757;6.524;0.33;53.889;1.72;2014;2;9;58.81;1.84;2014;2;8;0.542;0.06;2014;9;2;1
1647;2014;123.51;3.916;0.23;34.447;1.23;2015;1;31;43.81;1.48;2015;1;31;0.184;0.03;2015;8;9;1
1647;2015;208.572;6.596;0.32;124.209;3.19;2016;2;13;138.18;3.46;2016;2;13;0.03;0.01;2016;9;6;1
1647;2016;60.682;1.924;0.13;20.088;0.83;2017;2;5;24.394;0.96;2017;2;5;0.03;0;2017;8;19;1
1647;2017;110.413;3.501;0.2;24.389;0.95;2017;12;11;32.989;1.2;2017;12;11;0.046;0.01;2017;10;16;1
1647;2018;114.391;3.627;0.2;32.602;0.99;2019;2;1;45.692;1.26;2019;1;31;0.136;0.02;2018;10;10;1
1647;2019;243.702;7.707;0.29;259.001;2.98;2019;12;21;274.86;3.07;2019;12;21;0.234;0.03;2020;9;13;1
1647;2020;186.609;5.917;0.28;56.363;1.37;2021;2;18;86.733;1.8;2021;2;18;0.331;0.04;2021;9;6;1
1659;2007;;;;;;;;;;;;;;;;;;;1
1659;2008;;;0.26;;;;;;100.979;1.6;2009;1;29;;;;;;1
1659;2009;482.15;15.289;0.44;160.19;2.1;2010;2;25;;;;;;0.55;0.06;2009;10;1;1
1659;2010;304.748;9.664;0.34;86.96;1.43;2011;1;7;159.85;2.11;2011;1;7;0.55;0.07;2011;9;22;1
1659;2011;123.226;3.897;0.2;31.076;0.77;2012;4;19;46.28;1;2012;4;19;0.32;0.05;2012;9;20;1
1659;2012;399.982;12.683;0.38;262.908;2.82;2013;1;19;352.897;3.4;2013;1;19;0.434;0.06;2013;9;3;1
1659;2013;508.223;16.116;0.45;162.716;2.1;2014;2;8;218.9;2.55;2014;2;8;0.7;0.08;2014;9;6;1
1659;2014;249.505;7.912;0.31;100.172;1.57;2015;1;31;162.37;2.13;2015;1;31;0.56;0.07;2015;8;22;1
1659;2015;426.309;13.481;0.4;248.333;2.74;2016;2;13;310.88;3.15;2016;2;13;0.834;0.09;2015;10;4;1
1659;2016;104.854;3.325;0.18;50.404;1.04;2017;2;5;87.728;1.47;2017;2;5;0.221;0.04;2017;8;26;1
1659;2017;309.379;9.81;0.33;73.78;1.32;2018;3;16;86.74;1.46;2018;3;11;0.428;0.06;2017;10;17;1
1659;2018;230.979;7.324;0.3;49.687;1.04;2019;2;1;79.946;1.39;2019;1;31;0.446;0.06;2019;9;16;1
1659;2019;396.615;12.542;0.38;235.873;2.66;2019;12;20;283.526;2.98;2019;12;20;0.434;0.06;2020;9;13;1
1659;2020;322.3;10.22;0.36;100.599;1.59;2021;2;21;133.143;1.89;2021;2;9;1.012;0.1;2020;10;19;1
1705;1956;454.513;14.413;;100.398;;1957;2;8;;;;;;6.275;;1957;8;4;1
1705;1957;671.791;21.302;;159.68;;1958;3;27;;;;;;5.164;;1958;8;3;1
1705;1958;723.66;22.947;;184.26;;1958;12;20;;;;;;3.906;;1959;9;23;1
1705;1959;1167.031;36.905;;654.5;;1959;12;26;;;;;;2.1;;1960;9;14;1
1705;1960;879.44;27.887;;150;;1960;11;17;;;;;;0.6;;1961;9;5;1
1705;1961;885.099;28.066;;579.6;;1962;3;31;;;;;;1.3;;1962;9;2;1
1705;1962;765.979;24.289;;206.7;;1963;3;11;;;;;;2.3;;1962;10;24;1
1705;1963;688.28;21.766;;184;;1963;11;15;;;;;;2.2;;1964;9;3;1
1705;1964;496.8;15.753;;116.8;;1965;3;17;;;;;;1.9;;1965;7;25;1
1705;1965;1089.677;34.553;;265.9;;1966;1;22;;;;;;0;;1966;8;15;1
1705;1966;305.26;9.68;;41.5;;1967;5;14;;;;;;0;;1967;1;19;1
1715;2007;;;;;;;;;;;;;;;;;;;1
1715;2008;65.712;2.084;0.3;26.911;1.11;2009;1;23;41.31;1.4;2009;1;23;0.249;0.14;2008;10;1;1
1715;2009;124.681;3.954;0.4;20.19;1;2010;2;25;22.92;1.09;2010;2;25;0.33;0.16;2009;10;3;1
1715;2010;82.739;2.624;0.34;18.61;0.95;2011;1;7;29.3;1.28;2011;1;6;0.3;0.15;2011;9;28;1
1715;2011;37.991;1.201;0.25;9.932;0.64;2012;5;9;11.13;0.68;2012;5;8;0.2;0.13;2012;9;16;1
1715;2012;102.63;3.254;0.36;26.207;1.18;2013;1;19;41.23;1.6;2013;1;19;0.275;0.15;2012;10;9;1
1715;2013;133.505;4.233;0.41;16.353;0.87;2014;2;14;25.54;1.17;2013;12;24;0.379;0.17;2014;9;4;1
1715;2014;79.894;2.533;0.34;16.996;0.89;2015;1;31;29.65;1.29;2015;1;30;0.38;0.17;2015;9;8;1
1715;2015;135.108;4.273;0.41;34.528;1.42;2016;2;13;45.24;1.7;2016;2;13;0.38;0.17;2016;9;7;1
1715;2016;41.601;1.319;0.25;15.43;0.84;2017;2;4;25.875;1.18;2017;2;4;0.272;0.15;2017;9;29;1
1715;2017;99.621;3.159;0.36;13.462;0.77;2018;4;4;33.978;1.41;2017;12;10;0.237;0.14;2017;10;7;1
1715;2018;69.913;2.217;0.32;14.719;0.81;2019;1;31;23.239;1.1;2019;1;31;0.328;0.16;2019;9;15;1
1715;2019;114.48;3.62;0.38;26.203;1.19;2019;12;21;32.878;1.38;2019;12;21;0.35;0.16;2020;9;10;1
1715;2020;94.756;3.005;0.35;18.665;0.95;2020;12;11;23.239;1.1;2020;12;11;0.396;0.17;2021;9;6;1
1718;1953;293.14;9.295;;57.642;;1954;2;9;;;;;;0.714;;1954;7;16;1
1718;1954;349.474;11.082;;107.366;;1955;1;20;;;;;;0.564;;1954;10;1;1
1718;1955;387.435;12.252;;98.5;;1955;12;23;;;;;;0.655;;1956;9;21;1
1718;1956;156.379;4.959;;34.868;;1957;2;15;;;;;;0.23;;1957;9;19;1
1718;1957;326.532;10.354;;85.673;;1958;3;26;;;;;;0.618;;1958;9;13;1
1718;1958;455.651;14.449;;110.501;;1958;12;19;;;;;;1.088;;1959;8;20;1
1718;1959;702.838;22.226;;181.9;;1959;12;26;;;;;;2.8;;1960;9;15;1
1718;1960;631.092;20.012;;149.2;;1960;11;16;;;;;;2.5;;1961;8;21;1
1718;1961;785.091;24.895;0.51;227;2.37;1962;4;1;;;;;;0.7;-0.15;1962;9;6;1
1718;1962;356.892;11.317;0.37;105.5;1.4;1963;3;11;;;;;;1.9;-0.02;1962;10;21;1
1718;1963;383.193;12.118;0.39;84.5;1.25;1964;3;21;;;;;;2.2;0;1964;7;26;1
1718;1964;166.277;5.273;;55.2;;1965;3;25;;;;;;0.1;;1965;8;20;1
1718;1965;408.542;12.955;;175;;1966;1;22;;;;;;0;;1966;7;1;1
1718;1966;;;;;;;;;;;;;;;;;;;1
1719;2008;;;0.13;;;;;;;;;;;;;;;;1
1719;2009;157.587;4.997;0.15;10.979;0.3;2010;4;21;;;;;;2.678;0.09;2009;11;10;1
1719;2010;129.357;4.102;0.13;4.99;0.16;2011;5;9;6.09;0.19;2011;7;12;3.37;0.11;2010;10;24;1
1719;2011;109.721;3.47;0.13;4.856;0.17;2012;5;14;5.272;0.18;2012;5;14;2.809;0.11;2012;4;8;1
1719;2012;239.226;7.586;0.19;45.053;0.7;2013;4;8;45.478;0.7;2013;4;8;2.13;0.09;2013;7;25;1
1719;2013;296.135;9.39;0.22;31.52;0.56;2014;1;20;31.52;0.56;2014;1;17;2.51;0.1;2013;12;29;1
1719;2014;143.065;4.537;0.14;19.477;0.4;2015;2;18;20.05;0.41;2015;2;17;3.194;0.1;2015;3;11;1
1719;2015;251.836;7.964;0.19;38.095;0.63;2016;2;16;39.91;0.65;2016;2;15;2.36;0.04;2016;9;22;1
1719;2016;110.226;3.495;0.12;4.345;0.16;2017;8;8;4.461;0.16;2017;4;19;2.886;0.08;2016;10;1;1
1719;2017;187.274;5.938;0.15;34.971;0.6;2018;4;27;34.971;0.6;2018;4;25;2.612;0.06;2018;1;23;1
1719;2018;110.887;3.516;0.12;3.997;0.14;2019;8;27;7.675;0.23;2019;8;27;3.017;0.09;2019;1;30;1
1719;2019;285.738;9.036;0.19;100.055;1.17;2019;12;21;112.914;1.26;2019;12;20;2.972;0.09;2020;4;30;1
1719;2020;121.261;3.845;0.14;4.617;0.16;2021;5;10;5.272;0.18;2021;6;14;3.33;0.11;2020;10;8;1
1720;2008;;;;;;;;;;;;;;;;;;;1
1720;2009;35.317;1.12;0.19;5.367;0.78;2010;2;25;;;;;;0.382;0.07;2009;11;8;1
1720;2010;30.333;0.962;0.16;3.14;0.48;2011;1;7;4.09;0.61;2011;1;6;0.25;0.05;2010;10;17;1
1720;2011;20.979;0.663;0.12;1.451;0.24;2012;6;2;2;0.32;2012;8;15;0.25;0.05;2012;1;1;1
1720;2012;27.09;0.859;0.15;4.231;0.63;2013;1;19;5.67;0.82;2013;1;19;0.093;0.02;2012;10;28;1
1720;2013;;;;;;;;;;;;;;;;;;;1
1720;2014;37.031;1.174;0.2;2.173;0.34;2015;9;16;2.91;0.45;2015;9;15;0.673;0.12;2015;3;29;1
1720;2015;41.793;1.322;0.22;5.041;0.74;2016;1;10;6.37;0.91;2016;1;11;0.653;0.12;2016;2;3;1
1720;2016;24.744;0.785;0.14;1.896;0.3;2017;2;4;2.915;0.45;2017;2;4;0.225;0.04;2017;1;20;1
1720;2017;35.681;1.131;0.19;2.441;0.38;2018;4;4;2.843;0.44;2018;6;8;0.336;0.06;2017;12;2;1
1720;2018;37.981;1.204;0.2;2.377;0.37;2019;2;1;3.204;0.49;2019;2;1;0.715;0.13;2019;1;18;1
1720;2019;39.413;1.246;0.21;6.078;0.87;2019;12;20;6.837;0.97;2019;12;20;0.742;0.13;2020;1;26;1
1720;2020;35.612;1.129;0.21;3.374;0.51;2021;2;12;4.534;0.67;2021;2;12;0.507;0.09;2020;11;24;1
1721;2007;181.405;5.737;0.34;42.139;0.71;2008;4;23;44.784;0.73;2008;4;23;0.658;0.24;2008;9;20;1
1721;2008;318.818;10.11;0.38;149.312;1.03;2009;1;23;224.176;1.19;2009;1;23;0.514;0.23;2009;7;16;1
1721;2009;;;;;;;;;239.4;1.22;2010;2;25;;;;;;1
1721;2010;394.859;12.521;0.42;163.94;1.07;2011;1;7;285.29;1.31;2011;1;6;0.51;0.23;2011;8;12;1
1721;2011;179.162;5.666;0.34;37.094;0.68;2012;5;9;41.64;0.71;2012;5;8;0.72;0.23;2011;10;1;1
1721;2012;507.055;16.079;0.44;212.114;1.17;2013;1;19;290.41;1.32;2013;1;19;0.633;0.23;2013;8;22;1
1721;2013;664.95;21.085;0.49;136.411;1.02;2014;3;2;188.81;1.12;2013;12;24;1.709;0.26;2014;9;3;1
1721;2014;390.055;12.369;0.42;203.241;1.15;2015;1;31;336.61;1.41;2015;1;31;0.666;0.23;2015;8;13;1
1721;2015;618.337;19.554;0.47;286.875;1.31;2016;2;13;346.91;1.43;2016;2;13;1.151;0.25;2016;9;8;1
1721;2016;178.07;5.647;0.33;85.486;0.87;2017;2;5;198.891;1.14;2017;2;4;0.692;0.23;2017;8;23;1
1721;2017;440.15;13.957;0.43;72.747;0.86;2018;3;10;188.811;1.12;2017;12;11;0.761;0.23;2017;10;10;1
1721;2018;310.801;9.855;0.38;73.43;0.9;2019;1;31;97.698;1.05;2019;1;31;0.241;0.18;2019;8;6;1
1721;2019;349.929;11.066;0.36;147.449;1.26;2019;12;20;172.125;1.34;2019;12;20;0.172;0.14;2020;4;14;1
1721;2020;;;0.35;;;;;;;;;;;;;;;;1
1722;1995;284.198;8.987;1.19;52.719;2.15;1996;1;8;109.067;2.82;1996;1;8;0.866;0.83;1996;9;3;1
1722;1996;170.725;5.414;1.09;34.443;1.86;1996;11;22;37.87;1.92;1996;11;22;1.26;0.87;1997;9;30;1
1722;1997;251.515;7.975;1.17;34.999;1.87;1997;12;2;41.477;1.98;1997;12;2;1.15;0.86;1997;10;16;1
1722;1998;148.459;4.708;1.07;18.837;1.54;1999;9;22;48.034;2.08;1999;9;22;1.26;0.87;1999;8;15;1
1722;1999;210.133;6.645;1.13;35.555;1.88;1999;10;24;57.584;2.22;1999;10;23;1.26;0.87;2000;9;12;1
1722;2000;423.387;13.426;1.31;79.762;2.5;2001;1;5;151.194;3.21;2001;1;5;0.812;0.89;2001;9;14;1
1722;2001;84.706;2.686;1;10.768;1.33;2002;2;7;15.175;1.45;2002;2;5;0.719;0.88;2001;12;24;1
1722;2002;248.547;7.881;1.17;56.065;2.2;2002;12;27;83.163;2.54;2002;12;26;0.441;0.85;2003;8;25;1
1722;2003;180.074;5.695;1.11;35.555;1.88;2003;12;30;44.019;2.02;2003;12;30;0.627;0.87;2003;10;8;1
1722;2004;125.122;3.968;1.05;21.354;1.6;2004;10;20;33.332;1.84;2004;10;20;0.205;0.8;2005;8;11;1
1722;2005;152.075;4.822;1.07;43.349;2.01;2006;3;24;54.057;2.17;2006;3;24;0.506;0.85;2006;8;6;1
1722;2006;260.507;8.261;1.2;48.034;2.08;2006;10;25;89.204;2.61;2006;10;25;0.843;0.88;2007;9;16;1
1722;2007;119.713;3.786;1.03;22.749;1.63;2008;4;23;23.214;1.64;2008;4;23;0.955;0.89;2007;10;1;1
1722;2008;;;;;;;;;;;;;;;;;;;1
1723;2007;;;;;;;;;;;;;;;;;;;1
1723;2008;187.163;5.935;0.6;42.817;1.55;2009;1;23;60;;2009;1;22;0.93;0.22;2009;9;27;1
1723;2009;252.616;8.01;0.69;44.846;1.57;2010;2;25;54.95;1.71;2010;2;25;0.93;0.22;2009;10;1;1
1723;2010;;;;;;;;;71.81;1.9;2011;1;6;;;;;;1
1723;2011;95.579;3.023;0.42;17.115;1.08;2012;5;9;19.62;1.14;2012;5;8;0.784;0.2;2012;9;7;1
1723;2012;207.823;6.59;0.58;51.336;1.65;2013;1;19;80.77;1.99;2013;1;19;0.636;0.18;2013;9;24;1
1723;2013;260.673;8.266;0.67;34.966;1.43;2014;3;2;49.42;1.64;2014;2;8;0.788;0.2;2014;9;27;1
1723;2014;166.473;5.279;0.55;46.402;1.52;2015;1;30;94.72;2.16;2015;1;30;0.735;0.19;2015;9;8;1
1723;2015;222.305;7.03;0.62;51.505;1.66;2016;2;13;78.73;1.97;2016;1;10;0.73;0.19;2016;9;8;1
1723;2016;67.849;2.151;0.34;25.996;1.25;2017;2;4;46.413;1.6;2017;2;4;0.528;0.16;2017;8;26;1
1723;2017;176.934;5.611;0.55;25.357;1.26;2018;3;10;45.679;1.59;2017;12;11;0.456;0.14;2017;10;9;1
1723;2018;146.833;4.656;0.54;26.781;1.27;2019;1;31;39.395;1.5;2019;1;31;0.702;0.19;2019;9;14;1
1723;2019;223.53;7.069;0.6;67.372;1.85;2019;12;20;85.9;2.04;2019;12;19;0.663;0.18;2019;10;12;1
1723;2020;186.924;5.927;0.57;50.475;1.65;2020;12;11;62.598;1.8;2020;12;11;0.899;0.22;2020;10;1;1
1724;1973;298.361;9.461;1.26;60.8;2.44;1974;1;10;107.8;3.04;1974;1;9;2.4;0.95;1974;8;16;1
1724;1974;222.858;7.067;1.17;36.1;2.02;1975;3;8;50.8;2.28;1974;11;25;1.6;0.8;1974;10;1;1
1724;1975;218.131;6.898;1.19;26;1.8;1975;10;1;;;;;;2.28;0.94;1976;8;15;1
1724;1976;504.867;16.009;1.47;133.5;3.3;1976;11;4;167;3.6;1977;2;10;2.28;0.94;1977;9;26;1
1724;1977;519.369;16.469;1.46;104;3;1978;2;28;104;;1978;2;;2.4;0.95;1978;9;8;1
1724;1978;763.236;24.202;1.61;175.5;3.7;1979;2;9;;;;;;1.8;0.9;1978;10;8;1
1724;1979;411.838;13.024;1.49;61.621;2.6;1980;1;24;;;;;;2.298;1;1980;9;17;1
1724;1980;276.64;8.772;1.38;117.7;3.24;1980;12;20;179.5;3.72;1980;12;20;1.203;1.02;1981;9;4;1
1724;1981;296.026;9.387;1.33;166.5;3.64;1981;12;23;;;;;;0.768;0.93;1982;9;23;1
1724;1982;387.392;12.284;1.44;63.2;2.26;1983;2;25;80;2.4;1983;2;25;0.831;0.95;1983;9;14;1
1724;1983;307.207;9.715;1.34;89;2.46;1984;4;3;124.4;2.64;1983;12;23;0.831;0.95;1983;10;15;1
1724;1984;644.968;20.452;1.54;313.75;3.35;1985;2;12;330;3.4;1985;2;12;1.052;1.01;1985;9;19;1
1724;1985;367.996;11.669;1.39;124.4;2.64;1986;2;23;;;;;;1.089;1.02;1985;10;1;1
1724;1986;256.217;8.125;1.35;46.37;2.08;1987;2;17;70.4;2.32;1986;11;14;0.84;1.06;1987;8;4;1
1724;1987;603.56;19.086;1.56;461.661;4;1987;10;15;;;;;;0.289;0.78;1987;10;29;1
1724;1988;219.771;6.969;1.32;59.38;2.4;1989;3;1;74.328;2.6;1989;3;1;0.042;1.01;1989;9;15;1
1724;1989;349.996;11.098;1.36;113.348;3.05;1989;12;22;125.832;3.18;1989;12;21;0;1;1989;10;12;1
1724;1990;367.775;11.662;1.43;62.327;2.56;1991;3;12;;;;;;0.083;1.11;1991;9;24;1
1724;1991;258.788;8.184;1.31;71.286;2.7;1991;11;15;98.919;3.04;1991;11;15;0.382;0.99;1992;9;18;1
1724;1992;269.392;8.542;1.33;64.695;2.6;1992;12;7;78.546;2.8;1992;12;7;1.016;1.04;1993;9;1;1
1724;1993;441.033;13.985;1.47;110.447;3.16;1994;1;9;;;;;;0.606;1.01;1994;8;25;1
1724;1994;346.571;10.99;1.39;62.919;2.57;1995;1;1;;;;;;0.22;0.99;1995;8;22;1
1724;1995;490.662;15.516;1.5;142.324;3.45;1996;1;8;344.48;4.68;1996;1;8;0.736;1.02;1996;8;1;1
1724;1996;307.322;9.745;1.34;76.905;2.72;1996;11;22;86.854;2.86;1996;11;22;1.101;1.04;1997;8;21;1
1724;1997;470.39;14.916;1.46;65.2;2.54;1998;5;1;83.138;2.81;1998;4;30;0.554;1.01;1998;9;2;1
1724;1998;256.222;8.125;1.3;41.188;2.12;1999;9;22;83.138;2.81;1999;9;22;0.554;1.01;1999;8;31;1
1724;1999;358.01;11.321;1.37;74.221;2.68;1999;10;24;97.872;3;1999;10;24;0.919;1.03;2000;8;18;1
1724;2000;794.667;25.199;1.62;211.951;3.96;2001;1;5;;;;;;0.674;1.01;2001;9;17;1
1724;2001;148.176;4.699;1.14;20.881;1.58;2002;2;6;27.165;1.74;2002;2;5;0.251;0.98;2001;12;22;1
1724;2002;463.484;14.697;1.39;95.55;2.97;2002;12;27;130.067;3.34;2002;12;26;0.121;0.96;2003;9;20;1
1724;2003;297.238;9.4;1.29;55.575;2.38;2003;12;30;69.647;2.61;2003;12;30;0.381;1;2003;10;10;1
1724;2004;197.371;6.259;1.21;38.138;2.03;2004;10;20;51.807;2.31;2004;10;20;0.179;0.96;2005;7;24;1
1724;2005;;;;;;;;;;;;;;;;;;;1
1724;2006;;;;;;;;;;;;;;;;;;;1
1724;2007;184.509;5.835;0.46;46.24;1.29;2008;4;23;49.637;1.32;2008;4;23;0.89;0.27;2007;10;20;1
1724;2008;306.177;9.709;0.57;86.271;2.06;2009;1;23;104.483;2.34;2009;1;23;0.726;0.22;2008;10;3;1
1724;2009;524.245;16.624;0.74;101.711;2.3;2010;2;25;112.35;2.45;2010;2;25;0.7;0.22;2009;10;3;1
1724;2010;363.344;11.522;0.62;84.79;2.04;2011;1;7;143.46;2.86;2011;1;6;0.67;0.22;2011;9;27;1
1724;2011;159.386;5.04;0.45;36.663;1.21;2012;5;9;40.28;1.28;2012;5;8;0.63;0.21;2012;9;8;1
1724;2012;444.943;14.109;0.67;103.408;2.31;2013;1;19;139.52;2.81;2013;1;19;0.63;0.21;2013;9;17;1
1724;2013;569.358;18.054;0.77;79.5;1.97;2014;3;2;96.83;2.23;2013;12;24;1.004;0.26;2014;9;4;1
1724;2014;347.332;11.014;0.61;94.971;2.18;2015;1;31;155.53;3.01;2015;1;30;0.78;0.23;2015;9;11;1
1724;2015;524.529;16.587;0.74;127.544;2.65;2016;2;13;158.81;3.05;2016;2;13;0.94;0.25;2016;9;8;1
1724;2016;146.157;4.635;0.44;55.768;1.56;2017;2;4;94.779;2.2;2017;2;4;0.698;0.22;2017;8;23;1
1724;2017;406.326;12.885;0.65;57.332;1.6;2018;3;10;92.071;2.16;2017;12;11;0.657;0.21;2017;10;9;1
1724;2018;318.864;10.111;0.6;78.502;1.8;2019;1;31;103.01;2.13;2019;1;31;0.502;0.2;2019;9;14;1
1724;2019;464.372;14.685;0.67;138.715;2.53;2019;12;20;161.7;2.76;2019;12;20;0.675;0.23;2019;10;12;1
1724;2020;403.867;12.807;0.65;121.788;2.34;2020;12;11;146.9;2.62;2020;12;11;1.036;0.27;2021;8;25;1
1725;2008;;;1.13;;;;;;;;;;;;;;;;1
1725;2009;;;1.23;;;;;;;;;;;;;;;;1
1725;2010;106.33;3.372;1.07;29.02;2.58;2011;1;7;46.37;3.3;2011;1;7;0.12;0.48;2010;10;1;1
1725;2011;72.638;2.297;0.93;17.172;2.08;2012;4;21;21.02;2.28;2012;4;21;0.127;0.51;2011;10;1;1
1725;2012;159.812;5.068;1.15;42.107;2.94;2013;1;18;51.77;3.25;2013;1;18;0.026;0.36;2013;9;24;1
1725;2013;188.568;5.979;1.22;41.161;2.91;2014;3;2;52.08;3.25;2014;3;2;0.084;0.44;2014;9;13;1
1725;2014;121.656;3.858;1.07;48.96;2.97;2015;1;30;69.04;3.41;2015;1;30;0.088;0.44;2014;10;4;1
1725;2015;207.253;6.554;1.29;44.913;3.02;2016;2;13;54.89;3.4;2016;2;12;0.853;0.76;2016;9;7;1
1725;2016;72.095;2.286;0.97;26.39;2.43;2017;2;4;46.112;3.1;2017;2;4;0.607;0.7;2017;9;8;1
1725;2017;152.353;4.831;1.2;20.672;2.22;2017;12;29;38.72;2.89;2017;12;11;0.589;0.69;2017;10;9;1
1725;2018;118.714;3.764;1.12;41.107;2.9;2019;1;31;49.76;3.22;2019;1;31;0.381;0.62;2019;9;14;1
1725;2019;180.934;5.722;1.25;43.278;2.97;2019;12;13;53.97;3.28;2019;12;13;0.412;0.63;2019;10;12;1
1725;2020;152.424;4.833;1.17;57.588;3.26;2020;12;11;69.91;3.5;2020;12;11;0.214;0.75;2021;8;28;1
1726;2007;;;;;;;;;;;;;;;;;;;1
1726;2008;;;0.52;;;;;;103.463;1.9;2009;1;23;;;;;;1
1726;2009;426.314;13.518;0.68;98.305;1.86;2010;2;25;111.01;1.97;2010;2;25;0.92;0.17;2009;10;3;1
1726;2010;275.259;8.728;0.55;64.62;1.55;2011;1;7;125.03;2.1;2011;1;6;0.83;0.16;2011;9;26;1
1726;2011;128.045;4.049;0.36;23.692;1.03;2012;4;19;26.55;1.08;2012;4;19;0.74;0.15;2012;9;16;1
1726;2012;328.904;10.429;0.58;107.402;1.95;2013;1;19;156.31;2.39;2013;1;19;0.789;0.16;2013;9;26;1
1726;2013;386.534;12.257;0.63;81.474;1.71;2014;3;2;114.25;2;2014;3;2;0.984;0.18;2014;9;5;1
1726;2014;248.522;7.881;0.52;99.958;1.86;2015;1;30;188.66;2.69;2015;1;30;0.74;0.15;2015;9;9;1
1726;2015;396.553;12.54;0.64;145.635;2.29;2016;2;13;184.35;2.65;2016;2;13;0.99;0.18;2016;9;8;1
1726;2016;100.629;3.191;0.31;46.324;1.33;2017;2;4;93.865;1.82;2017;2;5;0.439;0.11;2017;8;23;1
1726;2017;264.748;8.395;0.51;42.446;1.31;2018;4;4;61.672;1.53;2017;12;11;0.509;0.12;2017;10;4;1
1726;2018;210.633;6.679;0.48;83.085;1.6;2019;1;31;116.837;1.89;2019;1;31;0.662;0.14;2019;9;8;1
1726;2019;387.834;12.265;0.6;138.18;2.05;2019;12;22;160.036;2.21;2019;12;21;0.725;0.15;2019;10;13;1
1726;2020;328.687;10.423;0.55;170.477;2.26;2020;12;11;219.748;2.56;2020;12;11;1.015;0.18;2021;9;27;1
1727;1958;;;;;;;;;;;;;;;;;;;1
1727;1959;;;;;;;;;;;;;;;;;;;1
1727;1962;401.708;12.738;;71.6;;1963;3;11;;;;;;0.1;;1963;9;2;1
1727;1970;474.708;15.053;1.52;74.8;2.14;1971;1;24;;;;;;0.4;1.16;1971;9;25;1
1727;1971;415.454;13.138;1.33;155;2.6;1972;2;11;;;;;;0.8;1.4;1972;1;7;1
1727;1972;373.402;11.84;1.29;54.96;1.91;1973;2;27;;;;;;1.84;1.02;1972;10;1;1
1727;1973;522.425;16.566;1.31;404;3.65;1974;1;8;;;;;;2.5;1.05;1974;8;26;1
1727;1974;327.45;10.383;1.25;54.96;1.91;1974;11;25;95.75;2.25;1974;11;25;1.4;1;1975;9;12;1
1727;1975;252.789;7.994;1.21;23.7;1.51;1975;12;3;41;1.75;1975;10;3;1.16;0.98;1976;7;30;1
1727;1976;690.725;21.903;1.41;221.6;2.92;1977;2;20;310;3.3;1976;11;4;0.92;0.96;1977;7;27;1
1727;1977;795.686;25.231;1.46;197;2.8;1978;2;28;217.5;2.9;1978;2;28;1.84;1.02;1978;7;28;1
1727;1979;554.826;17.545;1.38;112.8;2.36;1980;1;24;173.9;2.69;1980;1;24;1.16;0.98;1979;10;7;1
1727;1980;326.519;10.354;1.25;176;2.7;1980;12;20;242.7;3.02;1980;12;20;0.44;0.92;1981;9;4;1
1727;1981;590.292;18.718;1.38;238;3;1981;12;23;315;3.32;1981;12;23;3.38;1.09;1982;5;1;1
1727;1982;760.492;24.115;1.48;106.6;2.32;1982;12;20;;;;;;2.06;1.03;1983;9;24;1
1727;1983;517.792;16.374;1.34;122.6;2.42;1984;4;3;159.2;2.62;1983;12;22;1.84;1.02;1983;10;2;1
1727;1984;775.601;24.594;1.44;229.8;2.96;1985;2;12;275.6;3.16;1985;2;12;0.8;0.95;1985;9;23;1
1727;1985;620.12;19.664;1.4;133.4;2.48;1986;2;23;184.4;2.74;1986;2;23;0.68;0.94;1985;10;1;1
1727;1986;496.104;15.731;1.44;57.474;2.06;1987;2;17;;;;;;3.806;1.25;1986;12;7;1
1727;1987;834.851;26.401;1.53;261.5;3.1;1987;10;15;390;3.6;1987;10;15;0.078;0.35;1987;12;2;1
1727;1988;379.083;12.021;1.45;78.203;2.25;1989;3;1;165.933;2.84;1989;4;13;3.173;1.23;1989;2;19;1
1727;1989;347.119;11.007;1.34;150.218;2.74;1989;12;22;;;;;;0.532;0.87;1990;8;17;1
1727;1990;334.853;10.618;1.53;59.853;2.18;1991;1;11;83.004;2.36;1990;12;27;0.179;1.14;1991;8;20;1
1727;1991;216.679;6.852;1.45;62.124;2.2;1991;11;15;;;;;;0.976;1.23;1992;7;20;1
1727;1992;239.859;7.606;1.46;91.543;2.42;1992;12;7;137.392;2.7;1992;12;7;1.555;1.27;1993;8;22;1
1727;1993;440.823;13.978;1.5;160.366;2.66;1994;1;10;192.524;2.8;1994;1;10;1.688;1.2;1994;9;6;1
1727;1994;360.425;11.429;1.44;98.803;2.34;1995;1;1;;;;;;0.88;1.14;1995;8;30;1
1727;1995;520.36;16.455;1.39;207.652;2.86;1996;1;9;459.841;3.85;1996;1;8;0.041;1;1995;12;17;1
1727;1996;353.379;11.206;1.3;147.321;2.6;1996;11;22;183.139;2.76;1996;11;22;2.024;0.97;1997;8;22;1
1727;1997;517.464;16.409;1.41;133.285;2.53;1998;4;30;173.754;2.72;1998;4;30;2.281;0.99;1997;10;2;1
1727;1998;292.724;9.282;1.27;40.377;1.9;1999;9;22;119.91;2.46;1999;9;23;1.274;0.9;1999;9;17;1
1727;1999;413.247;13.068;1.36;97.125;2.33;1999;10;24;169.062;2.7;1999;12;15;0.877;0.98;2000;9;9;1
1727;2000;1058.576;33.567;1.53;267.588;3.12;2001;3;22;474.276;3.9;2001;1;5;1.514;1.03;2000;10;4;1
1727;2001;156.45;4.961;1.08;31.242;1.68;2002;3;24;;;;;;1.177;0.89;2002;8;15;1
1727;2002;544.591;17.269;1.32;226.435;2.94;2002;12;27;286.79;3.2;2002;12;27;1.087;0.88;2003;8;21;1
1727;2003;300.614;9.506;1.22;70.195;2.16;2003;12;31;;;;;;1.177;0.89;2003;10;1;1
1727;2004;199.652;6.331;1.15;53.97;2.02;2004;10;31;;;;;;1.138;0.89;2005;8;25;1
1727;2005;215.499;6.833;1.16;83.774;2.26;2006;3;24;116.69;2.46;2006;3;24;0.942;0.86;2006;9;11;1
1727;2006;372.925;11.825;1.31;120.351;2.48;2006;12;8;152.809;2.64;2006;12;8;1.286;0.91;2007;9;3;1
1727;2007;193.733;6.126;1.13;50.849;1.99;2008;4;23;;;;;;1.286;0.91;2008;8;24;1
1727;2008;;;;;;;;;;;;;;;;;;;1
1728;2008;;;0.67;;;;;;326.8;2.65;2009;1;24;;;;;;1
1728;2009;935.655;29.669;0.87;320.999;2.9;2010;2;25;386.97;3.2;2010;2;25;2.746;0.5;2010;8;27;1
1728;2010;427.791;13.565;0.73;130.508;2.54;2011;1;7;254.3;2.96;2011;1;7;2.699;0.51;2010;10;24;1
1728;2011;578.089;18.281;0.58;79.232;1.18;2012;5;9;82.42;1.2;2012;5;9;4.323;0.46;2011;10;15;1
1728;2012;1755.035;55.652;0.88;703.726;3.28;2013;1;19;922.86;3.75;2013;1;19;11.502;0.47;2012;10;8;1
1728;2013;;;;;;;;;527.35;2.88;2014;3;2;;;;;;1
1728;2014;735.538;23.324;0.58;498.353;2.77;2015;1;31;663.71;3.21;2015;1;31;4.277;0.3;2015;7;26;1
1728;2015;1822.022;57.618;0.83;1083.208;4.04;2016;2;13;1191.32;4.23;2016;2;13;4.471;0.3;2015;10;2;1
1728;2016;384.273;12.185;0.47;176.26;1.68;2017;2;5;283.764;2.15;2017;2;5;5.52;0.34;2017;1;9;1
1728;2017;944.453;29.948;0.59;196.836;1.8;2018;4;5;210.22;1.87;2018;4;4;4.366;0.3;2017;12;6;1
1728;2018;860.106;27.274;0.51;273.312;2.16;2019;2;1;330.79;2.4;2019;2;1;7.937;0.3;2018;10;27;1
1728;2019;1819.786;57.547;0.84;797.343;3.97;2019;12;22;853.07;4.13;2019;12;21;1.866;0.38;2020;7;14;1
1728;2020;1471.638;46.665;0.73;410.493;2.86;2020;12;11;676.56;3.8;2020;12;11;3.781;0.43;2020;10;1;1
1729;2008;;;0.2;;;;;;;;;;;;;;;;1
1729;2009;182.638;5.791;0.24;44.22;0.96;2010;2;25;;;;;;0.02;0.01;2010;9;29;1
1729;2010;;;;;;;;;78.14;1.34;2011;1;6;;;;;;1
1729;2011;;;;;;;;;30.3;0.77;2011;12;16;;;;;;1
1729;2012;175.545;5.566;0.22;77.751;1.32;2013;1;19;124.55;1.76;2013;1;19;0.02;0.01;2013;9;12;1
1729;2013;204.234;6.476;0.26;42.684;0.93;2014;2;8;60.16;1.15;2014;2;8;0.073;0.02;2013;10;13;1
1729;2014;127.309;4.037;0.2;63.29;1.15;2015;1;30;105.82;1.6;2015;1;30;0.2;0.04;2015;8;10;1
1729;2015;221.663;7.01;0.27;91.257;1.46;2016;2;13;118.56;1.71;2016;1;10;0.127;0.03;2016;8;31;1
1729;2016;32.598;1.034;0.07;49.036;1.01;2017;2;4;80.141;1.36;2017;2;4;0;0;2016;10;31;1
1729;2017;124.201;3.938;0.18;36.714;0.86;2018;4;4;55.755;1.1;2017;12;11;0.018;0.01;2017;10;1;1
1729;2018;115.318;3.657;0.19;56.161;1.1;2019;1;31;76.153;1.32;2019;1;31;0.059;0.02;2019;9;8;1
1729;2019;161.85;5.118;0.21;58.722;1.13;2019;12;22;70.329;1.26;2019;12;21;0.018;0.01;2019;10;28;1
1729;2020;135.502;4.297;0.19;70.735;1.25;2020;12;11;91.541;1.47;2020;12;11;0.038;0.02;2021;8;15;1
1734;1914;;;;;;;;;;;;;;;;;;;1
1734;1915;;;0.48;;;;;;;;;;;;;;;;1
1734;1916;;;0.42;;;;;;;;;;;;;;;;1
1734;1917;;;0.65;;;;;;;;;;;;;;;;1
1734;1918;;;0.92;;;;;;;;;;;;;;;;1
1734;1919;;;0.86;;;;;;;;;;;;;;;;1
1734;1920;;;0.73;;;;;;;;;;;;;;;;1
1734;1921;;;;;;;;;;;;;;;;;;;1
1734;1922;;;0.93;;;;;;;;;;;;;;;;1
1734;1923;;;;;;;;;;;;;;;;;;;1
1734;1924;;;0.8;;;;;;;;;;;;;;;;1
1734;1925;;;0.93;;;;;;;;;;;;;;;;1
1734;1926;;;;;;;;;;;;;;;;;;;1
1734;1927;;;;;;;;;;;;;;;;;;;1
1734;1928;;;0.74;;;;;;;;;;;;;;;;1
1734;1929;;;1;;;;;;;;;;;;;;;;1
1734;1930;;;0.87;;;;;;;;;;;;;;;;1
1734;1931;;;;;;;;;;;;;;;;;;;1
1734;1932;;;;;;;;;;;;;;;;;;;2
1734;1933;;;;;;;;;;;;;;;;;;;2
1734;1934;;;;;;;;;;;;;;;;;;;2
1734;1937;;;;;;;;;;;;;;;;;;;2
1734;1938;;;;;;;;;;;;;;;;;;;2
1734;1939;;;;;;;;;;;;;;;;;;;2
1734;1940;;;;;;;;;;;;;;;;;;;2
1734;1941;;;;;;;;;;;;;;;;;;;2
1734;1943;176.04;5.567;0.72;51.1;1.4;1943;10;21;;;;;;0.3;0.45;1944;8;11;1
1734;1944;292.031;9.26;0.7;132.625;1.75;1944;12;12;;;;;;1;0.45;1945;9;26;1
1734;1945;768.867;24.381;0.9;262;2.3;1945;12;24;;;;;;1.075;0.46;1945;10;1;1
1734;1946;1018.106;32.284;0.97;338;2.76;1947;2;14;400;2.8;1947;2;;3.25;0.6;1947;8;1;1
1734;1947;789.597;24.97;0.92;251.6;2.26;1948;1;29;;;;;;3.25;0.6;1948;9;13;1
1734;1948;225.615;7.154;0.68;46;1.2;1949;7;6;;;;;;0.835;0.42;1949;9;8;1
1734;1949;653.737;20.73;0.91;87.625;1.5;1950;5;21;;;;;;3.5;0.62;1949;11;6;1
1734;1950;1014.694;32.176;1.01;236;2.2;1951;3;17;;;;;;4.8;0.66;1951;8;24;1
1734;1951;741.982;23.464;0.93;315;2.5;1951;11;18;;;;;;4.1;0.64;1952;8;16;1
1734;1952;813.257;25.788;0.95;315;2.5;1952;11;30;;;;;;4.1;0.64;1953;8;7;1
1734;1953;730.819;23.174;0.92;221;2.14;1954;3;12;;;;;;3.5;0.62;1954;9;18;1
1734;1954;335.508;10.639;0.7;164.125;1.9;1955;1;21;;;;;;0.835;0.42;1955;8;19;1
1734;1955;370.338;11.711;0.73;111.5;1.64;1956;4;14;;;;;;0.93;0.44;1956;8;26;1
1734;1956;175.529;5.566;0.65;19;0.92;1957;3;7;;;;;;1.075;0.46;1957;9;11;1
1734;1957;468.228;14.847;0.79;196.6;2.04;1958;1;28;;;;;;0.93;0.44;1957;10;15;1
1734;1958;470.569;14.922;0.81;104.5;1.6;1958;12;19;;;;;;1.375;0.5;1959;8;12;1
1734;1959;534.807;16.912;;242.5;;1959;12;23;;;;;;0.3;;1960;4;22;1
1734;1960;338.869;10.745;;125.6;;1960;11;21;;;;;;1;;1961;9;1;1
1734;1961;851.342;26.996;0.93;500;3.2;1962;4;1;;;;;;3.2;0.6;1961;10;25;1
1734;1962;391.297;12.408;;99.8;;1963;3;11;;;;;;1.6;;1962;10;23;1
1734;1963;439.871;13.91;;104.8;;1963;11;11;;;;;;1.6;;1964;9;4;1
1734;1964;320.613;10.167;;285;;1965;1;30;;;;;;1.6;;1965;8;8;1
1734;1965;552.07;17.506;1.23;316;3;1966;2;20;;;;;;0.8;0.77;1966;9;21;1
1734;1966;152.994;4.851;1.03;128;2.2;1966;11;5;;;;;;0.58;0.73;1967;8;20;1
1734;1967;944.171;29.858;1.01;211;2.1;1968;4;18;;;;;;6.7;0.7;1968;8;6;1
1734;1968;516.318;16.372;1.26;132.5;1.9;1968;12;17;;;;;;1.2;0.86;1968;10;19;1
1734;1969;305.777;9.696;1.14;145;2.3;1970;1;5;;;;;;1.13;0.84;1970;9;7;1
1734;1970;374.189;11.865;1.23;96.5;2.05;1971;1;24;;;;;;1.09;0.83;1970;10;2;1
1734;1971;304.069;9.616;1.15;314;3;1972;2;11;;;;;;1.19;0.84;1972;9;18;1
1734;1972;343.725;10.899;1.23;107;2.1;1973;5;22;;;;;;1.28;0.87;1973;9;8;1
1734;1973;298.453;9.464;1.16;174;2.4;1974;1;9;;;;;;1.8;0.9;1974;8;11;1
1734;1974;166.153;5.269;0.9;19.16;1.38;1975;3;10;59.4;;1975;3;;1.84;0.72;1975;7;29;1
1734;1975;170.653;5.397;0.95;12.3;1.2;1976;4;5;15.8;;1976;4;;1.02;1.13;1976;4;9;1
1734;1976;333.69;10.581;1.07;73.8;2.16;1977;1;26;82.6;2.27;1977;1;26;1.49;0.65;1977;8;7;1
1734;1977;340.467;10.796;1.03;89.8;2.36;1978;2;26;126.6;2.82;1978;3;1;1.33;0.58;1978;9;9;1
1734;1978;396.755;12.581;1.03;109;2.6;1978;12;30;;;;;;1.303;0.57;1978;10;18;1
1734;1979;359.479;11.368;0.91;66.6;1.82;1979;11;18;;;;;;2.074;0.58;1980;8;29;1
1734;1980;122.214;3.875;0.82;21.5;1.3;1980;12;21;55.4;1.68;1980;12;21;0.85;0.62;1981;8;21;1
1734;1981;298.2;9.456;0.87;121;2.5;1981;12;24;163.1;2.96;1981;12;31;0.931;0.45;1982;9;13;1
1734;1982;338.075;10.72;0.91;64.2;1.79;1982;12;13;113.8;2.41;1982;11;7;1.034;0.5;1983;9;25;1
1734;1983;323.36;10.226;0.89;87.4;2.08;1984;4;4;101.8;2.26;1984;4;4;1.034;0.5;1983;10;1;1
1734;1984;518.042;16.427;1.05;132.2;2.64;1985;2;12;163.68;2.96;1985;2;12;1.159;0.56;1985;9;6;1
1734;1985;324.673;10.295;0.91;60.2;1.74;1986;2;23;77;1.95;1986;2;23;1.159;0.56;1986;8;16;1
1734;1986;260.161;8.25;0.86;58.79;1.76;1987;2;17;;;;;;1.138;0.55;1987;8;31;1
1734;1987;532.921;16.853;1.15;99.338;2.25;1988;1;30;141.866;2.76;1987;10;16;1.127;0.7;1988;9;13;1
1734;1988;271.145;8.598;0.91;60.795;1.82;1989;3;1;69.84;1.92;1989;3;1;1.127;0.7;1989;1;16;1
1734;1989;376.23;11.93;0.9;128.508;2.6;1989;12;16;163.746;3.02;1989;12;21;0.581;0.53;1990;7;21;1
1734;1990;331.763;10.52;0.92;95.167;2.2;1991;3;6;;;;;;1.082;0.6;1991;8;15;1
1734;1991;138.469;4.379;0.81;20.871;1.34;1992;1;9;46.266;1.74;1992;1;9;0.862;0.57;1992;8;18;1
1734;1992;197.426;6.26;0.86;74.714;2.06;1992;12;7;95.372;2.28;1992;12;7;1.451;0.64;1992;10;4;1
1734;1993;332.587;10.546;0.98;111.527;2.45;1993;10;17;155.131;2.9;1993;10;17;0.87;0.58;1994;9;3;1
1734;1994;219.812;6.97;0.88;54.57;1.84;1995;3;6;;;;;;0.87;0.58;1995;9;3;1
1734;1995;476.22;15.06;1;145.33;2.8;1996;1;8;;;;;;1.391;0.63;1995;10;4;1
1734;1996;266.136;8.439;0.82;69.106;2;1996;11;23;84.06;2.16;1996;11;23;1.267;0.55;1997;9;7;1
1734;1997;409.563;12.987;0.94;84.994;2.17;1998;1;13;157.128;2.92;1998;1;13;1.267;0.55;1997;10;1;1
1734;1998;199.539;6.327;0.76;48.576;1.7;1999;3;11;56.451;1.82;1999;3;11;1.061;0.53;1999;9;1;1
1734;1999;244.739;7.739;0.8;32.213;1.42;1999;10;24;49.877;1.72;1999;10;24;0.855;0.51;2000;9;16;1
1734;2000;725.442;23.004;1.03;242.275;3.78;2000;12;7;338.383;4.75;2000;12;7;1.402;0.42;2001;9;16;1
1734;2001;114.44;3.629;0.54;15.929;0.98;2002;2;6;23.817;1.17;2002;2;5;0.934;0.38;2002;8;7;1
1734;2002;418.438;13.269;0.83;164.993;3;2002;12;27;214.533;3.5;2002;12;27;1.138;0.4;2003;8;25;1
1734;2003;245.294;7.757;0.69;43.519;1.55;2003;11;22;81.095;2.1;2003;11;22;1.27;0.41;2004;8;28;1
1734;2004;128.212;4.066;0.55;21.606;1.12;2004;10;20;;;;;;0.629;0.35;2005;8;25;1
1734;2005;168.857;5.354;0.59;55.255;1.74;2006;3;24;68.915;1.94;2006;3;1;0.629;0.35;2005;10;1;1
1734;2006;331.501;10.512;0.79;168.812;2.7;2006;10;25;288.96;3.85;2006;10;25;1.084;0.4;2007;7;5;1
1734;2007;135.225;4.276;0.41;17.947;1;2008;4;24;21.529;1.1;2008;4;10;1.011;0.19;2007;11;6;1
1734;2008;149.385;4.737;0.46;32.542;1.64;2009;1;29;37.77;1.8;2009;1;23;0.607;0.15;2009;9;3;1
1734;2009;300.853;9.54;0.83;56.638;2.29;2010;2;28;91.55;3;2010;2;27;0.806;0.17;2009;10;3;1
1734;2010;222.884;7.068;0.6;30.9;1.59;2011;1;8;38.81;1.83;2010;12;7;1.06;0.2;2011;8;18;1
1734;2011;130.357;4.122;0.42;31.113;1.6;2012;5;5;40.57;1.88;2011;10;27;1.161;0.22;2012;9;22;1
1734;2012;;;;;;;;;;;;;;;;;;;1
1734;2015;429.152;13.571;0.95;67.967;2.57;2016;2;13;77.96;2.8;2016;2;13;8.96;0.75;2015;10;2;1
1734;2016;360.605;11.435;0.87;25.716;1.41;2017;2;5;35.731;1.74;2017;2;5;9.991;0.8;2017;8;23;1
1734;2017;381.969;12.112;0.9;28.672;1.52;2018;3;10;35.731;1.74;2018;3;10;10.214;0.81;2017;10;13;1
1734;2018;204.584;6.487;0.92;28.095;1.53;2019;2;1;39.333;1.74;2019;2;1;0.736;0.83;2019;9;15;1
1734;2019;114.213;3.612;0.9;131.094;2.76;2019;12;20;179.438;3.05;2019;12;20;0.2;0.81;2020;9;12;1
1734;2020;113.126;3.587;0.92;70.758;2.18;2020;12;11;105.407;2.6;2020;12;11;0.444;0.82;2020;10;23;1
1739;1911;;;;;;;;;;;;;;;;;;;1
1739;1912;;;1.26;;;;;;;;;;;;;;;;1
1739;1913;;;0.74;;;;;;;;;;;;;;;;1
1739;1914;;;;;;;;;;;;;;;;;;;1
1739;1915;;;;;;;;;;;;;;;;;;;1
1739;1916;;;0.46;;;;;;;;;;;;;;;;1
1739;1917;;;;;;;;;;;;;;;;;;;1
1739;1918;;;0.24;;;;;;;;;;;;;;;;1
1739;1919;;;-0.03;;;;;;;;;;;;;;;;1
1739;1920;;;-0.31;;;;;;;;;;;;;;;;1
1739;1921;;;;;;;;;;;;;;;;;;;1
1739;1922;;;;;;;;;;;;;;;;;;;1
1739;1923;;;;;;;;;;;;;;;;;;;1
1739;1924;;;;;;;;;;;;;;;;;;;1
1739;1925;;;;;;;;;;;;;;;;;;;1
1739;1926;;;;;;;;;;;;;;;;;;;1
1739;1927;;;;;;;;;;;;;;;;;;;1
1739;1928;;;;;;;;;;;;;;;;;;;1
1739;1929;;;;;;;;;;;;;;;;;;;1
1739;1930;;;;;;;;;;;;;;;;;;;1
1739;1931;;;;;;;;;;;;;;;;;;;1
1739;1944;1270.892;40.3;0.27;599.95;2.7;1944;12;11;;;;;;7.75;0.45;1945;8;15;1
1739;1945;1758.751;55.77;0.36;592;2.68;1945;12;24;;;;;;9.15;0.38;1945;10;14;1
1739;1946;3003.255;95.233;0.65;990;3.7;1947;2;22;1468;4.9;1947;2;;7;0.48;1947;8;15;1
1739;1947;1711.829;54.133;0.41;740;3.08;1948;1;29;;;;;;6.6;0.5;1948;9;3;1
1739;1948;574.12;18.205;;174;1.16;1949;1;5;;;;;;6.6;0.5;1949;8;14;1
1739;1949;1233.889;39.126;;202;1.3;1950;2;6;;;;;;8.625;0.4;1950;9;13;1
1739;1950;3344.957;106.068;0.57;637;2.8;1951;2;19;;;;;;9.6;-0.36;1951;9;25;1
1739;1951;1165.974;36.872;0.03;269.2;1.6;1952;4;1;;;;;;6.6;-0.5;1952;9;5;1
1739;1952;1869.709;59.288;0.21;433;2.2;1952;11;30;;;;;;5.15;-0.58;1953;9;15;1
1739;1953;771.508;24.464;-0.06;135;0.94;1953;11;28;;;;;;6.6;-0.5;1954;8;18;1
1739;1954;2063.798;65.443;0.24;711;3;1955;1;18;;;;;;5.15;-0.58;1955;8;24;1
1739;1955;2223.285;70.307;0.31;496;2.4;1955;12;24;;;;;;5.6;-0.56;1955;10;17;1
1739;1956;1108.675;35.156;;182;1.2;1957;2;22;;;;;;6.6;-0.5;1957;9;27;1
1739;1957;2162.029;68.557;0.29;629;2.78;1958;3;28;;;;;;6;-0.54;1957;10;23;1
1739;1958;2813.407;89.213;0.49;523;2.48;1958;12;20;;;;;;11.2;-0.3;1959;8;25;1
1739;1959;5838.141;184.62;0.98;2026;5.14;1959;12;27;;;;;;7.45;0.46;1960;9;14;1
1739;1960;4230.351;134.144;0.7;889.8;3.47;1960;11;17;;;;;;5.1;-0.58;1961;8;2;1
1739;1961;4085.26;129.543;;2123.1;;1962;3;31;;;;;;1.4;;1962;7;27;1
1739;1962;3034.256;96.216;;825.4;;1963;3;11;;;;;;6.4;;1963;7;29;1
1739;1963;3268.063;103.346;;692.4;;1964;3;21;;;;;;2;;1963;10;14;1
1739;1964;1773.049;56.223;;335.9;;1965;3;17;;;;;;0;;1965;7;16;1
1739;1965;4798.103;152.147;;1200.9;;1966;2;21;;;;;;0.1;;1966;9;19;1
1739;2008;;;4.88;;;;;;367.5;8.06;2009;1;24;;;;;;1
1739;2009;;;;;;;;;;;;;;;;;;;1
1739;2010;;;;;;;;;400.4;8.27;2011;1;7;;;;;;1
1739;2011;;;;;;;;;;;;;;;;;;;1
1739;2012;3239.665;102.729;5.15;1015.016;9.24;2013;1;19;1276.18;9.94;2013;1;19;3.89;3.75;2013;8;24;1
1739;2013;4025.154;127.637;5.4;573.573;7.9;2014;3;2;642.73;8.15;2014;2;8;10.25;4.01;2014;9;25;1
1739;2014;;;;;;;;;;;;;;;;;;;1
1739;2015;3819.956;120.799;5.18;1170.626;10.3;2016;2;13;1281.66;10.68;2016;2;13;8.926;3.75;2016;9;5;1
1739;2016;916.535;29.063;4.22;330.012;6.77;2017;2;5;427.611;7.32;2017;2;5;7.275;3.67;2017;8;11;1
1739;2017;2423.585;76.851;4.8;352.037;6.92;2018;4;5;427.611;7.32;2018;4;4;9.408;3.76;2018;8;24;1
1739;2018;1628.117;51.627;4.56;432.634;7.34;2019;2;1;636.244;8.2;2019;1;31;9.438;3.77;2019;8;8;1
1739;2019;3128.099;98.92;4.94;1013.207;9.73;2019;12;22;1157.685;10.26;2019;12;20;7.868;3.7;2020;8;24;1
1739;2020;2538.773;80.504;4.71;543.687;7.74;2020;12;11;808.007;8.91;2020;12;11;7.749;3.7;2021;9;2;1
1742;2008;;;0.35;;;;;;;;;;;;;;;;1
1742;2009;54.834;1.739;0.39;16.742;1.1;2010;2;27;;;;;;0.005;0.03;2009;10;4;1
1742;2010;40.345;1.279;0.35;13.08;1.09;2010;12;6;20.36;1.32;2010;12;6;0.01;0.05;2011;9;16;1
1742;2011;24.806;0.784;0.27;7.874;0.89;2012;5;8;16.49;1.21;2011;12;16;0.004;0.02;2011;10;11;1
1742;2012;40.652;1.289;0.33;20.091;1.3;2013;1;18;33.47;1.62;2013;1;18;0.006;0.03;2013;9;11;1
1742;2013;52.507;1.665;0.4;13.223;1.1;2014;3;2;37.09;1.69;2013;12;24;0.021;0.06;2013;10;9;1
1742;2014;37.986;1.205;0.32;25.196;1.35;2015;1;30;;;;;;0;0.07;2015;7;6;1
1742;2015;54.022;1.708;0.39;19.691;1.24;2016;2;12;39.26;1.73;2016;2;12;0.008;0.03;2015;10;2;1
1742;2016;19.908;0.631;0.24;10.355;0.97;2017;2;4;22.675;1.38;2017;2;4;0.001;0;2016;10;4;1
1742;2017;40.671;1.29;0.34;8.739;0.91;2018;3;10;20.735;1.33;2018;3;14;0.002;0.01;2017;11;2;1
1742;2018;36.873;1.169;0.31;37.826;1.1;2019;1;31;74.446;1.52;2019;1;31;0.005;0.01;2019;9;16;1
1742;2019;72.766;2.301;0.34;64.372;1.4;2019;12;19;111.222;1.9;2019;12;19;0.005;0.01;2019;10;2;1
1742;2020;57.479;1.823;0.33;73.194;1.49;2020;12;11;129.831;2.08;2020;12;11;0.014;0.05;2021;9;23;1
1747;1950;748.66;23.74;1.72;272;5.61;1951;2;19;428;5.61;1951;2;;0.25;0.84;1951;8;8;1
1747;1951;639.689;20.229;1.65;220;5.07;1952;3;31;319;;1952;3;;0.5;1.12;1951;11;1;1
1747;1952;633.024;20.073;1.65;216.9;4.74;1952;11;30;247.5;5.06;1952;11;;1.62;0.87;1952;10;1;1
1747;1953;699.922;22.194;1.56;183.5;4.39;1953;11;27;;;;;;1;0.9;1954;9;20;1
1747;1954;858.838;27.234;1.69;310.87;5.58;1955;1;18;;;;;;0.9;0.55;1954;10;16;1
1747;1955;;;;;;;;;;;;;;;;;;;1
1747;1956;416.939;13.221;1.75;191;4.52;1957;2;8;;;;;;1;1.01;1957;9;10;1
1747;1957;764.644;24.247;1.58;333;5.36;1958;1;28;;;;;;1.1;0.52;1957;10;10;1
1747;1958;882.738;27.991;2.08;408;6.2;1958;12;19;;;;;;2.46;1.16;1959;8;21;1
1747;1959;;;;;;;;;;;;;;;;;;;1
1747;1960;;;;;;;;;;;;;;;;;;;1
1747;1961;977.802;31.006;2.02;512;7.1;1962;3;31;;;;;;0.1;0.5;1962;9;9;1
1747;1966;659.543;20.914;;341.4;;1966;11;5;;;;;;0;;1967;7;15;1
1747;1967;651.188;20.593;;219.2;;1968;4;18;;;;;;0;;1968;8;11;1
1747;1968;1309.419;41.521;;425.17;;1969;1;18;;;;;;0.02;;1969;8;3;1
1747;1969;814.207;25.818;;401.31;;1970;1;5;;;;;;0;;1970;8;30;1
1747;1970;724.568;22.976;;192.34;;1971;1;23;;;;;;0;;1970;10;4;1
1747;1971;642.609;20.321;;458.84;;1972;2;11;;;;;;0;;1972;8;6;1
1747;1972;758.776;24.061;;246.39;;1973;5;1;;;;;;0.05;;1973;9;9;1
1747;1973;775.015;24.576;;305.97;;1974;1;7;;;;;;0.01;;1974;9;22;1
1747;1974;507.262;16.085;;133.34;;1975;3;8;;;;;;0;;1974;10;12;1
1747;1975;329.909;10.433;;48.76;;1975;10;1;;;;;;0.12;;1975;10;5;1
1747;1976;1072.995;34.024;;310.48;;1977;2;20;;;;;;0.46;;1977;9;23;1
1747;1977;1107.597;35.122;;458.17;;1978;2;28;;;;;;0.12;;1978;8;27;1
1747;1978;1424.386;45.167;;440.93;;1978;12;29;;;;;;0.02;;1979;7;7;1
1747;1979;678.328;21.451;;276.02;;1980;1;24;;;;;;0.06;;1980;9;17;1
1747;1980;474.368;15.042;;175.81;;1980;12;20;;;;;;0.81;;1981;8;13;1
1747;1981;658.084;20.868;;406.85;;1981;12;30;;;;;;0.1;;1982;9;11;1
1747;1982;840.41;26.649;;253.47;;1982;12;12;;;;;;0.4;;1983;9;19;1
1747;1983;709.373;22.433;;255.09;;1983;12;22;;;;;;0.42;;1984;9;4;1
1747;1984;1019.16;32.317;;230.73;;1985;1;21;;;;;;0.15;;1985;8;23;1
1747;1985;662.684;21.014;;277.17;;1986;2;23;;;;;;0.1;;1986;7;28;1
1747;1986;482.248;15.292;;149.69;;1987;4;7;;;;;;0.03;;1987;9;15;1
1747;1987;1078.529;34.106;;568.86;;1987;10;15;;;;;;0.2;;1988;9;30;1
1747;1988;342.832;10.871;;142.12;;1989;3;1;;;;;;0.14;;1989;9;23;1
1747;1989;693.551;21.992;;387.21;;1989;12;21;;;;;;0.08;;1989;10;15;1
1747;1990;632.851;20.068;;227.48;;1991;3;5;;;;;;0.33;;1991;8;9;1
1747;1991;360.388;11.397;;143.6;;1991;11;15;;;;;;0.15;;1992;7;24;1
1747;1992;465.085;14.748;;203.4;;1992;12;4;;;;;;0.1;;1993;7;26;1
1748;1950;229.459;7.276;0.7;64.25;1.55;1951;3;16;350;2.48;1951;2;;0.35;0.36;1950;10;5;1
1748;1951;194.285;6.144;0.73;64.75;1.57;1951;11;8;;;;;;0.4;0.38;1951;10;1;1
1748;1952;221.382;7.02;0.73;92.72;1.45;1952;12;17;350;2.3;1952;12;;0.1;0.28;1953;7;27;1
1748;1953;168.79;5.352;0.72;19.17;1.07;1954;3;18;;;;;;0.08;0.27;1954;7;3;1
1748;1954;299.124;9.485;0.74;118.42;1.55;1955;1;12;;;;;;0.45;0.39;1955;9;18;1
1748;1955;;;;;;;;;;;;;;;;;;;1
1748;1956;172.819;5.48;0.65;77.5;1.66;1957;2;15;;;;;;0.6;0.4;1957;8;20;1
1748;1957;233.029;7.389;0.69;83.5;1.7;1958;3;25;;;;;;0.45;0.38;1958;8;8;1
1748;1958;296.552;9.404;0.75;103.5;1.82;1958;12;19;;;;;;0.75;0.42;1959;8;3;1
1748;1959;;;;;;;;;;;;;;;;;;;1
1748;1960;381.599;12.1;;115.25;;1961;1;3;;;;;;0.45;;1961;8;16;1
1748;1961;278.932;8.845;;194.42;;1962;3;31;;;;;;0;0.28;1962;6;21;1
1748;1966;221.305;7.018;;161.8;;1966;11;5;;;;;;0;;1967;7;18;1
1748;1967;253.273;8.009;;74.5;;1968;4;18;;;;;;0;;1968;7;14;1
1748;1968;419.158;13.291;;211.43;;1969;1;18;;;;;;0;;1969;8;13;1
1748;1969;266.922;8.464;;113.9;;1970;1;5;;;;;;0;;1970;9;19;1
1748;1970;234.366;7.432;;91.07;;1971;1;23;;;;;;0.01;;1970;10;4;1
1748;1971;225.755;7.139;;218.82;;1972;2;11;;;;;;0;;1972;8;23;1
1748;1972;230.948;7.323;;72.6;;1972;11;20;;;;;;0;;1972;10;30;1
1748;1973;239.906;7.607;;97.31;;1974;1;7;;;;;;0.01;;1974;8;7;1
1748;1974;136.761;4.337;;41.46;;1975;1;17;;;;;;0;;1975;5;3;1
1748;1975;83.04;2.626;;14;;1975;10;1;;;;;;0.03;;1976;9;23;1
1748;1976;354.586;11.244;;92.77;;1977;2;20;;;;;;0.18;;1977;9;10;1
1748;1977;341.963;10.844;;142.81;;1978;2;28;;;;;;0.05;;1978;9;7;1
1748;1978;434.999;13.794;;149.09;;1978;12;29;;;;;;0.01;;1979;8;5;1
1748;1979;235.087;7.434;;90.82;;1980;1;24;;;;;;0.02;;1980;9;20;1
1748;1980;153.266;4.86;;100.65;;1980;12;20;;;;;;0.07;;1981;9;5;1
1748;1981;205.905;6.529;;124.23;;1981;12;30;;;;;;0.08;;1982;8;29;1
1748;1982;311.038;9.863;;104.32;;1982;12;12;;;;;;0.24;;1983;8;3;1
1748;1983;262.293;8.295;;97.57;;1983;12;22;;;;;;0.02;;1984;9;4;1
1748;1984;321.895;10.207;;137.86;;1985;1;22;;;;;;0.02;;1985;8;15;1
1748;1985;230.707;7.316;;108.7;;1986;2;23;;;;;;0.02;;1986;7;15;1
1749;1954;1381.872;43.819;1.59;471.02;7.94;1955;1;18;;;;;;1.38;0.41;1954;10;6;1
1749;1955;;;;;;;;;;;;;;;;;;;1
1749;1956;701.486;22.244;1.11;305.5;4.68;1957;2;15;;;;;;1.9;0.39;1957;8;20;1
1749;1957;1148.412;36.416;1.44;430;7.4;1958;1;28;;;;;;2.3;0.42;1957;10;6;1
1749;1958;1422.257;45.099;1.67;550;9.6;1958;12;19;;;;;;4.65;0.59;1959;8;25;1
1749;1959;;;;;;;;;;;;;;;;;;;1
1749;1960;1823.83;57.833;;564;;1960;11;17;;;;;;3.2;;1961;8;21;1
1749;1961;1705.424;54.079;;750;;1962;4;1;;;;;;1.5;;1962;8;12;1
1749;1962;2786.244;88.351;;523.8;;1963;3;11;;;;;;3.7;;1962;11;5;1
1749;1963;2995.531;94.728;;360.2;;1964;3;14;;;;;;9.6;;1964;8;30;1
1749;1964;2142.504;67.938;;149.2;;1965;3;25;;;;;;0;;1965;1;17;1
1749;1965;2526.561;80.117;;878.4;;1966;2;20;;;;;;1.4;;1966;8;23;1
1749;1966;3439.074;109.052;;730.6;;1966;11;5;;;;;;0;;1967;7;18;1
1749;1967;1152.723;36.453;;343.6;;1968;4;18;;;;;;0.3;;1968;9;8;1
1749;1968;2176.486;69.016;;738.99;;1969;1;18;;;;;;0.79;;1969;8;3;1
1749;1969;1343.176;42.592;;591.36;;1970;1;5;;;;;;0.22;;1970;9;26;1
1749;1970;1233.655;39.119;;308.72;;1971;1;23;;;;;;0.33;;1970;10;12;1
1749;1971;1127.324;35.65;;848.63;;1972;2;11;;;;;;0.41;;1972;8;23;1
1749;1972;1230.365;39.015;;311.03;;1973;1;17;;;;;;0.2;;1973;9;9;1
1749;1973;1253.177;39.738;;477.55;;1974;1;7;;;;;;0.22;;1974;8;14;1
1749;1974;850.015;26.954;;218.99;;1975;3;8;;;;;;0.16;;1975;8;16;1
1749;1975;550.708;17.415;;68.47;;1975;10;1;;;;;;0.62;;1976;8;4;1
1749;1976;1785.421;56.615;;474.09;;1977;2;20;;;;;;1.29;;1977;9;11;1
1749;1977;1829.173;58.003;;729.49;;1978;2;28;;;;;;0.53;;1978;8;27;1
1749;1978;2319.716;73.558;;839.3;;1979;2;10;;;;;;0.43;;1979;8;29;1
1749;1979;1153.857;36.489;;416.21;;1980;1;24;;;;;;0.52;;1980;9;6;1
1749;1980;793.13;25.15;;362.29;;1980;12;20;;;;;;1.23;;1981;7;31;1
1749;1981;1064.691;33.761;;634.89;;1981;12;30;;;;;;0.49;;1982;9;11;1
1749;1982;1452.887;46.071;;433.22;;1982;12;12;;;;;;1.67;;1983;9;25;1
1749;1983;1252.237;39.6;;393.09;;1983;12;22;;;;;;1.03;;1984;9;21;1
1749;1984;1662.13;52.706;;383.3;;1985;2;11;;;;;;0.48;;1985;9;22;1
1749;1985;1121.793;35.572;;461.26;;1986;2;23;;;;;;0.32;;1986;8;24;1
1749;1986;799.558;25.354;;299.48;;1987;2;17;;;;;;0.28;;1987;9;14;1
1749;1987;1749.432;55.323;;741.4;;1987;10;15;;;;;;1.21;;1988;9;10;1
1749;1988;571.438;18.12;;232.27;;1989;3;1;;;;;;0.51;;1989;8;23;1
1749;1989;1050.913;33.324;;550.45;;1989;12;21;;;;;;0.32;;1989;10;16;1
1749;1990;1030.474;32.676;;368.18;;1991;3;12;;;;;;0.4;;1991;7;26;1
1749;1991;616.571;19.498;;243.35;;1991;11;15;;;;;;0.8;;1992;8;20;1
1749;1992;798.612;25.324;;327.22;;1992;12;7;;;;;;1.12;;1992;10;9;1
1751;1952;4358.576;138.21;2.65;1076;4.95;1952;11;30;;;;;;1.2;1.87;1952;10;1;1
1751;1953;2955.571;93.721;2.54;657;4.44;1954;3;12;;;;;;3.12;1.75;1954;8;11;1
1751;1954;4306.206;136.549;2.71;1396.16;5.6;1955;1;18;;;;;;9.28;1.95;1955;8;26;1
1751;1955;;;;;;;;;;;;;;;;;;;1
1751;1956;2073.778;65.759;2.42;623;4.36;1957;2;15;;;;;;5;1.87;1957;8;30;1
1751;1957;3577.483;113.441;2.64;1047;5.11;1958;3;28;;;;;;8.25;1.94;1957;10;6;1
1751;1958;4455.228;141.274;2.8;952;4.96;1959;4;16;;;;;;19.5;2.11;1958;11;9;1
1751;1959;;;;;;;;;;;;;;;;;;;1
1751;1960;6311.928;200.15;;1512.29;;1960;11;17;;;;;;10;;1961;8;28;1
1751;1961;5829.417;184.85;2.85;3033;7.6;1962;3;31;;;;;;2.2;1.8;1962;7;27;1
1751;1962;4700.411;149.049;;1231.6;;1963;3;11;;;;;;0;;1962;11;4;1
1751;1963;4734.202;149.71;;934;;1964;3;21;;;;;;11;;1964;8;16;1
1751;1964;2704.89;85.772;;488.7;;1965;3;17;;;;;;0;;1965;1;17;1
1751;1965;7750.08;245.753;;1785;;1966;2;21;;;;;;2.6;;1966;8;15;1
1751;1966;3398.293;107.759;;1222.7;;1966;11;5;;;;;;0.6;;1967;8;21;1
1751;1967;3116.621;98.557;;390.8;;1968;4;18;;;;;;0;;1967;11;1;1
1751;1968;7048.987;223.522;;1407.6;;1969;3;17;;;;;;5.3;;1969;9;28;1
1751;1969;4067.061;128.966;;1137.45;;1970;1;5;;;;;;0.89;;1970;9;16;1
1751;1970;4009.022;127.125;;819.87;;1971;1;24;;;;;;0.94;;1970;10;4;1
1751;1971;3675.19;116.221;;1846.47;;1972;2;11;;;;;;2.19;;1972;8;5;1
1751;1972;3468.99;110.001;;573.82;;1972;12;7;;;;;;4.22;;1973;8;22;1
1751;1973;3654.501;115.883;;986.81;;1974;1;7;;;;;;2;;1974;5;31;1
1751;1974;2431.643;77.107;;491.6;;1975;1;18;;;;;;1.6;;1975;8;10;1
1751;1975;1922.751;60.803;;216.41;;1975;12;3;;;;;;2.76;;1976;8;2;1
1751;1976;5829.388;184.849;;1057.71;;1977;2;21;;;;;;5.3;;1977;9;18;1
1751;1977;5659.703;179.468;;1481.52;;1978;2;28;;;;;;1.72;;1978;8;23;1
1751;1978;7504.802;237.976;;1688.02;;1979;2;7;;;;;;2.5;;1979;8;31;1
1751;1979;3748.455;118.538;;931.71;;1980;1;24;;;;;;1.59;;1980;8;30;1
1751;1980;2343.125;74.3;;1099.56;;1980;12;20;;;;;;2.07;;1981;9;12;1
1751;1981;3455.356;109.569;;1401.51;;1981;12;23;;;;;;1.1;;1982;9;18;1
1751;1982;4397.264;139.436;;833.63;;1982;12;12;;;;;;3.43;;1983;9;19;1
1751;1983;3884.377;122.836;;885.49;;1983;12;23;;;;;;2.6;;1983;10;9;1
1751;1984;5694.926;180.585;;1340.2;;1985;2;12;;;;;;1.7;;1985;8;14;1
1751;1985;3545.829;112.438;;948.48;;1986;2;23;;;;;;1.29;;1986;8;29;1
1751;1986;2239.062;71;;606.9;;1987;2;17;;;;;;0.5;;1987;9;17;1
1751;1987;5501.593;173.978;;1278.46;;1987;10;15;;;;;;2.56;;1988;9;30;1
1751;1988;1769.09;56.097;;558.99;;1989;3;1;;;;;;2.33;;1989;8;28;1
1751;1989;2944.685;93.375;;1288.97;;1989;12;22;;;;;;0.6;;1990;7;28;1
1751;1990;3325.84;105.462;;771.19;;1991;3;12;;;;;;0.83;;1991;7;30;1
1751;1991;1953.27;61.769;;577.44;;1991;11;15;;;;;;0.92;;1992;8;23;1
1751;1992;2473.418;78.432;;1068.65;;1992;12;7;;;;;;4.67;;1993;8;25;1
1753;2007;;;;;;;;;;;;;;;;;;;1
1753;2008;;;0.49;;;;;;120.579;1.78;2009;1;23;;;;;;1
1753;2009;497.132;15.764;0.61;113.702;1.7;2010;2;25;128.3;1.87;2010;2;25;1.85;0.21;2009;10;3;1
1753;2010;299.325;9.492;0.49;90.63;1.48;2011;1;7;153.16;2.16;2011;1;6;1.59;0.19;2011;9;28;1
1753;2011;178.356;5.64;0.37;69.445;1.27;2012;4;19;89.71;1.42;2012;4;19;1.444;0.18;2011;10;21;1
1753;2012;489.632;15.526;0.58;160.021;2.24;2013;1;19;191.75;2.61;2013;1;18;1.878;0.21;2013;9;24;1
1753;2013;551.284;17.481;0.61;121.868;1.8;2014;3;2;143.73;2.05;2014;3;2;2.127;0.23;2013;10;12;1
1753;2014;359.073;11.386;0.53;126.81;1.85;2015;1;31;167.74;2.33;2015;1;31;2.033;0.22;2015;9;12;1
1753;2015;547.853;17.325;0.63;163.941;2.29;2016;2;13;184.89;2.53;2016;1;11;2.245;0.24;2015;10;2;1
1753;2016;152.097;4.823;0.35;82.544;1.41;2017;2;5;134.298;1.94;2017;2;5;1.726;0.2;2017;8;26;1
1753;2017;383.798;12.17;0.52;67.063;1.26;2018;4;4;120.579;1.78;2017;12;11;1.591;0.19;2017;10;12;1
1753;2018;289.342;9.175;0.49;118.544;1.79;2019;1;31;153.162;2.16;2019;1;31;1.897;0.21;2019;9;15;1
1753;2019;499.141;15.784;0.58;135.87;1.96;2019;12;20;154.876;2.18;2019;12;13;1.851;0.21;2019;10;12;1
1753;2020;435.259;13.802;0.55;147.526;2.09;2020;12;11;176.312;2.43;2020;12;11;2.195;0.23;2020;10;1;1
1754;1959;;;;;;;;;;;;;;;;;;;1
1754;1960;636.012;20.168;;142.7;;1960;11;17;;;;;;1.5;;1961;9;12;1
1754;1961;154.008;4.884;;71.5;;1962;3;31;;;;;;1.1;;1962;8;27;1
1754;1962;140.495;4.455;;29.5;;1963;2;20;;;;;;1.4;;1962;10;3;1
1754;1963;448.226;14.174;0.57;92.5;1.38;1964;3;20;;;;;;1.2;0.22;1963;10;15;1
1754;1964;793.1;25.149;;150;;1965;3;25;;;;;;0.1;;1965;8;4;1
1754;1965;713.076;22.612;;178.7;;1966;2;12;;;;;;1.7;;1966;9;22;1
1754;1966;415.04;13.161;;198;;1966;11;5;;;;;;1.7;;1967;8;18;1
1754;1967;565.54;17.884;;98.5;;1968;4;18;;;;;;1.3;;1968;8;23;1
1754;1968;660.467;20.943;;179;;1969;1;19;;;;;;1.64;;1969;8;24;1
1754;1969;410.699;13.023;;112;;1970;1;5;;;;;;0.56;;1970;9;21;1
1754;1970;403.331;12.79;;73.8;;1971;1;23;;;;;;0.56;;1970;10;26;1
1754;1971;424.359;13.42;;226.75;;1972;2;11;;;;;;1.08;;1972;9;29;1
1754;1972;336.269;10.663;;43.86;;1972;11;21;;;;;;1.08;;1972;10;19;1
1754;1973;396.376;12.569;;93.9;;1974;1;7;;;;;;1.92;;1974;9;18;1
1754;1976;667.63;21.17;;154;;1977;2;20;;;;;;3.6;;1976;10;1;1
1754;1977;591.807;18.766;;123.6;;1978;2;28;;;;;;1.36;;1978;9;18;1
1754;1978;712.752;22.601;;177.55;;1979;2;9;;;;;;1.08;;1979;9;30;1
1754;1979;394.452;12.474;;125;;1980;1;22;;;;;;1.08;;1980;9;15;1
1754;1980;304.632;9.66;;167.3;;1980;12;20;;;;;;1.64;;1981;9;8;1
1754;1981;374.929;11.889;;127.8;;1981;12;23;;;;;;0.72;;1982;9;13;1
1754;1982;517.959;16.424;0.45;106.7;1.42;1982;12;12;;;;;;1.36;0.12;1983;9;26;1
1754;1983;469.291;14.84;;91.4;;1983;12;22;;;;;;1.08;;1983;11;1;1
1754;1984;549.209;17.415;;87.8;;1985;2;11;;;;;;0.8;;1985;9;21;1
1754;1985;402.759;12.771;;140.7;;1986;2;23;;;;;;0.72;;1985;10;18;1
1754;1986;248.279;7.873;;61.4;;1987;2;17;;;;;;0.72;;1987;9;16;1
1754;1987;602.978;19.068;;199.5;;1987;10;15;;;;;;1.92;;1988;9;24;1
1754;1988;183.08;5.805;;70.32;;1989;3;1;;;;;;0.8;;1989;2;21;1
1754;1989;243.966;7.736;;106.7;;1989;12;22;;;;;;0.56;;1990;9;27;1
1754;1990;357.259;11.329;;74.96;;1991;1;11;;;;;;0.8;;1990;10;7;1
1754;1991;232.876;7.364;;101.4;;1991;11;15;;;;;;1.36;;1992;9;12;1
1754;1992;327.663;10.39;;108.1;;1992;12;7;;;;;;2.48;;1993;9;5;1
1754;1993;568.86;18.038;;157.651;;1994;1;10;;;;;;1.946;;1994;9;5;1
1754;1994;397.106;12.592;;80.126;;1994;12;31;;;;;;1.946;;1995;8;28;1
1754;1995;501.074;15.846;;172.9;;1995;12;25;;;;;;2.16;;1996;8;1;1
1754;1996;328.413;10.414;;181.584;;1996;11;22;;;;;;0.798;;1997;9;23;1
1754;1997;525.656;16.668;;88.33;;1998;5;1;;;;;;0.926;;1997;10;1;1
1754;1998;278.337;8.826;;97.669;;1999;9;22;;;;;;1.127;;1999;9;10;1
1754;1999;400.109;12.653;;74.789;;1999;10;25;;;;;;1.314;;2000;9;11;1
1754;2000;802.06;25.433;;129.721;;2001;1;27;;;;;;0.308;;2001;9;18;1
1754;2001;96.709;3.067;;20.992;;2002;2;6;;;;;;0.165;;2002;9;3;1
1754;2002;434.923;13.791;;106.258;;2002;12;27;;;;;;0.165;;2003;9;3;1
1754;2003;226.135;7.151;;70.662;;2003;12;30;;;;;;0.114;;2003;10;15;1
1754;2004;152.435;4.834;;51.51;;2004;10;31;;;;;;0.017;;2005;7;2;1
1754;2005;294.365;9.334;;68.565;;2006;3;24;;;;;;1.314;;2006;9;9;1
1754;2006;369.958;11.731;;73.154;;2007;2;12;;;;;;2.579;;2006;10;2;1
1754;2007;287.284;9.085;;69.797;;2008;4;21;;;;;;2.18;;2007;11;15;1
1763;2007;;;;;;;;;4.46;0.6;2008;4;21;;;;;;1
1763;2008;32.365;1.026;0.32;5.687;0.66;2009;1;23;7.56;0.75;2009;1;23;0.31;0.21;2009;9;14;1
1763;2009;50.481;1.601;0.37;7.255;0.76;2010;2;25;11.15;0.97;2010;2;25;0.34;0.22;2009;10;1;1
1763;2010;32.227;1.022;0.31;7.37;0.75;2011;1;6;17.1;1.23;2011;1;6;0.27;0.2;2011;9;28;1
1763;2011;19.124;0.605;0.26;4.27;0.58;2012;4;19;5.58;0.66;2012;4;18;0.27;0.2;2011;10;2;1
1763;2012;49.457;1.568;0.36;7.924;0.8;2013;1;19;12.42;1.03;2013;1;19;0.27;0.2;2013;9;16;1
1763;2013;50.641;1.606;0.36;7.303;0.76;2014;2;8;10.74;0.95;2014;2;8;0.3;0.21;2013;10;6;1
1763;2014;34.876;1.106;0.33;4.759;0.61;2015;2;3;7.36;0.77;2014;10;16;0.337;0.22;2015;9;4;1
1763;2015;57.077;1.805;0.38;8.644;0.84;2016;2;13;11.99;1.01;2016;1;10;0.34;0.22;2015;10;1;1
1763;2016;14.52;0.46;0.24;6.569;0.72;2017;2;4;10.136;0.92;2017;2;4;0.204;0.18;2017;7;23;1
1763;2017;33.122;1.05;0.31;4.536;0.59;2018;4;4;8.239;0.82;2017;12;10;0.204;0.18;2017;10;1;1
1763;2018;26.715;0.847;0.29;7.801;0.79;2019;1;31;10.335;0.93;2019;1;31;0.235;0.19;2019;9;12;1
1763;2019;41.832;1.323;0.34;7.73;0.79;2019;12;20;8.605;0.84;2019;12;20;0.235;0.19;2019;10;2;1
1763;2020;35.165;1.115;0.32;6.18;0.7;2020;12;11;8.605;0.84;2020;12;11;0.208;0.18;2020;10;18;1
1765;1914;;;;;;;;;;;;;;;;;;;1
1765;1915;;;;;;;;;;;;;;;;;;;1
1765;1916;;;;;;;;;;;;;;;;;;;1
1765;1917;;;0.5;;;;;;;;;;;;;;;;1
1765;1918;;;0.7;;;;;;;;;;;;;;;;1
1765;1919;;;0.53;;;;;;;;;;;;;;;;1
1765;1920;;;0.48;;;;;;;;;;;;;;;;1
1765;1921;;;0.58;;;;;;;;;;;;;;;;1
1765;1922;;;0.62;;;;;;;;;;;;;;;;1
1765;1923;;;;;;;;;;;;;;;;;;;1
1765;1924;;;;;;;;;;;;;;;;;;;1
1765;1925;;;;;;;;;;;;;;;;;;;1
1765;1926;;;;;;;;;;;;;;;;;;;1
1765;1927;;;;;;;;;;;;;;;;;;;1
1765;1928;;;0.28;;;;;;;;;;;;;;;;1
1765;1929;;;;;;;;;;;;;;;;;;;1
1765;1930;;;0.44;;;;;;;;;;;;;;;;1
1765;1931;;;;;;;;;;;;;;;;;;;1
1765;1932;;;;;;;;;;;;;;;;;;;2
1765;1933;;;;;;;;;;;;;;;;;;;2
1765;1934;;;;;;;;;;;;;;;;;;;2
1765;1935;;;;;;;;;;;;;;;;;;;2
1765;1936;;;;;;;;;;;;;;;;;;;2
1765;1943;14.289;0.452;-0.01;14.58;0.85;1943;10;20;;;;;;0.165;-0.2;1944;8;1;1
1765;1944;124.727;3.955;0.02;49.7;1.65;1945;1;28;;;;;;1.8;-0.2;1945;6;29;1
1765;1945;142.474;4.518;;37.2;1.4;1946;6;1;;;;;;1.72;-0.22;1946;8;17;1
1765;1946;232.694;7.379;0.19;90.9;2.4;1947;2;22;132;3;1947;2;;1.63;-0.24;1947;7;25;1
1765;1947;133.664;4.227;0.02;54.4;1.74;1948;1;28;;;;;;1.72;-0.22;1948;9;16;1
1765;1948;85.384;2.708;;24.5;1.1;1949;1;5;;;;;;1.63;-0.24;1949;5;20;1
1765;1949;104.221;3.305;;16.6;0.8;1950;2;4;;;;;;1.63;-0.24;1950;8;11;1
1765;1950;206.128;6.536;0.17;96.9;2.5;1951;3;19;;;;;;1.63;-0.24;1950;10;5;1
1765;1951;152.182;4.812;0.11;24.5;1.1;1952;4;1;;;;;;2.03;-0.16;1952;9;12;1
1765;1952;140.577;4.458;0.03;90.9;2.4;1952;12;2;;;;;;1.63;-0.24;1953;8;10;1
1765;1953;54.931;1.742;0.04;12.65;1.1;1953;11;28;;;;;;0.24;0;1954;1;1;1
1765;1954;145.905;4.627;0.06;37.2;1.4;1955;1;19;;;;;;1.63;-0.24;1955;8;24;1
1765;1955;166.469;5.264;0.1;57.6;1.8;1956;1;15;;;;;;1.63;-0.24;1956;8;25;1
1765;1956;107.7;3.415;-0.01;13.53;0.66;1957;4;1;;;;;;1.72;-0.22;1957;9;18;1
1765;1957;147.347;4.672;0.09;40.2;1.46;1958;3;26;;;;;;1.8;-0.2;1957;10;1;1
1765;1958;195.841;6.21;0.22;32.4;1.3;1959;4;29;;;;;;3.2;0;1959;7;18;1
1765;1959;259.873;8.218;0.24;103;2.6;1959;12;26;;;;;;1.63;-0.24;1960;8;13;1
1765;1960;213.465;6.769;0.18;103;2.6;1960;11;17;;;;;;1.5;-0.25;1961;8;10;1
1765;1961;169.508;5.375;0.09;79.4;2.2;1962;3;31;;;;;;1.2;-0.3;1962;8;28;1
1765;1962;152.721;4.843;0.09;32.4;1.3;1963;2;20;;;;;;1.5;-0.25;1962;10;1;1
1765;1963;173.413;5.484;0.11;39.3;1.45;1964;3;20;;;;;;1;-0.5;1964;2;9;1
1765;1964;125.124;3.968;-0.01;21.6;1;1965;1;20;;;;;;0.8;-0.5;1965;6;25;1
1765;1965;435.067;13.796;1.25;112.4;3.05;1966;2;12;;;;;;0.4;0.75;1966;8;18;1
1765;1966;456.391;14.472;1.47;67.2;2.95;1967;1;23;;;;;;1.8;0.75;1967;7;10;1
1765;1967;135.596;4.288;1.06;47.4;2.6;1968;4;18;;;;;;2.4;0.9;1968;6;16;1
1765;1968;450.827;14.296;0.22;164;2.2;1969;2;21;;;;;;5.3;0;1969;4;17;1
1765;1969;292.486;9.275;1.04;189;3.35;1970;1;5;;;;;;0.29;0.51;1970;9;3;1
1765;1970;158.41;5.023;0.94;36.2;1.8;1971;1;25;;;;;;0.2;0.6;1971;9;16;1
1765;1971;185.839;5.877;0.95;129;3;1972;2;11;;;;;;0.4;0.64;1972;8;12;1
1765;1972;131.762;4.178;0.93;22.4;1.5;1973;5;3;;;;;;0.7;0.7;1973;7;10;1
1765;1973;176.348;5.592;0.71;85;2.5;1974;2;17;;;;;;0.1;0.15;1974;9;15;1
1765;1974;103.88;3.294;0.34;28.11;0.87;1975;3;8;33.38;0.94;1975;3;8;0.2;0.2;1974;10;1;1
1765;1975;85.365;2.7;0.32;16.52;0.69;1976;2;3;20.6;0.76;1976;2;3;0.2;0.2;1976;8;20;1
1765;1976;347.338;11.014;0.53;78;1.4;1977;2;11;139;1.85;1977;2;10;0.98;0.26;1977;9;13;1
1765;1977;352.942;11.192;0.48;199.2;2.28;1978;2;28;279;2.85;1978;2;27;0.18;0.18;1978;8;26;1
1765;1978;331.057;10.498;0.45;132;1.8;1979;2;14;;;;;;0.1;0.1;1979;7;17;1
1765;1979;179.34;5.671;0.35;160;2;1980;1;22;;;;;;0.154;0.1;1980;7;22;1
1765;1980;93.241;2.957;0.27;47;1.1;1980;12;20;;;;;;0.154;0.1;1981;7;14;1
1765;1981;131.982;4.185;0.29;88.4;1.48;1981;12;30;174;2.1;1981;12;30;0.154;0.1;1982;7;9;1
1765;1982;213.041;6.755;0.4;40.7;1.03;1983;4;27;75.8;1.38;1982;12;12;0.69;0.16;1983;9;29;1
1765;1983;175.416;5.547;0.37;36.46;0.98;1984;4;3;49.7;1.13;1984;4;3;0.48;0.13;1984;8;9;1
1765;1984;256.951;8.148;0.43;67;1.3;1985;2;11;132;1.8;1985;2;11;0.3;0.1;1985;9;21;1
1765;1985;160.683;5.095;0.34;56;1.2;1986;2;17;132;1.8;1986;2;18;0.15;0.05;1985;10;16;1
1765;1986;125.4;3.976;0.33;30.3;0.9;1987;2;17;47;1.1;1987;2;17;0.96;0.19;1987;7;2;1
1765;1987;254.478;8.047;0.44;132;1.8;1987;10;15;202;2.3;1987;10;15;0.6;0.15;1988;8;25;1
1765;1988;57.263;1.816;0.23;18.347;0.71;1989;4;13;;;;;;0.248;0.1;1989;6;28;1
1765;1989;105.395;3.342;0.27;84.623;1.46;1989;12;22;115.939;1.7;1989;12;22;0.303;0.11;1989;10;1;1
1765;1990;132.965;4.216;0.31;50.173;1.21;1991;3;12;71.79;1.43;1991;3;12;0.385;0.09;1991;7;3;1
1765;1991;74.113;2.344;0.25;20.372;0.79;1992;4;3;37.924;1.06;1991;11;15;0.385;0.09;1992;7;27;1
1765;1992;139.098;4.411;0.34;29.993;0.95;1992;12;7;54.768;1.26;1992;12;4;1.053;0.17;1993;7;26;1
1765;1993;196.433;6.229;0.37;71.79;1.43;1994;1;6;132.356;1.9;1994;1;9;0.6;0.12;1994;7;11;1
1765;1994;169.906;5.388;0.35;58.444;1.3;1995;2;17;176.826;2.17;1995;2;17;0.442;0.1;1995;7;23;1
1765;1995;273.797;8.658;0.4;109.531;1.74;1995;12;25;212.258;2.36;1995;12;25;0.436;0.13;1996;7;15;1
1765;1996;126.692;4.017;0.31;65.26;1.36;1996;11;22;;;;;;0.61;0.15;1996;10;10;1
1765;1997;268.463;8.513;0.42;46.766;1.15;1998;5;1;61.433;1.32;1997;12;22;0.523;0.14;1998;7;20;1
1765;1998;108.246;3.432;0.29;37.762;1.03;1999;9;22;119.202;1.81;1999;9;22;0.348;0.12;1999;7;17;1
1765;1999;206.182;6.52;0.37;97.679;1.65;1999;10;25;154.721;2.04;1999;10;25;0.348;0.12;2000;9;9;1
1765;2000;469.915;14.901;0.53;161.523;2.08;2000;12;7;570.544;3.85;2000;12;7;0.348;0.12;2001;7;22;1
1765;2001;52.698;1.671;0.21;10.783;0.54;2002;2;6;13.721;0.61;2002;2;6;0.076;0.07;2002;7;17;1
1765;2002;233.089;7.391;0.39;71.16;1.42;2002;12;27;125.048;1.85;2003;1;1;0.348;0.12;2003;9;18;1
1765;2003;121.027;3.827;0.29;25.533;0.84;2004;1;14;51.628;1.21;2004;1;14;0.348;0.12;2004;9;24;1
1765;2004;70.755;2.244;0.24;16.976;0.68;2004;10;31;46.766;1.15;2004;10;31;0.348;0.12;2005;8;3;1
1765;2005;104.483;3.313;0.29;33.822;0.99;2006;3;24;41.328;1.09;2006;3;24;0.26;0.12;2006;9;13;1
1765;2006;172.163;5.459;0.36;52.21;1.22;2006;11;25;112.31;1.77;2006;12;5;0.392;0.14;2007;8;31;1
1765;2007;76.8;2.429;0.28;27.808;0.91;2008;4;21;37.479;1.04;2008;4;21;0.47;0.15;2007;10;27;1
1765;2008;;;0.5;;;;;;32.27;;2009;1;28;;;;;;1
1765;2009;253.668;8.044;0.66;78.066;2.14;2010;2;25;118.11;2.61;2010;2;25;0.62;0.24;2010;8;12;1
1765;2010;165.898;5.261;0.55;81.95;2.06;2011;1;6;199.68;3.31;2011;1;6;0.5;0.22;2011;9;27;1
1765;2011;64.497;2.04;0.38;20.178;1.17;2012;4;19;24.88;1.29;2012;4;19;0.36;0.19;2011;10;14;1
1765;2012;208.315;6.606;0.6;89.534;2.27;2013;1;19;144.57;2.86;2013;1;19;0.471;0.21;2012;10;6;1
1765;2013;229.783;7.286;0.62;58.365;1.88;2014;2;8;89.32;2.3;2014;2;8;0.676;0.25;2013;10;13;1
1765;2014;148.45;4.707;0.54;32.981;1.46;2015;1;31;41.73;1.63;2015;1;31;0.638;0.25;2015;7;23;1
1765;2015;216.709;6.853;0.62;57.794;1.88;2016;2;13;106.45;2.49;2016;1;11;0.678;0.25;2015;10;2;1
1765;2016;52.59;1.668;0.35;29.181;1.35;2017;2;4;58.556;1.9;2017;2;4;0.305;0.18;2017;9;9;1
1765;2017;163.815;5.195;0.54;43.923;1.66;2018;3;15;62.015;1.95;2018;3;15;0.291;0.17;2017;10;16;1
1765;2018;124.334;3.943;0.5;59.07;1.81;2019;1;31;79.394;2.13;2019;1;31;0.639;0.25;2018;10;10;1
1765;2019;225.912;7.144;0.61;85.479;2.21;2019;12;20;94.326;2.33;2019;12;20;0.543;0.22;2019;10;12;1
1765;2020;186.664;5.919;0.57;52.317;1.7;2021;2;18;70.439;2;2021;2;18;0.746;0.26;2020;10;1;1
1768;1950;6192.098;196.35;;1410;12.3;1951;2;19;1980;;1951;2;;9.75;0.19;1951;9;30;1
1768;1951;3767.286;119.133;2.22;711;7.86;1951;11;8;848;;1951;11;;9;0.17;1951;10;1;1
1768;1952;4961.913;157.341;2.15;1125;9.74;1952;11;30;1315;10.8;1952;12;2;15.75;0.14;1953;8;21;1
1768;1953;3775.957;119.735;2.18;805.09;8.53;1954;2;13;;;;;;4.86;0.07;1954;8;11;1
1768;1954;5437.527;172.423;2.42;1675.39;12.4;1955;1;18;;;;;;13.27;0.22;1955;8;26;1
1768;1955;;;;;;;;;;;;;;;;;;;1
1768;1956;2825.726;89.603;1.75;928;3.35;1957;2;15;;;;;;2.4;0.18;1957;9;12;1
1768;1957;4563.727;144.715;2.4;1167;10.88;1958;3;28;;;;;;10.75;0.24;1957;10;2;1
1768;1958;5674.072;179.924;2.86;1520;12.85;1958;12;19;;;;;;24.4;0.76;1958;10;29;1
1768;1959;;;;;;;;;;;;;;;;;;;1
1768;1960;7984.497;253.187;;1713;;1960;11;17;;;;;;13.9;;1961;9;1;1
1768;1961;7767.706;246.312;3.27;3383;18.95;1962;3;31;;;;;;6;0.01;1962;9;13;1
1768;1962;6381.953;202.37;;1988.5;;1963;3;11;;;;;;0;;1963;6;23;1
1768;1963;6617.722;209.273;;1304;;1964;3;21;;;;;;0;;1964;1;19;1
1768;1964;3627.78;115.036;;709.9;;1965;3;17;;;;;;0;;1965;1;1;1
1768;1965;10392.209;329.535;;1987.1;;1966;2;20;;;;;;6.9;;1966;9;23;1
1768;1966;4443.198;140.893;;1577.8;;1966;11;5;;;;;;0.6;;1967;8;21;1
1768;1967;4894.759;154.788;;2620;;1968;3;11;;;;;;0;;1968;1;1;1
1768;1968;9270.616;293.969;;2098.6;;1969;1;18;;;;;;0;;1969;6;15;1
1768;1969;5347.305;169.562;;1453.33;;1970;1;5;;;;;;2.77;;1970;7;26;1
1768;1970;5133.809;162.792;;981.1;;1971;1;24;;;;;;2.27;;1970;10;4;1
1768;1971;4868.131;153.946;;2708.32;;1972;2;11;;;;;;6;;1972;8;26;1
1768;1972;4429.657;140.464;;672.79;;1972;12;7;;;;;;5.79;;1973;8;29;1
1768;1973;4906.332;155.579;;1235.85;;1974;1;7;;;;;;2.81;;1974;9;18;1
1768;1974;3156.562;100.094;;576.34;;1975;3;8;;;;;;3.15;;1975;8;9;1
1768;1975;2451.441;77.522;;282.72;;1975;12;3;;;;;;3.2;;1976;8;15;1
1768;1976;7942.23;251.846;;1392.04;;1977;2;21;;;;;;11.01;;1977;9;11;1
1768;1977;7737.146;245.343;;2361.63;;1978;2;28;;;;;;3.66;;1978;8;23;1
1768;1978;10320.107;327.248;;2403.1;;1979;2;7;;;;;;3.78;;1979;9;2;1
1768;1979;5018.572;158.703;;1183.2;;1980;1;24;;;;;;4;;1980;8;13;1
1768;1980;3063.56;97.145;;1341.89;;1980;12;20;;;;;;3.24;;1981;8;17;1
1768;1981;4516.86;143.229;;1701.97;;1981;12;23;;;;;;2.26;;1982;9;6;1
1768;1982;5859.804;185.813;;1084.9;;1982;12;12;;;;;;7.2;;1983;9;25;1
1768;1983;5129.715;162.218;;1102.9;;1983;12;23;;;;;;9.2;;1984;8;11;1
1768;1984;7353.824;233.188;;1548.2;;1985;2;12;;;;;;3.4;;1985;9;14;1
1768;1985;4666.049;147.959;;1279.6;;1986;2;23;;;;;;2.6;;1986;9;7;1
1768;1986;2843.41;90.164;;734.89;;1987;2;17;;;;;;0.55;;1987;9;17;1
1768;1987;7008.562;221.633;;1546.01;;1987;10;15;;;;;;8.38;;1988;9;11;1
1768;1988;2263.424;71.773;;640.49;;1989;3;1;;;;;;3.95;;1989;9;3;1
1768;1989;3721.042;117.993;;1529.71;;1989;12;22;;;;;;1.41;;1989;10;9;1
1768;1990;4263.889;135.207;;990.19;;1991;3;12;;;;;;2.64;;1990;10;8;1
1768;1991;2552.857;80.729;;736.71;;1991;11;15;;;;;;4.41;;1992;8;11;1
1768;1992;3279.15;103.981;;1306.48;;1992;12;7;;;;;;11.31;;1993;8;14;1
1769;1911;;;;;;;;;;;;;;;;;;;1
1769;1912;;;;;;;;;;;;;;;;;;;1
1769;1913;;;1.79;;;;;;;;;;;;;;;;1
1769;1914;;;;;;;;;;;;;;;;;;;1
1769;1915;;;1.95;;;;;;;;;;;;;;;;1
1769;1916;;;2.33;;;;;;;;;;;;;;;;1
1769;1917;;;1;;;;;;;;;;;;;;;;1
1769;1918;;;2.03;;;;;;;;;;;;;;;;1
1769;1919;;;1.61;;;;;;;;;;;;;;;;1
1769;1920;;;;;;;;;;;;;;;;;;;1
1769;1921;;;;;;;;;;;;;;;;;;;1
1769;1922;;;1.78;;;;;;;;;;;;;;;;1
1769;1923;;;;;;;;;;;;;;;;;;;1
1769;1924;;;1.93;;;;;;;;;;;;;;;;1
1769;1925;;;;;;;;;;;;;;;;;;;1
1769;1926;;;2.08;;;;;;;;;;;;;;;;1
1769;1927;;;2.27;;;;;;;;;;;;;;;;1
1769;1928;;;;;;;;;;;;;;;;;;;1
1769;1929;;;2.79;;;;;;;;;;;;;;;;1
1769;1930;;;2.21;;;;;;;;;;;;;;;;1
1769;1931;;;;;;;;;;;;;;;;;;;1
1769;1932;;;;;;;;;;;;;;;;;;;2
1769;1933;;;;;;;;;;;;;;;;;;;2
1769;1935;;;;;;;;;;;;;;;;;;;2
1769;1938;;;;;;;;;;;;;;;;;;;2
1769;1939;;;;;;;;;;;;;;;;;;;2
1769;1940;;;;;;;;;;;;;;;;;;;2
1769;1941;;;;;;;;;;;;;;;;;;;2
1769;1942;;;1.33;;;;;;;;;;;;;;;;1
1769;1943;2926.554;92.547;0.99;511.7;4.3;1943;11;27;;;;;;8.15;-0.4;1944;8;12;1
1769;1944;3604.094;114.285;1.12;1325;8.25;1944;12;12;;;;;;10.8;-0.35;1945;8;11;1
1769;1945;5096.702;161.615;1.58;1023;6.9;1945;12;24;;;;;;10.4;-0.38;1945;10;13;1
1769;1946;8014.326;254.133;2.19;2420;12.4;1947;2;22;2420;12.4;1947;2;;12.8;-0.22;1947;8;14;1
1769;1947;4803.242;151.894;1.45;1145;7.45;1948;1;28;;;;;;12.8;-0.22;1948;9;22;1
1769;1948;2168.006;68.747;;627.2;4.94;1949;1;5;;;;;;10;-0.4;1949;9;4;1
1769;1949;4156.414;131.799;;645.2;5.04;1950;2;4;;;;;;10;-0.4;1950;9;13;1
1769;1950;7028.336;222.867;2.02;1397;8.56;1951;2;19;;;;;;14.3;-0.14;1951;9;20;1
1769;1951;4717.203;149.173;1.51;630.8;4.46;1952;4;1;;;;;;12.5;-0.24;1952;9;13;1
1769;1952;4491.754;142.433;1.39;835.55;6.04;1952;11;26;;;;;;9.5;-0.42;1953;8;21;1
1769;1953;3243.416;102.848;1.08;620;4.9;1954;2;13;;;;;;9.7;-0.42;1954;8;16;1
1769;1954;5063.259;160.555;1.5;1157;7.5;1955;1;18;;;;;;9;-0.46;1955;8;18;1
1769;1955;5095.879;161.148;1.56;1023;6.9;1956;1;15;;;;;;10.7;-0.36;1956;8;20;1
1769;1956;2694.279;85.435;0.93;749;5.6;1957;2;14;;;;;;11.3;-0.32;1957;9;5;1
1769;1957;4671.665;148.138;1.46;1395;8.36;1958;3;27;;;;;;17.7;0.02;1957;10;1;1
1769;1958;5804.399;184.056;1.83;1203;7.7;1959;4;16;;;;;;29.5;0.38;1959;8;28;1
1769;1959;9713.164;307.161;2.6;3050;14.5;1959;12;27;;;;;;30.5;0.4;1960;9;12;1
1769;1960;8517.061;270.074;2.36;1774.7;10.06;1960;11;17;;;;;;9;-0.46;1961;8;29;1
1769;1961;8716.222;276.39;;3450;;1962;3;31;;;;;;0;;1962;6;3;1
1769;1962;6637.36;210.469;;2071.6;;1963;3;11;;;;;;0;;1963;6;2;1
1769;1963;6904.57;218.344;;1357;;1964;3;21;;;;;;0;;1964;5;24;1
1769;1964;3766.288;119.428;;749.4;;1965;3;17;;;;;;0;;1965;1;1;1
1769;1965;10806.178;342.662;;2066.5;;1966;2;20;;;;;;7.2;;1966;9;23;1
1769;1966;4990.939;158.262;;1612.4;;1966;11;5;;;;;;3.9;;1967;8;21;1
1769;1967;4928.386;155.851;;1273.9;;1968;4;18;;;;;;0;;1968;6;9;1
1769;1968;9640.979;305.713;;2196.5;;1969;1;17;;;;;;0;;1969;7;6;1
1769;1969;5658.843;179.441;;1606.91;;1970;1;5;;;;;;4.2;;1970;7;26;1
1769;1970;5382.282;170.671;;1027.75;;1971;1;24;;;;;;4.47;;1970;10;4;1
1769;1971;5166.965;163.396;;2853.36;;1972;2;11;;;;;;8.24;;1972;8;26;1
1769;1972;4662.5;147.847;;689.15;;1972;12;7;;;;;;8.39;;1973;8;29;1
1769;1973;5143.42;163.097;;1277.95;;1974;1;7;;;;;;2;;1974;1;31;1
1769;1974;3346.015;106.101;;622.38;;1975;3;8;;;;;;5.02;;1975;8;2;1
1769;1975;2551.465;80.685;;293.02;;1975;12;3;;;;;;5.01;;1976;8;2;1
1769;1976;8398.58;266.317;;1510.89;;1977;2;21;;;;;;12.25;;1977;9;11;1
1769;1977;8150.831;258.461;;2607;;1978;2;28;;;;;;7.46;;1978;8;23;1
1769;1978;10931.016;346.62;;2574.31;;1978;12;29;;;;;;2.9;;1979;8;24;1
1769;1979;5275;166.812;;1216.86;;1980;1;24;;;;;;5.13;;1980;9;12;1
1769;1980;3228.296;102.369;;1408.89;;1980;12;20;;;;;;4.94;;1981;8;17;1
1769;1981;4748.762;150.582;;1759.58;;1981;12;30;;;;;;4.53;;1982;9;15;1
1769;1982;6238.063;197.808;;1141.8;;1982;12;12;;;;;;9.6;;1983;9;25;1
1769;1983;5383.29;170.237;;1143.1;;1983;12;23;;;;;;12.5;;1984;9;10;1
1769;1984;7785.426;246.874;;1625.6;;1985;2;12;;;;;;5.9;;1985;9;14;1
1769;1985;4876.805;154.642;;1337.2;;1986;2;23;;;;;;4.5;;1986;9;7;1
1769;1986;3096.795;98.199;;808.86;;1987;2;17;;;;;;3.28;;1987;9;17;1
1769;1987;7481.043;236.574;;1759.61;;1987;10;15;;;;;;10.18;;1988;9;11;1
1769;1988;2357.103;74.743;;650.44;;1989;3;1;;;;;;5.12;;1989;9;3;1
1769;1989;3891.502;123.399;;1655.51;;1989;12;22;;;;;;2.1;;1989;10;9;1
1769;1990;4494.485;142.519;;1073.12;;1991;3;12;;;;;;3.04;;1990;10;8;1
1769;1991;2681.935;84.811;;754.13;;1991;11;15;;;;;;6.31;;1992;8;5;1
1769;1992;3410.345;108.141;;1334.9;;1992;12;7;;;;;;13.94;;1993;8;26;1
1805;1972;304.177;9.645;0.58;73;2.1;1973;1;22;;;;;;1.05;0.1;1973;9;26;1
1805;1973;307.087;9.738;0.51;99.62;2.5;1974;2;16;;;;;;0.92;0.06;1974;8;14;1
1805;1974;212.047;6.724;0.41;44;1.5;1975;3;4;;;;;;0.85;0.06;1974;10;1;1
1805;1975;63.717;2.015;0.22;6.35;0.55;1976;3;19;;;;;;1;0.09;1975;10;9;1
1805;1976;512.562;16.253;0.76;81;2.2;1977;2;12;;;;;;1.05;0.1;1977;9;10;1
1805;1977;485.141;15.384;0.68;134;3;1978;2;23;;;;;;1.05;0.1;1977;10;1;1
1805;1978;606.264;19.224;0.75;134;3;1979;1;5;;;;;;1.05;0.1;1979;8;5;1
1805;1979;;;;;;;;;;;;;;;;;;;1
1805;1980;123.527;3.917;0.32;21.8;1;1981;3;30;;;;;;0.9;0.07;1981;9;6;1
1805;1981;219.928;6.974;0.45;120;2.8;1981;12;31;;;;;;0.95;0.08;1982;9;16;1
1805;1982;377.528;11.971;0.66;64.25;1.9;1983;4;26;;;;;;1.17;0.13;1982;10;1;1
1805;1983;354.064;11.197;0.63;61.625;1.85;1983;12;21;;;;;;1.25;0.15;1984;9;19;1
1805;1984;411.255;13.041;0.67;81;2.2;1985;2;10;;;;;;1.17;0.13;1985;8;21;1
1805;1985;322.491;10.226;0.55;87;2.3;1986;2;18;;;;;;1.09;0.11;1986;8;16;1
1805;1987;446.366;14.116;0.74;75.25;2.1;1988;1;30;;;;;;1.05;0.1;1987;10;1;1
1805;1988;159.084;5.045;0.42;44.39;1.53;1989;4;14;;;;;;0.934;0.08;1989;8;18;1
1805;1989;268.609;8.518;0.48;81.841;2.23;1989;12;21;;;;;;0.934;0.08;1990;7;15;1
1805;1990;204.55;6.486;0.41;69.554;2.02;1991;3;12;;;;;;0.974;0.09;1991;7;18;1
1805;1991;117.558;3.718;0.35;34.247;1.3;1992;4;4;;;;;;1.123;0.13;1991;10;6;1
1805;1992;225.586;7.153;0.53;21.554;1;1993;5;27;;;;;;1.43;0.2;1992;10;1;1
1805;1993;438.266;13.897;0.73;89.28;2.35;1994;1;10;;;;;;1.014;0.18;1994;8;27;1
1805;1994;;;;;;;;;;;;;;;;;;;1
1805;1995;393.212;12.435;0.61;142.279;3.1;1996;1;9;;;;;;0.624;0.12;1996;8;13;1
1805;1996;205.763;6.525;0.49;60.265;1.85;1997;1;9;;;;;;0.676;0.13;1996;10;2;1
1805;2007;;;;;;;;;;;;;;;;;;;1
1805;2008;109.652;3.477;0.19;49.668;1.16;2009;2;5;53.879;1.22;2009;2;5;0.228;0.04;2008;10;1;1
1805;2009;374.663;11.88;0.4;106.56;1.85;2010;2;28;113.51;1.92;2010;2;25;0.202;0.04;2010;9;15;1
1805;2010;226.186;7.172;0.31;53.5;1.21;2011;1;9;60.56;1.31;2011;1;8;0.26;0.05;2011;8;2;1
1805;2011;;;;;;;;;;;;;;;;;;;1
1805;2012;;;;;;;;;;;;;;;;;;;1
1805;2013;316.511;10.036;0.35;100.423;1.78;2014;2;9;110.61;1.89;2014;2;9;0.279;0.05;2014;9;7;1
1805;2014;164.723;5.223;0.27;28.374;0.83;2015;2;3;30.33;0.86;2015;1;31;0.393;0.06;2014;10;6;1
1805;2015;302.822;9.576;0.37;78.148;1.53;2016;2;13;84.12;1.6;2016;2;13;0.238;0.04;2016;9;29;1
1805;2016;54.496;1.728;0.13;26.825;0.8;2017;2;5;29.181;0.84;2017;2;5;0.065;0.02;2017;8;25;1
1805;2017;202.763;6.43;0.26;61.265;1.32;2018;3;12;65.188;1.37;2018;3;12;0.14;0.03;2017;11;9;1
1805;2018;144.651;4.587;0.24;34.401;0.87;2019;4;10;36.59;0.9;2019;4;10;0.192;0.04;2018;10;1;1
1805;2019;240.511;7.606;0.3;119.034;1.95;2019;12;21;121.12;1.97;2019;12;21;0.121;0.03;2020;9;18;1
1805;2020;196.97;6.246;0.26;70.122;1.38;2021;2;10;72.85;1.42;2021;2;10;0.2;0.04;2020;10;2;1
1806;2008;;;0.24;;;;;;;;;;;;;;;;1
1806;2009;59.063;1.873;0.29;25.64;1.33;2009;12;6;;;;;;0.113;0.06;2010;8;17;1
1806;2010;38.201;1.211;0.23;8.62;0.76;2011;1;8;16.61;1.1;2010;10;3;0.14;0.07;2011;8;12;1
1806;2011;24.279;0.768;0.18;3.905;0.49;2012;5;9;5.67;0.61;2012;4;25;0.091;0.05;2012;9;8;1
1806;2012;56.496;1.791;0.26;32.808;1.43;2013;1;19;63.79;1.96;2013;1;18;0.093;0.05;2013;9;16;1
1806;2013;62.541;1.983;0.29;16.358;1.06;2014;2;8;36.37;1.54;2014;2;8;0.227;0.09;2014;7;31;1
1806;2014;39.742;1.26;0.24;5.685;0.52;2014;10;16;27.22;1.36;2014;10;16;0.227;0.09;2015;8;10;1
1806;2015;70.015;2.214;0.29;71.971;2.06;2016;2;13;83.49;2.2;2016;2;13;0.156;0.07;2016;9;10;1
1806;2016;132.944;4.216;0.18;821.998;6.16;2017;3;19;821.998;6.16;2017;3;18;0.052;0.03;2017;8;22;1
1806;2017;40.011;1.269;0.23;12.018;0.65;2017;12;11;102.254;2.4;2017;12;10;0.078;0.03;2017;10;10;1
1806;2018;34.611;1.098;0.22;11.291;0.87;2019;1;31;16.367;1.15;2019;1;31;0.152;0.07;2018;10;2;1
1806;2019;42.432;1.342;0.21;11.553;0.89;2019;12;21;15.598;1.11;2019;11;13;0;0;2020;7;31;1
1806;2020;38.529;1.222;0.2;11.143;0.86;2020;12;11;18.879;1.28;2021;2;3;0.023;0.02;2021;8;28;1
1809;2008;;;0.28;;;;;;;;;;;;;;;;1
1809;2009;;;;;;;;;;;;;;;;;;;1
1809;2010;;;;;;;;;133.45;3.51;2011;1;6;;;;;;1
1809;2011;;;;;;;;;177.26;3.92;2011;10;26;;;;;;1
1809;2012;;;;;;;;;142.136;3.82;2012;12;14;;;;;;1
1809;2013;;;;;;;;;170.53;4.19;2013;10;22;;;;;;1
1809;2014;;;;;;;;;69.16;2.65;2014;10;16;;;;;;1
1809;2015;97.34;3.078;0.43;46.444;2.14;2016;1;10;108.46;3.33;2016;1;8;0.061;0;2016;9;8;1
1809;2016;40.497;1.284;0.24;46.908;2.14;2017;2;4;97.21;3.15;2017;2;4;0.07;-0.01;2017;9;14;1
1809;2017;65.455;2.076;0.33;28.267;1.67;2018;3;11;124.393;3.57;2017;12;10;0.06;0;2017;10;16;1
1809;2018;57.439;1.821;0.33;31.619;1.76;2019;1;31;95.394;3.12;2018;11;11;0.109;0.01;2018;10;7;1
1809;2019;79.259;2.506;0.38;34.084;1.81;2019;12;21;136.331;3.74;2019;12;18;0.06;0;2020;8;2;1
1809;2020;68.736;2.18;0.37;27.223;1.62;2021;2;9;114.306;3.42;2021;1;22;0.261;0.08;2021;8;19;1
1821;2011;23.757;0.751;0.63;3.904;0.96;2012;4;19;6.26;1.07;2012;4;25;0.118;0.46;2012;8;9;1
1821;2012;;;0.67;;;;;;;;;;;;;;;;1
1821;2013;;;0.71;;;;;;;;;;;;;;;;1
1821;2014;;;0.55;;;;;;;;;;;;;;;;1
1821;2015;;;;;;;;;;;;;;;;;;;1
1821;2016;8.014;0.254;0.52;1.976;0.95;2017;3;6;;;;;;0;0;2017;2;6;1
1821;2017;;;;;;;;;;;;;;;;;;;1
1821;2018;;;;;;;;;16.256;1.42;2019;1;31;;;;;;1
1821;2019;;;;;;;;;;;;;;;;;;;1
1821;2020;;;0.83;;;;;;203.125;2.92;2021;2;10;;;;;;1
1822;2011;57.532;1.819;0.62;14.83;0.96;2012;4;19;22.921;1.11;2011;12;16;0.071;0.17;2011;10;17;1
1822;2012;160.913;5.103;0.72;33.228;1.28;2013;1;19;40.035;1.39;2013;1;19;0.305;0.36;2013;9;3;1
1822;2013;117.552;3.728;0.69;18.455;1.03;2014;2;8;27.57;1.19;2014;1;6;0.544;0.49;2014;6;26;1
1822;2014;135.038;4.282;0.72;26.953;1.18;2014;12;3;34.28;1.3;2014;12;3;0.695;0.56;2015;8;21;1
1822;2015;163.159;5.16;0.73;38.743;1.37;2016;1;8;47.35;1.5;2016;1;8;0.64;0.53;2016;9;8;1
1822;2016;56.333;1.786;0.63;25.315;1.15;2017;2;4;36.178;1.33;2017;2;4;0.506;0.47;2017;8;23;1
1822;2017;118.825;3.768;0.68;23.552;1.11;2017;12;11;40.687;1.4;2017;12;11;0.533;0.48;2018;9;18;1
1822;2018;73.075;2.317;0.66;22.414;1.1;2019;1;31;35.544;1.32;2018;11;10;0.514;0.47;2018;10;5;1
1822;2019;132.574;4.192;0.69;27.327;1.18;2019;12;22;36.814;1.34;2019;12;15;0.487;0.46;2020;8;8;1
1822;2020;67.929;2.154;0.6;16.315;0.99;2021;1;25;20.678;1.07;2021;1;25;0.316;0.37;2021;9;6;1
1823;2011;;;;;;;;;126.61;1.81;2011;12;16;;;;;;1
1823;2012;757.751;24.028;0.78;373.85;4.11;2013;1;19;442.217;4.6;2013;1;19;0;0.11;2013;8;6;1
1823;2013;;;;;;;;;323.86;3.75;2014;2;8;;;;;;1
1823;2014;;;0.71;;;;;;195.96;2.7;2014;10;16;;;;;;1
1823;2015;854.586;27.025;0.86;598.803;5.61;2016;2;13;669.28;6.04;2016;2;13;0.059;0.17;2016;9;6;1
1823;2016;226.536;7.183;0.53;103.1;1.76;2017;2;4;208.326;2.81;2017;2;5;0.009;0.09;2017;7;27;1
1823;2017;492.844;15.628;0.68;105.106;1.79;2017;12;11;223.265;2.94;2017;12;11;0.069;0.17;2018;8;22;1
1823;2018;348.259;11.043;0.6;128.007;2.04;2019;1;31;170.948;2.47;2019;1;31;0.413;0.27;2018;10;3;1
1823;2019;768.428;24.3;0.72;522.253;4.47;2019;12;21;555.416;4.69;2019;12;21;1.163;0.01;2020;8;9;1
1823;2020;574.175;18.207;0.65;166.593;1.95;2020;12;11;286.755;2.74;2021;2;3;1.158;-0.02;2021;7;18;1
1824;2011;54.652;1.728;0.91;12.577;1.21;2012;5;8;28.25;1.35;2011;10;26;0.08;0.63;2011;10;6;1
1824;2012;168.663;5.348;1.05;61.165;1.71;2013;1;19;158.84;2.09;2013;1;18;0.221;0.79;2013;9;25;1
1824;2013;167.811;5.321;1.06;28.896;1.49;2014;2;8;60.57;1.73;2014;2;4;0.446;0.86;2014;8;23;1
1824;2014;;;;;;;;;;;;;;;;;;;1
1824;2015;145.51;4.601;1.04;42.456;1.59;2016;2;12;82.94;1.84;2016;1;14;0.34;0.83;2016;9;7;1
1824;2016;45.1;1.43;0.93;31.672;1.44;2017;2;4;95.095;1.89;2017;2;4;0.085;0.7;2017;8;24;1
1824;2017;142.082;4.505;1.03;29.717;1.5;2018;3;11;44.705;1.63;2018;3;30;0.28;0.81;2017;10;16;1
1824;2018;100.597;3.19;1.01;20.974;1.4;2019;1;31;25.492;1.46;2019;2;1;0.372;0.84;2019;9;15;1
1824;2019;156.613;4.953;1.05;47.411;1.64;2019;12;19;76.272;1.81;2019;12;15;0.405;0.85;2020;8;9;1
1824;2020;129.426;4.104;1.04;29.505;1.5;2020;12;11;35.739;1.56;2020;12;11;0.508;0.87;2021;9;6;1
1825;2015;;;0.69;;;;;;;;;;;;;;;;1
1825;2016;;;0.5;;;;;;;;;;;;;;;;1
1825;2017;;;0.62;;;;;;;;;;;;;;;;1
1825;2018;;;0.59;;;;;;;;;;;;;;;;1
1825;2019;;;0.7;;;;;;;;;;;;;;;;1
1825;2020;;;0.66;;;;;;;;;;;;;;;;1
1826;2015;;;1.73;;;;;;;;;;;;;;;;1
1826;2016;;;1.29;;;;;;;;;;;;;;;;1
1826;2017;;;1.52;;;;;;;;;;;;;;;;1
1826;2018;;;1.4;;;;;;;;;;;;;;;;1
1826;2019;;;1.65;;;;;;;;;;;;;;;;1
1826;2020;;;1.57;;;;;;;;;;;;;;;;1
1827;2015;;;1.06;;;;;;;;;;;;;;;;1
1827;2016;;;0.77;;;;;;;;;;;;;;;;1
1827;2017;;;0.79;;;;;;;;;;;;;;;;1
1827;2018;;;0.72;;;;;;;;;;;;;;;;1
1827;2019;;;0.95;;;;;;;;;;;;;;;;1
1827;2020;;;0.93;;;;;;;;;;;;;;;;1
1828;2015;;;1.56;;;;;;;;;;;;;;;;1
1828;2016;;;0.68;;;;;;;;;;;;;;;;1
1828;2017;7728.835;245.08;1.27;995.072;4.18;2018;4;5;1035.329;4.35;2018;3;31;42.193;0;2017;10;7;1
1828;2018;5579.199;176.915;1.03;668.249;2.94;2019;2;1;812.578;3.46;2019;2;2;42.193;0;2019;9;7;1
1828;2019;9781.944;309.336;1.53;2914.589;9.39;2019;12;20;3119.781;9.79;2019;12;20;44.852;0.09;2020;8;9;1
1828;2020;8529.707;270.475;1.4;1344.364;5.22;2021;2;10;1494.132;5.73;2020;12;11;43.362;0.04;2021;9;4;1
1829;2011;76.128;2.407;0.42;30.269;0.76;2012;4;19;38.844;0.82;2012;4;19;0.069;0.17;2012;9;22;1
1829;2012;263.34;8.35;0.5;199.019;1.4;2013;1;19;405.862;1.89;2013;1;19;0.123;0.23;2013;9;14;1
1829;2013;312.499;9.909;0.53;93.91;1.08;2014;2;8;136.41;1.24;2014;2;8;0.4;0.38;2014;9;3;1
1829;2014;162.053;5.139;0.48;92.824;1.07;2015;1;31;155.25;1.3;2015;1;31;0.287;0.35;2015;8;19;1
1829;2015;269.186;8.513;0.52;125.687;1.2;2016;2;13;226.92;1.5;2016;2;12;0.315;0.36;2016;9;10;1
1829;2016;66.219;2.1;0.42;35.277;0.79;2017;2;5;58.59;0.93;2017;2;5;0.013;0.08;2017;8;25;1
1829;2017;222.136;7.044;0.51;59.639;0.93;2018;3;11;87.239;1.06;2018;3;11;0.29;0.35;2018;9;26;1
1829;2018;148.94;4.723;0.48;40.897;0.83;2019;2;1;68.927;0.98;2019;1;31;0.245;0.32;2019;9;15;1
1829;2019;240.956;7.62;0.49;111.911;1.15;2019;12;22;219.141;1.48;2019;12;19;0.159;0.26;2020;8;7;1
1829;2020;191.098;6.06;0.49;73.717;1;2021;2;21;92.157;1.08;2021;2;9;0.315;0.36;2021;8;25;1
1830;2015;;;0.35;;;;;;;;;;;;;;;;1
1830;2016;;;0.24;;;;;;;;;;;;;;;;1
1830;2017;171.234;5.43;0.34;44.742;1.01;2018;4;10;51.439;1.09;2018;4;10;0.073;0.09;2017;10;16;1
1830;2018;84.175;2.669;0.27;47.891;1.04;2019;1;31;67.068;1.28;2019;1;31;0.011;0.02;2018;12;9;1
1830;2019;176.383;5.578;0.34;67.191;1.28;2019;12;16;102.795;1.71;2019;12;19;0.011;0.02;2020;7;19;1
1830;2020;;;;;;;;;81.133;1.45;2020;12;11;;;;;;1
1831;2011;28.835;0.912;0.34;12.368;0.77;2012;5;5;;;;;;0;0.34;2012;7;5;1
1831;2012;140.412;4.452;0.38;54.819;1.14;2013;1;19;70.48;1.23;2013;1;19;0;0.35;2013;7;2;1
1831;2013;215.483;6.833;0.46;89.482;1.32;2014;2;5;;;;;;0;0.29;2014;6;18;1
1831;2014;88.372;2.802;0.4;20.399;0.87;2015;2;3;;;;;;0;0.34;2015;6;8;1
1831;2015;166.469;5.264;0.39;55.725;1.15;2016;2;13;61.47;1.18;2016;2;13;0;0.31;2016;7;17;1
1831;2016;18.595;0.59;0.23;15.127;0.8;2017;2;5;18.784;0.85;2017;2;5;0;0.25;2017;1;1;1
1831;2017;108.07;3.427;0.35;43.015;1.06;2018;3;15;48.495;1.1;2018;3;15;0;0.17;2018;1;1;1
1831;2018;54.563;1.73;0.38;13.179;0.86;2019;4;10;13.672;0.87;2019;4;10;0;0;2018;10;1;1
1831;2019;86.525;2.736;0.39;64.267;1.47;2019;12;20;83.829;1.68;2019;12;20;0.004;0.02;2020;7;14;1
1831;2020;68.868;2.184;0.36;32.383;1.13;2021;2;21;42.409;1.24;2021;2;21;0.004;0.03;2021;7;29;1
1832;2011;42.167;1.333;0.34;13.877;1.03;2012;4;19;17.7;1.17;2012;4;19;0.121;0.18;2011;10;4;1
1832;2012;;;;;;;;;;;;;;;;;;;1
1832;2013;;;;;;;;;;;;;;;;;;;1
1832;2014;;;0.32;;;;;;;;;;;;;;;;1
1832;2015;;;;;;;;;66.13;2.35;2016;1;8;;;;;;1
1832;2016;37.361;1.185;0.19;22.591;1.2;2017;2;4;68.073;2.39;2017;2;4;0.061;0;2017;8;23;1
1832;2017;;;;;;;;;23.482;1.3;2018;3;24;;;;;;1
1832;2018;83.715;2.655;0.34;36.939;1.66;2019;1;31;50.145;2;2019;1;31;0.274;0.07;2019;9;6;1
1832;2019;126.551;4.002;0.4;38.65;1.71;2019;12;13;55.87;2.13;2019;12;13;0.224;0.05;2020;8;8;1
1832;2020;120.236;3.813;0.41;45.69;1.87;2020;12;11;74.035;2.51;2020;12;11;0.324;0.08;2021;8;26;1
1833;2011;;;;;;;;;24.83;3.14;2012;4;19;;;;;;1
1833;2012;112.627;3.571;0.76;22.271;3.07;2013;1;19;23.7;3.22;2013;1;19;0.085;0.14;2012;10;8;1
1833;2013;116.047;3.68;0.77;19.596;2.79;2013;11;5;24;3.25;2013;11;4;0.152;0.16;2013;10;12;1
1833;2014;91.133;2.89;0.66;21.724;3.01;2015;1;31;27.93;3.64;2015;1;30;0.164;0.17;2015;8;13;1
1833;2015;;;;;;;;;28.24;3.67;2016;3;7;;;;;;1
1833;2016;41.558;1.318;0.41;16.871;2.5;2017;2;4;20.496;2.89;2017;2;4;0.153;0.16;2017;9;25;1
1833;2017;94.342;2.992;0.67;19;2.72;2017;12;11;23.308;3.18;2017;12;11;0.138;0.16;2017;10;9;1
1833;2018;70.326;2.23;0.57;21.194;2.96;2019;1;31;25.797;3.43;2019;1;31;0.236;0.19;2018;10;7;1
1833;2019;107.695;3.406;0.73;22.954;3.14;2019;12;13;27.216;3.57;2019;12;13;0.358;0.22;2019;10;13;1
1833;2020;106.957;3.392;0.75;22.181;3.06;2020;12;11;26.91;3.54;2020;12;11;0.396;0.23;2021;9;6;1
1834;2011;52.094;1.647;0.28;23.355;1.67;2012;4;19;30.646;2.09;2012;4;19;0.11;0.09;2012;9;22;1
1834;2012;111.451;3.534;0.41;36.835;2.43;2013;1;19;44.554;2.84;2013;1;19;0.136;0.1;2013;9;25;1
1834;2013;105.748;3.353;0.41;20.784;1.52;2014;2;10;36.3;2.4;2014;2;5;0.225;0.13;2013;10;14;1
1834;2014;93.49;2.965;0.38;29.406;2.01;2015;1;31;43.98;2.81;2015;1;30;0.18;0.12;2015;8;12;1
1834;2015;115.973;3.667;0.42;35.475;2.35;2016;1;8;42.85;2.75;2016;1;8;0.159;0.11;2016;9;9;1
1834;2016;48.305;1.532;0.26;23.337;1.67;2017;2;4;35.197;2.34;2017;2;4;0.04;0.06;2017;8;19;1
1834;2017;107.186;3.399;0.4;24.15;1.71;2017;12;11;34.647;2.31;2017;12;11;0.073;0.08;2018;8;27;1
1834;2018;79.897;2.534;0.34;28.207;1.95;2019;1;31;34.83;2.32;2019;1;31;0.112;0.1;2018;10;7;1
1834;2019;101.537;3.211;0.38;30.297;2.06;2019;12;13;42.469;2.73;2019;11;23;0.02;0.04;2020;7;31;1
1834;2020;119.042;3.775;0.44;29.894;2.04;2020;12;11;41.902;2.7;2021;1;25;0.271;0.14;2020;10;1;1
1835;2015;;;0.93;;;;;;;;;;;;;;;;1
1835;2016;;;;;;;;;;;;;;;;;;;1
1835;2017;;;;;;;;;;;;;;;;;;;1
1835;2018;174.584;5.536;1.75;53.788;2.9;2019;1;31;83.718;3.21;2019;1;31;0.53;0.94;2019;7;4;1
1835;2019;222.362;7.032;1.82;50.732;2.87;2019;12;21;68.163;3.05;2019;12;21;0;0.82;2020;6;23;1
1835;2020;213.163;6.759;1.69;49.842;2.86;2021;2;9;84.691;3.22;2021;2;3;0.826;1.02;2021;9;6;1
1836;2011;9.669;0.306;0.27;3.358;0.62;2012;5;9;5.33;0.71;2011;12;16;0.075;0.19;2012;4;2;1
1836;2012;35.459;1.124;0.38;18.249;1.31;2013;1;19;54.91;1.8;2013;1;19;0.075;0.17;2013;9;15;1
1836;2013;51.264;1.626;0.46;8.333;1.03;2014;2;14;18.15;1.4;2013;12;24;0.185;0.25;2013;10;11;1
1836;2014;;;;;;;;;;;;;;;;;;;1
1836;2015;27.251;0.862;0.27;25.191;1.45;2016;1;10;85.24;1.96;2016;1;10;0;0;2016;9;27;1
1836;2016;16.509;0.524;0.17;7.437;0.74;2017;2;4;;;;;;0.068;0.07;2017;8;23;1
1836;2017;44.866;1.423;0.27;6.363;0.69;2018;4;4;17.141;1.24;2017;12;10;0.106;0.08;2017;10;3;1
1836;2018;31.954;1.013;0.24;5.89;0.65;2019;1;31;9.635;0.9;2019;1;31;0.199;0.11;2019;8;28;1
1836;2019;55.446;1.753;0.31;15.892;1.17;2019;12;21;23.565;1.46;2019;12;21;0.224;0.12;2020;8;7;1
1836;2020;45.764;1.451;0.29;7.776;0.79;2021;1;25;9.101;0.87;2021;1;25;0.276;0.14;2020;10;1;1
1837;2011;84.581;2.675;0.45;54.204;1.56;2012;5;9;92.86;2.01;2012;5;8;1.144;0.32;2011;11;25;1
1837;2012;;;;;;;;;;;;;;;;;;;1
1837;2014;475.933;15.092;0.86;116.126;2.2;2015;3;4;158.1;2.62;2015;3;4;1.347;0.35;2015;7;24;1
1837;2015;295.62;9.348;0.6;309.876;3.26;2016;2;13;436.18;3.79;2016;2;13;0.66;0.17;2016;7;21;1
1837;2016;51.633;1.637;0.38;14.945;0.93;2017;2;5;26.932;1.21;2017;2;4;0.618;0.25;2017;3;13;1
1837;2017;;;;;;;;;;;;;;;;;;;1
1837;2018;60.051;1.904;0.4;3.728;0.53;2019;2;1;7.338;0.71;2019;1;31;1.075;0.32;2018;11;30;1
1837;2019;321.94;10.181;0.59;180.917;2.64;2019;12;21;269.281;3.11;2019;12;20;1.286;0.35;2020;7;23;1
1837;2020;160.988;5.105;0.54;98.21;2.03;2021;2;3;169.117;2.57;2021;2;3;1.378;0.36;2020;11;9;1
1903;1958;;;;;;;;;;;;;;;;;;;1
1903;1960;41.405;1.313;;9;;1960;11;18;;;;;;0.05;;1961;9;1;1
1904;1958;;;;;;;;;;;;;;;;;;;1
1904;1959;774.852;24.503;;263.2;;1959;12;26;;;;;;0.3;;1960;9;1;1
1904;1960;576.314;18.275;;138;;1960;11;17;;;;;;0.4;;1961;8;19;1
1904;1961;539.957;17.122;0.71;133.4;1.57;1962;3;30;;;;;;1.5;0.5;1962;6;29;1
1904;1962;429.659;13.624;;94.4;;1963;3;11;;;;;;1;;1962;10;2;1
1906;1958;;;;;;;;;;;;;;;;;;;1
1907;1962;162.778;5.162;;45.1;;1963;3;18;;;;;;1;;1963;8;18;1
1908;1958;;;;;;;;;;;;;;;;;;;1
1908;1959;39.822;1.259;;9.5;;1959;12;27;;;;;;0.02;;1960;7;1;1
1908;1960;30.73;0.974;;9.3;;1961;2;2;;;;;;0.03;;1961;8;1;1
1908;1961;43.729;1.387;0.27;10.47;1.26;1962;4;1;;;;;;0.05;0.03;1962;7;29;1
1909;1969;1409.78;44.704;2.53;706.4;5.32;1970;1;24;;;;;;0.1;1.85;1970;8;3;1
1909;1976;3100.138;98.305;2.93;2040;7.3;1977;1;25;;;;;;5.6;2.14;1977;9;11;1
1909;1977;3535.599;112.113;2.85;1752;6.98;1978;2;18;;;;;;3.89;2.04;1978;8;20;1
1910;1958;;;;;;;;;;;;;;;;;;;1
1911;1958;;;;;;;;;;;;;;;;;;;1
1928;1914;;;;;;;;;;;;;;;;;;;1
1928;1915;;;;;;;;;;;;;;;;;;;1
1928;1916;;;;;;;;;;;;;;;;;;;1
1928;1917;;;0.51;;;;;;;;;;;;;;;;1
1928;1918;;;1.19;;;;;;;;;;;;;;;;1
1928;1919;;;0.97;;;;;;;;;;;;;;;;1
1928;1920;;;0.5;;;;;;;;;;;;;;;;1
1928;1921;;;0.84;;;;;;;;;;;;;;;;1
1928;1922;;;1.24;;;;;;;;;;;;;;;;1
1928;1923;;;1.08;;;;;;;;;;;;;;;;1
1928;1924;;;;;;;;;;;;;;;;;;;1
1931;1911;;;;;;;;;;;;;;;;;;;1
1931;1912;;;;;;;;;;;;;;;;;;;1
1931;1913;;;2.36;;;;;;;;;;;;;;;;1
1931;1914;;;2.39;;;;;;;;;;;;;;;;1
1931;1915;;;2.33;;;;;;;;;;;;;;;;1
1931;1916;;;2.55;;;;;;;;;;;;;;;;1
1931;1917;;;1.62;;;;;;;;;;;;;;;;1
1931;1918;;;2.41;;;;;;;;;;;;;;;;1
1931;1919;;;2.11;;;;;;;;;;;;;;;;1
1931;1920;;;1.55;;;;;;;;;;;;;;;;1
1931;1921;;;1.82;;;;;;;;;;;;;;;;1
1931;1922;;;2.13;;;;;;;;;;;;;;;;1
1931;1923;;;;;;;;;;;;;;;;;;;1
1931;1924;;;2.19;;;;;;;;;;;;;;;;1
1931;1925;;;2.41;;;;;;;;;;;;;;;;1
1931;1926;;;;;;;;;;;;;;;;;;;1
1931;1927;;;2.27;;;;;;;;;;;;;;;;1
1931;1928;;;1.58;;;;;;;;;;;;;;;;1
1931;1929;;;2.68;;;;;;;;;;;;;;;;1
1931;1930;;;2.44;;;;;;;;;;;;;;;;1
1931;1931;;;;;;;;;;;;;;;;;;;1
1931;1932;;;;;;;;;;;;;;;;;;;2
1931;1933;;;;;;;;;;;;;;;;;;;2
1931;1934;;;;;;;;;;;;;;;;;;;2
1931;1935;;;;;;;;;;;;;;;;;;;2
1931;1936;;;;;;;;;;;;;;;;;;;2
1931;1937;;;;;;;;;;;;;;;;;;;2
1931;1938;;;;;;;;;;;;;;;;;;;2
1931;1939;;;;;;;;;;;;;;;;;;;2
1931;1940;;;;;;;;;;;;;;;;;;;2
1931;1941;;;;;;;;;;;;;;;;;;;2
1931;1942;;;1.65;;;;;;;;;;;;;;;;1
1931;1943;4245.732;134.263;1.42;778;4.6;1943;11;27;;;;;;15.5;0.3;1944;8;12;1
1931;1944;4870.81;154.452;1.5;2146;7.75;1944;12;12;;;;;;15.5;0.3;1945;8;8;1
1931;1945;7159.133;227.015;1.98;1194;6.2;1945;12;24;;;;;;14.4;0.28;1945;10;15;1
1931;1946;11174.029;354.326;2.51;3500;10;1947;2;22;;;;;;26.36;0.48;1947;8;30;1
1931;1947;6381.076;201.79;1.79;1298;6.6;1948;1;29;;;;;;26.36;0.48;1948;9;10;1
1931;1948;3094.74;98.134;1.14;882;5;1948;12;12;;;;;;15.1;1.04;1949;5;4;1
1931;1949;5597.895;177.508;1.72;986;5.4;1950;2;6;;;;;;17.86;0.34;1950;9;14;1
1931;1950;11167.804;354.129;2.51;2600;9.1;1951;2;19;;;;;;17.86;0.34;1951;9;30;1
1931;1951;6344.364;200.629;1.84;1012;5.5;1952;4;1;;;;;;20.22;0.38;1952;8;6;1
1931;1952;6909.061;219.085;1.88;1116;5.9;1952;11;26;;;;;;12.6;0.24;1953;8;21;1
1931;1953;5058.962;160.419;1.57;1032.8;5.58;1954;2;11;;;;;;12.6;0.24;1954;8;15;1
1931;1954;8256.355;261.807;2.05;2056;8.46;1955;1;18;;;;;;12.6;0.24;1955;8;21;1
1931;1955;8388.241;265.263;2.13;1508;7.4;1956;1;15;;;;;;15.5;0.3;1956;8;15;1
1931;1956;4572.994;145.009;1.49;1277.2;6.5;1957;2;15;;;;;;19.04;0.36;1957;9;5;1
1931;1957;8152.252;258.506;2.08;2080;8.5;1958;3;27;;;;;;22.64;0.42;1957;10;1;1
1931;1958;8080.627;256.235;2.14;1637.5;7.86;1959;4;16;;;;;;33.5;0.6;1959;8;28;1
1931;1959;15092.421;477.27;2.94;5700;11.7;1959;12;27;;;;;;34.8;0.62;1960;9;25;1
1931;1960;13662.907;433.248;2.85;2800;9.3;1960;11;17;;;;;;12.6;0.24;1961;8;29;1
1931;1961;12993.048;412.007;;4990;;1962;3;31;;;;;;5.5;;1962;9;16;1
1931;1962;9578.65;303.737;;2544.8;;1963;3;12;;;;;;33;;1962;10;15;1
1931;1963;10048.605;317.769;;1906.3;;1964;3;21;;;;;;59.3;;1964;7;18;1
1931;1964;5076.449;160.973;;810.1;;1965;3;16;;;;;;20.6;;1965;8;3;1
1931;1965;17755.209;563.014;;3613.7;;1966;2;13;;;;;;20;;1966;7;31;1
1931;1966;7874.764;249.707;;1690.2;;1966;11;5;;;;;;27.3;;1967;8;30;1
1931;1967;7039.535;222.612;;1273;;1968;4;18;;;;;;8.6;;1968;3;31;1
1931;1968;14146.445;448.581;;3085.6;;1969;3;16;;;;;;22.1;;1969;7;27;1
1931;1969;9772.491;309.884;;2420.92;;1970;1;15;;;;;;24.64;;1970;9;22;1
1942;1950;178.895;5.673;0.85;20.78;1.87;1951;2;19;26.5;;1951;2;;0.46;0.8;1950;12;12;1
1942;1951;;;;;;;;;18.15;;1951;11;;;;;;;1
1942;1952;100.455;3.185;0.71;19.15;1.66;1952;11;30;25.25;2.02;1952;12;;0.22;0.4;1953;9;11;1
1942;1953;131.306;4.164;0.7;29.5;1.48;1954;2;12;;;;;;0.15;0.38;1954;8;3;1
1942;1954;143.68;4.556;0.72;33.65;1.77;1955;2;4;;;;;;0.24;0.39;1954;10;15;1
1942;1955;;;;;;;;;;;;;;;;;;;1
1942;1956;101.353;3.214;0.62;20.8;1.25;1957;2;15;;;;;;0.3;0.29;1957;9;15;1
1942;1957;99.255;3.147;0.64;24;1.3;1958;3;27;;;;;;0.3;0.35;1957;10;6;1
1942;1958;194.721;6.175;0.8;40.75;1.64;1958;12;18;;;;;;0.76;0.42;1958;11;7;1
1942;1959;;;;;;;;;;;;;;;;;;;1
1942;1960;306.65;9.724;;104.7;;1960;11;17;;;;;;0.84;;1961;7;23;1
1942;1961;252.85;8.018;0.79;112;2.35;1962;3;30;;;;;;0.4;0.37;1962;9;14;1
1942;1966;163.002;5.169;;49.5;;1966;11;5;;;;;;0;;1967;7;24;1
1942;1967;180.87;5.72;;36;;1968;4;19;;;;;;0;;1968;7;2;1
1942;1968;344.131;10.912;;93.48;;1969;1;2;;;;;;0.01;;1969;7;29;1
1942;1969;195.147;6.188;;54.78;;1970;1;14;;;;;;0.01;;1970;9;4;1
1942;1970;216.218;6.856;;40.04;;1971;1;24;;;;;;0;;1970;10;18;1
1942;1971;202.722;6.411;;116.26;;1972;2;11;;;;;;0.01;;1972;9;29;1
1942;1972;175.774;5.574;;29.61;;1973;5;3;;;;;;0.01;;1973;8;31;1
1942;1973;177.535;5.63;;49.94;;1974;1;7;;;;;;0;;1974;8;3;1
1942;1974;123.434;3.914;;25.59;;1974;11;25;;;;;;0;;1975;8;10;1
1942;1975;92.491;2.925;;15.13;;1976;2;29;;;;;;0.04;;1976;8;4;1
1942;1976;265.867;8.431;;58.62;;1976;11;4;;;;;;0.05;;1977;9;11;1
1942;1977;293.139;9.295;;92.71;;1978;2;28;;;;;;0.02;;1978;8;14;1
1942;1978;327.908;10.398;;85.92;;1979;2;7;;;;;;0;;1979;9;13;1
1942;1979;181.217;5.731;;31.08;;1979;11;14;;;;;;0;;1980;9;6;1
1942;1980;129.451;4.105;;60.67;;1980;12;20;;;;;;0.02;;1981;7;10;1
1942;1981;155.445;4.929;;72.75;;1981;12;30;;;;;;0.02;;1982;7;27;1
1942;1982;225.068;7.137;;49.34;;1982;12;12;;;;;;0.1;;1983;9;27;1
1942;1983;213.972;6.766;;58.16;;1984;4;3;;;;;;0.01;;1984;9;2;1
1942;1984;249.331;7.906;;44.76;;1985;2;11;;;;;;0.03;;1985;9;10;1
1942;1985;170.449;5.405;;53.21;;1986;2;23;;;;;;0.02;;1986;8;18;1
1942;1986;129.593;4.109;;60.29;;1987;2;17;;;;;;0.02;;1987;8;23;1
1942;1987;254.011;8.033;;37.91;;1988;2;1;;;;;;0.03;;1988;9;10;1
1942;1988;77.954;2.472;;15.65;;1989;3;1;;;;;;0.02;;1989;9;1;1
1942;1989;132.653;4.206;;51.33;;1989;12;21;;;;;;0.01;;1990;5;31;1
1942;1990;147.008;4.662;;47.05;;1991;3;12;;;;;;0.01;;1991;6;30;1
1942;1991;84.788;2.681;;17.69;;1991;11;15;;;;;;0.01;;1992;2;29;1
1942;1992;121.839;3.863;;44.18;;1992;12;7;;;;;;0.01;;1993;2;6;1
