ref_ceh;anomes;resmes;salmes;entmes;tipo_dato_id;orig_dato_id
1627;196210;;;;2;1
1627;196211;;;;2;1
1627;196212;;;;2;1
1627;196301;;;;2;1
1627;196302;429;775.552;799.552;2;1
1627;196303;453;672.417;665.417;2;1
1627;196304;446;394.425;423.425;2;1
1627;196305;475;92.388;129.388;2;1
1627;196306;512;71.021;89.021;2;1
1627;196307;530;50.423;45.423;2;1
1627;196308;525;72.507;22.507;2;1
1627;196309;475;77.665;22.815;2;1
1627;196310;420.15;179.712;20.892;2;1
1627;196311;261.33;132.538;370.478;2;1
1627;196312;499.27;418.694;482.414;2;1
1627;196401;562.99;200.966;148.546;2;1
1627;196402;510.57;339.638;425.368;2;1
1627;196403;596.3;817.258;842.248;2;1
1627;196404;621.29;360.288;392.458;2;1
1627;196405;653.46;116.554;109.604;2;1
1627;196406;646.51;233.971;204.411;2;1
1627;196407;616.95;93.139;35.039;2;1
1627;196408;558.85;144.979;20.109;2;1
1627;196409;433.98;146.88;17.4;2;1
1627;196410;304.5;113.962;54.862;2;1
1627;196411;245.4;143.605;26.905;2;1
1627;196412;128.7;107.404;98.804;2;1
1627;196501;120.1;152.436;307.836;2;1
1627;196502;275.5;304.448;167.848;2;1
1627;196503;138.9;133.091;413.991;2;1
1627;196504;419.8;100.803;253.303;2;1
1627;196505;572.3;108.069;96.469;2;1
1627;196506;560.7;73.328;44.228;2;1
1627;196507;531.6;49.023;18.523;2;1
1627;196508;501.1;59.27;12.87;2;1
1627;196509;454.7;31.804;;2;1
1627;196510;385.2;163.417;68.217;2;1
1627;196511;290;168.221;168.421;2;1
1627;196512;290.2;673.246;885.246;2;1
1627;196601;502.2;1091.733;1086.933;2;1
1627;196602;497.4;1462.553;1488.453;2;1
1627;196603;523.3;383.556;409.056;2;1
1627;196604;548.8;567.778;625.378;2;1
1627;196605;606.4;239.06;222.96;2;1
1627;196606;590.3;203.507;210.507;2;1
1627;196607;597.3;203.8;75.2;2;1
1627;196608;468.7;252.521;52.721;2;1
1627;196609;268.9;238.369;36.469;2;1
1627;196610;67;170.084;147.884;2;1
1627;196611;44.8;440.558;602.158;2;1
1627;196612;206.4;277.198;373.498;2;1
1627;196701;302.7;239.287;344.987;2;1
1627;196702;408.4;196.146;394.146;2;1
1627;196703;606.4;445.459;404.159;2;1
1627;196704;565.1;179.576;173.776;2;1
1627;196705;559.3;190.747;225.947;2;1
1627;196706;594.5;189.264;96.964;2;1
1627;196707;502.2;196.081;47.681;2;1
1627;196708;353.8;177.492;31.892;2;1
1627;196709;208.2;186.442;33.142;2;1
1627;196710;54.9;24.555;26.355;2;1
1627;196711;56.7;131.803;198.003;2;1
1627;196712;122.9;228.735;227.435;2;1
1627;196801;121.6;276.022;300.322;2;1
1627;196802;145.9;187.574;330.874;2;1
1627;196803;289.2;166.838;224.838;2;1
1627;196804;347.2;121.98;378.98;2;1
1627;196805;604.2;476.824;473.724;2;1
1627;196806;601.1;197.873;98.673;2;1
1627;196807;501.9;91.212;34.712;2;1
1627;196808;445.4;100.466;19.966;2;1
1627;196809;364.9;66.459;64.259;2;1
1627;196810;362.7;98.764;71.164;2;1
1627;196811;335.1;126.541;243.141;2;1
1627;196812;451.7;463.89;612.79;2;1
1627;196901;600.6;938.33;924.43;2;1
1627;196902;586.7;712.411;724.811;2;1
1627;196903;599.1;921.076;928.376;2;1
1627;196904;606.4;339.63;336.93;2;1
1627;196905;603.7;340.986;343.686;2;1
1627;196906;606.4;234.524;215.324;2;1
1627;196907;587.2;120.295;59.495;2;1
1627;196908;526.4;88.646;24.246;2;1
1627;196909;462;124.044;171.144;2;1
1627;196910;509.1;230.723;87.423;2;1
1627;196911;365.8;235.967;202.167;2;1
1627;196912;332;278.588;387.188;2;1
1627;197001;440.6;1235.546;1401.346;2;1
1627;197002;606.4;706.346;704.746;2;1
1627;197003;604.8;425.114;289.914;2;1
1627;197004;469.6;227.016;158.316;2;1
1627;197005;400.9;189.708;277.108;2;1
1627;197006;488.3;194.832;148.332;2;1
1627;197007;441.8;171.132;52.532;2;1
1627;197008;323.2;120.027;27.327;2;1
1627;197009;230.5;75.444;18.044;2;1
1627;197010;173.1;83.108;20.308;2;1
1627;197011;110.3;67.824;70.324;2;1
1627;197012;112.8;122.265;92.465;2;1
1627;197101;83;112.32;449.12;2;1
1627;197102;419.8;193.7;321.3;2;1
1627;197103;547.4;342.204;364.304;2;1
1627;197104;569.5;326.324;310.224;2;1
1627;197105;553.4;264.989;313.089;2;1
1627;197106;601.5;277.361;276.461;2;1
1627;197107;600.6;166.337;159.337;2;1
1627;197108;593.6;177.008;97.208;2;1
1627;197109;513.8;127.129;45.029;2;1
1627;197110;431.7;253.187;57.287;2;1
1627;197111;235.8;197.113;101.013;2;1
1627;197112;139.7;184.291;172.591;2;1
1627;197201;128;176.178;403.578;2;1
1627;197202;355.4;818.986;1061.186;2;1
1627;197203;597.6;756.916;752.916;2;1
1627;197204;593.6;266.458;248.358;2;1
1627;197205;575.5;212.043;238.543;2;1
1627;197206;602;165.879;111.979;2;1
1627;197207;548.1;62.865;37.165;2;1
1627;197208;522.4;62.415;15.015;2;1
1627;197209;475;103.939;16.839;2;1
1627;197210;387.9;117.789;49.989;2;1
1627;197211;320.1;130.697;123.797;2;1
1627;197212;313.2;192.491;240.991;2;1
1627;197301;361.7;255.156;365.156;2;1
1627;197302;471.7;316.57;395.07;2;1
1627;197303;550.2;294.944;230.144;2;1
1627;197304;485.4;321.745;153.545;2;1
1627;197305;317.2;38.267;308.867;2;1
1627;197306;587.8;117.4;91.7;2;1
1627;197307;562.1;163.322;57.622;2;1
1627;197308;456.4;100.699;24.199;2;1
1627;197309;379.9;119.716;22.816;2;1
1627;197310;283;109.961;83.861;2;1
1627;197311;256.9;206.081;52.281;2;1
1627;197312;103.1;117.271;104.271;2;1
1627;197401;90.1;173.016;449.916;2;1
1627;197402;367;681.972;907.872;2;1
1627;197403;592.9;442.947;392.247;2;1
1627;197404;542.2;261.576;168.576;2;1
1627;197405;449.2;108.985;150.685;2;1
1627;197406;490.9;81;78.4;2;1
1627;197407;488.3;58.052;41.152;2;1
1627;197408;471.4;98.237;9.437;2;1
1627;197409;382.6;80.179;10.479;2;1
1627;197410;312.9;91.558;22.958;2;1
1627;197411;244.3;81.916;123.916;2;1
1627;197412;286.3;254.526;112.426;2;1
1627;197501;144.2;152.721;264.221;2;1
1627;197502;255.7;152.764;223.464;2;1
1627;197503;326.4;339.362;508.462;2;1
1627;197504;495.5;281.483;176.983;2;1
1627;197505;391;221.875;111.475;2;1
1627;197506;280.6;81.32;47.32;2;1
1627;197507;246.6;67.323;16.223;2;1
1627;197508;195.5;46.777;4.177;2;1
1627;197509;152.9;65.223;25.923;2;1
1627;197510;113.6;82.296;82.596;2;1
1627;197511;113.9;104.034;150.034;2;1
1627;197512;159.9;270.346;292.546;2;1
1627;197601;182.1;222.489;147.189;2;1
1627;197602;106.8;51.27;262.87;2;1
1627;197603;318.4;122.8;198.7;2;1
1627;197604;394.3;83.125;130.125;2;1
1627;197605;441.3;131;59.6;2;1
1627;197606;369.9;89.528;17.028;2;1
1627;197607;297.4;106.298;15.398;2;1
1627;197608;206.5;17.323;8.823;2;1
1627;197609;198;41.826;22.556;2;1
1627;197610;178.73;70.77;192.13;2;1
1627;197611;300.09;399.92;479.98;2;1
1627;197612;380.15;634.643;795.293;2;1
1627;197701;540.8;663.422;674.972;2;1
1627;197702;552.35;1118.776;1166.986;2;1
1627;197703;600.56;555.284;549.794;2;1
1627;197704;595.07;300.007;301.107;2;1
1627;197705;596.17;202.107;199.187;2;1
1627;197706;593.25;178.813;175.153;2;1
1627;197707;589.59;153.732;161.042;2;1
1627;197708;596.9;132.028;91.328;2;1
1627;197709;556.2;198.452;76.972;2;1
1627;197710;434.72;297.717;190.097;2;1
1627;197711;327.1;345.401;147.151;2;1
1627;197712;128.85;226.515;450.235;2;1
1627;197801;352.57;507.972;725.252;2;1
1627;197802;569.85;962.634;970.674;2;1
1627;197803;577.89;780.823;772.083;2;1
1627;197804;569.15;478.57;413.91;2;1
1627;197805;504.49;199.074;274.304;2;1
1627;197806;579.72;187.73;130.78;2;1
1627;197807;522.77;101.244;52.824;2;1
1627;197808;474.35;6.134;25.954;2;1
1627;197809;494.17;52.514;22.274;2;1
1627;197810;463.93;165.62;107.6;2;1
1627;197811;405.91;120.217;27.727;2;1
1627;197812;313.42;735.955;983.635;2;1
1627;197901;561.1;960.63;1003.38;2;1
1627;197902;603.85;1534.585;1530.565;2;1
1627;197903;599.83;685.117;678.537;2;1
1627;197904;593.25;712.299;707.179;2;1
1627;197905;588.13;288.913;300.973;2;1
1627;197906;600.19;205.407;168.767;2;1
1627;197907;563.55;78.935;49.545;2;1
1627;197908;534.16;12.649;22.789;2;1
1627;197909;544.3;104.086;24.316;2;1
1627;197910;464.53;178.511;81.511;2;1
1627;197911;367.53;282.502;256.072;2;1
1627;197912;341.1;308.915;412.155;2;1
1627;198001;444.34;444.442;536.002;2;1
1627;198002;535.9;313.943;355.573;2;1
1627;198003;577.53;420.379;365.619;2;1
1627;198004;522.77;301.372;328.852;2;1
1627;198005;550.25;160.644;208.764;2;1
1627;198006;598.37;147.951;116.281;2;1
1627;198007;566.7;108.38;59.97;2;1
1627;198008;518.29;99.999;26.649;2;1
1627;198009;444.94;131.527;24.627;2;1
1627;198010;338.04;83.946;59.076;2;1
1627;198011;313.17;195.774;148.994;2;1
1627;198012;266.39;263.667;269.827;2;1
1627;198101;272.55;314.868;252.138;2;1
1627;198102;209.82;110.609;171.639;2;1
1627;198103;270.85;188.793;363.783;2;1
1627;198104;445.84;133.635;271.175;2;1
1627;198105;583.38;221.141;227.351;2;1
1627;198106;589.59;199.549;131.349;2;1
1627;198107;521.39;102.099;34.699;2;1
1627;198108;453.99;83.35;16.99;2;1
1627;198109;387.63;139.432;30.732;2;1
1627;198110;278.93;202.297;123.017;2;1
1627;198111;199.65;137.091;56.691;2;1
1627;198112;119.25;339.898;764.598;2;1
1627;198201;543.95;548.796;521.406;2;1
1627;198202;516.56;368.833;250.423;2;1
1627;198203;398.15;242.525;245.575;2;1
1627;198204;401.2;97.943;96.003;2;1
1627;198205;399.26;81.622;65.832;2;1
1627;198206;383.47;56.929;63.029;2;1
1627;198207;389.57;36.21;36.76;2;1
1627;198208;390.12;47.745;18.815;2;1
1627;198209;361.19;49.144;16.21;2;1
1627;198210;328.256;100.465;141.003;2;1
1627;198211;368.794;253.676;294.801;2;1
1627;198212;409.919;551.162;732.094;2;1
1627;198301;590.851;466.805;253.018;2;1
1627;198302;377.064;211.739;343.657;2;1
1627;198303;508.982;348.123;270.277;2;1
1627;198304;431.136;436.449;599.927;2;1
1627;198305;594.614;625.353;632.167;2;1
1627;198306;601.428;223.087;180.803;2;1
1627;198307;559.144;220.185;83.424;2;1
1627;198308;422.383;190.85;69.437;2;1
1627;198309;300.97;233.27;53.211;2;1
1627;198310;120.911;111.285;50.164;2;1
1627;198311;59.79;69.994;72.485;2;1
1627;198312;62.281;206.769;311.091;2;1
1627;198401;166.603;308.187;507.921;2;1
1627;198402;366.337;407.912;465.759;2;1
1627;198403;424.184;334.552;315.605;2;1
1627;198404;405.237;283.927;412.533;2;1
1627;198405;533.843;299.512;304.086;2;1
1627;198406;538.417;241.641;216.636;2;1
1627;198407;513.412;173.514;74.74;2;1
1627;198408;414.638;214.522;40.49;2;1
1627;198409;240.606;155.754;31.727;2;1
1627;198410;116.579;146.667;205.41;2;1
1627;198411;175.322;220.192;448.07;2;1
1627;198412;403.2;398.977;546.639;2;1
1627;198501;550.862;558.329;608.136;2;1
1627;198502;600.669;829.114;809.587;2;1
1627;198503;581.142;583.013;601.781;2;1
1627;198504;599.91;485.265;451.039;2;1
1627;198505;565.684;194.335;173.09;2;1
1627;198506;544.439;113.894;105.055;2;1
1627;198507;535.6;100.235;45.283;2;1
1627;198508;480.648;111.033;35.04;2;1
1627;198509;404.655;160.556;20.276;2;1
1627;198510;264.375;164.125;18.549;2;1
1627;198511;118.799;142.745;73.455;2;1
1627;198512;49.509;127.131;189.456;2;1
1627;198601;111.834;438.506;740.423;2;1
1627;198602;413.751;317.368;499.741;2;1
1627;198603;596.124;465.843;405.671;2;1
1627;198604;535.952;311.836;327.822;2;1
1627;198605;551.938;253.496;214.971;2;1
1627;198606;513.413;123.682;64.921;2;1
1627;198607;454.652;113.478;28.442;2;1
1627;198608;369.616;117.09;18.026;2;1
1627;198609;270.552;176.992;57.659;2;1
1627;198610;151.219;141.78;55.571;2;1
1627;198611;65.01;135.175;123.011;2;1
1627;198612;52.846;173.992;208.488;2;1
1627;198701;87.342;224.371;247.223;2;1
1627;198702;110.194;243.616;313.466;2;1
1627;198703;180.044;206.269;219.853;2;1
1627;198704;193.628;43.036;323.547;2;1
1627;198705;474.139;85.761;115.525;2;1
1627;198706;503.903;67.038;76.548;2;1
1627;198707;513.413;60.636;42.069;2;1
1627;198708;494.846;107.252;18.519;2;1
1627;198709;406.113;215.844;39.403;2;1
1627;198710;229.672;217.799;488.327;2;1
1627;198711;500.2;513.476;419.389;2;1
1627;198712;406.113;520.8;426.529;2;1
1627;198801;311.842;509.855;710.743;2;1
1627;198802;512.73;751.429;751.429;2;1
1627;198803;512.73;394.874;226.079;2;1
1627;198804;343.935;231.276;317.566;2;1
1627;198805;430.225;292.73;353.693;2;1
1627;198806;491.188;143.008;195.903;2;1
1627;198807;544.083;121.286;126.991;2;1
1627;198808;549.788;218.134;44.578;2;1
1627;198809;376.232;242.335;35.636;2;1
1627;198810;169.533;161.817;55.594;2;1
1627;198811;63.31;72.696;50.806;2;1
1627;198812;41.42;65.033;65.588;2;1
1627;198901;41.975;70.423;63.484;2;1
1627;198902;35.036;48.719;86.805;2;1
1627;198903;73.122;115.751;245.673;2;1
1627;198904;203.044;59.805;310.469;2;1
1627;198905;453.708;80.954;144.084;2;1
1627;198906;516.838;65.492;93.804;2;1
1627;198907;545.15;189.616;69.854;2;1
1627;198908;425.388;101.755;16.661;2;1
1627;198909;340.294;103.344;14.719;2;1
1627;198910;251.669;127.181;20.126;2;1
1627;198911;144.614;146.759;78.007;2;1
1627;198912;75.862;248.487;510.333;2;1
1627;199001;337.708;301.458;296.327;2;1
1627;199002;332.577;327.75;428.135;2;1
1627;199003;432.962;262.337;143.668;2;1
1627;199004;314.293;172.284;130.549;2;1
1627;199005;272.558;118.168;74.088;2;1
1627;199006;228.478;53.033;33.727;2;1
1627;199007;209.172;55.134;15.168;2;1
1627;199008;169.206;34.106;11.596;2;1
1627;199009;146.696;65.95;15.892;2;1
1627;199010;96.638;47.408;76.651;2;1
1627;199011;125.881;235.57;244.595;2;1
1627;199012;134.906;305.898;287.442;2;1
1627;199101;116.45;418.736;648.052;2;1
1627;199102;345.766;409.399;466.253;2;1
1627;199103;402.62;458.077;574.358;2;1
1627;199104;518.901;306.075;233.065;2;1
1627;199105;445.891;198.817;119.809;2;1
1627;199106;366.883;112.78;59.453;2;1
1627;199107;313.556;89.149;33.24;2;1
1627;199108;257.647;102.241;23.111;2;1
1627;199109;178.517;82.891;35.067;2;1
1627;199110;130.693;128.991;96.575;2;1
1627;199111;98.277;274.008;344.61;2;1
1627;199112;168.879;270.026;164.645;2;1
1627;199201;63.498;92.309;146.432;2;1
1627;199202;117.621;56.989;95.662;2;1
1627;199203;156.294;63.726;106.094;2;1
1627;199204;198.662;56.393;288.867;2;1
1627;199205;431.136;44.843;75.961;2;1
1627;199206;462.254;58.645;82.949;2;1
1627;199207;486.558;102.219;29.116;2;1
1627;199208;413.455;108.009;21.8;2;1
1627;199209;327.246;146.827;59.777;2;1
1627;199210;240.196;122.067;147.782;2;1
1627;199211;265.911;289.719;321.45;2;1
1627;199212;297.642;509.399;539.255;2;1
1627;199301;327.498;248.669;219.049;2;1
1627;199302;297.878;124.951;99.631;2;1
1627;199303;272.558;114.972;119.916;2;1
1627;199304;277.502;89.002;274.391;2;1
1627;199305;462.891;187.481;294.296;2;1
1627;199306;569.706;233.064;252.709;2;1
1627;199307;589.351;249.161;123.658;2;1
1627;199308;463.848;171.151;45.527;2;1
1627;199309;338.224;158.258;89.476;2;1
1627;199310;269.442;338.549;499.029;2;1
1627;199311;429.922;389.239;204.476;2;1
1627;199312;245.159;385.74;458.079;2;1
1627;199401;317.498;896.642;1147.751;2;1
1627;199402;568.607;494.373;447.425;2;1
1627;199403;521.659;335.26;237.485;2;1
1627;199404;423.884;152.309;151.108;2;1
1627;199405;422.683;125.031;183.323;2;1
1627;199406;480.975;118.365;90.469;2;1
1627;199407;453.079;123.561;45.883;2;1
1627;199408;375.401;129.537;31.186;2;1
1627;199409;277.05;133.117;42.997;2;1
1627;199410;167.901;111.942;89.407;1;1
1627;199411;173.821;200.82;206.74;1;1
1627;199412;209.922;190.02;226.121;1;1
1627;199501;479.305;441.405;710.788;1;1
1627;199502;557.661;547.008;625.364;1;1
1627;199503;502.517;608.113;552.969;1;1
1627;199504;409.589;224.618;131.69;1;1
1627;199505;375.641;155.951;122.003;1;1
1627;199506;293.83;133.34;51.529;1;1
1627;199507;239.954;103.976;50.1;1;1
1627;199508;154.554;105.703;20.303;1;1
1627;199509;125.572;76.913;47.931;1;1
1627;199510;121.805;54.854;51.087;1;1
1627;199511;234.252;143.801;256.248;1;1
1627;199512;541.209;332.97;639.927;1;1
1627;199601;559.108;1074.812;1092.711;1;1
1627;199602;584.081;509.661;534.634;1;1
1627;199603;518.176;385.034;319.129;1;1
1627;199604;540.147;270.441;292.412;1;1
1627;199605;543.336;264.279;267.468;1;1
1627;199606;481.593;147.508;85.765;1;1
1627;199607;427.766;97.391;43.564;1;1
1627;199608;333.818;130.011;36.063;1;1
1627;199609;163.51;213.29;42.982;1;1
1627;199610;99.658;134.717;70.865;1;1
1627;199611;269.627;128.781;298.75;1;1
1627;199612;232.036;446.38;408.789;1;1
1627;199701;256.751;404.139;428.854;1;1
1627;199702;324.942;173.938;242.129;1;1
1627;199703;362.231;97.883;135.172;1;1
1627;199704;327.967;97.288;63.024;1;1
1627;199705;389.38;64.217;125.63;1;1
1627;199706;448.97;84.947;144.537;1;1
1627;199707;413.419;105.866;70.315;1;1
1627;199708;366.573;93.922;47.076;1;1
1627;199709;291.253;112.015;36.695;1;1
1627;199710;225.67;141.433;75.85;1;1
1627;199711;443.062;241.688;459.08;1;1
1627;199712;567.108;554.701;678.747;1;1
1627;199801;507.249;572.647;512.788;1;1
1627;199802;455.561;244.922;193.234;1;1
1627;199803;478.326;137.775;160.54;1;1
1627;199804;586.32;772.536;880.53;1;1
1627;199805;525.084;602.873;541.637;1;1
1627;199806;471.192;199.054;145.162;1;1
1627;199807;417.569;126.488;72.865;1;1
1627;199808;313.519;137.805;33.755;1;1
1627;199809;239.749;121.553;47.783;1;1
1627;199810;121.406;200.955;82.612;1;1
1627;199811;106.795;115.773;101.162;1;1
1627;199812;104.222;136.134;133.561;1;1
1627;199901;234.892;136.311;266.981;1;1
1627;199902;259.802;150.033;174.943;1;1
1627;199903;440.009;158.747;338.954;1;1
1627;199904;547.287;189.785;297.063;1;1
1627;199905;531.042;314.447;298.202;1;1
1627;199906;506.946;145.226;121.13;1;1
1627;199907;428.103;124.324;45.481;1;1
1627;199908;324.977;141.659;38.533;1;1
1627;199909;253.578;139.544;68.145;1;1
1627;199910;330.791;162.251;239.464;1;1
1627;199911;302.403;312.158;283.77;1;1
1627;199912;377.896;347.939;423.432;1;1
1627;200001;319.479;343.302;284.885;1;1
1627;200002;335.134;149.367;165.022;1;1
1627;200003;289.889;162.448;117.203;1;1
1627;200004;570.072;228.569;508.752;1;1
1627;200005;543.372;368.197;341.497;1;1
1627;200006;467.688;163.773;88.089;1;1
1627;200007;405.236;104.778;42.326;1;1
1627;200008;297.639;130.91;23.313;1;1
1627;200009;161.471;149.442;13.274;1;1
1627;200010;32.717;207.564;78.81;1;1
1627;200011;483.924;298.98;750.187;1;1
1627;200012;550.862;1328.874;1395.812;1;1
1627;200101;558.421;1318.046;1325.605;1;1
1627;200102;490.192;669.126;600.897;1;1
1627;200103;573.746;1162.753;1246.307;1;1
1627;200104;513.412;424.87;364.536;1;1
1627;200105;547.287;208.694;242.569;1;1
1627;200106;528.25;89.994;70.957;1;1
1627;200107;398.569;179.502;49.821;1;1
1627;200108;134.617;284.438;20.486;1;1
1627;200109;62.268;102.965;30.616;1;1
1627;200110;105.472;70.389;113.593;1;1
1627;200111;22.876;151.872;69.276;1;1
1627;200112;42.753;48.918;68.795;1;1
1627;200201;99.804;84.505;141.556;1;1
1627;200202;235.297;106.263;241.756;1;1
1627;200203;382.504;53.037;200.244;1;1
1627;200204;428.708;100.494;146.698;1;1
1627;200205;350.237;190.373;111.902;1;1
1627;200206;401.748;54.119;105.63;1;1
1627;200207;325.983;111.475;35.71;1;1
1627;200208;288.495;56.138;18.65;1;1
1627;200209;197.031;109.752;18.288;1;1
1627;200210;162.186;144.965;110.12;1;1
1627;200211;376.23;374.325;588.369;1;1
1627;200212;538.064;488.127;649.961;1;1
1627;200301;560.956;886.347;909.239;1;1
1627;200302;484.253;418.641;341.938;1;1
1627;200303;491.851;279.553;287.151;1;1
1627;200304;512.046;145.621;165.816;1;1
1627;200305;493.346;139.922;121.222;1;1
1627;200306;442.788;95.317;44.759;1;1
1627;200307;383.908;93.886;35.006;1;1
1627;200308;275.357;119.483;10.932;1;1
1627;200309;161.629;122.655;8.927;1;1
1627;200310;108.809;87.998;35.178;1;1
1627;200311;154.431;218.123;263.745;1;1
1627;200312;261.972;353.226;460.767;1;1
1627;200401;413.897;331.049;482.974;1;1
1627;200402;452.136;163.777;202.016;1;1
1627;200403;503.734;102.784;154.382;1;1
1627;200404;516.666;108.038;120.97;1;1
1627;200405;547.82;98.761;129.915;1;1
1627;200406;379.71;201.947;33.837;1;1
1627;200407;136.82;256.498;13.608;1;1
1627;200408;70.12;90.854;24.154;1;1
1627;200409;60.46;37.813;28.153;1;1
1627;200410;84.82;71.937;96.297;1;1
1627;200411;124.654;102.184;142.018;1;1
1627;200412;236.108;63.513;174.967;1;1
1627;200501;285.949;128.731;178.572;1;1
1627;200502;288.03;100.725;102.806;1;1
1627;200503;298.469;123.25;133.689;1;1
1627;200504;452.136;54.223;207.89;1;1
1627;200505;540.183;87.519;175.566;1;1
1627;200506;469.134;119.931;48.882;1;1
1627;200507;374.431;112.837;18.134;1;1
1627;200508;280.563;106.304;12.436;1;1
1627;200509;187.973;103.31;10.72;1;1
1627;200510;132.222;87.312;31.561;1;1
1627;200511;165.71;102.173;135.661;1;1
1627;200512;287.799;122.475;244.564;1;1
1627;200601;327.875;182.911;222.987;1;1
1627;200602;494.512;197.364;364.001;1;1
1627;200603;517.181;533.695;556.364;1;1
1627;200604;522.35;267.852;273.021;1;1
1627;200605;525.468;96.195;99.313;1;1
1627;200606;481.138;82.16;37.83;1;1
1627;200607;392.118;101.856;12.836;1;1
1627;200608;320.599;80.431;8.912;1;1
1627;200609;228.773;102.065;10.239;1;1
1627;200610;352.621;113.778;237.626;1;1
1627;200611;474.138;326.709;448.226;1;1
1627;200612;449.162;764.025;739.049;1;1
1627;200701;472.682;260.029;283.549;1;1
1627;200702;524.947;434.646;486.911;1;1
1627;200703;516.151;375.203;366.407;1;1
1627;200704;522.35;170.934;177.133;1;1
1627;200705;557.517;87.356;122.523;1;1
1627;200706;543.372;96.404;82.259;1;1
1627;200707;417.158;168.932;42.718;1;1
1627;200708;334.237;106.788;23.867;1;1
1627;200709;250.926;99.311;16;1;1
1627;200710;175.819;89.291;14.184;1;1
1627;200711;148.564;52.437;25.182;1;1
1627;200712;130.062;54.263;35.761;1;1
1627;200801;141.301;164.876;176.115;1;1
1627;200802;204.145;57.161;120.005;1;1
1627;200803;322.595;46.573;165.023;1;1
1627;200804;486.557;272.243;436.205;1;1
1627;200805;538.77;253.649;305.862;1;1
1627;200806;543.905;147.238;152.373;1;1
1627;200807;390.979;198.928;46.002;1;1
1627;200808;333.725;88.036;30.782;1;1
1627;200809;225.605;139.13;31.01;1;1
1627;200810;166.194;89.978;30.567;1;1
1627;200811;183.118;159.336;176.26;1;1
1627;200812;291.288;430.364;538.534;1;1
1627;200901;483.268;326.266;518.246;1;1
1627;200902;486.063;511.979;514.774;1;1
1627;200903;432.2;281.381;227.518;1;1
1627;200904;479.178;101.979;148.957;1;1
1627;200905;475.76;131.897;128.479;1;1
1627;200906;472.358;126.47;123.068;1;1
1627;200907;392.831;133.098;53.571;1;1
1627;200908;274.346;147.385;28.9;1;1
1627;200909;210.013;80.489;16.156;1;1
1627;200910;151.899;101.791;43.677;1;1
1627;200911;203.5;236.964;288.565;1;1
1627;200912;479.178;496.264;771.942;1;1
1627;201001;522.696;712.749;756.267;1;1
1627;201002;560.593;543.926;581.823;1;1
1627;201003;529.121;536.793;505.321;1;1
1627;201004;445.113;411.079;327.071;1;1
1627;201005;430.072;177.449;162.408;1;1
1627;201006;512.9;171.816;254.644;1;1
1627;201007;414.489;172.377;73.966;1;1
1627;201008;272.667;171.332;29.51;1;1
1627;201009;166.113;126.272;19.718;1;1
1627;201010;100.4;136.193;70.48;1;1
1627;201011;273.9;251.071;424.571;1;1
1627;201012;312.82;462.282;501.202;1;1
1627;201101;435.71;571.962;694.852;1;1
1627;201102;361.18;460.735;386.205;1;1
1627;201103;188.5;439.25;266.57;1;1
1627;201104;62.17;299.495;173.165;1;1
1627;201105;3.62;162.575;104.025;1;1
1627;201106;;67.519;;1;1
1627;201107;;26.628;;1;1
1627;201108;;15.665;;1;1
1627;201109;;13.141;;1;1
1627;201110;1.572;13.153;;1;1
1627;201111;41.718;28.559;68.705;1;1
1627;201112;132.783;70.718;161.783;1;1
1627;201201;161.788;86.706;115.711;1;1
1627;201202;170.101;77.806;86.119;1;1
1627;201203;154.277;79.708;63.884;1;1
1627;201204;291.288;97.323;234.334;1;1
1627;201205;362.266;129.106;200.084;1;1
1627;201206;335.262;104.376;77.372;1;1
1627;201207;266.458;103.606;34.802;1;1
1627;201208;189.464;88.241;11.247;1;1
1627;201209;121.17;78.458;10.164;1;1
1627;201210;77.447;74.787;31.064;1;1
1627;201211;99.864;69.495;91.912;1;1
1627;201212;288.494;187.604;376.234;1;1
1627;201301;554.093;509.063;774.662;1;1
1627;201302;521.831;572.803;540.541;1;1
1627;201303;558.782;637.171;674.122;1;1
1627;201304;523.215;674.368;638.801;1;1
1627;201305;529.295;215.877;221.957;1;1
1627;201306;487.216;145.392;103.313;1;1
1627;201307;381.384;140.336;34.504;1;1
1627;201308;272.443;125.048;16.107;1;1
1627;201309;158.71;122.739;9.006;1;1
1627;201310;122.703;121.723;85.716;1;1
1627;201311;144.534;269.509;291.34;1;1
1627;201312;227.681;181.011;264.158;1;1
1627;201401;555.713;442.607;770.639;1;1
1627;201402;515.808;997.477;957.572;1;1
1627;201403;476.897;492.701;453.79;1;1
1627;201404;490.358;190.194;203.655;1;1
1627;201405;530.517;54.93;95.089;1;1
1627;201406;494.845;71.048;35.376;1;1
1627;201407;457.175;52.219;14.549;1;1
1627;201408;344.586;104.069;;1;1
1627;201409;152.74;180.125;;1;1
1627;201410;112.78;75.385;35.425;1;1
1627;201411;230.17;208.439;325.829;1;1
1627;201412;251.67;224.103;245.603;1;1
1627;201501;355.82;223.862;328.012;1;1
1627;201502;477.87;500.038;622.088;1;1
1627;201503;391.69;393.705;307.525;1;1
1627;201504;465.61;38.895;112.815;1;1
1627;201505;505.09;65.304;104.784;1;1
1627;201506;466.73;40.266;1.906;1;1
1627;201507;359.84;91.285;;1;1
1627;201508;265.69;66.896;;1;1
1627;201509;218.97;31.346;;1;1
1627;201510;244.23;73.69;98.95;1;1
1627;201511;181.52;125.77;63.06;1;1
1627;201512;182.65;59.25;60.38;1;1
1627;201601;512.11;376.87;706.33;1;1
1627;201602;605.8;732.91;826.6;1;1
1627;201603;506.54;582.95;483.69;1;1
1627;201604;543.95;452.75;490.16;1;1
1627;201605;589.7;219.03;264.78;1;1
1627;201606;610.69;108.6;129.59;1;1
1627;201607;533.83;120.82;43.96;1;1
1627;201608;450.86;97.74;14.77;1;1
1627;201609;302.53;161.15;12.82;1;1
1627;201610;156.66;159.12;13.25;1;1
1627;201611;181.66;42.13;67.13;1;1
1627;201612;173.84;68.01;60.19;1;1
1627;201701;150.11;74.29;50.56;1;1
1627;201702;352.3;83.02;285.21;1;1
1627;201703;433.84;133.95;215.49;1;1
1627;201704;448.55;95.11;109.82;1;1
1627;201705;421.43;116.17;89.05;1;1
1627;201706;406.06;57.56;42.19;1;1
1627;201707;383.62;43.82;21.38;1;1
1627;201708;323.68;66.36;6.42;1;1
1627;201709;152.29;169.05;;1;1
1627;201710;146.9;17.331;11.941;1;1
1627;201711;141.73;21.291;16.121;1;1
1627;201712;223.84;79.627;161.737;1;1
1627;201801;246.4;346.265;368.825;1;1
1627;201802;426.27;250.042;429.912;1;1
1627;201803;609.96;715.109;898.799;1;1
1627;201804;587.93;594.222;572.192;1;1
1627;201805;544.78;181.412;138.262;1;1
1627;201806;539.62;112.45;107.29;1;1
1627;201807;444.8;155.168;60.348;1;1
1627;201808;313.46;148.677;17.337;1;1
1627;201809;221.25;100.483;8.273;1;1
1627;201810;144.26;102.027;25.037;1;1
1627;201811;204.39;137.929;198.059;1;1
1627;201812;292.63;195.323;283.563;1;1
1627;201901;302.21;244.761;254.341;1;1
1627;201902;469.58;223.559;390.929;1;1
1627;201903;397.28;307.714;235.414;1;1
1627;201904;476.66;171.099;250.479;1;1
1627;201905;542.28;81.915;147.535;1;1
1627;201906;536.8;70.548;65.068;1;1
1627;201907;479.54;86.998;29.738;1;1
1627;201908;454.8;40.782;16.042;1;1
1627;201909;393.47;70.547;9.217;1;1
1627;201910;303.81;132.713;43.053;1;1
1627;201911;583.35;393.527;673.067;1;1
1627;201912;589.17;1041.745;1047.565;1;1
1627;202001;471.68;479.874;362.384;1;1
1627;202002;506.54;242.486;277.346;1;1
1627;202003;491.97;441.434;426.864;1;1
1627;202004;574.96;101.447;184.437;1;1
1627;202005;531.86;167.737;124.637;1;1
1627;202006;455.09;124.662;47.892;1;1
1627;202007;423.64;51.801;20.351;1;1
1627;202008;372.32;71.791;20.471;1;1
1627;202009;222.67;159.299;9.649;1;1
1627;202010;238;62.713;78.043;1;1
1627;202011;197.27;142.108;101.378;1;1
1627;202012;445.8;337.842;586.372;1;1
1627;202101;575.65;471.837;601.687;1;1
1627;202102;600.76;783.705;808.815;1;1
1627;202103;487.03;369.622;255.892;1;1
1627;202104;405.25;208.763;126.983;1;1
1627;202105;379.91;159.068;133.728;1;1
1627;202106;344.44;124.817;89.347;1;1
1627;202107;275.68;114.365;45.605;1;1
1627;202108;184.42;108.092;16.832;1;1
1627;202109;183;24.997;23.577;1;1
1629;195501;57.95;885.5;992.2;2;3
1629;195502;164.65;876.9;879.1;2;3
1629;195503;166.85;581.7;593.5;2;3
1629;195504;178.65;227.3;229.4;2;3
1629;195505;180.75;127.2;120.9;2;3
1629;195506;174.45;119.5;121.4;2;3
1629;195507;176.35;35.9;33.9;2;3
1629;195508;174.35;26.8;18.8;2;3
1629;195509;166.35;44.9;12.9;2;3
1629;195510;134.35;39.4;16.1;2;3
1629;195511;111.05;136.9;116.2;2;3
1629;195512;90.35;455;544.7;2;3
1629;195601;180.05;740.7;740.2;2;3
1629;195602;179.55;300.2;301.4;2;3
1629;195603;180.75;566.1;563.9;2;3
1629;195604;178.55;790.6;799.4;2;3
1629;195605;179.75;301.4;302.4;2;3
1629;195606;180.75;115.7;112.8;2;3
1629;195607;177.75;42.9;45.8;2;3
1629;195608;180.75;28.3;28.3;2;3
1629;195609;180.75;72.1;58.2;2;3
1629;195610;166.85;66.4;48.1;2;3
1629;195611;148.45;104.3;65.1;2;3
1629;195612;109.25;86.3;103.1;2;3
1629;195701;126.15;223.7;201.7;2;3
1629;195702;104.15;403.2;478.1;2;3
1629;195703;179.05;213;214.7;2;3
1629;195704;180.75;160.5;155.7;2;3
1629;195705;175.85;120.9;125.7;2;3
1629;195706;180.75;86.7;84.2;2;3
1629;195707;178.25;38.4;35.1;2;3
1629;195708;174.95;22;13.2;2;3
1629;195709;166.15;24.1;6.2;2;3
1629;195710;148.25;47.8;7.5;2;3
1629;195711;107.95;105.3;87;2;3
1629;195712;89.65;200.3;263.8;2;3
1629;195801;153.15;242.2;269.8;2;3
1629;195802;180.75;452.7;452.7;2;3
1629;195803;180.75;678.2;678.2;2;3
1629;195804;180.75;589.5;589.5;2;3
1629;195805;180.75;118.5;108;2;3
1629;195806;170.25;93.3;93.3;2;3
1629;195807;170.25;132.6;139.9;2;3
1629;195808;177.55;39.6;41.9;2;3
1629;195809;179.85;44;32.2;2;3
1629;195810;168.08;98.945;55.485;2;1
1629;195811;124.62;65.724;48.594;2;1
1629;195812;107.49;309.001;382.261;2;1
1629;195901;180.75;565.073;565.073;2;1
1629;195902;180.75;267.365;155.725;2;1
1629;195903;69.11;221.91;325.32;2;1
1629;195904;172.52;543.499;551.729;2;1
1629;195905;180.75;323.326;323.326;2;1
1629;195906;180.75;147.709;147.709;2;1
1629;195907;180.75;39.839;39.629;2;1
1629;195908;180.54;30.663;20.563;2;1
1629;195909;170.44;40.582;34.616;2;1
1629;195910;164.474;64.8;44.618;2;1
1629;195911;144.292;396.058;432.516;2;1
1629;195912;180.75;2377.642;2377.642;2;1
1629;196001;180.75;824.688;824.688;2;1
1629;196002;180.75;1248.566;1248.566;2;1
1629;196003;180.75;964.397;964.397;2;1
1629;196004;180.75;413.683;413.683;2;1
1629;196005;180.75;117.763;117.763;2;1
1629;196006;180.75;58.406;50.18;2;1
1629;196007;172.524;35.597;25.793;2;1
1629;196008;162.72;30.586;31.939;2;1
1629;196009;164.073;24.624;19.501;2;1
1629;196010;158.95;310.452;332.252;2;1
1629;196011;180.75;1013.083;1013.083;2;1
1629;196012;180.75;1142.528;1142.528;2;1
1629;196101;180.75;1133.758;1133.758;2;1
1629;196102;180.75;404.292;404.292;2;1
1629;196103;180.75;235.639;163.939;2;1
1629;196104;109.05;157.11;228.81;2;1
1629;196105;180.75;172.463;172.463;2;1
1629;196106;180.75;141.998;137.798;2;1
1629;196107;176.55;54.674;40.774;2;1
1629;196108;162.65;39.744;13.644;2;1
1629;196109;136.55;24.633;19.733;2;1
1629;196110;131.65;178.692;219.492;2;1
1629;196111;172.45;394.243;392.743;2;1
1629;196112;170.95;398.045;407.845;2;1
1629;196201;180.75;475.019;469.519;2;1
1629;196202;175.25;117.02;53.02;2;1
1629;196203;111.25;592.35;661.85;2;1
1629;196204;180.75;632.932;632.932;2;1
1629;196205;180.75;172.809;172.809;2;1
1629;196206;180.75;60.618;57.518;2;1
1629;196207;177.65;16.891;16.591;2;1
1629;196208;177.35;23.941;18.241;2;1
1629;196209;171.65;14.861;8.861;2;1
1629;196210;165.65;43.105;27.405;2;1
1629;196211;149.95;100.535;87.935;2;1
1629;196212;137.35;102.911;124.311;2;1
1629;196301;158.75;165.525;98.425;2;1
1629;196302;91.65;682.456;756.856;2;1
1629;196303;166.05;783.112;790.312;2;1
1629;196304;173.25;435.223;438.523;2;1
1629;196305;176.55;93.709;96.409;2;1
1629;196306;179.25;79.402;78.502;2;1
1629;196307;178.35;56.817;53.217;2;1
1629;196308;174.75;63.832;65.532;2;1
1629;196309;176.45;80.499;76.049;2;1
1629;196310;172;183.254;166.544;2;1
1629;196311;155.29;158.458;150.198;2;1
1629;196312;147.03;362.621;365.501;2;1
1629;196401;149.91;197.683;199.583;2;1
1629;196402;151.81;364.262;363.102;2;1
1629;196403;150.65;850.608;865.488;2;1
1629;196404;165.53;413.597;428.817;2;1
1629;196405;180.75;136.339;130.199;2;1
1629;196406;174.61;252.979;256.789;2;1
1629;196407;178.42;92.362;89.952;2;1
1629;196408;176.01;133.747;131.297;2;1
1629;196409;173.56;139.018;138.508;2;1
1629;196410;173.05;104.751;106.251;2;1
1629;196411;174.55;159.952;144.652;2;1
1629;196412;159.25;116.942;102.542;2;1
1629;196501;144.85;97.01;97.61;2;1
1629;196502;145.45;252.228;259.328;2;1
1629;196503;152.55;128.364;135.264;2;1
1629;196504;159.45;82.633;91.533;2;1
1629;196505;168.35;97.926;95.626;2;1
1629;196506;166.05;54.657;57.957;2;1
1629;196507;169.35;32.27;38.77;2;1
1629;196508;175.85;48.401;49.701;2;1
1629;196509;177.15;78.598;73.198;2;1
1629;196510;171.75;151.148;141.748;2;1
1629;196511;162.35;184.188;163.488;2;1
1629;196512;141.65;614.252;629.052;2;1
1629;196601;156.45;1007.122;1007.622;2;1
1629;196602;156.95;1384.802;1387.002;2;1
1629;196603;159.15;352.356;370.756;2;1
1629;196604;177.55;626.728;630.728;2;1
1629;196605;181.55;229.971;229.371;2;1
1629;196606;180.95;197.64;196.64;2;1
1629;196607;179.95;199.524;192.024;2;1
1629;196608;172.45;234.472;227.172;2;1
1629;196609;165.15;201.165;214.465;2;1
1629;196610;178.45;163.426;164.826;2;1
1629;196611;179.85;421.857;415.957;2;1
1629;196612;173.95;315.965;294.565;2;1
1629;196701;152.55;229.928;244.728;2;1
1629;196702;167.35;188.931;203.531;2;1
1629;196703;181.95;442.705;434.105;2;1
1629;196704;173.35;166.821;170.021;2;1
1629;196705;176.55;201.658;182.958;2;1
1629;196706;157.85;184.447;183.747;2;1
1629;196707;157.15;169.396;179.396;2;1
1629;196708;167.15;166.329;162.329;2;1
1629;196709;163.15;159.348;168.848;2;1
1629;196710;172.65;152.436;53.036;2;1
1629;196711;73.25;105.564;135.564;2;1
1629;196712;103.25;209.866;242.166;2;1
1629;196801;135.55;280.532;286.932;2;1
1629;196802;141.95;205.373;214.573;2;1
1629;196803;151.15;201.424;187.224;2;1
1629;196804;136.95;103.499;141.599;2;1
1629;196805;175.05;425.615;431.215;2;1
1629;196806;180.65;183.427;176.727;2;1
1629;196807;173.95;83.661;83.061;2;1
1629;196808;173.35;91.722;95.522;2;1
1629;196809;177.15;79.22;73.52;2;1
1629;196810;171.45;93.312;92.512;2;1
1629;196811;170.65;258.915;145.915;2;1
1629;196812;57.65;331.836;456.136;2;1
1629;196901;181.95;898.819;885.519;2;1
1629;196902;168.65;671.44;671.84;2;1
1629;196903;169.05;879.587;887.287;2;1
1629;196904;176.75;335.327;329.627;2;1
1629;196905;171.05;320.25;331.15;2;1
1629;196906;181.95;235.051;233.751;2;1
1629;196907;180.65;130.956;121.056;2;1
1629;196908;170.75;87.696;83.296;2;1
1629;196909;166.35;132.201;127.501;2;1
1629;196910;161.65;273.335;248.335;2;1
1629;196911;136.65;198.409;234.709;2;1
1629;196912;172.95;271.261;267.161;2;1
1629;197001;168.85;1174.599;1187.699;2;1
1629;197002;181.95;636.051;635.751;2;1
1629;197003;181.65;377.568;375.368;2;1
1629;197004;179.45;212.786;207.986;2;1
1629;197005;174.65;190.832;185.032;2;1
1629;197006;168.85;174.563;178.363;2;1
1629;197007;172.65;154.984;156.384;2;1
1629;197008;174.05;105.736;104.436;2;1
1629;197009;172.75;67.962;70.562;2;1
1629;197010;175.35;75.116;71.416;2;1
1629;197011;171.65;63.124;62.324;2;1
1629;197012;170.85;118.593;118.293;2;1
1629;197101;170.55;138.015;132.715;2;1
1629;197102;165.25;179.634;187.034;2;1
1629;197103;172.65;306.055;312.555;2;1
1629;197104;179.15;312.224;305.824;2;1
1629;197105;172.75;241.402;248.402;2;1
1629;197106;179.75;267.097;263.597;2;1
1629;197107;176.25;165.568;160.368;2;1
1629;197108;171.05;157.81;157.51;2;1
1629;197109;170.75;114.255;113.855;2;1
1629;197110;170.35;219.845;222.745;2;1
1629;197111;173.25;178.304;176.304;2;1
1629;197112;171.25;169.906;168.806;2;1
1629;197201;170.15;174.398;175.598;2;1
1629;197202;171.35;748.181;754.581;2;1
1629;197203;177.75;681.679;683.679;2;1
1629;197204;179.75;241.073;240.673;2;1
1629;197205;179.35;200.578;197.678;2;1
1629;197206;176.45;166.268;163.068;2;1
1629;197207;173.25;71.245;59.845;2;1
1629;197208;161.85;63.089;65.189;2;1
1629;197209;163.95;93.822;106.222;2;1
1629;197210;176.35;118.774;118.174;2;1
1629;197211;175.75;125.358;125.858;2;1
1629;197212;176.25;188.81;191.21;2;1
1629;197301;178.65;275.348;266.448;2;1
1629;197302;169.75;310.427;313.127;2;1
1629;197303;172.45;285.12;283.82;2;1
1629;197304;171.15;310.228;314.628;2;1
1629;197305;175.55;61.664;55.064;2;1
1629;197306;168.95;111.205;117.505;2;1
1629;197307;175.25;177.068;167.668;2;1
1629;197308;165.85;99.179;100.679;2;1
1629;197309;167.35;95.947;104.847;2;1
1629;197310;176.25;112.7;109.2;2;1
1629;197311;172.75;209.943;207.443;2;1
1629;197312;170.25;128.935;118.235;2;1
1629;197401;159.55;184.455;201.455;2;1
1629;197402;176.55;632.802;626.102;2;1
1629;197403;169.85;436.234;434.434;2;1
1629;197404;168.05;243.121;249.521;2;1
1629;197405;174.45;114.031;113.731;2;1
1629;197406;174.15;81.423;84.123;2;1
1629;197407;176.85;52.626;53.426;2;1
1629;197408;177.65;96.025;93.525;2;1
1629;197409;175.15;69.232;73.732;2;1
1629;197410;179.65;100.233;92.933;2;1
1629;197411;172.35;80.43;84.33;2;1
1629;197412;176.25;253.532;246.132;2;1
1629;197501;168.85;138.136;141.836;2;1
1629;197502;172.55;155.987;156.187;2;1
1629;197503;172.75;342.04;340.04;2;1
1629;197504;170.75;274.985;276.785;2;1
1629;197505;172.55;219.793;212.993;2;1
1629;197506;165.75;81.855;82.955;2;1
1629;197507;166.85;71.323;68.923;2;1
1629;197508;164.45;33.938;42.938;2;1
1629;197509;173.45;71.47;62.87;2;1
1629;197510;164.85;85.856;90.856;2;1
1629;197511;169.85;109.598;109.698;2;1
1629;197512;169.95;275.979;273.779;2;1
1629;197601;167.75;226.8;223.8;2;1
1629;197602;164.75;45.654;59.954;2;1
1629;197603;179.05;135.346;129.746;2;1
1629;197604;173.45;104.501;96.201;2;1
1629;197605;165.15;130.196;132.396;2;1
1629;197606;167.35;102.997;98.997;2;1
1629;197607;163.35;95.8;107.9;2;1
1629;197608;175.45;15.526;19.426;2;1
1629;197609;179.35;53.568;43.268;2;1
1629;197610;169.05;79.255;82.055;2;1
1629;197611;171.85;411.696;404.096;2;1
1629;197612;164.25;638.116;638.616;2;1
1629;197701;164.75;650.246;656.646;2;1
1629;197702;171.15;1110.516;1119.316;2;1
1629;197703;179.95;554.835;552.235;2;1
1629;197704;177.35;311.057;307.357;2;1
1629;197705;173.65;206.703;202.303;2;1
1629;197706;169.25;180.351;182.251;2;1
1629;197707;171.15;154.984;152.084;2;1
1629;197708;168.25;132.365;135.165;2;1
1629;197709;171.05;198.331;201.031;2;1
1629;197710;173.75;302.78;306.28;2;1
1629;197711;177.25;362.673;361.473;2;1
1629;197712;176.05;269.724;267.724;2;1
1629;197801;174.05;533.252;528.552;2;1
1629;197802;169.35;966.228;966.028;2;1
1629;197803;169.15;815.409;809.109;2;1
1629;197804;162.85;492.445;500.645;2;1
1629;197805;171.05;229.392;234.592;2;1
1629;197806;176.25;228.891;223.591;2;1
1629;197807;170.95;127.691;128.291;2;1
1629;197808;171.55;115.266;14.866;2;1
1629;197809;71.15;28.27;56.07;2;1
1629;197810;98.95;167.244;207.244;2;1
1629;197811;138.95;104.933;128.933;2;1
1629;197812;162.95;527.092;537.292;2;1
1629;197901;173.15;1028.592;1028.692;2;1
1629;197902;173.25;1540.901;1540.801;2;1
1629;197903;173.15;729.57;735.37;2;1
1629;197904;178.95;794.007;776.907;2;1
1629;197905;161.85;304.335;323.135;2;1
1629;197906;180.65;230.844;226.344;2;1
1629;197907;176.15;93.165;84.765;2;1
1629;197908;167.75;17.945;18.445;2;1
1629;197909;168.25;117.124;113.724;2;1
1629;197910;164.85;200.301;197.901;2;1
1629;197911;162.45;289.984;303.584;2;1
1629;197912;176.05;356.219;348.519;2;1
1629;198001;168.35;498.096;495.896;2;1
1629;198002;166.15;357.601;356.601;2;1
1629;198003;165.15;456.65;459.15;2;1
1629;198004;167.65;288.429;286.529;2;1
1629;198005;165.75;186.477;189.477;2;1
1629;198006;168.75;166.294;168.194;2;1
1629;198007;170.65;135.95;120.85;2;1
1629;198008;155.55;88.802;105.702;2;1
1629;198009;172.45;157.378;141.778;2;1
1629;198010;156.85;76.455;89.155;2;1
1629;198011;169.55;247.38;218.18;2;1
1629;198012;140.35;249.16;279.16;2;1
1629;198101;170.35;325.935;331.235;2;1
1629;198102;175.65;129.228;121.428;2;1
1629;198103;167.85;227.811;216.711;2;1
1629;198104;156.75;133.98;148.18;2;1
1629;198105;170.95;239.682;245.682;2;1
1629;198106;176.95;214.056;205.956;2;1
1629;198107;168.85;106.998;112.598;2;1
1629;198108;174.45;89.294;91.694;2;1
1629;198109;176.85;161.819;154.819;2;1
1629;198110;169.85;214.013;215.813;2;1
1629;198111;171.65;162.864;143.064;2;1
1629;198112;151.85;357.186;368.186;2;1
1629;198201;162.85;566.473;578.073;2;1
1629;198202;174.45;396.628;390.028;2;1
1629;198203;167.85;253.506;261.706;2;1
1629;198204;176.05;115.24;104.74;2;1
1629;198205;165.55;98.254;90.554;2;1
1629;198206;157.85;46.31;60.11;2;1
1629;198207;171.65;42.448;40.648;2;1
1629;198208;169.85;61.275;51.475;2;1
1629;198209;160.05;61.94;49.04;2;1
1629;198210;147.15;109.486;115.086;2;1
1629;198211;152.75;266.795;286.995;2;1
1629;198212;172.95;639.49;631.29;2;1
1629;198301;164.75;485.387;490.687;2;1
1629;198302;170.05;219.629;228.729;2;1
1629;198303;179.15;409.501;371.801;2;1
1629;198304;141.45;423.23;454.53;2;1
1629;198305;172.75;658.04;657.14;2;1
1629;198306;171.85;231.396;232.696;2;1
1629;198307;173.15;235.138;224.438;2;1
1629;198308;162.45;187.523;197.023;2;1
1629;198309;171.95;237.756;236.914;2;1
1629;198310;171.108;141.466;113.791;2;1
1629;198311;143.433;92.139;75.562;2;1
1629;198312;126.856;176.623;226.474;2;1
1629;198401;176.707;339.492;333.585;2;1
1629;198402;170.8;424.676;428.807;2;1
1629;198403;174.931;349.073;349.698;2;1
1629;198404;175.556;309.124;303.959;2;1
1629;198405;170.391;308.921;314.713;2;1
1629;198406;176.183;261.113;252.474;2;1
1629;198407;167.544;175.361;177.289;2;1
1629;198408;169.472;225.45;216.544;2;1
1629;198409;160.566;163.89;157.396;2;1
1629;198410;154.072;176.338;156.172;2;1
1629;198411;133.906;200.925;241.846;2;1
1629;198412;174.827;431.36;426.311;2;1
1629;198501;169.778;589.654;588.738;2;1
1629;198502;168.862;868.613;869.53;2;1
1629;198503;169.779;614.118;613.1;2;1
1629;198504;168.761;514.285;505.992;2;1
1629;198505;160.468;201.168;211.603;2;1
1629;198506;170.903;110.816;119.148;2;1
1629;198507;179.235;133.599;102.494;2;1
1629;198508;148.13;144.876;111.31;2;1
1629;198509;114.564;163.986;161.572;2;1
1629;198510;112.15;148.447;165.051;2;1
1629;198511;128.754;160.527;146.415;2;1
1629;198512;114.642;116.696;135.96;2;1
1629;198601;133.906;439.263;471.289;2;1
1629;198602;165.932;316.652;322.342;2;1
1629;198603;171.622;479.451;486.113;2;1
1629;198604;178.284;329.52;328.258;2;1
1629;198605;177.022;264.237;264.237;2;1
1629;198606;177.022;126.593;126.908;2;1
1629;198607;177.337;115.743;114.904;2;1
1629;198608;176.498;116.75;117.694;2;1
1629;198609;177.442;180.533;179.903;2;1
1629;198610;176.812;151.587;144.554;2;1
1629;198611;169.779;137.746;141.86;2;1
1629;198612;173.893;181.796;184.401;2;1
1629;198701;176.498;237.551;236.714;2;1
1629;198702;175.661;259.387;259.283;2;1
1629;198703;175.557;216.943;217.256;2;1
1629;198704;175.87;57.233;59.542;2;1
1629;198705;178.179;93.431;91.436;2;1
1629;198706;176.184;67.696;70.641;2;1
1629;198707;179.129;67.486;62.146;2;1
1629;198708;173.789;111.875;108.171;2;1
1629;198709;170.085;223.19;217.834;2;1
1629;198710;164.729;233.867;242.203;2;1
1629;198711;173.065;535.879;534.436;2;1
1629;198712;171.622;541.623;542.137;2;1
1629;198801;172.136;547.86;545.401;2;1
1629;198802;169.677;784.574;788.997;2;1
1629;198803;174.1;403.981;406.169;2;1
1629;198804;176.288;247.769;247.142;2;1
1629;198805;175.661;309.073;310.434;2;1
1629;198806;177.022;153.265;152.741;2;1
1629;198807;176.498;127.821;127.611;2;1
1629;198808;176.288;222.211;220.335;2;1
1629;198809;174.412;240.985;244.12;2;1
1629;198810;177.547;174.319;161.101;2;1
1629;198811;164.329;139.012;74.84;2;1
1629;198812;100.157;110.117;68.31;2;1
1629;198901;58.35;85.944;73.671;2;1
1629;198902;46.077;49.593;53.073;2;1
1629;198903;49.557;33.178;123.263;2;1
1629;198904;139.642;45.654;74.366;2;1
1629;198905;168.354;86.226;88.161;2;1
1629;198906;170.289;64.86;71.173;2;1
1629;198907;176.602;147.024;145.249;2;1
1629;198908;174.827;103.188;102.565;2;1
1629;198909;174.204;106.453;104.076;2;1
1629;198910;171.827;139.742;128.187;2;1
1629;198911;160.272;154.423;150.626;2;1
1629;198912;156.475;259.647;273.973;2;1
1629;199001;170.801;312.679;316.29;2;1
1629;199002;174.412;353.256;349.133;2;1
1629;199003;170.289;275.772;269.513;2;1
1629;199004;164.03;183.072;178.823;2;1
1629;199005;159.781;99.733;120.141;2;1
1629;199006;180.189;65.223;54.303;2;1
1629;199007;169.269;46.896;55.806;2;1
1629;199008;178.179;31.006;29.954;2;1
1629;199009;177.127;70.279;66.734;2;1
1629;199010;173.582;48.116;51.241;2;1
1629;199011;176.707;253.23;247.837;2;1
1629;199012;171.314;331.631;320.294;2;1
1629;199101;159.977;438.572;454.57;2;1
1629;199102;175.975;435.411;433.121;2;1
1629;199103;173.685;482.345;481.208;2;1
1629;199104;172.548;314.833;316.697;2;1
1629;199105;174.412;202.729;204.815;2;1
1629;199106;176.498;113.581;115.789;2;1
1629;199107;178.706;93.269;90.747;2;1
1629;199108;176.184;101.607;103.391;2;1
1629;199109;177.968;87.16;84.645;2;1
1629;199110;175.453;136.114;133.416;2;1
1629;199111;172.755;293.181;291.227;2;1
1629;199112;170.801;277.042;278.274;2;1
1629;199201;172.033;133.593;132.463;2;1
1629;199202;170.903;62.606;61.788;2;1
1629;199203;170.085;67.495;69.032;2;1
1629;199204;171.622;70.079;70.799;2;1
1629;199205;172.342;48.332;48.641;2;1
1629;199206;172.651;63.652;62.828;2;1
1629;199207;171.827;101.787;103.697;2;1
1629;199208;173.737;110.919;109.112;2;1
1629;199209;171.93;138.843;145.83;2;1
1629;199210;178.917;144.22;122.164;2;1
1629;199211;156.861;291.089;302.887;2;1
1629;199212;168.659;535.759;536.369;2;1
1629;199301;169.269;254.777;259.193;2;1
1629;199302;173.685;127.447;129.946;2;1
1629;199303;176.184;121.454;120.931;2;1
1629;199304;175.661;98.332;102.753;2;1
1629;199305;180.082;203.168;202.215;2;1
1629;199306;179.129;248.219;245.692;2;1
1629;199307;176.602;253.852;255.323;2;1
1629;199308;178.073;173.45;173.45;2;1
1629;199309;178.073;161.865;162.921;2;1
1629;199310;179.129;366.274;363.12;2;1
1629;199311;175.975;402.572;399.455;2;1
1629;199312;172.858;405.649;408.661;2;1
1629;199401;175.87;952.051;954.044;2;1
1629;199402;177.863;522.253;516.732;2;1
1629;199403;172.342;340.164;347.162;2;1
1629;199404;179.34;158.482;159.437;2;1
1629;199405;180.295;137.176;134.218;2;1
1629;199406;177.337;124.338;122.871;2;1
1629;199407;175.87;124.302;125.874;2;1
1629;199408;177.442;130.18;129.655;2;1
1629;199409;176.917;134.748;135.378;2;1
1629;199410;179.023;95.418;96.894;1;1
1629;199411;177.022;181.368;179.367;1;1
1629;199412;177.757;170.577;171.312;1;1
1629;199501;179.34;399.288;400.871;1;1
1629;199502;178.706;485.615;484.981;1;1
1629;199503;178.073;549.13;548.497;1;1
1629;199504;177.547;201.786;201.26;1;1
1629;199505;175.661;141.781;139.895;1;1
1629;199506;177.757;114.712;116.808;1;1
1629;199507;178.073;88.699;89.015;1;1
1629;199508;178.811;88.735;89.473;1;1
1629;199509;156.185;85.252;62.626;1;1
1629;199510;126.061;77.818;47.694;1;1
1629;199511;168.659;91.791;134.389;1;1
1629;199512;180.72;300.122;312.183;1;1
1629;199601;176.183;1193.773;1189.236;1;1
1629;199602;181.253;459.039;464.109;1;1
1629;199603;175.87;361.329;355.946;1;1
1629;199604;171.93;258.938;254.998;1;1
1629;199605;178.178;242.29;248.538;1;1
1629;199606;168.964;142.648;133.434;1;1
1629;199607;172.239;84.565;87.84;1;1
1629;199608;172.858;114.162;114.781;1;1
1629;199609;179.234;180.864;187.24;1;1
1629;199610;174.619;119.915;115.3;1;1
1629;199611;180.507;112.317;118.205;1;1
1629;199612;176.602;408.888;404.983;1;1
1629;199701;176.707;372.319;372.424;1;1
1629;199702;177.442;167.111;167.846;1;1
1629;199703;165.43;105.502;93.49;1;1
1629;199704;177.547;79.449;91.566;1;1
1629;199705;177.862;62.307;62.622;1;1
1629;199706;177.862;83.245;83.245;1;1
1629;199707;174.723;99.699;96.56;1;1
1629;199708;165.029;93.654;83.96;1;1
1629;199709;165.43;94.166;94.567;1;1
1629;199710;177.968;120.273;132.811;1;1
1629;199711;174.931;242.684;239.647;1;1
1629;199712;179.658;508.867;513.594;1;1
1629;199801;175.87;527.306;523.518;1;1
1629;199802;176.288;230.803;231.221;1;1
1629;199803;178.706;131.912;134.33;1;1
1629;199804;181.146;750.169;752.609;1;1
1629;199805;147.665;578.461;544.98;1;1
1629;199806;171.416;161.246;184.997;1;1
1629;199807;174.723;112.847;116.154;1;1
1629;199808;176.707;119.987;121.971;1;1
1629;199809;175.035;109.835;108.163;1;1
1629;199810;176.393;174.181;175.539;1;1
1629;199811;169.575;104.576;97.758;1;1
1629;199812;154.647;130.348;115.42;1;1
1629;199901;177.232;100.831;123.416;1;1
1629;199902;179.129;132.85;134.747;1;1
1629;199903;176.707;149.263;146.841;1;1
1629;199904;175.87;174.811;173.974;1;1
1629;199905;176.602;284.216;284.948;1;1
1629;199906;177.547;130.975;131.92;1;1
1629;199907;177.337;109.576;109.366;1;1
1629;199908;178.6;124.111;125.374;1;1
1629;199909;178.284;143.755;143.439;1;1
1629;199910;177.757;178.496;177.969;1;1
1629;199911;175.975;322.664;320.882;1;1
1629;199912;175.661;354.011;353.697;1;1
1629;200001;176.288;346.952;347.579;1;1
1629;200002;173.789;155.179;152.68;1;1
1629;200003;149.906;187.605;163.722;1;1
1629;200004;179.446;216.483;246.023;1;1
1629;200005;175.661;371.474;367.689;1;1
1629;200006;177.127;159.948;161.414;1;1
1629;200007;174.308;107.495;104.676;1;1
1629;200008;175.766;128.522;129.98;1;1
1629;200009;174.412;145.135;143.781;1;1
1629;200010;93.153;281.374;200.115;1;1
1629;200011;174.619;226.063;307.529;1;1
1629;200012;177.968;1551.049;1554.398;1;1
1629;200101;177.337;1591.152;1590.521;1;1
1629;200102;177.547;776.881;777.091;1;1
1629;200103;179.129;1440.642;1442.224;1;1
1629;200104;178.495;473.986;473.352;1;1
1629;200105;178.917;216.729;217.151;1;1
1629;200106;175.766;97.207;94.056;1;1
1629;200107;176.812;178.088;179.134;1;1
1629;200108;178.495;278.241;279.924;1;1
1629;200109;113.86;165.476;100.841;1;1
1629;200110;143.069;44.633;73.842;1;1
1629;200111;72.973;220.254;150.158;1;1
1629;200112;48.785;73.609;49.421;1;1
1629;200201;82.693;51.565;85.473;1;1
1629;200202;171.725;23.844;112.876;1;1
1629;200203;175.348;47.527;51.15;1;1
1629;200204;173.271;106.519;104.442;1;1
1629;200205;176.498;188.813;192.04;1;1
1629;200206;172.239;61.304;57.045;1;1
1629;200207;174.1;110.593;112.454;1;1
1629;200208;175.453;54.062;55.415;1;1
1629;200209;173.478;112.914;110.939;1;1
1629;200210;172.755;150.186;149.463;1;1
1629;200211;176.393;387.237;390.875;1;1
1629;200212;177.127;513.005;513.739;1;1
1629;200301;177.232;990.073;990.178;1;1
1629;200302;178.495;428.19;429.453;1;1
1629;200303;178.073;298.812;298.39;1;1
1629;200304;179.023;161.777;162.727;1;1
1629;200305;176.602;156.997;154.576;1;1
1629;200306;135.829;141.894;101.121;1;1
1629;200307;65.319;170.939;100.429;1;1
1629;200308;61.588;130.341;126.61;1;1
1629;200309;116.694;70.006;125.112;1;1
1629;200310;152.929;55.506;91.741;1;1
1629;200311;177.547;204.133;228.751;1;1
1629;200312;178.073;363.191;363.717;1;1
1629;200401;177.652;348.614;348.193;1;1
1629;200402;176.498;174.95;173.796;1;1
1629;200403;177.757;109.574;110.833;1;1
1629;200404;177.968;115.088;115.299;1;1
1629;200405;174.31;108.774;105.116;1;1
1629;200406;178.07;203.697;207.457;1;1
1629;200407;178.44;258.044;258.414;1;1
1629;200408;161.7;107.997;91.257;1;1
1629;200409;133.21;65.81;37.32;1;1
1629;200410;144.3;66.411;77.501;1;1
1629;200411;178.021;71.527;105.248;1;1
1629;200412;179.34;65.125;66.444;1;1
1629;200501;178.442;136.438;135.54;1;1
1629;200502;177.705;106.371;105.634;1;1
1629;200503;179.446;127.305;129.046;1;1
1629;200504;176.707;61.46;58.721;1;1
1629;200505;178.126;95.267;96.686;1;1
1629;200506;176.445;129.466;127.785;1;1
1629;200507;175.713;116.78;116.048;1;1
1629;200508;177.547;107.686;109.52;1;1
1629;200509;178.6;103.777;104.83;1;1
1629;200510;176.969;91.994;90.363;1;1
1629;200511;179.076;103.52;105.627;1;1
1629;200512;176.76;134.473;132.157;1;1
1629;200601;176.864;189.229;189.333;1;1
1629;200602;177.022;206.345;206.503;1;1
1629;200603;176.655;559.175;558.808;1;1
1629;200604;176.969;287.872;288.186;1;1
1629;200605;178.337;102.209;103.577;1;1
1629;200606;178.126;86.281;86.07;1;1
1629;200607;174.932;106.826;103.632;1;1
1629;200608;178.548;77.661;81.277;1;1
1629;200609;178.442;103.838;103.732;1;1
1629;200610;175.713;130.264;127.535;1;1
1629;200611;179.34;368.61;372.237;1;1
1629;200612;178.97;807.558;807.188;1;1
1629;200701;178.442;279.307;278.779;1;1
1629;200702;179.235;447.374;448.167;1;1
1629;200703;177.389;395.492;393.646;1;1
1629;200704;178.97;181.345;182.926;1;1
1629;200705;177.127;94.921;93.078;1;1
1629;200706;178.389;102.231;103.493;1;1
1629;200707;176.917;176.155;174.683;1;1
1629;200708;177.179;107.024;107.286;1;1
1629;200709;177.652;99.485;99.958;1;1
1629;200710;175.088;92.514;89.95;1;1
1629;200711;177.705;50.866;53.483;1;1
1629;200712;179.393;52.799;54.487;1;1
1629;200801;177.81;173.105;171.522;1;1
1629;200802;178.337;58.713;59.24;1;1
1629;200803;179.023;47.068;47.754;1;1
1629;200804;177.442;280.09;278.509;1;1
1629;200805;175.609;262.23;260.397;1;1
1629;200806;178.179;147.137;149.707;1;1
1629;200807;176.393;201.396;199.61;1;1
1629;200808;178.865;85.565;88.037;1;1
1629;200809;177.968;140.582;139.685;1;1
1629;200810;177.337;90.801;90.17;1;1
1629;200811;178.337;158.591;159.591;1;1
1629;200812;177.915;431.884;431.462;1;1
1629;200901;178.6;329.891;330.576;1;1
1629;200902;178.021;523.974;523.395;1;1
1629;200903;178.179;283.075;283.233;1;1
1629;200904;177.81;104.825;104.456;1;1
1629;200905;178.653;131.625;132.468;1;1
1629;200906;178.653;129.187;129.187;1;1
1629;200907;178.917;134.083;134.347;1;1
1629;200908;177.442;149.952;148.477;1;1
1629;200909;177.705;80.265;80.528;1;1
1629;200910;178.812;102.882;103.989;1;1
1629;200911;177.337;249.978;248.503;1;1
1629;200912;177.022;532.443;532.128;1;1
1629;201001;178.653;753.914;755.545;1;1
1629;201002;176.812;567.649;565.808;1;1
1629;201003;177.127;565.817;566.132;1;1
1629;201004;179.182;415.917;417.972;1;1
1629;201005;177.284;188.432;186.534;1;1
1629;201006;176.341;177.835;176.892;1;1
1629;201007;178.389;170.529;172.577;1;1
1629;201008;177.389;172.647;171.647;1;1
1629;201009;177.757;126.043;126.411;1;1
1629;201010;178.44;141.526;142.209;1;1
1629;201011;175.04;265.161;261.761;1;1
1629;201012;173.79;474.064;472.814;1;1
1629;201101;176.03;589.056;591.296;1;1
1629;201102;173.38;466.035;463.385;1;1
1629;201103;175.19;439.004;440.814;1;1
1629;201104;171.83;309.005;305.645;1;1
1629;201105;161.3;189.699;179.169;1;1
1629;201106;153.45;78.132;70.282;1;1
1629;201107;139.02;42.927;28.497;1;1
1629;201108;138.97;18.995;18.945;1;1
1629;201109;138.48;16.435;15.945;1;1
1629;201110;139.418;16.751;17.689;1;1
1629;201111;145.723;29.545;35.85;1;1
1629;201112;148.456;72.15;74.883;1;1
1629;201201;162.391;75.248;89.183;1;1
1629;201202;168.152;70.296;76.057;1;1
1629;201203;169.881;73.428;75.157;1;1
1629;201204;173.841;92.392;96.352;1;1
1629;201205;172.858;138.433;137.45;1;1
1629;201206;172.085;109.031;108.258;1;1
1629;201207;175.87;101.871;105.656;1;1
1629;201208;175.296;89.243;88.669;1;1
1629;201209;176.55;75.665;76.919;1;1
1629;201210;176.707;74.185;74.342;1;1
1629;201211;175.192;70.259;68.744;1;1
1629;201212;177.074;202.491;204.373;1;1
1629;201301;177.705;544.312;544.943;1;1
1629;201302;177.127;608.036;607.458;1;1
1629;201303;178.6;679.517;680.99;1;1
1629;201304;177.915;722.935;722.25;1;1
1629;201305;177.705;232.35;232.14;1;1
1629;201306;177.389;155.867;155.551;1;1
1629;201307;176.236;144.924;143.771;1;1
1629;201308;174.515;127.568;125.847;1;1
1629;201309;177.6;119.171;122.256;1;1
1629;201310;177.652;125.779;125.831;1;1
1629;201311;176.445;283.604;282.397;1;1
1629;201312;176.812;208.408;208.775;1;1
1629;201401;179.076;513.681;515.945;1;1
1629;201402;176.812;1093.639;1091.375;1;1
1629;201403;176.602;524.708;524.498;1;1
1629;201404;177.863;210.348;211.609;1;1
1629;201405;177.547;60.011;59.695;1;1
1629;201406;177.757;74.888;75.098;1;1
1629;201407;177.81;59.769;59.822;1;1
1629;201408;177.179;138.756;138.125;1;1
1629;201409;178.231;212.238;213.29;1;1
1629;201410;177.71;117.201;116.68;1;1
1629;201411;178.5;264.836;265.626;1;1
1629;201412;175.87;252.232;249.602;1;1
1629;201501;176.55;250.157;250.837;1;1
1629;201502;176.66;525.972;526.082;1;1
1629;201503;178.34;431.131;432.811;1;1
1629;201504;177.23;69.072;67.962;1;1
1629;201505;176.13;69.025;67.925;1;1
1629;201506;177.55;45.111;46.531;1;1
1629;201507;178.44;69.805;70.695;1;1
1629;201508;177.28;62.409;61.249;1;1
1629;201509;177.34;26.133;26.193;1;1
1629;201510;177.65;34.538;34.848;1;1
1629;201511;177.39;83.528;83.268;1;1
1629;201512;177.86;66.494;66.964;1;1
1629;201601;173.84;417.868;413.848;1;1
1629;201602;178.86;780.372;785.392;1;1
1629;201603;177.86;622.303;621.303;1;1
1629;201604;179.18;493.02;494.34;1;1
1629;201605;178.02;245.49;244.33;1;1
1629;201606;177.34;120.897;120.217;1;1
1629;201607;178.76;126.117;127.537;1;1
1629;201608;177.02;104.251;102.511;1;1
1629;201609;178.44;166.898;168.318;1;1
1629;201610;176.45;165.23;163.24;1;1
1629;201611;172.76;48.7;45.01;1;1
1629;201612;175.04;68.12;70.4;1;1
1629;201701;160.52;90.93;76.41;1;1
1629;201702;179.66;82.95;102.09;1;1
1629;201703;179.02;132.33;131.69;1;1
1629;201704;178.39;103.841;103.211;1;1
1629;201705;177.6;120.991;120.201;1;1
1629;201706;167.24;72.53;62.17;1;1
1629;201707;166.79;44.67;44.22;1;1
1629;201708;174.52;59.44;67.17;1;1
1629;201709;155.75;188.34;169.57;1;1
1629;201710;146.88;26.256;17.386;1;1
1629;201711;142.71;26.368;22.198;1;1
1629;201712;166.13;62.896;86.316;1;1
1629;201801;178.13;355.347;367.347;1;1
1629;201802;178.97;274.09;274.93;1;1
1629;201803;178.23;805.273;804.533;1;1
1629;201804;177.13;653.735;652.635;1;1
1629;201805;178.49;203.224;204.584;1;1
1629;201806;178.39;131.312;131.212;1;1
1629;201807;174.67;164.098;160.378;1;1
1629;201808;176.92;148.855;151.105;1;1
1629;201809;176.13;106.386;105.596;1;1
1629;201810;158.46;121.852;104.182;1;1
1629;201811;175.77;132.535;149.845;1;1
1629;201812;176.29;209.229;209.749;1;1
1629;201901;175.09;269.502;268.302;1;1
1629;201902;178.44;248.073;251.423;1;1
1629;201903;178.97;333.174;333.704;1;1
1629;201904;178.07;193.773;192.873;1;1
1629;201905;177.39;98.834;98.154;1;1
1629;201906;175.71;83.754;82.074;1;1
1629;201907;178.49;87.594;90.374;1;1
1629;201908;174.83;44.744;41.084;1;1
1629;201909;176.13;69.762;71.062;1;1
1629;201910;164.28;147.974;136.124;1;1
1629;201911;179.6;396.555;411.875;1;1
1629;201912;179.6;1103.211;1103.211;1;1
1629;202001;177.23;520.574;518.204;1;1
1629;202002;179.24;271.042;273.052;1;1
1629;202003;178.44;482.47;481.67;1;1
1629;202004;177.55;121.786;120.896;1;1
1629;202005;178.18;186.117;186.747;1;1
1629;202006;177.55;137.841;137.211;1;1
1629;202007;175.61;59.075;57.135;1;1
1629;202008;175.87;73.063;73.323;1;1
1629;202009;178.49;157.199;159.819;1;1
1629;202010;170.44;74.453;66.403;1;1
1629;202011;175.24;143.295;148.095;1;1
1629;202012;174.83;355.882;355.472;1;1
1629;202101;165.83;512.278;503.278;1;1
1629;202102;179.18;843.427;856.777;1;1
1629;202103;178.92;395.441;395.181;1;1
1629;202104;175.51;225.168;221.758;1;1
1629;202105;179.08;169.1;172.67;1;1
1629;202106;179.18;133.124;133.224;1;1
1629;202107;174.93;120.927;116.677;1;1
1629;202108;173.12;110.565;108.755;1;1
1629;202109;167.54;30.802;25.222;1;1
1631;197010;14.7;103.972;104.262;2;1
1631;197011;14.99;233.256;233.286;2;1
1631;197012;15.02;325.09;324.43;2;1
1631;197101;14.36;666.231;667.381;2;1
1631;197102;15.51;609.873;609.893;2;1
1631;197103;15.53;773.132;773.162;2;1
1631;197104;15.56;678.789;678.319;2;1
1631;197105;15.09;1033.446;1033.006;2;1
1631;197106;14.65;962.648;963.358;2;1
1631;197107;15.36;702.937;703.007;2;1
1631;197108;15.43;452.903;452.143;2;1
1631;197109;14.67;418.124;418.984;2;1
1631;197110;15.53;312.461;313.641;2;1
1631;197111;16.71;326.734;326.254;2;1
1631;197112;16.23;482.928;481.498;2;1
1631;197201;14.8;425.077;425.687;2;1
1631;197202;15.41;2069.537;2067.847;2;1
1631;197203;13.72;1614.139;1615.339;2;1
1631;197204;14.92;929.541;930.571;2;1
1631;197205;15.95;450.697;449.887;2;1
1631;197206;15.14;547.593;545.113;2;1
1631;197207;12.66;363.894;366.694;2;1
1631;197208;15.46;259.724;255.324;2;1
1631;197209;11.06;212.57;216.6;2;1
1631;197210;15.09;283.953;284.543;2;1
1631;197211;15.68;418.162;416.922;2;1
1631;197212;14.44;737.894;738.424;2;1
1631;197301;14.97;889.26;887.72;2;1
1631;197302;13.43;807.207;809.977;2;1
1631;197303;16.2;580.007;578.137;2;1
1631;197304;14.33;416.443;417.303;2;1
1631;197305;15.19;768.515;768.885;2;1
1631;197306;15.56;464.338;463.378;2;1
1631;197307;14.6;507.73;507.44;2;1
1631;197308;14.31;357.128;354.658;2;1
1631;197309;11.84;261.624;263.324;2;1
1631;197310;13.54;337.222;339.722;2;1
1631;197311;16.04;352.547;351.887;2;1
1631;197312;15.38;248.258;245.708;2;1
1631;197401;12.83;914.101;917.851;2;1
1631;197402;16.58;1748.885;1748.155;2;1
1631;197403;15.85;905.747;905.057;2;1
1631;197404;15.16;528.076;525.826;2;1
1631;197405;12.91;343.892;337.392;2;1
1631;197406;6.41;320.138;326.308;2;1
1631;197407;12.58;416.652;419.782;2;1
1631;197408;15.71;308.529;309.319;2;1
1631;197409;16.5;371.822;368.562;2;1
1631;197410;13.24;154.781;154.591;2;1
1631;197411;13.05;381.351;382.761;2;1
1631;197412;14.46;511.68;513.03;2;1
1631;197501;15.81;435.996;432.296;2;1
1631;197502;12.11;562.915;565.835;2;1
1631;197503;15.03;942.036;940.716;2;1
1631;197504;13.71;598.778;599.948;2;1
1631;197505;14.88;370.68;372.15;2;1
1631;197506;16.35;240.491;238.411;2;1
1631;197507;14.27;261.476;255.726;2;1
1631;197508;8.52;216.13;213.64;2;1
1631;197509;6.03;239.588;246.938;2;1
1631;197510;13.38;351.74;351.6;2;1
1631;197511;13.24;476.079;475.049;2;1
1631;197512;12.21;703.051;702.861;2;1
1631;197601;12.02;347.322;347.322;2;1
1631;197602;12.02;329.961;329.351;2;1
1631;197603;11.41;401.083;404.273;2;1
1631;197604;14.6;379.063;378.783;2;1
1631;197605;14.32;223.211;224.901;2;1
1631;197606;16.01;242.718;236.388;2;1
1631;197607;9.68;205.229;200.869;2;1
1631;197608;5.32;92.356;103.726;2;1
1631;197609;16.69;176.21;172.29;2;1
1631;197610;12.77;369.985;368.805;2;1
1631;197611;11.59;1102.282;1101.772;2;1
1631;197612;11.08;1509.703;1511.303;2;1
1631;197701;12.68;1529.553;1529.593;2;1
1631;197702;12.72;3125.937;3127.157;2;1
1631;197703;13.94;1207.538;1208.578;2;1
1631;197704;14.98;790.554;791.044;2;1
1631;197705;15.47;445.865;441.755;2;1
1631;197706;11.36;494.525;496.635;2;1
1631;197707;13.47;469.732;466.072;2;1
1631;197708;9.81;361.432;359.582;2;1
1631;197709;7.96;408.542;415.752;2;1
1631;197710;15.17;645.586;640.746;2;1
1631;197711;10.33;649.084;650.684;2;1
1631;197712;11.93;923.431;926.061;2;1
1631;197801;14.56;1128.566;1130.796;2;1
1631;197802;16.79;2594.785;2592.555;2;1
1631;197803;14.56;2194.426;2193.106;2;1
1631;197804;13.24;1021.855;1022.515;2;1
1631;197805;13.9;812.411;813.731;2;1
1631;197806;15.22;532.627;529.897;2;1
1631;197807;12.49;361.422;363.022;2;1
1631;197808;14.09;304.957;301.757;2;1
1631;197809;10.89;273.891;272.551;2;1
1631;197810;9.55;492.394;497.874;2;1
1631;197811;15.03;300.623;300.053;2;1
1631;197812;14.46;1541.811;1539.561;2;1
1631;197901;12.21;2386.138;2387.308;2;1
1631;197902;13.38;4000.515;3999.395;2;1
1631;197903;12.26;1534.956;1538.706;2;1
1631;197904;16.01;1634.951;1631.851;2;1
1631;197905;12.91;752.338;753.278;2;1
1631;197906;13.85;643.397;644.057;2;1
1631;197907;14.51;350.662;345.962;2;1
1631;197908;9.81;205.686;211.296;2;1
1631;197909;15.42;339.479;337.729;2;1
1631;197910;13.67;450.698;447.448;2;1
1631;197911;10.42;751.79;748.43;2;1
1631;197912;7.06;842.03;847.27;2;1
1631;198001;12.3;1173;1170.16;2;1
1631;198002;9.46;940.773;944.363;2;1
1631;198003;13.05;929.095;929.565;2;1
1631;198004;13.52;714.074;712.664;2;1
1631;198005;12.11;535.891;533.681;2;1
1631;198006;9.9;457.928;458.728;2;1
1631;198007;10.7;349.714;353.764;2;1
1631;198008;14.75;258.974;259.254;2;1
1631;198009;15.03;305.748;306.038;2;1
1631;198010;15.32;362.216;361.736;2;1
1631;198011;14.84;499.723;496.623;2;1
1631;198012;11.74;588.191;592.461;2;1
1631;198101;16.01;559.396;557.376;2;1
1631;198102;13.99;304.568;306.688;2;1
1631;198103;16.11;533.02;529.96;2;1
1631;198104;13.05;481.491;482.151;2;1
1631;198105;13.71;456.579;455.639;2;1
1631;198106;12.77;487.15;486.12;2;1
1631;198107;11.74;300.095;302.445;2;1
1631;198108;14.09;270.051;268.921;2;1
1631;198109;12.96;239.717;239.807;2;1
1631;198110;13.05;517.64;517.36;2;1
1631;198111;12.77;403.738;402.138;2;1
1631;198112;11.17;1353.067;1352.227;2;1
1631;198201;10.33;1311.659;1314.949;2;1
1631;198202;13.62;804.248;804.438;2;1
1631;198203;13.81;705.249;707.249;2;1
1631;198204;15.81;377.756;377.956;2;1
1631;198205;16.01;220.59;207.64;2;1
1631;198206;3.06;259.191;270.411;2;1
1631;198207;14.28;266.165;267.015;2;1
1631;198208;15.13;211.778;209.678;2;1
1631;198209;13.03;50.358;53.275;2;1
1631;198210;15.947;382.967;380.504;2;1
1631;198211;13.484;590.076;589.939;2;1
1631;198212;13.347;1082.602;1084.11;2;1
1631;198301;14.855;770.657;769.195;2;1
1631;198302;13.393;497.998;498.884;2;1
1631;198303;14.279;665.989;666.859;2;1
1631;198304;15.149;779.868;776.652;2;1
1631;198305;11.933;1202.508;1205.971;2;1
1631;198306;15.396;598.101;598.2;2;1
1631;198307;15.495;467.632;466.179;2;1
1631;198308;14.042;391.052;390.54;2;1
1631;198309;13.53;396.969;397.434;2;1
1631;198310;13.995;350.793;352.949;2;1
1631;198311;16.151;277.047;273.48;2;1
1631;198312;12.584;529.992;528.627;2;1
1631;198401;11.219;779.644;781.681;2;1
1631;198402;13.256;844.687;844.103;2;1
1631;198403;12.672;725.932;728.805;2;1
1631;198404;15.545;812.897;809.37;2;1
1631;198405;12.018;651.005;652.152;2;1
1631;198406;13.165;615.622;613.717;2;1
1631;198407;11.26;471.041;474.155;2;1
1631;198408;14.374;441.075;440.416;2;1
1631;198409;13.715;292.968;294.402;2;1
1631;198410;15.149;525.506;526.559;2;1
1631;198411;16.202;743.523;742.916;2;1
1631;198412;15.595;903.735;900.115;2;1
1631;198501;11.975;1052.949;1057.074;2;1
1631;198502;16.1;1906.99;1904.83;2;1
1631;198503;13.94;1058.515;1058.997;2;1
1631;198504;14.422;998.886;997.315;2;1
1631;198505;12.851;506.16;508.656;2;1
1631;198506;15.347;412.526;410.481;2;1
1631;198507;13.302;365.409;365.454;2;1
1631;198508;13.347;354.04;354.972;2;1
1631;198509;14.279;253.284;253.909;2;1
1631;198510;14.904;297.998;297.95;2;1
1631;198511;14.856;263.006;260.734;2;1
1631;198512;12.584;289.338;291.272;2;1
1631;198601;14.518;438.586;438.972;2;1
1631;198602;14.904;315.74;316.784;2;1
1631;198603;15.948;969.264;967.125;2;1
1631;198604;13.809;720.118;719.978;2;1
1631;198605;13.669;594.206;592.173;2;1
1631;198606;11.636;378.683;380.532;2;1
1631;198607;13.485;311.186;312.219;2;1
1631;198608;14.518;287.323;288.652;2;1
1631;198609;15.847;240.124;238.747;2;1
1631;198610;14.47;341.971;342.65;2;1
1631;198611;15.149;364.088;363.266;2;1
1631;198612;14.327;427.869;427.821;2;1
1631;198701;14.279;398.192;397.124;2;1
1631;198702;13.211;586.881;587.293;2;1
1631;198703;13.623;508.438;509.047;2;1
1631;198704;14.232;413.668;414.536;2;1
1631;198705;15.1;325.306;324.772;2;1
1631;198706;14.566;264.455;263.374;2;1
1631;198707;13.485;189.511;188.347;2;1
1631;198708;12.321;198.531;199.105;2;1
1631;198709;12.895;208.122;206.99;2;1
1631;198710;11.763;646.082;648.315;2;1
1631;198711;13.996;927.677;925.571;2;1
1631;198712;11.89;985.272;985.747;2;1
1631;198801;12.365;1261.379;1263.773;2;1
1631;198802;14.759;1780.219;1777.781;2;1
1631;198803;12.321;698.836;697.858;2;1
1631;198804;11.343;568.384;571.511;2;1
1631;198805;14.47;765.738;763.852;2;1
1631;198806;12.584;491.778;494.196;2;1
1631;198807;15.002;457.504;454.564;2;1
1631;198808;12.062;367.572;368.812;2;1
1631;198809;13.302;334.29;335.795;2;1
1631;198810;14.807;347.103;347.152;2;1
1631;198811;14.856;271.453;273.368;2;1
1631;198812;16.771;175.014;171.228;2;1
1631;198901;12.985;125.125;127.388;2;1
1631;198902;15.248;133.103;131.945;2;1
1631;198903;14.09;300.977;301.214;2;1
1631;198904;14.327;392.318;391.202;2;1
1631;198905;13.211;303.201;303.706;2;1
1631;198906;13.716;278.47;279.081;2;1
1631;198907;14.327;339.528;338.917;2;1
1631;198908;13.716;236.45;235.585;2;1
1631;198909;12.851;218.565;220.667;2;1
1631;198910;14.953;180.041;179.272;2;1
1631;198911;14.184;250.183;248.984;2;1
1631;198912;12.985;958.536;960.898;2;1
1631;199001;15.347;714.726;713.469;2;1
1631;199002;14.09;785.22;783.451;2;1
1631;199003;12.321;490.418;489.775;2;1
1631;199004;11.678;328.961;332.63;2;1
1631;199005;15.347;222.367;222.268;2;1
1631;199006;15.248;169.683;170.231;2;1
1631;199007;15.796;164.991;163.004;2;1
1631;199008;13.809;104.101;101.719;2;1
1631;199009;11.427;76.322;78.704;2;1
1631;199010;13.809;155.314;154.944;2;1
1631;199011;13.439;484.099;484.191;2;1
1631;199012;13.531;523.377;523.795;2;1
1631;199101;13.949;862.074;862.215;2;1
1631;199102;14.09;774.543;773.709;2;1
1631;199103;13.256;1075.023;1074.396;2;1
1631;199104;12.629;656.491;656.668;2;1
1631;199105;12.806;386.632;389.875;2;1
1631;199106;16.049;248.982;248.429;2;1
1631;199107;15.496;277.525;276.356;2;1
1631;199108;14.327;55.043;54.155;2;1
1631;199109;13.439;205.688;205.734;2;1
1631;199110;13.485;298.998;299.603;2;1
1631;199111;14.09;551.612;549.974;2;1
1631;199112;12.452;413.622;415.497;2;1
1631;199201;14.327;267.77;267.722;2;1
1631;199202;14.279;128.942;128.895;2;1
1631;199203;14.232;133.93;135.646;2;1
1631;199204;15.948;375.278;374.826;2;1
1631;199205;15.496;158.682;157.182;2;1
1631;199206;13.996;196.162;196.876;2;1
1631;199207;14.71;212.018;211.54;2;1
1631;199208;14.232;117.047;117.047;2;1
1631;199209;14.232;215.274;215.464;2;1
1631;199210;14.422;281.724;279.192;2;1
1631;199211;11.89;442.185;444.197;2;1
1631;199212;13.902;778.697;777.512;2;1
1631;199301;12.717;461.215;460.732;2;1
1631;199302;12.234;275.203;277.922;2;1
1631;199303;14.953;256.246;253.484;2;1
1631;199304;12.191;236.333;238.374;2;1
1631;199305;14.232;410.608;408.224;2;1
1631;199306;11.848;476.116;476.546;2;1
1631;199307;12.278;422.083;423.801;2;1
1631;199308;13.996;275.773;275.632;2;1
1631;199309;13.855;228.847;228.661;2;1
1631;199310;13.669;884.501;883.772;2;1
1631;199311;12.94;761.068;760.104;2;1
1631;199312;11.976;815.082;815.471;2;1
1631;199401;12.365;2022.392;2023.65;2;1
1631;199402;13.623;907.475;907.661;2;1
1631;199403;13.809;754.904;755.999;2;1
1631;199404;14.904;431.021;428.093;2;1
1631;199405;11.976;460.383;460.641;2;1
1631;199406;12.234;321.727;322.21;2;1
1631;199407;12.717;263.444;263.311;2;1
1631;199408;12.584;224.727;226.327;2;1
1631;199409;14.184;224.063;223.828;2;1
1631;199410;12.148;241.723;239.497;1;1
1631;199411;13.716;457.994;459.562;1;1
1631;199412;11.51;471.538;469.332;1;1
1631;199501;13.259;931.992;933.741;1;1
1631;199502;14.234;1062.831;1063.806;1;1
1631;199503;10.494;1204.958;1201.218;1;1
1631;199504;15.004;452.387;456.897;1;1
1631;199505;13.718;370.215;368.929;1;1
1631;199506;13.718;286.905;286.905;1;1
1631;199507;14.81;248.922;250.014;1;1
1631;199508;14.187;277.155;276.532;1;1
1631;199509;14.472;109.166;109.451;1;1
1631;199510;13.213;223.595;222.336;1;1
1631;199511;11.471;408.924;407.182;1;1
1631;199512;14.616;1279.618;1282.763;1;1
1631;199601;14.187;2927.844;2927.415;1;1
1631;199602;11.893;1204.595;1202.301;1;1
1631;199603;13.396;776.122;777.625;1;1
1631;199604;14.664;726.125;727.393;1;1
1631;199605;12.697;566.634;564.667;1;1
1631;199606;13.579;411.234;412.116;1;1
1631;199607;12.764;333.916;333.101;1;1
1631;199608;15.201;230.428;232.865;1;1
1631;199609;14.956;143.689;143.444;1;1
1631;199610;14.281;253.623;252.948;1;1
1631;199611;10.258;464.424;460.401;1;1
1631;199612;12.898;864.541;867.181;1;1
1631;199701;13.123;934.057;934.282;1;1
1631;199702;14.234;538.54;539.651;1;1
1631;199703;11.638;386.484;383.888;1;1
1631;199704;14.956;227.122;230.44;1;1
1631;199705;14.882;167.824;167.75;1;1
1631;199706;13.928;298.449;297.495;1;1
1631;199707;14.139;271.172;271.383;1;1
1631;199708;13.718;215.435;215.014;1;1
1631;199709;12.411;181.197;179.89;1;1
1631;199710;13.579;290.046;291.214;1;1
1631;199711;13.533;790.572;790.526;1;1
1631;199712;14.616;1238.677;1239.76;1;1
1631;199801;12.064;1180.825;1178.273;1;1
1631;199802;12.521;623.773;624.23;1;1
1631;199803;12.587;389.784;389.85;1;1
1631;199804;15.349;1390.894;1393.656;1;1
1631;199805;13.168;1243.82;1241.639;1;1
1631;199806;13.695;505.833;506.36;1;1
1631;199807;10.534;311.4;308.239;1;1
1631;199808;14.664;262.144;266.274;1;1
1631;199809;12.15;285.281;282.767;1;1
1631;199810;14.092;421.926;423.868;1;1
1631;199811;12.719;303.416;302.043;1;1
1631;199812;11.058;275.41;273.749;1;1
1631;199901;12.107;287.92;288.969;1;1
1631;199902;13.213;285.255;286.361;1;1
1631;199903;12.853;411.412;411.052;1;1
1631;199904;11.935;417.41;416.492;1;1
1631;199905;13.998;585.879;587.942;1;1
1631;199906;11.554;354.788;352.344;1;1
1631;199907;12.764;339.835;341.045;1;1
1631;199908;12.853;324.428;324.517;1;1
1631;199909;12.543;432.07;431.76;1;1
1631;199910;12.719;734.752;734.928;1;1
1631;199911;13.395;955.456;956.132;1;1
1631;199912;13.077;1013.849;1013.531;1;1
1631;200001;11.058;1007.4;1005.381;1;1
1631;200002;12.587;514.256;515.785;1;1
1631;200003;13.487;457.52;458.42;1;1
1631;200004;12.808;796.582;795.903;1;1
1631;200005;13.718;1014.877;1015.787;1;1
1631;200006;12.898;494.412;493.592;1;1
1631;200007;13.998;379.586;380.686;1;1
1631;200008;13.672;400.588;400.262;1;1
1631;200009;13.032;330.542;329.902;1;1
1631;200010;12.631;539.586;539.185;1;1
1631;200011;13.533;1111.497;1112.399;1;1
1631;200012;14.52;3562.882;3563.869;1;1
1631;200101;15.152;3857.09;3857.722;1;1
1631;200102;13.672;2298.467;2296.987;1;1
1631;200103;15.004;3960.504;3961.836;1;1
1631;200104;12.719;1408.761;1406.476;1;1
1631;200105;13.304;787.998;788.583;1;1
1631;200106;13.487;376.052;376.235;1;1
1631;200107;14.187;430.663;431.363;1;1
1631;200108;13.811;514.625;514.249;1;1
1631;200109;12.455;332.544;331.188;1;1
1631;200110;13.951;365.429;366.925;1;1
1631;200111;13.123;511.397;510.569;1;1
1631;200112;14.329;301.037;302.243;1;1
1631;200201;14.139;162.981;162.791;1;1
1631;200202;13.904;233.607;233.372;1;1
1631;200203;13.951;274.765;274.812;1;1
1631;200204;14.377;285.425;285.851;1;1
1631;200205;12.92;309.712;308.255;1;1
1631;200206;14.116;236.105;237.301;1;1
1631;200207;13.649;193.475;193.008;1;1
1631;200208;13.74;141.795;141.886;1;1
1631;200209;13.881;144.729;144.87;1;1
1631;200210;12.346;308.051;306.516;1;1
1631;200211;14.116;993.165;994.935;1;1
1631;200212;14.616;1674.615;1675.115;1;1
1631;200301;15.623;2482.437;2483.444;1;1
1631;200302;13.672;1148.555;1146.604;1;1
1631;200303;13.695;1009.324;1009.347;1;1
1631;200304;13.304;749.078;748.687;1;1
1631;200305;13.327;593.782;593.805;1;1
1631;200306;13.579;365.722;365.974;1;1
1631;200307;13.213;465.423;465.057;1;1
1631;200308;13.327;348.462;348.576;1;1
1631;200309;13.579;152.05;152.302;1;1
1631;200310;12.965;283.291;282.677;1;1
1631;200311;12.455;706.53;706.02;1;1
1631;200312;12.764;1090.233;1090.542;1;1
1631;200401;13.998;1115.673;1116.907;1;1
1631;200402;13.032;780.748;779.782;1;1
1631;200403;14.21;515.511;516.689;1;1
1631;200404;13.881;486.53;486.201;1;1
1631;200405;14.19;433.024;433.333;1;1
1631;200406;14.19;411.653;411.653;1;1
1631;200407;13.86;404.9;404.57;1;1
1631;200408;14.12;317.049;317.309;1;1
1631;200409;13.74;63.852;63.472;1;1
1631;200410;13.24;416.161;415.661;1;1
1631;200411;13.764;543.93;544.454;1;1
1631;200412;13.858;386.768;386.862;1;1
1631;200501;13.51;439.919;439.571;1;1
1631;200502;13.191;325.262;324.943;1;1
1631;200503;14.116;300.196;301.121;1;1
1631;200504;13.858;303.64;303.382;1;1
1631;200505;12.831;389.465;388.438;1;1
1631;200506;12.965;346.175;346.309;1;1
1631;200507;14.187;246.524;247.746;1;1
1631;200508;14.64;174.157;174.61;1;1
1631;200509;14.022;139.094;138.476;1;1
1631;200510;13.35;281.696;281.024;1;1
1631;200511;13.764;332.636;333.05;1;1
1631;200512;14.21;410.438;410.884;1;1
1631;200601;13.718;501.211;500.719;1;1
1631;200602;13.032;451.79;451.104;1;1
1631;200603;13.834;1262.92;1263.722;1;1
1631;200604;15.299;906.591;908.056;1;1
1631;200605;13.764;428.127;426.592;1;1
1631;200606;14.139;250.153;250.528;1;1
1631;200607;13.811;310.273;309.945;1;1
1631;200608;13.928;167.517;167.634;1;1
1631;200609;13.928;277.111;277.111;1;1
1631;200610;13.395;611.076;610.543;1;1
1631;200611;15.078;1131.732;1133.415;1;1
1631;200612;13.51;1787.783;1786.215;1;1
1631;200701;14.616;795.595;796.701;1;1
1631;200702;15.127;1142.429;1142.94;1;1
1631;200703;14.496;1205.671;1205.04;1;1
1631;200704;13.649;627.985;627.138;1;1
1631;200705;14.163;372.947;373.461;1;1
1631;200706;14.52;370.948;371.305;1;1
1631;200707;13.533;490.893;489.906;1;1
1631;200708;14.045;293.295;293.807;1;1
1631;200709;13.951;206.044;205.95;1;1
1631;200710;13.764;372.113;371.926;1;1
1631;200711;13.464;245.949;245.649;1;1
1631;200712;13.858;193.842;194.236;1;1
1631;200801;13.834;415.414;415.39;1;1
1631;200802;13.625;223.022;222.813;1;1
1631;200803;14.139;232.908;233.422;1;1
1631;200804;12.875;804.836;803.572;1;1
1631;200805;13.556;750.673;751.354;1;1
1631;200806;13.145;548.575;548.164;1;1
1631;200807;13.213;395.699;395.767;1;1
1631;200808;13.556;347.18;347.523;1;1
1631;200809;13.881;272.905;273.23;1;1
1631;200810;13.764;318.122;318.005;1;1
1631;200811;13.464;341.931;341.631;1;1
1631;200812;12.875;892.606;892.017;1;1
1631;200901;14.258;946.811;948.194;1;1
1631;200902;13.579;1248.959;1248.28;1;1
1631;200903;14.139;852.616;853.176;1;1
1631;200904;14.022;466.37;466.253;1;1
1631;200905;14.377;416.048;416.403;1;1
1631;200906;13.741;423.129;422.493;1;1
1631;200907;13.998;296.21;296.467;1;1
1631;200908;14.329;199.625;199.956;1;1
1631;200909;14.258;101.341;101.27;1;1
1631;200910;13.904;357.664;357.31;1;1
1631;200911;13.236;843.427;842.759;1;1
1631;200912;14.664;1699.301;1700.729;1;1
1631;201001;14.069;2036.101;2035.506;1;1
1631;201002;14.069;1515.163;1515.163;1;1
1631;201003;15.324;1600.144;1601.399;1;1
1631;201004;13.373;1296.662;1294.711;1;1
1631;201005;14.022;703.802;704.451;1;1
1631;201006;12.987;578.518;577.483;1;1
1631;201007;13.811;478.474;479.298;1;1
1631;201008;13.602;378.618;378.409;1;1
1631;201009;13.672;361.316;361.386;1;1
1631;201010;12.72;340.218;339.266;1;1
1631;201011;14.14;849.845;851.265;1;1
1631;201012;13.28;1255.588;1254.728;1;1
1631;201101;13.21;1551.843;1551.773;1;1
1631;201102;14.3;1058.773;1059.863;1;1
1631;201103;12.76;1054.625;1053.085;1;1
1631;201104;13.97;816.19;817.4;1;1
1631;201105;13.28;462.664;461.974;1;1
1631;201106;13.86;227.418;227.998;1;1
1631;201107;14.88;128.921;129.941;1;1
1631;201108;14.64;111.898;111.658;1;1
1631;201109;14.76;134.953;135.073;1;1
1631;201110;13.998;233.742;232.98;1;1
1631;201111;14.045;249.472;249.519;1;1
1631;201112;13.441;461.811;461.207;1;1
1631;201201;13.533;391.66;391.752;1;1
1631;201202;14.092;240.507;241.066;1;1
1631;201203;13.418;219.701;219.027;1;1
1631;201204;13.951;397.297;397.83;1;1
1631;201205;13.788;534.647;534.484;1;1
1631;201206;13.858;294.05;294.12;1;1
1631;201207;13.928;275.421;275.491;1;1
1631;201208;13.858;231.61;231.54;1;1
1631;201209;14.52;301.312;301.974;1;1
1631;201210;13.213;245.895;244.588;1;1
1631;201211;13.418;304.81;305.015;1;1
1631;201212;13.51;758.838;758.93;1;1
1631;201301;14.882;1433.96;1435.332;1;1
1631;201302;13.259;1296.331;1294.708;1;1
1631;201303;14.353;1672.438;1673.532;1;1
1631;201304;12.237;1790.561;1788.445;1;1
1631;201305;12.92;748.566;749.249;1;1
1631;201306;13.395;465.29;465.765;1;1
1631;201307;13.281;390.077;389.963;1;1
1631;201308;13.811;234.454;234.984;1;1
1631;201309;13.533;341.215;340.937;1;1
1631;201310;13.51;441.939;441.916;1;1
1631;201311;13.35;838.945;838.785;1;1
1631;201312;12.898;807.628;807.176;1;1
1631;201401;15.004;1692.099;1694.205;1;1
1631;201402;14.858;2602.748;2602.602;1;1
1631;201403;13.741;1662.478;1661.361;1;1
1631;201404;13.259;1073.662;1073.18;1;1
1631;201405;14.424;553.99;555.155;1;1
1631;201406;12.258;506.386;504.22;1;1
1631;201407;13.281;181.249;182.272;1;1
1631;201408;13.788;383.623;384.13;1;1
1631;201409;13.858;363.215;363.285;1;1
1631;201410;4.81;314.406;305.358;1;1
1631;201411;5.69;886.947;887.827;1;1
1631;201412;4.39;821.222;819.922;1;1
1631;201501;5.59;792.539;793.739;1;1
1631;201502;4.04;1314.591;1313.041;1;1
1631;201503;3.5;1094.094;1093.554;1;1
1631;201504;5.88;403.017;405.397;1;1
1631;201505;5.15;529.644;528.914;1;1
1631;201506;4.68;385.731;385.261;1;1
1631;201507;6.16;339.006;340.486;1;1
1631;201508;5.83;185.495;185.165;1;1
1631;201509;4.3;283.514;281.984;1;1
1631;201510;11.98;288.099;295.779;1;1
1631;201511;14.31;471.464;473.794;1;1
1631;201512;14.14;302.619;302.449;1;1
1631;201601;13.79;1562.923;1562.573;1;1
1631;201602;14.52;2329.248;2329.978;1;1
1631;201603;12.32;1517.182;1514.982;1;1
1631;201604;13.1;1611.874;1612.654;1;1
1631;201605;12.88;1135.227;1135.007;1;1
1631;201606;13.46;566.602;567.182;1;1
1631;201607;13.93;450.152;450.622;1;1
1631;201608;14.28;311.215;311.565;1;1
1631;201609;14.14;444.616;444.476;1;1
1631;201610;13.6;358.44;357.9;1;1
1631;201611;12.02;217.02;215.44;1;1
1631;201612;14.28;280.02;282.28;1;1
1631;201701;13.49;314.64;313.85;1;1
1631;201702;13.21;480.36;480.08;1;1
1631;201703;12.99;503.4;503.18;1;1
1631;201704;13.65;289.39;290.05;1;1
1631;201705;13.33;312.73;312.41;1;1
1631;201706;14.23;192.64;193.54;1;1
1631;201707;13.81;154.16;153.74;1;1
1631;201708;14.16;149.19;149.54;1;1
1631;201709;10.59;451.22;447.65;1;1
1631;201710;13.19;95.449;98.049;1;1
1631;201711;12.41;101.394;100.614;1;1
1631;201712;13.1;247.427;248.117;1;1
1631;201801;13.06;796.68;796.64;1;1
1631;201802;12.54;709.309;708.789;1;1
1631;201803;14.54;1583.38;1585.38;1;1
1631;201804;13.42;1463.479;1462.359;1;1
1631;201805;13.03;639.277;638.887;1;1
1631;201806;13.19;580.03;580.19;1;1
1631;201807;13.33;573.782;573.922;1;1
1631;201808;13.06;233.135;232.865;1;1
1631;201809;11.26;369.015;367.215;1;1
1631;201810;12.24;411.239;412.219;1;1
1631;201811;11.77;509.806;509.336;1;1
1631;201812;11.49;727.019;726.739;1;1
1631;201901;12.9;671.262;672.672;1;1
1631;201902;13.51;825.188;825.798;1;1
1631;201903;12.32;724.735;723.545;1;1
1631;201904;13.12;590.731;591.531;1;1
1631;201905;13.26;402.982;403.122;1;1
1631;201906;14.37;234.762;235.872;1;1
1631;201907;13.72;235.192;234.542;1;1
1631;201908;14.4;106.961;107.641;1;1
1631;201909;13.03;237.101;235.731;1;1
1631;201910;13.56;343.087;343.617;1;1
1631;201911;15.32;1150.451;1152.211;1;1
1631;201912;15.25;3068.817;3068.747;1;1
1631;202001;12.48;1219.421;1216.651;1;1
1631;202002;11.41;803.818;802.748;1;1
1631;202003;11.85;1015.665;1016.105;1;1
1631;202004;11.68;512.772;512.602;1;1
1631;202005;13.3;522.73;524.35;1;1
1631;202006;12.92;404.003;403.623;1;1
1631;202007;13.93;229.736;230.746;1;1
1631;202008;13.3;245.189;244.559;1;1
1631;202009;11.35;479.596;477.646;1;1
1631;202010;13.9;296.816;299.366;1;1
1631;202011;12.79;482.422;481.312;1;1
1631;202012;12.94;1020.92;1021.07;1;1
1631;202101;15.18;1312.93;1315.17;1;1
1631;202102;12.61;1979.154;1976.584;1;1
1631;202103;12.02;964.965;964.375;1;1
1631;202104;12.04;630.586;630.606;1;1
1631;202105;14;445.747;447.707;1;1
1631;202106;14.16;469.137;469.297;1;1
1631;202107;13.58;464.697;464.117;1;1
1631;202108;14.42;292.969;293.809;1;1
1631;202109;14.12;179.045;178.745;1;1
1634;197010;26.32;83.946;86.496;2;1
1634;197011;28.87;259.476;262.756;2;1
1634;197012;32.15;401.872;400.282;2;1
1634;197101;30.56;687.122;686.222;2;1
1634;197102;29.66;657.772;671.272;2;1
1634;197103;43.16;795.286;795.606;2;1
1634;197104;43.48;866.782;867.742;2;1
1634;197105;44.44;1067.316;1064.436;2;1
1634;197106;41.56;994.274;991.444;2;1
1634;197107;38.73;719.963;726.963;2;1
1634;197108;45.73;555.284;564.184;2;1
1634;197109;54.63;435.948;430.658;2;1
1634;197110;49.34;357.877;360.237;2;1
1634;197111;51.7;367.848;369.578;2;1
1634;197112;53.43;499.236;497.436;2;1
1634;197201;51.63;530.22;526.96;2;1
1634;197202;48.37;2133.873;2131.293;2;1
1634;197203;45.79;1660.539;1662.559;2;1
1634;197204;47.81;954.374;957.454;2;1
1634;197205;50.89;543.465;545.775;2;1
1634;197206;53.2;501.975;497.975;2;1
1634;197207;49.2;388.722;382.042;2;1
1634;197208;42.52;302.676;294.796;2;1
1634;197209;34.64;223.439;211.559;2;1
1634;197210;22.76;310.47;339.69;2;1
1634;197211;51.98;516.231;515.531;2;1
1634;197212;51.28;796.539;791.679;2;1
1634;197301;46.42;919.858;915.958;2;1
1634;197302;42.52;822.83;830.9;2;1
1634;197303;50.59;696.211;695.511;2;1
1634;197304;49.89;469.627;469.977;2;1
1634;197305;50.24;794.448;795.838;2;1
1634;197306;51.63;482.777;478.257;2;1
1634;197307;47.11;518.011;522.881;2;1
1634;197308;51.98;262.898;259.418;2;1
1634;197309;48.5;268.393;269.443;2;1
1634;197310;49.55;409.009;405.189;2;1
1634;197311;45.73;421.019;423.099;2;1
1634;197312;47.81;296.447;294.707;2;1
1634;197401;46.07;1044.084;1043.094;2;1
1634;197402;45.08;1726.635;1729.365;2;1
1634;197403;47.81;1055.989;1058.419;2;1
1634;197404;50.24;613.077;615.507;2;1
1634;197405;52.67;375.684;373.954;2;1
1634;197406;50.94;326.385;327.075;2;1
1634;197407;51.63;427.369;427.719;2;1
1634;197408;51.98;315.058;308.678;2;1
1634;197409;45.6;360.66;364.26;2;1
1634;197410;49.2;174.208;175.318;2;1
1634;197411;50.31;398.753;396.813;2;1
1634;197412;48.37;524.837;521.297;2;1
1634;197501;44.83;466.914;472.534;2;1
1634;197502;50.45;590.907;587.847;2;1
1634;197503;47.39;958.625;964.355;2;1
1634;197504;53.12;643.015;640.485;2;1
1634;197505;50.59;385.69;384.02;2;1
1634;197506;48.92;242.43;239.24;2;1
1634;197507;45.73;251.044;257.294;2;1
1634;197508;51.98;235.699;233.199;2;1
1634;197509;49.48;260.176;238.036;2;1
1634;197510;27.34;342.991;359.321;2;1
1634;197511;43.67;462.37;468.45;2;1
1634;197512;49.75;710.424;710.564;2;1
1634;197601;49.89;388.074;384.744;2;1
1634;197602;46.56;354.024;364.194;2;1
1634;197603;56.73;430.514;420.064;2;1
1634;197604;46.28;390.554;399.054;2;1
1634;197605;54.78;259.692;250.382;2;1
1634;197606;45.47;252.651;243.451;2;1
1634;197607;36.27;231.094;213.384;2;1
1634;197608;18.56;78.175;119.045;2;1
1634;197609;59.43;203.852;196.772;2;1
1634;197610;52.35;384.705;389.835;2;1
1634;197611;57.48;1153.164;1146.964;2;1
1634;197612;51.28;1639.872;1630.982;2;1
1634;197701;42.39;1591.877;1607.567;2;1
1634;197702;58.08;2631.424;2627.374;2;1
1634;197703;54.03;1434.551;1436.801;2;1
1634;197704;56.28;869.452;866.602;2;1
1634;197705;53.43;481.499;478.519;2;1
1634;197706;50.45;530.245;535.745;2;1
1634;197707;55.95;499.556;495.306;2;1
1634;197708;51.7;380.004;380.554;2;1
1634;197709;52.25;420.526;419.556;2;1
1634;197710;51.28;704.678;709.078;2;1
1634;197711;55.68;688.496;675.596;2;1
1634;197712;42.78;1010.707;1020.867;2;1
1634;197801;52.94;1221.212;1224.182;2;1
1634;197802;55.91;2231.401;2222.051;2;1
1634;197803;46.56;2041.891;2029.031;2;1
1634;197804;33.7;1041.828;1056.628;2;1
1634;197805;48.5;842.175;841.485;2;1
1634;197806;47.81;511.056;512.866;2;1
1634;197807;49.62;351.337;332.327;2;1
1634;197808;30.61;294.892;315.982;2;1
1634;197809;51.7;289.932;277.422;2;1
1634;197810;39.19;495.063;504.933;2;1
1634;197811;49.06;289.613;299.433;2;1
1634;197812;58.88;1510.341;1511.151;2;1
1634;197901;59.69;2253.018;2254.648;2;1
1634;197902;61.32;3524.36;3510.16;2;1
1634;197903;47.12;1674.752;1690.302;2;1
1634;197904;62.67;1765.653;1738.783;2;1
1634;197905;35.8;805.671;832.001;2;1
1634;197906;62.13;685.48;683.58;2;1
1634;197907;60.23;375.97;365.49;2;1
1634;197908;49.75;205.615;216.365;2;1
1634;197909;60.5;353.48;349.16;2;1
1634;197910;56.18;475.839;467.329;2;1
1634;197911;47.67;848.267;837.567;2;1
1634;197912;36.97;907.044;925.444;2;1
1634;198001;55.37;1279.644;1274.584;2;1
1634;198002;50.31;1030.389;1038.689;2;1
1634;198003;58.61;1008.547;1009.897;2;1
1634;198004;59.96;786.603;780.933;2;1
1634;198005;54.29;589.887;594.747;2;1
1634;198006;59.15;492.964;486.204;2;1
1634;198007;52.39;369.654;371.824;2;1
1634;198008;54.56;268.86;264.33;2;1
1634;198009;50.03;314.669;320.279;2;1
1634;198010;55.64;391.314;380.764;2;1
1634;198011;45.09;550.705;553.845;2;1
1634;198012;48.23;616.213;629.303;2;1
1634;198101;61.32;609.198;595.408;2;1
1634;198102;47.53;307.403;314.703;2;1
1634;198103;54.83;565.739;561.909;2;1
1634;198104;51;505.786;518.536;2;1
1634;198105;63.75;498.139;485.529;2;1
1634;198106;51.14;519.653;529.833;2;1
1634;198107;61.32;341.332;339.432;2;1
1634;198108;59.42;276.307;277.657;2;1
1634;198109;60.77;259.606;251.776;2;1
1634;198110;52.94;548.778;555.528;2;1
1634;198111;59.69;426.911;421.511;2;1
1634;198112;54.29;1373.622;1365.482;2;1
1634;198201;46.15;1449.93;1457.8;2;1
1634;198202;54.02;890.862;896.262;2;1
1634;198203;59.42;760.32;757.35;2;1
1634;198204;56.45;428.484;420.264;2;1
1634;198205;48.23;243.311;244.281;2;1
1634;198206;49.2;267.261;270.311;2;1
1634;198207;52.25;272.229;282.649;2;1
1634;198208;62.67;242.594;229.874;2;1
1634;198209;49.95;84.767;87.672;2;1
1634;198210;52.855;439.341;438.313;2;1
1634;198211;51.827;712.569;691.224;2;1
1634;198212;30.482;1290.566;1316.091;2;1
1634;198301;56.007;883.804;879.332;2;1
1634;198302;51.535;587.841;592.618;2;1
1634;198303;56.312;771.291;763.65;2;1
1634;198304;48.671;897.519;903.191;2;1
1634;198305;54.343;1461.829;1463.036;2;1
1634;198306;55.55;693.814;685.956;2;1
1634;198307;47.692;550.599;557.1;2;1
1634;198308;54.193;445.42;440.323;2;1
1634;198309;49.096;432.098;439.314;2;1
1634;198310;56.312;391.843;384.909;2;1
1634;198311;49.378;326.044;325.62;2;1
1634;198312;48.954;632.574;629.661;2;1
1634;198401;46.041;890.775;894.254;2;1
1634;198402;49.52;977.198;976.632;2;1
1634;198403;48.954;836.675;841.317;2;1
1634;198404;53.596;1012.842;999.794;2;1
1634;198405;40.548;758.363;771.263;2;1
1634;198406;53.448;769.033;765.533;2;1
1634;198407;49.948;531.153;534.06;2;1
1634;198408;52.855;494.379;487.294;2;1
1634;198409;45.77;311.529;322.684;2;1
1634;198410;56.925;590.655;592.985;2;1
1634;198411;59.255;917.031;917.502;2;1
1634;198412;59.726;1212.813;1197.914;2;1
1634;198501;44.827;1266.671;1277.243;2;1
1634;198502;55.399;2143.487;2146.406;2;1
1634;198503;58.318;1423.794;1419.52;2;1
1634;198504;54.044;1248.755;1249.205;2;1
1634;198505;54.494;555.884;555.584;2;1
1634;198506;54.194;471.614;472.064;2;1
1634;198507;54.644;402.436;395.763;2;1
1634;198508;47.971;380.228;376.022;2;1
1634;198509;43.765;279.075;285.259;2;1
1634;198510;49.949;322.228;324.546;2;1
1634;198511;52.267;308.724;292.886;2;1
1634;198512;36.429;352.701;364.104;2;1
1634;198601;47.832;440.826;435.195;2;1
1634;198602;42.201;327.154;339.748;2;1
1634;198603;54.795;1163.015;1163.165;2;1
1634;198604;54.945;835.075;832.985;2;1
1634;198605;52.855;686.035;684.57;2;1
1634;198606;51.39;409.19;414.112;2;1
1634;198607;56.312;338.499;336.231;2;1
1634;198608;54.044;312.286;315.321;2;1
1634;198609;57.079;278.511;275.776;2;1
1634;198610;54.344;381.983;384.257;2;1
1634;198611;56.618;413.632;411.809;2;1
1634;198612;54.795;480.402;480.552;2;1
1634;198701;54.945;443.224;443.375;2;1
1634;198702;55.096;678.783;674.066;2;1
1634;198703;50.379;574.617;578.882;2;1
1634;198704;54.644;486.017;486.168;2;1
1634;198705;54.795;356.355;355.604;2;1
1634;198706;54.044;293.224;295.187;2;1
1634;198707;56.007;228.417;221.082;2;1
1634;198708;48.672;230.63;223.137;2;1
1634;198709;41.179;230.288;238.772;2;1
1634;198710;49.663;788.903;794.943;2;1
1634;198711;55.703;1082.105;1078.963;2;1
1634;198712;52.561;1154.02;1154.02;2;1
1634;198801;52.561;1510.668;1515.032;2;1
1634;198802;56.925;2157.873;2155.142;2;1
1634;198803;54.194;851.429;851.579;2;1
1634;198804;54.344;662.221;659.997;2;1
1634;198805;52.12;885.721;888.095;2;1
1634;198806;54.494;555.509;555.96;2;1
1634;198807;54.945;525.304;525.607;2;1
1634;198808;55.248;419.478;413.467;2;1
1634;198809;49.237;360.185;366.651;2;1
1634;198810;55.703;391.442;388.006;2;1
1634;198811;52.267;300.534;299.367;2;1
1634;198812;51.1;225.288;218.615;2;1
1634;198901;44.427;178.96;173.84;2;1
1634;198902;39.307;165.239;179.232;2;1
1634;198903;53.3;360.099;361.143;2;1
1634;198904;54.344;450.412;451.316;2;1
1634;198905;55.248;347.028;344.783;2;1
1634;198906;53.003;303.873;304.616;2;1
1634;198907;53.746;371.847;374.566;2;1
1634;198908;56.465;279.755;271.821;2;1
1634;198909;48.531;246.847;248.408;2;1
1634;198910;50.092;218.594;223.598;2;1
1634;198911;55.096;298.278;297.376;2;1
1634;198912;54.194;1082.064;1067.794;2;1
1634;199001;39.924;920.747;939.296;2;1
1634;199002;58.473;1036.353;1029.125;2;1
1634;199003;51.245;580.28;577.006;2;1
1634;199004;47.971;384.802;387.21;2;1
1634;199005;50.379;256.094;260.209;2;1
1634;199006;54.494;206.122;207.331;2;1
1634;199007;55.703;197.745;198.354;2;1
1634;199008;56.312;150.576;143.501;2;1
1634;199009;49.237;101.332;109.328;2;1
1634;199010;57.233;200.689;197.351;2;1
1634;199011;53.895;538.186;538.485;2;1
1634;199012;54.194;586.23;584.449;2;1
1634;199101;52.413;999.537;995.796;2;1
1634;199102;48.672;873.86;882.576;2;1
1634;199103;57.388;1262.831;1256.543;2;1
1634;199104;51.1;744.922;746.825;2;1
1634;199105;53.003;431.353;435.738;2;1
1634;199106;57.388;289.941;289.171;2;1
1634;199107;56.618;321.149;319.476;2;1
1634;199108;54.945;108.692;106.898;2;1
1634;199109;53.151;238.352;241.513;2;1
1634;199110;56.312;350.257;346.506;2;1
1634;199111;52.561;717.917;716.023;2;1
1634;199112;50.667;516.413;519.492;2;1
1634;199201;53.746;329.629;330.227;2;1
1634;199202;54.344;180.49;178.559;2;1
1634;199203;52.413;186.193;188.725;2;1
1634;199204;54.945;448.977;450.192;2;1
1634;199205;56.16;202.632;201.72;2;1
1634;199206;55.248;241.626;240.124;2;1
1634;199207;53.746;249.421;247.942;2;1
1634;199208;52.267;159.173;162.002;2;1
1634;199209;55.096;262.175;261.874;2;1
1634;199210;54.795;349.815;348.171;2;1
1634;199211;53.151;544.951;538.8;2;1
1634;199212;47;1101.341;1105.152;2;1
1634;199301;50.811;562.299;565.832;2;1
1634;199302;54.344;295.593;296.044;2;1
1634;199303;54.795;278.579;275.611;2;1
1634;199304;51.827;257.335;263.36;2;1
1634;199305;57.852;493.223;478.873;2;1
1634;199306;43.502;543.794;544.586;2;1
1634;199307;44.294;473.958;476.115;2;1
1634;199308;46.451;300.93;298.112;2;1
1634;199309;43.633;233.41;243.077;2;1
1634;199310;53.3;1012.313;1011.868;2;1
1634;199311;52.855;850.576;847.1;2;1
1634;199312;49.379;931.175;932.463;2;1
1634;199401;50.667;2236.967;2237.255;2;1
1634;199402;50.955;1145.983;1139.855;2;1
1634;199403;44.827;858.228;866.998;2;1
1634;199404;53.597;484.468;479.825;2;1
1634;199405;48.954;493.777;500.222;2;1
1634;199406;55.399;344.245;341.701;2;1
1634;199407;52.855;274.182;274.924;2;1
1634;199408;53.597;236.762;235.726;2;1
1634;199409;52.561;236.271;235.537;2;1
1634;199410;47.832;276.147;279.818;1;1
1634;199411;51.245;513.644;517.057;1;1
1634;199412;52.12;542.509;543.384;1;1
1634;199501;51.536;1093.89;1093.306;1;1
1634;199502;53.003;1260.418;1261.885;1;1
1634;199503;50.523;1377.422;1374.942;1;1
1634;199504;49.663;520.251;519.391;1;1
1634;199505;48.532;422.727;421.596;1;1
1634;199506;54.494;327.121;333.083;1;1
1634;199507;56.619;288.218;290.343;1;1
1634;199508;53.895;321.543;318.819;1;1
1634;199509;48.111;172.886;167.102;1;1
1634;199510;55.097;246.167;253.153;1;1
1634;199511;46.042;466.4;457.345;1;1
1634;199512;52.12;1304.018;1310.096;1;1
1634;199601;58.007;2863.617;2869.504;1;1
1634;199602;53.597;1408.766;1404.356;1;1
1634;199603;54.194;895.133;895.73;1;1
1634;199604;54.044;832.86;832.71;1;1
1634;199605;57.388;657.31;660.654;1;1
1634;199606;47.554;461.08;451.246;1;1
1634;199607;51.39;367.072;370.908;1;1
1634;199608;51.828;282.322;282.76;1;1
1634;199609;47.277;198;193.449;1;1
1634;199610;55.399;294.676;302.798;1;1
1634;199611;39.43;551.768;535.799;1;1
1634;199612;32.928;982.36;975.858;1;1
1634;199701;51.1;1058.339;1076.511;1;1
1634;199702;51.1;615.906;615.906;1;1
1634;199703;43.24;476.893;469.033;1;1
1634;199704;55.703;268.3;280.763;1;1
1634;199705;56.619;224.461;225.377;1;1
1634;199706;54.194;349.014;346.589;1;1
1634;199707;54.644;313.203;313.653;1;1
1634;199708;54.344;264.942;264.642;1;1
1634;199709;53.151;234.686;233.493;1;1
1634;199710;56.312;327.934;331.095;1;1
1634;199711;53.151;979.256;976.095;1;1
1634;199712;55.097;1468.344;1470.29;1;1
1634;199801;52.267;1415.221;1412.391;1;1
1634;199802;51.39;711.198;710.321;1;1
1634;199803;53.746;444.657;447.013;1;1
1634;199804;49.806;1473.13;1469.19;1;1
1634;199805;50.955;1327.788;1328.937;1;1
1634;199806;47.277;576.723;573.045;1;1
1634;199807;49.663;332.983;335.369;1;1
1634;199808;55.248;278.502;284.087;1;1
1634;199809;46.588;328.209;319.549;1;1
1634;199810;55.248;454.621;463.281;1;1
1634;199811;55.551;322.9;323.203;1;1
1634;199812;41.944;302.052;288.445;1;1
1634;199901;55.701;290.606;304.363;1;1
1634;199902;53.15;308.965;306.414;1;1
1634;199903;49.094;448.119;444.063;1;1
1634;199904;46.724;451.564;449.194;1;1
1634;199905;53.595;654.3;661.171;1;1
1634;199906;54.342;368.82;369.567;1;1
1634;199907;47.137;352.38;345.175;1;1
1634;199908;52.559;323.934;329.356;1;1
1634;199909;53.002;397.793;398.236;1;1
1634;199910;50.377;765.575;762.95;1;1
1634;199911;39.061;982.787;971.471;1;1
1634;199912;51.68;1028.641;1041.26;1;1
1634;200001;53.893;1011.203;1013.416;1;1
1634;200002;54.042;498.655;498.804;1;1
1634;200003;54.342;422.05;422.35;1;1
1634;200004;50.234;831.99;827.882;1;1
1634;200005;53.893;1016.593;1020.252;1;1
1634;200006;53.744;453.536;453.387;1;1
1634;200007;54.793;324.831;325.88;1;1
1634;200008;53.002;364.116;362.325;1;1
1634;200009;40.674;305.026;292.698;1;1
1634;200010;47.97;481.71;489.006;1;1
1634;200011;56.616;1176.267;1184.913;1;1
1634;200012;55.095;3547.565;3546.044;1;1
1634;200101;54.492;3779.797;3779.194;1;1
1634;200102;55.397;2230.989;2231.894;1;1
1634;200103;56.616;3873.921;3875.14;1;1
1634;200104;50.234;1475.674;1469.292;1;1
1634;200105;53.298;756.422;759.486;1;1
1634;200106;45.634;367.105;359.441;1;1
1634;200107;52.854;396.104;403.324;1;1
1634;200108;45.364;481.057;473.567;1;1
1634;200109;54.793;301.244;310.673;1;1
1634;200110;48.25;357.911;351.368;1;1
1634;200111;49.236;463.24;464.226;1;1
1634;200112;51.972;290;292.736;1;1
1634;200201;54.342;192.835;195.205;1;1
1634;200202;51.68;252.052;249.39;1;1
1634;200203;53.15;286.205;287.675;1;1
1634;200204;51.68;296.014;294.544;1;1
1634;200205;51.68;322.745;322.745;1;1
1634;200206;54.567;252.355;255.242;1;1
1634;200207;52.045;214.854;212.332;1;1
1634;200208;52.265;168.773;168.993;1;1
1634;200209;53.002;173.689;174.426;1;1
1634;200210;46.724;324.543;318.265;1;1
1634;200211;55.246;987.784;996.306;1;1
1634;200212;50.521;1816.906;1812.181;1;1
1634;200301;54.342;2689.789;2693.61;1;1
1634;200302;51.389;1157.61;1154.657;1;1
1634;200303;51.68;974.495;974.786;1;1
1634;200304;48.882;710.528;707.73;1;1
1634;200305;49.165;544.827;545.11;1;1
1634;200306;53.521;311.247;315.603;1;1
1634;200307;48.741;404.082;399.302;1;1
1634;200308;50.593;291.616;293.468;1;1
1634;200309;53.372;136.258;139.037;1;1
1634;200310;48.32;262.084;257.032;1;1
1634;200311;54.642;656.798;663.12;1;1
1634;200312;50.019;1083.149;1078.526;1;1
1634;200401;48.25;1084.874;1083.105;1;1
1634;200402;51.607;719.423;722.78;1;1
1634;200403;50.162;473.431;471.986;1;1
1634;200404;47.692;447.784;445.314;1;1
1634;200405;52.49;434.305;439.103;1;1
1634;200406;51.9;435.1;434.51;1;1
1634;200407;50.95;430.775;429.825;1;1
1634;200408;48.81;345.953;343.813;1;1
1634;200409;49.88;124.938;126.008;1;1
1634;200410;49.09;441.056;440.266;1;1
1634;200411;47.137;549.238;547.285;1;1
1634;200412;44.559;405.613;403.035;1;1
1634;200501;52.854;452.249;460.544;1;1
1634;200502;52.78;347.714;347.64;1;1
1634;200503;48.6;335.397;331.217;1;1
1634;200504;48.671;330.586;330.657;1;1
1634;200505;51.244;406.994;409.567;1;1
1634;200506;50.162;352.039;350.957;1;1
1634;200507;55.321;246.447;251.606;1;1
1634;200508;50.306;187.88;182.865;1;1
1634;200509;51.826;144.941;146.461;1;1
1634;200510;51.826;287.082;287.082;1;1
1634;200511;52.412;334.999;335.585;1;1
1634;200512;52.338;412.03;411.956;1;1
1634;200601;51.389;504.133;503.184;1;1
1634;200602;51.171;454.022;453.804;1;1
1634;200603;49.662;1299.514;1298.005;1;1
1634;200604;53.446;916.556;920.34;1;1
1634;200605;49.023;437.56;433.137;1;1
1634;200606;47.97;257.609;256.556;1;1
1634;200607;52.412;303.178;307.62;1;1
1634;200608;48.882;171.092;167.562;1;1
1634;200609;50.665;279.904;281.687;1;1
1634;200610;47.345;634.337;631.017;1;1
1634;200611;57.927;1189.598;1200.18;1;1
1634;200612;50.449;2036.769;2029.291;1;1
1634;200701;51.461;820.462;821.474;1;1
1634;200702;57.463;1233.11;1239.112;1;1
1634;200703;52.118;1293.787;1288.442;1;1
1634;200704;50.162;637.923;635.967;1;1
1634;200705;54.192;372.157;376.187;1;1
1634;200706;49.591;383.163;378.562;1;1
1634;200707;54.117;493.713;498.239;1;1
1634;200708;52.928;298.178;296.989;1;1
1634;200709;52.854;205.334;205.26;1;1
1634;200710;45.296;383.871;376.313;1;1
1634;200711;48.39;238.852;241.946;1;1
1634;200712;53.002;190.404;195.016;1;1
1634;200801;49.094;428.394;424.486;1;1
1634;200802;49.733;224.743;225.382;1;1
1634;200803;52.633;232.093;234.993;1;1
1634;200804;50.162;826.023;823.552;1;1
1634;200805;50.019;767.002;766.859;1;1
1634;200806;52.633;559.38;561.994;1;1
1634;200807;52.485;390.703;390.555;1;1
1634;200808;52.412;334.588;334.515;1;1
1634;200809;50.809;277.229;275.626;1;1
1634;200810;47.553;314.638;311.382;1;1
1634;200811;53.595;334.983;341.025;1;1
1634;200812;48.53;902.651;897.586;1;1
1634;200901;55.246;1005.106;1011.822;1;1
1634;200902;48.741;1378.155;1371.65;1;1
1634;200903;51.899;855.449;858.607;1;1
1634;200904;49.449;471.702;469.252;1;1
1634;200905;51.099;412.026;413.676;1;1
1634;200906;50.665;422.029;421.595;1;1
1634;200907;48.11;300.857;298.302;1;1
1634;200908;54.944;195.183;202.017;1;1
1634;200909;49.449;109.05;103.555;1;1
1634;200910;50.521;344.404;345.476;1;1
1634;200911;51.099;844.322;844.9;1;1
1634;200912;54.718;1810.347;1813.966;1;1
1634;201001;54.267;2287.106;2286.655;1;1
1634;201002;54.718;1600.582;1601.033;1;1
1634;201003;52.265;1781.792;1779.339;1;1
1634;201004;50.019;1392.704;1390.458;1;1
1634;201005;53.298;706.55;709.829;1;1
1634;201006;52.412;585.11;584.224;1;1
1634;201007;50.306;485.247;483.141;1;1
1634;201008;51.316;374.742;375.752;1;1
1634;201009;48.53;362.013;359.227;1;1
1634;201010;55.17;341.307;347.947;1;1
1634;201011;51.83;892.299;888.959;1;1
1634;201012;46.25;1343.878;1338.298;1;1
1634;201101;48.95;1682.954;1685.654;1;1
1634;201102;47.83;1090.705;1089.585;1;1
1634;201103;49.59;1064.26;1066.02;1;1
1634;201104;45.91;825.713;822.033;1;1
1634;201105;48.74;465.442;468.272;1;1
1634;201106;47.62;225.774;224.654;1;1
1634;201107;56.46;120.283;129.123;1;1
1634;201108;56.69;119.788;120.018;1;1
1634;201109;56.77;141.496;141.576;1;1
1634;201110;52.338;242.2;237.768;1;1
1634;201111;52.706;238.719;239.087;1;1
1634;201112;51.534;439.513;438.341;1;1
1634;201201;53.075;374.731;376.272;1;1
1634;201202;53.002;231.307;231.234;1;1
1634;201203;52.485;213.731;213.214;1;1
1634;201204;47.553;392.44;387.508;1;1
1634;201205;49.805;524.108;526.36;1;1
1634;201206;51.972;284.064;286.231;1;1
1634;201207;53.15;271.508;272.686;1;1
1634;201208;50.809;235.247;232.906;1;1
1634;201209;53.968;296.505;299.664;1;1
1634;201210;49.449;248.41;243.891;1;1
1634;201211;50.521;306.389;307.461;1;1
1634;201212;51.753;757.393;758.625;1;1
1634;201301;53.669;1483.754;1485.67;1;1
1634;201302;51.68;1377.554;1375.565;1;1
1634;201303;55.095;1760.939;1764.354;1;1
1634;201304;46.862;1899.45;1891.217;1;1
1634;201305;46.931;752.81;752.879;1;1
1634;201306;48.18;463.509;464.758;1;1
1634;201307;51.171;375.193;378.184;1;1
1634;201308;50.234;237.525;236.588;1;1
1634;201309;53.968;329.591;333.325;1;1
1634;201310;45.499;447.239;438.77;1;1
1634;201311;48.953;834.709;838.163;1;1
1634;201312;48.32;805.694;805.061;1;1
1634;201401;55.397;1771.584;1778.661;1;1
1634;201402;54.267;2748.649;2747.519;1;1
1634;201403;45.634;1738.436;1729.803;1;1
1634;201404;48.46;1084.928;1087.754;1;1
1634;201405;50.377;538.706;540.623;1;1
1634;201406;50.521;482.769;482.913;1;1
1634;201407;50.954;179.639;180.072;1;1
1634;201408;52.485;363.544;365.075;1;1
1634;201409;49.449;346.201;343.165;1;1
1634;201410;29.38;308.2;288.131;1;1
1634;201411;27.78;901.533;899.933;1;1
1634;201412;32.47;812.535;817.225;1;1
1634;201501;32.47;782.542;782.542;1;1
1634;201502;27.36;1416.927;1411.817;1;1
1634;201503;27.57;1124.981;1125.191;1;1
1634;201504;26.82;399.559;398.809;1;1
1634;201505;33.79;507.401;514.371;1;1
1634;201506;31.59;369.545;367.345;1;1
1634;201507;31.45;329.641;329.501;1;1
1634;201508;31.81;177.461;177.821;1;1
1634;201509;27.36;282.607;278.157;1;1
1634;201510;46.59;292.918;312.148;1;1
1634;201511;51.19;468.167;472.767;1;1
1634;201512;43.89;313.34;306.04;1;1
1634;201601;51.33;1652.983;1660.423;1;1
1634;201602;51.19;2387.48;2387.34;1;1
1634;201603;53.32;1580.694;1582.824;1;1
1634;201604;49.61;1691.704;1687.994;1;1
1634;201605;50.75;1144.767;1145.907;1;1
1634;201606;46.66;576.243;572.153;1;1
1634;201607;50.47;449.012;452.822;1;1
1634;201608;49.32;312.798;311.648;1;1
1634;201609;47.77;449.056;447.506;1;1
1634;201610;47.7;362.24;362.17;1;1
1634;201611;53.54;214.62;220.46;1;1
1634;201612;47.01;300.36;293.83;1;1
1634;201701;48.97;315.09;317.05;1;1
1634;201702;50.68;483.44;485.15;1;1
1634;201703;50.83;508.3;508.45;1;1
1634;201704;54.07;287.58;290.82;1;1
1634;201705;52.51;316.4;314.84;1;1
1634;201706;52.65;193.3;193.44;1;1
1634;201707;51.77;153.65;152.77;1;1
1634;201708;54.07;152.29;154.59;1;1
1634;201709;47.21;457.42;450.56;1;1
1634;201710;44.56;116.744;114.094;1;1
1634;201711;54.67;102.565;112.675;1;1
1634;201712;52.06;256.31;253.7;1;1
1634;201801;53.02;806.133;807.093;1;1
1634;201802;51.48;739.419;737.879;1;1
1634;201803;53.1;1731.871;1733.491;1;1
1634;201804;48.33;1587.435;1582.665;1;1
1634;201805;49.25;644.926;645.846;1;1
1634;201806;51.55;582.465;584.765;1;1
1634;201807;50.47;581.087;580.007;1;1
1634;201808;52.29;235.007;236.827;1;1
1634;201809;51.63;371.394;370.734;1;1
1634;201810;53.54;411.901;413.811;1;1
1634;201811;50.9;517.11;514.47;1;1
1634;201812;49.82;734.853;733.773;1;1
1634;201901;52.8;678.694;681.674;1;1
1634;201902;47.98;866.624;861.804;1;1
1634;201903;50.54;731.853;734.413;1;1
1634;201904;47.08;609.904;606.444;1;1
1634;201905;48.82;414.031;415.771;1;1
1634;201906;55.2;230.555;236.935;1;1
1634;201907;55.5;248.344;248.644;1;1
1634;201908;53.25;139.486;137.236;1;1
1634;201909;50.76;254.283;251.793;1;1
1634;201910;51.55;351.763;352.553;1;1
1634;201911;55.88;1255.815;1260.145;1;1
1634;201912;56.42;3164.765;3165.305;1;1
1634;202001;47.98;1265.646;1257.206;1;1
1634;202002;48.97;834.993;835.983;1;1
1634;202003;50.54;1082.538;1084.108;1;1
1634;202004;46.73;529.862;526.052;1;1
1634;202005;52.65;531.954;537.874;1;1
1634;202006;50.75;406.917;405.017;1;1
1634;202007;50.97;231.888;232.108;1;1
1634;202008;51.26;245.925;246.215;1;1
1634;202009;52.21;479.434;480.384;1;1
1634;202010;50.61;300.223;298.623;1;1
1634;202011;51.33;482.043;482.763;1;1
1634;202012;52.58;1075.494;1076.744;1;1
1634;202101;52.8;1368.613;1368.833;1;1
1634;202102;50.61;2096.487;2094.297;1;1
1634;202103;49.82;1009.803;1009.013;1;1
1634;202104;45.1;649.813;645.093;1;1
1634;202105;52.43;443.616;450.946;1;1
1634;202106;55.27;470.797;473.637;1;1
1634;202107;54.67;468.188;467.588;1;1
1634;202108;55.88;291.986;293.196;1;1
1634;202109;54.22;183.072;181.412;1;1
1637;197210;;;;2;1
1637;197211;;;;2;1
1637;197212;;;;2;1
1637;197301;4.15;53.696;52.346;2;1
1637;197302;2.8;6.173;14.993;2;1
1637;197303;11.62;2.469;11.159;2;1
1637;197304;20.31;0.413;12.783;2;1
1637;197305;32.68;25.154;61.984;2;1
1637;197306;69.51;5.911;15.991;2;1
1637;197307;79.59;14.904;8.774;2;1
1637;197308;73.46;22.195;1.535;2;1
1637;197309;52.8;6.637;3.377;2;1
1637;197310;49.54;13.572;29.922;2;1
1637;197311;65.89;38.773;14.363;2;1
1637;197312;41.48;48.48;23.88;2;1
1637;197401;16.88;76.379;123.459;2;1
1637;197402;63.96;90.571;101.941;2;1
1637;197403;75.33;32.689;33.709;2;1
1637;197404;76.35;10.447;18.547;2;1
1637;197405;84.45;16.617;20.827;2;1
1637;197406;88.66;23.423;23.583;2;1
1637;197407;88.82;16.507;14.667;2;1
1637;197408;86.98;11.663;4.643;2;1
1637;197409;79.96;44.467;4.107;2;1
1637;197410;39.6;32.502;3.912;2;1
1637;197411;11.01;7.298;31.258;2;1
1637;197412;34.97;2.664;19.624;2;1
1637;197501;51.93;47.268;67.918;2;1
1637;197502;72.58;43.958;47.968;2;1
1637;197503;76.59;82.192;75.622;2;1
1637;197504;70.02;18.85;21.03;2;1
1637;197505;72.2;11.307;11.017;2;1
1637;197506;71.91;18.562;7.062;2;1
1637;197507;60.41;44.244;9.334;2;1
1637;197508;25.5;18.006;4.326;2;1
1637;197509;11.82;15.167;11.847;2;1
1637;197510;8.5;0;26.61;2;1
1637;197511;35.11;0.066;22.796;2;1
1637;197512;57.84;27.663;24.323;2;1
1637;197601;54.5;34.338;13.878;2;1
1637;197602;34.04;12.021;35.241;2;1
1637;197603;57.26;11.002;25.422;2;1
1637;197604;71.68;9.179;14.389;2;1
1637;197605;76.89;29.581;6.441;2;1
1637;197606;53.75;29.287;2.767;2;1
1637;197607;27.23;26.491;10.331;2;1
1637;197608;11.07;0.487;3.137;2;1
1637;197609;13.72;14.74;8.4;2;1
1637;197610;7.38;10.947;57.837;2;1
1637;197611;54.27;72.552;59.622;2;1
1637;197612;41.34;88.051;104.511;2;1
1637;197701;57.8;70.293;91.963;2;1
1637;197702;79.47;214.616;211.916;2;1
1637;197703;76.77;42.04;49.08;2;1
1637;197704;83.81;41.292;43.152;2;1
1637;197705;85.67;17.179;18.549;2;1
1637;197706;87.04;20.021;19.101;2;1
1637;197707;86.12;10.059;10.649;2;1
1637;197708;86.71;7.167;5.557;2;1
1637;197709;85.1;35.498;11.578;2;1
1637;197710;61.18;25.085;20.095;2;1
1637;197711;56.19;55.867;17.907;2;1
1637;197712;18.23;41.208;91.468;2;1
1637;197801;68.49;55.019;67.809;2;1
1637;197802;81.28;120.312;123.872;2;1
1637;197803;84.84;82.752;77.752;2;1
1637;197804;79.84;42.323;33.923;2;1
1637;197805;71.44;28.301;37.071;2;1
1637;197806;80.21;16.028;12.768;2;1
1637;197807;76.95;1.469;4.979;2;1
1637;197808;80.46;17.194;1.914;2;1
1637;197809;65.18;24.926;1.046;2;1
1637;197810;41.3;58.057;47.457;2;1
1637;197811;30.7;18.586;8.926;2;1
1637;197812;21.04;164.196;216.706;2;1
1637;197901;73.55;142.089;112.369;2;1
1637;197902;43.83;160.615;187.135;2;1
1637;197903;70.35;62.684;76.204;2;1
1637;197904;83.87;85.523;83.123;2;1
1637;197905;81.47;29.693;35.193;2;1
1637;197906;86.97;38.975;20.375;2;1
1637;197907;68.37;6.362;6.932;2;1
1637;197908;68.94;0.87;3.55;2;1
1637;197909;71.62;27.172;1.742;2;1
1637;197910;46.19;3.945;16.805;2;1
1637;197911;59.05;38.753;25.893;2;1
1637;197912;46.19;87.295;56.235;2;1
1637;198001;15.13;32.502;79.332;2;1
1637;198002;61.96;34.234;52.674;2;1
1637;198003;80.4;56.963;59.983;2;1
1637;198004;83.42;57.434;41.054;2;1
1637;198005;67.04;23.703;25.203;2;1
1637;198006;68.54;23.661;15.021;2;1
1637;198007;59.9;9.158;7.098;2;1
1637;198008;57.84;7.16;2.97;2;1
1637;198009;53.65;33.56;1.22;2;1
1637;198010;21.31;1.545;9.145;2;1
1637;198011;28.91;0;18.4;2;1
1637;198012;47.31;18.197;22.727;2;1
1637;198101;51.84;19.146;13.286;2;1
1637;198102;45.98;4.947;15.587;2;1
1637;198103;56.62;50.845;64.865;2;1
1637;198104;70.64;39.925;39.565;2;1
1637;198105;70.28;24.216;33.836;2;1
1637;198106;79.9;28.143;19.863;2;1
1637;198107;71.62;5.809;5.629;2;1
1637;198108;71.44;1.785;2.605;2;1
1637;198109;72.26;37.339;4.869;2;1
1637;198110;39.79;18.941;28.071;2;1
1637;198111;48.92;0;7.8;2;1
1637;198112;56.72;119.657;135.087;2;1
1637;198201;72.15;85.055;69.865;2;1
1637;198202;56.96;29.697;33.767;2;1
1637;198203;61.03;17.597;28.247;2;1
1637;198204;71.68;1.83;12.37;2;1
1637;198205;82.22;18.403;5.913;2;1
1637;198206;69.73;16.037;7.227;2;1
1637;198207;60.92;0;4.91;2;1
1637;198208;65.83;17.175;1.515;2;1
1637;198209;50.17;7.081;2.472;2;1
1637;198210;45.561;26.84;27.467;2;1
1637;198211;46.188;45.627;44.585;2;1
1637;198212;45.146;75.079;95.725;2;1
1637;198301;65.792;30.37;26.465;2;1
1637;198302;61.887;34.601;30.962;2;1
1637;198303;58.248;25.417;28.336;2;1
1637;198304;61.167;51.909;65.337;2;1
1637;198305;74.595;102.638;92.391;2;1
1637;198306;64.348;30.335;24.383;2;1
1637;198307;58.396;0;9.138;2;1
1637;198308;67.534;13.713;5.622;2;1
1637;198309;59.443;54.406;;2;1
1637;198310;4.898;2.124;4.567;2;1
1637;198311;7.341;7.093;10.196;2;1
1637;198312;10.444;36.938;83.028;2;1
1637;198401;56.534;57.52;65.866;2;1
1637;198402;64.88;58.467;43.135;2;1
1637;198403;49.548;32.641;48.133;2;1
1637;198404;65.04;51.182;50.915;2;1
1637;198405;64.773;51.525;22.848;2;1
1637;198406;36.096;11.226;26.647;2;1
1637;198407;51.517;25.562;5.897;2;1
1637;198408;31.852;20.556;0.362;2;1
1637;198409;11.658;2.253;2.89;2;1
1637;198410;12.295;12.67;17.593;2;1
1637;198411;17.218;38.308;84.016;2;1
1637;198412;62.926;80.205;63.931;2;1
1637;198501;46.652;61.214;73.256;2;1
1637;198502;58.694;116.188;112.923;2;1
1637;198503;55.429;59.303;62.618;2;1
1637;198504;58.744;62.16;63.667;2;1
1637;198505;60.251;37.28;37.432;2;1
1637;198506;60.403;24.616;9.774;2;1
1637;198507;45.561;2.149;4.912;2;1
1637;198508;48.324;7.265;5.509;2;1
1637;198509;46.568;18.328;0.562;2;1
1637;198510;28.802;12.319;1.238;2;1
1637;198511;17.721;19.463;15.81;2;1
1637;198512;14.068;36.746;65.47;2;1
1637;198601;42.792;440.756;414.86;2;1
1637;198602;16.896;313.806;362.004;2;1
1637;198603;65.094;44.583;40.964;2;1
1637;198604;61.475;23.135;31.869;2;1
1637;198605;70.209;26.457;30.903;2;1
1637;198606;74.655;5.797;9.949;2;1
1637;198607;78.807;5.481;4.93;2;1
1637;198608;78.256;50.831;1.074;2;1
1637;198609;28.499;17.56;12.709;2;1
1637;198610;23.648;0;6.889;2;1
1637;198611;30.537;31.268;19.645;2;1
1637;198612;18.914;25.129;22.94;2;1
1637;198701;16.725;20.228;29.742;2;1
1637;198702;26.239;30.552;48.352;2;1
1637;198703;44.039;20.427;35.932;2;1
1637;198704;59.544;41.732;56.725;2;1
1637;198705;74.537;14.161;16.425;2;1
1637;198706;76.801;2.566;10.751;2;1
1637;198707;84.986;30.359;2.005;2;1
1637;198708;56.632;0;2.912;2;1
1637;198709;59.544;19.054;3.144;2;1
1637;198710;43.634;81.753;97.312;2;1
1637;198711;59.193;58.893;37.343;2;1
1637;198712;37.643;83.53;78.394;2;1
1637;198801;32.507;68.414;100.361;2;1
1637;198802;64.454;106.87;92.63;2;1
1637;198803;50.214;28.97;12.229;2;1
1637;198804;33.473;15.113;19.101;2;1
1637;198805;37.461;24.15;29.92;2;1
1637;198806;43.231;3.698;16.183;2;1
1637;198807;55.716;0.06;15.689;2;1
1637;198808;71.345;24.67;1.432;2;1
1637;198809;48.107;18.158;1.87;2;1
1637;198810;31.819;0;5.135;2;1
1637;198811;36.954;25.992;8.299;2;1
1637;198812;19.261;19.188;8.899;2;1
1637;198901;8.972;7.366;6.755;2;1
1637;198902;8.361;5.669;16.291;2;1
1637;198903;18.983;7.717;46.883;2;1
1637;198904;58.149;39.347;37.395;2;1
1637;198905;56.197;16.192;14.947;2;1
1637;198906;54.952;30.487;5.413;2;1
1637;198907;29.878;36.035;30.64;2;1
1637;198908;24.483;2.406;2.08;2;1
1637;198909;24.157;0.272;1.48;2;1
1637;198910;25.365;0.147;3.888;2;1
1637;198911;29.106;20.539;29.112;2;1
1637;198912;37.679;89.812;110.728;2;1
1637;199001;58.595;47.468;46.825;2;1
1637;199002;57.952;66;62.716;2;1
1637;199003;54.668;22.902;16.298;2;1
1637;199004;48.064;17.067;14.731;2;1
1637;199005;45.728;12.422;6.797;2;1
1637;199006;40.103;23.23;1.744;2;1
1637;199007;18.617;6.791;0.02;2;1
1637;199008;11.846;7.634;0.064;2;1
1637;199009;4.276;1.572;1.466;2;1
1637;199010;4.17;17.202;39.644;2;1
1637;199011;26.612;36.696;32.657;2;1
1637;199012;22.573;26.396;25.832;2;1
1637;199101;22.009;88.341;101.204;2;1
1637;199102;34.872;48.678;53.454;2;1
1637;199103;39.648;65.818;72.359;2;1
1637;199104;46.189;24.227;26.666;2;1
1637;199105;48.628;15.813;10.981;2;1
1637;199106;43.796;11.266;7.004;2;1
1637;199107;39.534;8.053;3.114;2;1
1637;199108;34.595;10.272;2.174;2;1
1637;199109;26.497;13.851;4.421;2;1
1637;199110;17.067;3.092;10.372;2;1
1637;199111;24.347;62.625;62.3;2;1
1637;199112;24.022;41.353;23.896;2;1
1637;199201;6.565;15.624;22.195;2;1
1637;199202;13.136;10.359;14.812;2;1
1637;199203;17.589;8.398;12.44;2;1
1637;199204;21.631;12.492;33.772;2;1
1637;199205;42.911;8.959;10.209;2;1
1637;199206;44.161;10.145;8.855;2;1
1637;199207;42.871;14.163;3.079;2;1
1637;199208;31.787;6.489;3.141;2;1
1637;199209;28.439;8.172;7.692;2;1
1637;199210;27.959;1.007;17.741;2;1
1637;199211;44.693;39.053;35.695;2;1
1637;199212;41.335;98.097;92.788;2;1
1637;199301;36.026;31.337;45.793;2;1
1637;199302;50.482;18.576;14.199;2;1
1637;199303;46.105;15.092;12.46;2;1
1637;199304;43.473;16.279;26.721;2;1
1637;199305;53.915;31.303;50.229;2;1
1637;199306;72.841;30.819;31.226;2;1
1637;199307;73.248;31.503;11.517;2;1
1637;199308;53.262;10.455;3.424;2;1
1637;199309;46.231;0.296;10.6;2;1
1637;199310;56.535;86.753;88.714;2;1
1637;199311;58.496;55.009;29.717;2;1
1637;199312;33.204;43.259;48.543;2;1
1637;199401;38.488;117.244;134.568;2;1
1637;199402;55.812;64.862;65.585;2;1
1637;199403;56.535;42.329;33.427;2;1
1637;199404;47.633;14.608;16.259;2;1
1637;199405;49.284;44.729;50.73;2;1
1637;199406;55.285;20.78;19.88;2;1
1637;199407;54.385;12.416;5.279;2;1
1637;199408;47.248;14.015;7.061;2;1
1637;199409;40.294;0.578;3.556;2;1
1637;199410;31.431;30.132;17.969;1;1
1637;199411;32.047;49.829;50.445;1;1
1637;199412;53.355;28.439;49.747;1;1
1637;199501;56.364;104.012;107.021;1;1
1637;199502;52.87;94.671;91.177;1;1
1637;199503;44.029;56.901;48.06;1;1
1637;199504;34.221;20.812;11.004;1;1
1637;199505;35.115;14.483;15.377;1;1
1637;199506;29.392;12.181;6.458;1;1
1637;199507;26.914;6.652;4.174;1;1
1637;199508;20.932;7.978;1.996;1;1
1637;199509;24.012;0.265;3.345;1;1
1637;199510;23.453;9.543;8.984;1;1
1637;199511;48.524;35.136;60.207;1;1
1637;199512;72.738;96.89;121.104;1;1
1637;199601;48.394;162.792;138.448;1;1
1637;199602;49.531;53.903;55.04;1;1
1637;199603;58.022;28.288;36.779;1;1
1637;199604;61.136;32.787;35.901;1;1
1637;199605;65.648;23.037;27.549;1;1
1637;199606;57.727;18.27;10.349;1;1
1637;199607;56.848;5.178;4.299;1;1
1637;199608;49.004;10.188;2.344;1;1
1637;199609;26.281;25.024;2.301;1;1
1637;199610;21.777;11.304;6.8;1;1
1637;199611;43.543;40.852;62.618;1;1
1637;199612;30.608;77.084;64.149;1;1
1637;199701;27.146;63.729;60.267;1;1
1637;199702;48.005;23.59;44.449;1;1
1637;199703;52.547;19.992;24.534;1;1
1637;199704;46.596;14.864;8.913;1;1
1637;199705;63.573;5.344;22.321;1;1
1637;199706;68.933;18.614;23.974;1;1
1637;199707;58.914;17.316;7.297;1;1
1637;199708;44.395;18.941;4.422;1;1
1637;199709;36.345;10.994;2.944;1;1
1637;199710;35.779;14.901;14.335;1;1
1637;199711;54.408;76.137;94.766;1;1
1637;199712;51.091;86.862;83.545;1;1
1637;199801;53.008;73.968;75.885;1;1
1637;199802;48.786;25.342;21.12;1;1
1637;199803;55.978;11.864;19.056;1;1
1637;199804;61.443;89.138;94.603;1;1
1637;199805;40.326;51.51;30.393;1;1
1637;199806;41.211;12.581;13.466;1;1
1637;199807;44.6;2.242;5.631;1;1
1637;199808;46.554;0;1.954;1;1
1637;199809;52.777;0;6.223;1;1
1637;199810;61.855;0;9.078;1;1
1637;199811;60.524;13.513;12.182;1;1
1637;199812;47.19;31.343;18.009;1;1
1637;199901;41.031;37.126;30.967;1;1
1637;199902;37.504;20.194;16.667;1;1
1637;199903;48.634;18.998;30.128;1;1
1637;199904;55.149;31.348;37.863;1;1
1637;199905;53.361;39.744;37.956;1;1
1637;199906;45.735;18.719;11.093;1;1
1637;199907;41.536;7.544;3.345;1;1
1637;199908;39.428;4.947;2.839;1;1
1637;199909;50.354;13.094;24.02;1;1
1637;199910;62.256;44.048;55.95;1;1
1637;199911;27.849;70.993;36.586;1;1
1637;199912;38.606;56.324;67.081;1;1
1637;200001;23.604;46.883;31.881;1;1
1637;200002;36.853;5.752;19.001;1;1
1637;200003;42.441;5.641;11.229;1;1
1637;200004;63.772;52.289;73.62;1;1
1637;200005;51.979;51.828;40.035;1;1
1637;200006;55.483;8.452;11.956;1;1
1637;200007;51.751;7.891;4.159;1;1
1637;200008;37.905;13.849;0.003;1;1
1637;200009;31.31;7.356;0.761;1;1
1637;200010;7.878;30.296;6.864;1;1
1637;200011;41.575;62.384;96.081;1;1
1637;200012;70.158;134.961;163.544;1;1
1637;200101;67.212;185.44;182.494;1;1
1637;200102;48.94;76.228;57.956;1;1
1637;200103;66.72;180.141;197.921;1;1
1637;200104;58.304;52.038;43.622;1;1
1637;200105;60.206;21.982;23.884;1;1
1637;200106;62.619;5.544;7.957;1;1
1637;200107;47.34;18.46;3.181;1;1
1637;200108;24.985;23.191;0.836;1;1
1637;200109;10.717;14.495;0.227;1;1
1637;200110;31.762;11.655;32.7;1;1
1637;200111;14.66;26.207;9.105;1;1
1637;200112;11.389;8.973;5.702;1;1
1637;200201;30.798;7.038;26.447;1;1
1637;200202;46.237;24.062;39.501;1;1
1637;200203;52.483;29.001;35.247;1;1
1637;200204;47.726;20.344;15.587;1;1
1637;200205;49.379;12.939;14.592;1;1
1637;200206;54.959;6.233;11.813;1;1
1637;200207;37.65;19.831;2.522;1;1
1637;200208;39.05;0.628;2.028;1;1
1637;200209;24.383;14.678;0.011;1;1
1637;200210;15.657;40.587;31.861;1;1
1637;200211;19.67;80.01;84.023;1;1
1637;200212;46.999;70.171;97.5;1;1
1637;200301;44.311;123.72;121.032;1;1
1637;200302;31.487;43.241;30.417;1;1
1637;200303;36.051;36.663;41.227;1;1
1637;200304;38.421;28.533;30.903;1;1
1637;200305;39.939;25.398;26.916;1;1
1637;200306;39.541;7.575;7.177;1;1
1637;200307;38.997;6.007;5.463;1;1
1637;200308;39.654;2.178;2.835;1;1
1637;200309;21.341;19.4;1.087;1;1
1637;200310;21.956;9.499;10.114;1;1
1637;200311;21.994;44.762;44.8;1;1
1637;200312;20.982;48.355;47.343;1;1
1637;200401;27.983;59.111;66.112;1;1
1637;200402;35.874;18.144;26.035;1;1
1637;200403;46.406;3.579;14.111;1;1
1637;200404;50.6;16.659;20.853;1;1
1637;200405;59;6.481;14.881;1;1
1637;200406;50.42;12.596;4.016;1;1
1637;200407;40.53;11.36;1.47;1;1
1637;200408;34.28;8.918;2.668;1;1
1637;200409;31.17;5.429;2.319;1;1
1637;200410;24.34;46.055;39.225;1;1
1637;200411;15.273;31.288;22.221;1;1
1637;200412;21.366;8.682;14.775;1;1
1637;200501;20.762;15.498;14.894;1;1
1637;200502;20.277;8.555;8.07;1;1
1637;200503;30.529;5.853;16.105;1;1
1637;200504;51.185;6.418;27.074;1;1
1637;200505;53.501;20.809;23.125;1;1
1637;200506;45.651;14.483;6.633;1;1
1637;200507;42.184;5.979;2.512;1;1
1637;200508;41.206;2.373;1.395;1;1
1637;200509;37.069;5.274;1.137;1;1
1637;200510;21.069;25.138;9.138;1;1
1637;200511;18.834;25.709;23.474;1;1
1637;200512;31.39;22.681;35.237;1;1
1637;200601;23.844;29.72;22.174;1;1
1637;200602;36.495;19.534;32.185;1;1
1637;200603;53.152;66.714;83.371;1;1
1637;200604;53.454;42.22;42.522;1;1
1637;200605;55.363;12.134;14.043;1;1
1637;200606;50.421;9.065;4.123;1;1
1637;200607;34.106;17.322;1.007;1;1
1637;200608;30.671;4.809;1.374;1;1
1637;200609;23.937;8.719;1.985;1;1
1637;200610;29.13;43.518;48.711;1;1
1637;200611;32.978;56.734;60.582;1;1
1637;200612;31.422;91.759;90.203;1;1
1637;200701;32.597;32.823;33.998;1;1
1637;200702;40.281;63.261;70.945;1;1
1637;200703;43.359;48.007;51.085;1;1
1637;200704;36.638;19.286;12.565;1;1
1637;200705;48.308;2.22;13.89;1;1
1637;200706;56.155;10.941;18.788;1;1
1637;200707;45.236;19.612;8.693;1;1
1637;200708;42.998;6.212;3.974;1;1
1637;200709;32.862;11.493;1.357;1;1
1637;200710;23.365;10.519;1.022;1;1
1637;200711;23.405;2.983;3.023;1;1
1637;200712;24.779;3.106;4.48;1;1
1637;200801;24.806;48.045;48.072;1;1
1637;200802;32.762;12.322;20.278;1;1
1637;200803;43.823;9.133;20.194;1;1
1637;200804;46.935;51.64;54.752;1;1
1637;200805;57.271;20.928;31.264;1;1
1637;200806;58.75;14.945;16.424;1;1
1637;200807;35.945;26.188;3.383;1;1
1637;200808;33.48;5.42;2.955;1;1
1637;200809;23.697;14.043;4.26;1;1
1637;200810;23.604;3.932;3.839;1;1
1637;200811;22.815;8.284;7.495;1;1
1637;200812;25.082;38.168;40.435;1;1
1637;200901;46.448;56.407;77.773;1;1
1637;200902;33.095;73.793;60.44;1;1
1637;200903;18.845;32.617;18.367;1;1
1637;200904;17.524;12.767;11.446;1;1
1637;200905;28.072;1.451;11.999;1;1
1637;200906;51.388;0;23.316;1;1
1637;200907;57.198;0;5.81;1;1
1637;200908;59.752;0.1;2.654;1;1
1637;200909;61.097;0;1.345;1;1
1637;200910;59.025;13.095;11.023;1;1
1637;200911;23.937;90.459;55.371;1;1
1637;200912;53.968;81.168;111.199;1;1
1637;201001;35.174;113.043;94.249;1;1
1637;201002;54.84;52.291;71.957;1;1
1637;201003;44.905;67.804;57.869;1;1
1637;201004;50.02;35.336;40.451;1;1
1637;201005;52.713;20.165;22.858;1;1
1637;201006;53.898;11.285;12.47;1;1
1637;201007;33.581;23.028;2.711;1;1
1637;201008;32.696;2.477;1.592;1;1
1637;201009;22.893;10.737;0.934;1;1
1637;201010;24.92;21.599;23.626;1;1
1637;201011;22.45;59.536;57.066;1;1
1637;201012;19.71;69.103;66.363;1;1
1637;201101;41.26;80.336;101.886;1;1
1637;201102;40.65;38.33;37.72;1;1
1637;201103;27.43;39.829;26.609;1;1
1637;201104;32.58;13.382;18.532;1;1
1637;201105;34.35;6.528;8.298;1;1
1637;201106;34.79;2.892;3.332;1;1
1637;201107;35.14;1.488;1.838;1;1
1637;201108;34.45;1.647;0.957;1;1
1637;201109;30.64;4.607;0.797;1;1
1637;201110;28.992;8.221;6.573;1;1
1637;201111;27.789;21.851;20.648;1;1
1637;201112;27.908;35.772;35.891;1;1
1637;201201;31.924;14.843;18.859;1;1
1637;201202;34.243;5.953;8.272;1;1
1637;201203;38.347;1.147;5.251;1;1
1637;201204;46.132;16.618;24.403;1;1
1637;201205;49.181;40.747;43.796;1;1
1637;201206;51.524;9.144;11.487;1;1
1637;201207;53.338;2.088;3.902;1;1
1637;201208;35.945;18.047;0.654;1;1
1637;201209;31.133;6.3;1.488;1;1
1637;201210;23.737;15.819;8.423;1;1
1637;201211;21.842;23.962;22.067;1;1
1637;201212;35.751;80.947;94.856;1;1
1637;201301;45.339;86.163;95.751;1;1
1637;201302;43.701;49.271;47.633;1;1
1637;201303;49.954;79.785;86.038;1;1
1637;201304;55.65;63.388;69.084;1;1
1637;201305;60.029;12.588;16.967;1;1
1637;201306;58.676;7.508;6.155;1;1
1637;201307;32.862;26.638;0.824;1;1
1637;201308;19.623;13.175;;1;1
1637;201309;20.133;0.74;1.25;1;1
1637;201310;27.923;31.388;39.178;1;1
1637;201311;22.045;63.183;57.305;1;1
1637;201312;33.868;41.413;53.236;1;1
1637;201401;40.511;117.256;123.899;1;1
1637;201402;57.173;116.695;133.357;1;1
1637;201403;33.531;67.533;43.891;1;1
1637;201404;43.399;18.357;28.225;1;1
1637;201405;47.575;11.1;15.276;1;1
1637;201406;48.395;6.837;7.657;1;1
1637;201407;45.215;6.927;3.747;1;1
1637;201408;34.482;12.137;1.404;1;1
1637;201409;19.954;19.53;5.002;1;1
1637;201410;20.79;25.387;26.223;1;1
1637;201411;22.25;71.016;72.476;1;1
1637;201412;21;27.07;25.82;1;1
1637;201501;24.29;28.239;31.529;1;1
1637;201502;34.57;33.191;43.471;1;1
1637;201503;32.45;31.909;29.789;1;1
1637;201504;32.83;12.151;12.531;1;1
1637;201505;44.82;14.421;26.411;1;1
1637;201506;37.63;12.703;5.513;1;1
1637;201507;36.28;4.165;2.815;1;1
1637;201508;34.71;4.116;2.546;1;1
1637;201509;38.72;5.693;9.703;1;1
1637;201510;39.55;27.753;28.583;1;1
1637;201511;20.5;41.325;22.275;1;1
1637;201512;34.92;6.506;20.926;1;1
1637;201601;37.18;131.92;134.18;1;1
1637;201602;41.91;103.619;108.349;1;1
1637;201603;48.28;47.294;53.664;1;1
1637;201604;41.56;73.643;66.923;1;1
1637;201605;61.23;15.686;35.356;1;1
1637;201606;63.95;15.075;17.795;1;1
1637;201607;56.47;12.396;4.916;1;1
1637;201608;50.09;7.905;1.525;1;1
1637;201609;34.85;16.243;1.003;1;1
1637;201610;22.38;15.019;2.549;1;1
1637;201611;22.08;10.219;9.919;1;1
1637;201612;24.83;5.749;8.499;1;1
1637;201701;22.07;10.489;7.729;1;1
1637;201702;51.3;42.46;71.69;1;1
1637;201703;45.18;36.85;30.73;1;1
1637;201704;48.08;12.259;15.159;1;1
1637;201705;37.52;23.25;12.69;1;1
1637;201706;39.31;4.499;6.289;1;1
1637;201707;39.59;2.519;2.799;1;1
1637;201708;38.82;1.859;1.089;1;1
1637;201709;27.38;11.85;0.41;1;1
1637;201710;25.98;2.475;1.075;1;1
1637;201711;21.66;6.203;1.883;1;1
1637;201712;42.03;10.785;31.155;1;1
1637;201801;36.6;57.76;52.33;1;1
1637;201802;23.69;47.826;34.916;1;1
1637;201803;31.21;98.414;105.934;1;1
1637;201804;49.37;45.916;64.076;1;1
1637;201805;47.37;15.7;13.7;1;1
1637;201806;51.97;4.984;9.584;1;1
1637;201807;43.63;13.68;5.34;1;1
1637;201808;29.04;15.786;1.196;1;1
1637;201809;24.02;5.925;0.905;1;1
1637;201810;19.55;5.929;1.459;1;1
1637;201811;32.46;29.656;42.566;1;1
1637;201812;29.24;55.811;52.591;1;1
1637;201901;31.74;27.102;29.602;1;1
1637;201902;41.24;33.758;43.258;1;1
1637;201903;39.35;36.939;35.049;1;1
1637;201904;53.43;26.16;40.24;1;1
1637;201905;50.88;23.601;21.051;1;1
1637;201906;51.96;6.104;7.184;1;1
1637;201907;33.06;20.225;1.325;1;1
1637;201908;32.06;2.817;1.817;1;1
1637;201909;30.1;3.245;1.285;1;1
1637;201910;20.81;18.87;9.58;1;1
1637;201911;43.08;60.96;83.23;1;1
1637;201912;58.54;100.03;115.49;1;1
1637;202001;43.87;57.554;42.884;1;1
1637;202002;37.65;50.296;44.076;1;1
1637;202003;53.52;46.295;62.165;1;1
1637;202004;47.72;27.964;22.164;1;1
1637;202005;45.44;34.07;31.79;1;1
1637;202006;42.59;9.799;6.949;1;1
1637;202007;36.48;8.106;1.996;1;1
1637;202008;36.03;2.032;1.582;1;1
1637;202009;26.75;10.212;0.932;1;1
1637;202010;34.35;5.793;13.393;1;1
1637;202011;24.45;33.492;23.592;1;1
1637;202012;31.9;63.465;70.915;1;1
1637;202101;52.27;50.702;71.072;1;1
1637;202102;62.04;101.765;111.535;1;1
1637;202103;43.51;43.829;25.299;1;1
1637;202104;30.85;24.569;11.909;1;1
1637;202105;43.67;12.561;25.381;1;1
1637;202106;36.24;17.526;10.096;1;1
1637;202107;30.51;10.554;4.824;1;1
1637;202108;23.27;9.86;2.62;1;1
1637;202109;21.24;4.344;2.314;1;1
1641;197010;36.24;79.073;73.873;2;1
1641;197011;31.04;277.171;283.741;2;1
1641;197012;37.61;430.35;431.27;2;1
1641;197101;38.53;728.343;728.343;2;1
1641;197102;38.53;755.758;749.308;2;1
1641;197103;32.08;837.017;843.007;2;1
1641;197104;38.07;926.234;924.414;2;1
1641;197105;36.25;1129.092;1131.372;2;1
1641;197106;38.53;1056.396;1053.926;2;1
1641;197107;36.06;762.955;763.145;2;1
1641;197108;36.25;567.233;565.313;2;1
1641;197109;34.33;462.871;462.091;2;1
1641;197110;33.55;372.254;375.404;2;1
1641;197111;36.7;392.386;393.206;2;1
1641;197112;37.52;537.849;537.079;2;1
1641;197201;36.75;647.119;645.469;2;1
1641;197202;35.1;2260.941;2261.901;2;1
1641;197203;36.06;1739.69;1739.28;2;1
1641;197204;35.65;1011.468;1011.608;2;1
1641;197205;35.79;598.121;599.351;2;1
1641;197206;37.02;534.73;531.77;2;1
1641;197207;34.06;411.653;412.013;2;1
1641;197208;34.42;319.611;321.851;2;1
1641;197209;36.66;278.977;269.157;2;1
1641;197210;26.84;329.219;338.309;2;1
1641;197211;35.93;588.099;587.959;2;1
1641;197212;35.79;843.964;844.304;2;1
1641;197301;36.13;974.782;974.712;2;1
1641;197302;36.06;870.86;872.19;2;1
1641;197303;37.39;739.42;739.14;2;1
1641;197304;37.11;492.195;490.965;2;1
1641;197305;35.88;841.726;842.136;2;1
1641;197306;36.29;510.373;511.743;2;1
1641;197307;37.66;553.444;548.664;2;1
1641;197308;32.88;273.62;278.67;2;1
1641;197309;37.93;285.552;284.502;2;1
1641;197310;36.88;441.202;442.392;2;1
1641;197311;38.07;454.049;450.949;2;1
1641;197312;34.97;347.725;349.825;2;1
1641;197401;37.07;1192.095;1190.905;2;1
1641;197402;35.88;1755.579;1755.719;2;1
1641;197403;36.02;1114.733;1114.733;2;1
1641;197404;36.02;648.302;649.982;2;1
1641;197405;37.7;401.777;400.277;2;1
1641;197406;36.2;332.882;333.612;2;1
1641;197407;36.93;441.063;441.933;2;1
1641;197408;37.8;319.827;314.487;2;1
1641;197409;32.46;392.8;398.04;2;1
1641;197410;37.7;196.569;195.389;2;1
1641;197411;36.52;420.785;420.695;2;1
1641;197412;36.43;538.557;536.867;2;1
1641;197501;34.74;544.026;544.296;2;1
1641;197502;35.01;676.382;679.392;2;1
1641;197503;38.02;1099.768;1097.808;2;1
1641;197504;36.06;665.099;666.649;2;1
1641;197505;37.61;410.53;409.07;2;1
1641;197506;36.15;260.133;261.373;2;1
1641;197507;37.39;282.649;272.899;2;1
1641;197508;27.64;222.385;229.075;2;1
1641;197509;34.33;262.051;262.411;2;1
1641;197510;34.69;352.331;354.251;2;1
1641;197511;36.61;446.8;446.34;2;1
1641;197512;36.15;725.976;724.636;2;1
1641;197601;34.81;398.01;398.08;2;1
1641;197602;34.88;369.878;372.698;2;1
1641;197603;37.7;454.317;451.767;2;1
1641;197604;35.15;393.604;392.694;2;1
1641;197605;34.24;275.158;277.618;2;1
1641;197606;36.7;293.734;284.154;2;1
1641;197607;27.12;248.979;241.849;2;1
1641;197608;19.99;54.838;72.368;2;1
1641;197609;37.52;184.179;176.779;2;1
1641;197610;30.12;413.277;414.867;2;1
1641;197611;31.71;1285.243;1282.953;2;1
1641;197612;29.42;1660.91;1664.62;2;1
1641;197701;33.13;1572.972;1575.632;2;1
1641;197702;35.79;2776.671;2776.401;2;1
1641;197703;35.52;1509.373;1509.373;2;1
1641;197704;35.52;945.017;945.057;2;1
1641;197705;35.56;518.331;519.381;2;1
1641;197706;36.61;567.855;564.955;2;1
1641;197707;33.71;516.188;514.608;2;1
1641;197708;32.13;380.67;383.78;2;1
1641;197709;35.24;429.996;424.206;2;1
1641;197710;29.45;710.597;713.107;2;1
1641;197711;31.96;768.2;770.88;2;1
1641;197712;34.64;1212.192;1211.432;2;1
1641;197801;33.88;1410.661;1410.741;2;1
1641;197802;33.96;2630.664;2630.664;2;1
1641;197803;33.96;2483.706;2483.706;2;1
1641;197804;33.96;1198.282;1200.382;2;1
1641;197805;36.06;1019.701;1020.071;2;1
1641;197806;36.43;649.547;647.167;2;1
1641;197807;34.05;423.827;424.197;2;1
1641;197808;34.42;308.388;305.088;2;1
1641;197809;31.12;314.85;312.53;2;1
1641;197810;28.8;526.344;530.044;2;1
1641;197811;32.5;276.439;279.439;2;1
1641;197812;35.5;1929.509;1929.509;2;1
1641;197901;35.5;2603.071;2604.371;2;1
1641;197902;36.8;4435.793;4435.893;2;1
1641;197903;36.9;1907.718;1904.418;2;1
1641;197904;33.6;2012.251;2011.451;2;1
1641;197905;32.8;930.306;933.206;2;1
1641;197906;35.7;804.6;805.6;2;1
1641;197907;36.7;416.571;412.671;2;1
1641;197908;32.8;190.524;192.424;2;1
1641;197909;34.7;386.656;385.456;2;1
1641;197910;33.5;509.146;491.346;2;1
1641;197911;15.7;892.172;906.472;2;1
1641;197912;30;1070.668;1077.668;2;1
1641;198001;37;1409.308;1409.508;2;1
1641;198002;37.2;1186.258;1184.758;2;1
1641;198003;35.7;1168.6;1168;2;1
1641;198004;35.1;960.849;960.249;2;1
1641;198005;34.5;702.331;703.831;2;1
1641;198006;36;564.045;561.245;2;1
1641;198007;33.2;388.784;384.284;2;1
1641;198008;28.7;257.629;264.429;2;1
1641;198009;35.5;360.642;356.512;2;1
1641;198010;31.37;381.317;384.457;2;1
1641;198011;34.51;583.825;582.105;2;1
1641;198012;32.79;660.651;662.181;2;1
1641;198101;34.32;658.457;657.927;2;1
1641;198102;33.79;321.586;323.396;2;1
1641;198103;35.6;740.286;740.486;2;1
1641;198104;35.8;626.172;625.972;2;1
1641;198105;35.6;583.082;579.352;2;1
1641;198106;31.87;566.961;568.881;2;1
1641;198107;33.79;326.727;324.727;2;1
1641;198108;31.79;251.263;254.803;2;1
1641;198109;35.33;294.491;294.861;2;1
1641;198110;35.7;624.383;616.843;2;1
1641;198111;28.16;424.437;431.607;2;1
1641;198112;35.33;1654.189;1651.979;2;1
1641;198201;33.12;1708.655;1711.135;2;1
1641;198202;35.6;995.062;996.072;2;1
1641;198203;36.61;856.942;854.932;2;1
1641;198204;34.6;481.464;479.314;2;1
1641;198205;32.45;267.447;269.047;2;1
1641;198206;34.05;285.685;286.235;2;1
1641;198207;34.6;252.24;253.34;2;1
1641;198208;35.7;230.815;235.405;2;1
1641;198209;40.29;99.271;97.094;2;1
1641;198210;38.113;489.718;490.296;2;1
1641;198211;38.691;828.287;816.167;2;1
1641;198212;26.571;1480.439;1496.808;2;1
1641;198301;42.94;965.596;964.433;2;1
1641;198302;41.777;682.14;677.502;2;1
1641;198303;37.139;825.789;829.899;2;1
1641;198304;41.249;1047.466;1045.577;2;1
1641;198305;39.36;1699.461;1700.568;2;1
1641;198306;40.467;763.444;763.101;2;1
1641;198307;40.124;556.923;558.665;2;1
1641;198308;41.866;476.017;473.68;2;1
1641;198309;39.529;489.3;493.257;2;1
1641;198310;43.486;403.403;401.079;2;1
1641;198311;41.162;351.839;350.887;2;1
1641;198312;40.21;770.239;771.541;2;1
1641;198401;41.512;1009.352;1009.972;2;1
1641;198402;42.132;1087.648;1086.765;2;1
1641;198403;41.249;922.846;924.447;2;1
1641;198404;42.85;1134.846;1131.949;2;1
1641;198405;39.953;850.3;848.872;2;1
1641;198406;38.525;810.883;808.152;2;1
1641;198407;35.794;562.978;569.674;2;1
1641;198408;42.49;522.991;522.901;2;1
1641;198409;42.4;319.154;319.334;2;1
1641;198410;42.58;634.38;636.21;2;1
1641;198411;44.41;1079.238;1077.498;2;1
1641;198412;42.67;1367.775;1362.567;2;1
1641;198501;37.462;1448.914;1449.648;2;1
1641;198502;38.196;2432.252;2436.906;2;1
1641;198503;42.85;1557.875;1552.812;2;1
1641;198504;37.787;1394.189;1395.678;2;1
1641;198505;39.276;755.86;755.693;2;1
1641;198506;39.109;515.475;514.48;2;1
1641;198507;38.114;411.622;411.622;2;1
1641;198508;38.114;391.15;394.902;2;1
1641;198509;41.866;302.312;299.722;2;1
1641;198510;39.276;339.714;339.379;2;1
1641;198511;38.941;354.559;352.838;2;1
1641;198512;37.22;442.085;444.31;2;1
1641;198601;39.445;440.477;439.641;2;1
1641;198602;38.609;317.448;318.453;2;1
1641;198603;39.614;1261.182;1262.036;2;1
1641;198604;40.468;900.807;901.327;2;1
1641;198605;40.988;756.153;756.066;2;1
1641;198606;40.901;426.392;427.981;2;1
1641;198607;42.49;354.249;350.037;2;1
1641;198608;38.278;361.722;362.805;2;1
1641;198609;39.361;315.757;317.558;2;1
1641;198610;41.162;391.935;391.155;2;1
1641;198611;40.382;475.633;472.552;2;1
1641;198612;37.301;531.626;534.193;2;1
1641;198701;39.868;501.127;500.788;2;1
1641;198702;39.529;768.599;768.853;2;1
1641;198703;39.783;630.235;630.151;2;1
1641;198704;39.699;617.862;618.287;2;1
1641;198705;40.124;396.419;397.72;2;1
1641;198706;41.425;307.948;306.733;2;1
1641;198707;40.21;266.674;265.909;2;1
1641;198708;39.445;238.646;233.238;2;1
1641;198709;34.037;252.369;255.072;2;1
1641;198710;36.74;980.639;984.109;2;1
1641;198711;40.21;1175.62;1177.543;2;1
1641;198712;42.133;1280.664;1279.345;2;1
1641;198801;40.814;1679.461;1678.771;2;1
1641;198802;40.124;2380.107;2380.022;2;1
1641;198803;40.039;922.839;915.875;2;1
1641;198804;33.075;714.034;719.9;2;1
1641;198805;38.941;956.525;959.45;2;1
1641;198806;41.866;607.004;606.213;2;1
1641;198807;41.075;568.226;566.176;2;1
1641;198808;39.025;450.464;453.394;2;1
1641;198809;41.955;385.501;385.059;2;1
1641;198810;41.513;407.421;404.434;2;1
1641;198811;38.526;340.494;342.35;2;1
1641;198812;40.382;257.54;258.847;2;1
1641;198901;41.689;205.931;196.375;2;1
1641;198902;32.133;189.24;197.834;2;1
1641;198903;40.727;412.336;412.946;2;1
1641;198904;41.337;537.752;537.752;2;1
1641;198905;41.337;389.645;389.997;2;1
1641;198906;41.689;353.654;353.215;2;1
1641;198907;41.25;383.771;383.683;2;1
1641;198908;41.162;286.71;284.573;2;1
1641;198909;39.025;250.785;251.799;2;1
1641;198910;40.039;220.14;221.702;2;1
1641;198911;41.601;353.23;350.654;2;1
1641;198912;39.025;1290.836;1288.313;2;1
1641;199001;36.502;1025.79;1032.32;2;1
1641;199002;43.032;1173.147;1169.056;2;1
1641;199003;38.941;627.037;629.521;2;1
1641;199004;41.425;424.386;422.915;2;1
1641;199005;39.954;281.76;282.881;2;1
1641;199006;41.075;234.426;234.952;2;1
1641;199007;41.601;207.803;206.756;2;1
1641;199008;40.554;152.977;155.91;2;1
1641;199009;43.487;103.792;102.171;2;1
1641;199010;41.866;235.529;235.088;2;1
1641;199011;41.425;605.065;604.454;2;1
1641;199012;40.814;640.62;640.794;2;1
1641;199101;40.988;1173.302;1169.294;2;1
1641;199102;36.98;959.515;965.115;2;1
1641;199103;42.58;1443.237;1440.611;2;1
1641;199104;39.954;802.535;804.892;2;1
1641;199105;42.311;463.512;462.276;2;1
1641;199106;41.075;312.516;312.691;2;1
1641;199107;41.25;341.114;339.393;2;1
1641;199108;39.529;119.75;122.176;2;1
1641;199109;41.955;256.503;256.503;2;1
1641;199110;41.955;366.294;365.066;2;1
1641;199111;40.727;832.536;831.17;2;1
1641;199112;39.361;581.117;582.31;2;1
1641;199201;40.554;365.635;366.156;2;1
1641;199202;41.075;203.559;203.298;2;1
1641;199203;40.814;209.277;209.451;2;1
1641;199204;40.988;500.679;500.941;2;1
1641;199205;41.25;228.77;229.921;2;1
1641;199206;42.401;264.177;262.938;2;1
1641;199207;41.162;268.619;267.325;2;1
1641;199208;39.868;166.658;168.568;2;1
1641;199209;41.778;278.606;278.872;2;1
1641;199210;42.044;377.817;373.316;2;1
1641;199211;37.543;614.805;617.216;2;1
1641;199212;39.954;1287.836;1288.87;2;1
1641;199301;40.988;637.789;637.528;2;1
1641;199302;40.727;344.201;343.856;2;1
1641;199303;40.382;320.742;318.474;2;1
1641;199304;38.114;314.574;320.13;2;1
1641;199305;43.67;627.393;621.919;2;1
1641;199306;38.196;654.149;653.334;2;1
1641;199307;37.381;525.906;530.126;2;1
1641;199308;41.601;320.518;317.195;2;1
1641;199309;38.278;239.313;242.724;2;1
1641;199310;41.689;1173.131;1171.738;2;1
1641;199311;40.296;946.566;946.309;2;1
1641;199312;40.039;1012.009;1012.697;2;1
1641;199401;40.727;2533.187;2531.318;2;1
1641;199402;38.858;1260.767;1263.334;2;1
1641;199403;41.425;943.505;942.376;2;1
1641;199404;40.296;525.477;528.213;2;1
1641;199405;43.032;596.34;593.432;2;1
1641;199406;40.124;388.903;388.393;2;1
1641;199407;39.614;295.238;295.663;2;1
1641;199408;40.039;252.912;253.083;2;1
1641;199409;40.21;247.457;247.201;2;1
1641;199410;40.21;301.095;300.664;1;1
1641;199411;36.108;602.702;598.6;1;1
1641;199412;44.131;610.423;618.446;1;1
1641;199501;42.224;1291.802;1289.895;1;1
1641;199502;41.164;1453.019;1451.959;1;1
1641;199503;40.47;1483.672;1482.978;1;1
1641;199504;40.298;544.78;544.608;1;1
1641;199505;40.816;445.079;445.597;1;1
1641;199506;42.045;320.29;321.519;1;1
1641;199507;41.077;265.87;264.902;1;1
1641;199508;40.041;295.872;294.836;1;1
1641;199509;40.989;116.959;117.907;1;1
1641;199510;39.955;239.847;238.813;1;1
1641;199511;42.224;537.995;540.264;1;1
1641;199512;40.642;1594.758;1593.176;1;1
1641;199601;42.313;3419.765;3421.436;1;1
1641;199602;42.402;1532.979;1533.068;1;1
1641;199603;42.313;952.911;952.822;1;1
1641;199604;40.556;915.273;913.516;1;1
1641;199605;42.492;707.834;709.77;1;1
1641;199606;40.212;482.956;480.676;1;1
1641;199607;36.583;354.824;351.195;1;1
1641;199608;40.816;257.122;261.355;1;1
1641;199609;42.672;186.808;188.664;1;1
1641;199610;36.901;283.595;277.824;1;1
1641;199611;38.61;700.175;701.884;1;1
1641;199612;37.789;1098.815;1097.994;1;1
1641;199701;40.126;1168.736;1171.073;1;1
1641;199702;40.126;687.969;687.969;1;1
1641;199703;40.989;504.686;505.549;1;1
1641;199704;41.779;268.833;269.623;1;1
1641;199705;41.691;228.367;228.279;1;1
1641;199706;40.556;380.747;379.612;1;1
1641;199707;41.603;308.566;309.613;1;1
1641;199708;41.691;249.098;249.186;1;1
1641;199709;39.278;202.631;200.218;1;1
1641;199710;39.447;335.422;335.591;1;1
1641;199711;39.785;1085.102;1085.44;1;1
1641;199712;42.762;1589.365;1592.342;1;1
1641;199801;38.116;1547.954;1543.308;1;1
1641;199802;40.384;754.145;756.413;1;1
1641;199803;40.126;475.598;475.34;1;1
1641;199804;42.492;1639.595;1641.961;1;1
1641;199805;41.339;1386.872;1385.719;1;1
1641;199806;40.47;605.349;604.48;1;1
1641;199807;39.955;330.272;329.757;1;1
1641;199808;40.556;258.963;259.564;1;1
1641;199809;38.28;319.546;317.27;1;1
1641;199810;39.87;451.797;453.387;1;1
1641;199811;40.989;337.727;338.846;1;1
1641;199812;38.528;347.216;344.755;1;1
1641;199901;41.515;368.1;371.087;1;1
1641;199902;41.691;351.832;352.008;1;1
1641;199903;40.212;508.393;506.914;1;1
1641;199904;37.626;517.58;514.994;1;1
1641;199905;39.447;742.131;743.952;1;1
1641;199906;39.11;414.003;413.666;1;1
1641;199907;40.642;362.539;364.071;1;1
1641;199908;40.126;334.885;334.369;1;1
1641;199909;39.955;471.83;471.659;1;1
1641;199910;40.298;901.467;901.81;1;1
1641;199911;40.212;1103.175;1103.089;1;1
1641;199912;40.384;1162.6;1162.772;1;1
1641;200001;40.041;1112.17;1111.827;1;1
1641;200002;40.298;547.228;547.485;1;1
1641;200003;41.076;469.224;470.002;1;1
1641;200004;41.868;1009.422;1010.214;1;1
1641;200005;40.642;1147.057;1145.831;1;1
1641;200006;40.384;498.149;497.891;1;1
1641;200007;40.384;351.744;351.744;1;1
1641;200008;40.989;366.865;367.47;1;1
1641;200009;40.556;309.393;308.96;1;1
1641;200010;38.943;492.544;490.931;1;1
1641;200011;42.582;1324.245;1327.884;1;1
1641;200012;41.339;4034.277;4033.034;1;1
1641;200101;41.691;4342.737;4343.089;1;1
1641;200102;42.045;2548.509;2548.863;1;1
1641;200103;42.313;4441.237;4441.505;1;1
1641;200104;39.616;1634.362;1631.665;1;1
1641;200105;40.212;843.834;844.43;1;1
1641;200106;35.254;412.148;407.19;1;1
1641;200107;34.34;433.619;432.705;1;1
1641;200108;41.076;501.146;507.882;1;1
1641;200109;39.194;314.964;313.082;1;1
1641;200110;42.762;406.857;410.425;1;1
1641;200111;42.492;509.778;509.508;1;1
1641;200112;40.126;307.943;305.577;1;1
1641;200201;40.298;227.295;227.467;1;1
1641;200202;40.126;336.828;336.656;1;1
1641;200203;39.785;381.413;381.072;1;1
1641;200204;40.815;348.18;349.21;1;1
1641;200205;41.164;364.532;364.881;1;1
1641;200206;40.989;272.196;272.021;1;1
1641;200207;40.815;242.822;242.648;1;1
1641;200208;41.033;169.981;170.199;1;1
1641;200209;40.255;201.641;200.863;1;1
1641;200210;37.262;412.283;409.29;1;1
1641;200211;41.12;1161.213;1165.071;1;1
1641;200212;39.027;2023.103;2021.01;1;1
1641;200301;42.134;3295.729;3298.836;1;1
1641;200302;40.47;1260.637;1258.973;1;1
1641;200303;40.341;1086.863;1086.734;1;1
1641;200304;40.772;816.86;817.291;1;1
1641;200305;41.033;627.106;627.367;1;1
1641;200306;39.362;353.357;351.686;1;1
1641;200307;39.152;418.298;418.088;1;1
1641;200308;39.236;304.276;304.36;1;1
1641;200309;40.041;171.102;171.907;1;1
1641;200310;40.556;292.766;293.281;1;1
1641;200311;39.87;739.879;739.193;1;1
1641;200312;39.027;1167.579;1166.736;1;1
1641;200401;40.384;1187.519;1188.876;1;1
1641;200402;38.943;791.644;790.203;1;1
1641;200403;40.169;525.903;527.129;1;1
1641;200404;40.298;523.051;523.18;1;1
1641;200405;41.38;463.922;465.004;1;1
1641;200406;39.96;454.661;453.241;1;1
1641;200407;40.51;442.91;443.46;1;1
1641;200408;40.21;356.33;356.03;1;1
1641;200409;41.65;135.693;137.133;1;1
1641;200410;41.74;510.509;510.599;1;1
1641;200411;38.943;591.735;588.938;1;1
1641;200412;40.946;426.037;428.04;1;1
1641;200501;40.126;474.463;473.643;1;1
1641;200502;41.033;362.852;363.759;1;1
1641;200503;40.859;364.766;364.592;1;1
1641;200504;41.603;370.965;371.709;1;1
1641;200505;39.913;448.77;447.08;1;1
1641;200506;40.859;369.086;370.032;1;1
1641;200507;40.212;255.012;254.365;1;1
1641;200508;39.531;191.018;190.337;1;1
1641;200509;40.169;153.365;154.003;1;1
1641;200510;39.658;322.314;321.803;1;1
1641;200511;40.729;373.492;374.563;1;1
1641;200512;40.126;461.391;460.788;1;1
1641;200601;41.208;547.916;548.998;1;1
1641;200602;41.251;505.497;505.54;1;1
1641;200603;40.255;1436.627;1435.631;1;1
1641;200604;41.779;1009.994;1011.518;1;1
1641;200605;40.212;477.073;475.506;1;1
1641;200606;41.691;274.24;275.719;1;1
1641;200607;39.236;322.736;320.281;1;1
1641;200608;41.603;172.297;174.664;1;1
1641;200609;41.471;282.999;282.867;1;1
1641;200610;40.77;722.951;722.25;1;1
1641;200611;42.58;1327.71;1329.52;1;1
1641;200612;39.11;2338.762;2335.292;1;1
1641;200701;41.47;896.748;899.108;1;1
1641;200702;42.31;1358.271;1359.111;1;1
1641;200703;40.25;1421.739;1419.679;1;1
1641;200704;39.96;686.767;686.477;1;1
1641;200705;40.38;408.378;408.798;1;1
1641;200706;42;412.205;413.825;1;1
1641;200707;41.47;517.966;517.436;1;1
1641;200708;38.03;305.28;301.84;1;1
1641;200709;41.43;213.832;217.232;1;1
1641;200710;40.599;389.216;388.385;1;1
1641;200711;40.169;243.569;243.139;1;1
1641;200712;41.912;194.261;196.004;1;1
1641;200801;40.815;524.786;523.689;1;1
1641;200802;40.47;265.152;264.807;1;1
1641;200803;40.859;270.788;271.177;1;1
1641;200804;40.556;932.985;932.682;1;1
1641;200805;40.772;836.724;836.94;1;1
1641;200806;40.642;594.692;594.562;1;1
1641;200807;39.573;418.892;417.823;1;1
1641;200808;40.686;338.445;339.558;1;1
1641;200809;40.212;283.559;283.085;1;1
1641;200810;40.169;317.089;317.046;1;1
1641;200811;40.298;341.858;341.987;1;1
1641;200812;41.295;947.117;948.114;1;1
1641;200901;40.599;1146.941;1146.245;1;1
1641;200902;40.642;1537.18;1537.223;1;1
1641;200903;39.658;898.985;898.001;1;1
1641;200904;41.603;498.594;500.539;1;1
1641;200905;39.658;429.646;427.701;1;1
1641;200906;40.513;441.037;441.892;1;1
1641;200907;38.321;305.942;303.75;1;1
1641;200908;42.001;193.325;197.005;1;1
1641;200909;40.427;111.831;110.257;1;1
1641;200910;40.427;367.566;367.566;1;1
1641;200911;38.445;961.643;959.661;1;1
1641;200912;40.169;2044.374;2046.098;1;1
1641;201001;40.556;2650.025;2650.412;1;1
1641;201002;40.729;1788.087;1788.26;1;1
1641;201003;41.912;1976.446;1977.629;1;1
1641;201004;37.545;1462.256;1457.889;1;1
1641;201005;40.298;752.597;755.35;1;1
1641;201006;38.61;605.568;603.88;1;1
1641;201007;40.815;508.834;511.039;1;1
1641;201008;39.362;380.441;378.988;1;1
1641;201009;39.828;376.141;376.607;1;1
1641;201010;41.25;373.26;374.682;1;1
1641;201011;38.57;995.75;993.07;1;1
1641;201012;39.96;1458.302;1459.692;1;1
1641;201101;39.91;1913.444;1913.394;1;1
1641;201102;38.9;1200.283;1199.273;1;1
1641;201103;38.61;1118.585;1118.295;1;1
1641;201104;40.25;845.287;846.927;1;1
1641;201105;37.5;477.41;474.66;1;1
1641;201106;39.96;231.387;233.847;1;1
1641;201107;42.45;121.814;124.304;1;1
1641;201108;41.87;122.157;121.577;1;1
1641;201109;42;145.313;145.443;1;1
1641;201110;40.126;258.195;256.321;1;1
1641;201111;41.339;286.093;287.306;1;1
1641;201112;39.236;486.308;484.205;1;1
1641;201201;40.384;392.019;393.167;1;1
1641;201202;40.902;236.316;236.834;1;1
1641;201203;40.642;216.236;215.976;1;1
1641;201204;37.993;418.763;416.114;1;1
1641;201205;40.513;579.268;581.788;1;1
1641;201206;40.729;297.293;297.509;1;1
1641;201207;40.341;265.107;264.719;1;1
1641;201208;41.164;245.433;246.256;1;1
1641;201209;38.445;292.613;289.894;1;1
1641;201210;39.828;256.801;258.184;1;1
1641;201211;40.255;337.241;337.668;1;1
1641;201212;41.868;882.212;883.825;1;1
1641;201301;41.339;1728.983;1728.454;1;1
1641;201302;37.464;1511.444;1507.569;1;1
1641;201303;41.868;1908.652;1913.056;1;1
1641;201304;39.447;2005.26;2002.839;1;1
1641;201305;39.573;766.501;766.627;1;1
1641;201306;39.531;473.236;473.194;1;1
1641;201307;39.447;399.05;398.966;1;1
1641;201308;36.861;250.908;248.322;1;1
1641;201309;39.489;324.818;327.446;1;1
1641;201310;37.667;507.82;505.998;1;1
1641;201311;39.068;923.57;924.971;1;1
1641;201312;34.189;894.833;889.954;1;1
1641;201401;41.515;2172.92;2180.246;1;1
1641;201402;41.868;3292.665;3293.018;1;1
1641;201403;38.569;1909.81;1906.511;1;1
1641;201404;37.464;1134.926;1133.821;1;1
1641;201405;39.404;561.339;563.279;1;1
1641;201406;38.943;489.894;489.433;1;1
1641;201407;37.87;192.809;191.736;1;1
1641;201408;39.785;364.535;366.45;1;1
1641;201409;39.11;360.752;360.077;1;1
1641;201410;12.47;349.336;322.696;1;1
1641;201411;13.55;1006.946;1008.026;1;1
1641;201412;12.39;840.394;839.234;1;1
1641;201501;13.97;825.042;826.622;1;1
1641;201502;14.74;1452.446;1453.216;1;1
1641;201503;14.65;1161.812;1161.722;1;1
1641;201504;13.93;419.561;418.841;1;1
1641;201505;15.43;527.091;528.591;1;1
1641;201506;13.47;386.284;384.324;1;1
1641;201507;13.43;325.963;325.923;1;1
1641;201508;13.59;172.701;172.861;1;1
1641;201509;13.97;272.866;273.246;1;1
1641;201510;38.72;318.614;343.364;1;1
1641;201511;38.89;507.606;507.776;1;1
1641;201512;40.12;312.356;313.586;1;1
1641;201601;40.72;1982.035;1982.635;1;1
1641;201602;40.72;2777.381;2777.381;1;1
1641;201603;36.97;1711.908;1708.158;1;1
1641;201604;39.14;1902.498;1904.668;1;1
1641;201605;39.69;1180.3;1180.85;1;1
1641;201606;39.06;576.695;576.065;1;1
1641;201607;38.39;404.643;403.973;1;1
1641;201608;38.89;271.488;271.988;1;1
1641;201609;39.65;394.527;395.287;1;1
1641;201610;38.93;341.25;340.53;1;1
1641;201611;36.57;213.17;210.81;1;1
1641;201612;39.35;263.51;266.29;1;1
1641;201701;38.68;289.38;288.71;1;1
1641;201702;40.29;569.54;571.15;1;1
1641;201703;38.85;524.78;523.34;1;1
1641;201704;39.82;285.13;286.1;1;1
1641;201705;41.11;348.78;350.07;1;1
1641;201706;41.72;182.82;183.43;1;1
1641;201707;41.42;143.47;143.17;1;1
1641;201708;39.23;138.71;136.52;1;1
1641;201709;37.25;429.84;427.86;1;1
1641;201710;38.81;106.299;107.859;1;1
1641;201711;39.65;109.526;110.366;1;1
1641;201712;38.23;289.995;288.575;1;1
1641;201801;37.09;900.616;899.476;1;1
1641;201802;36.49;792.861;792.261;1;1
1641;201803;41.72;2103.007;2108.237;1;1
1641;201804;38.02;1834.921;1831.221;1;1
1641;201805;38.39;673.707;674.077;1;1
1641;201806;39.23;582.101;582.941;1;1
1641;201807;38.27;565.255;564.295;1;1
1641;201808;35.75;234.309;231.789;1;1
1641;201809;39.31;336.945;340.505;1;1
1641;201810;39.18;386.598;386.468;1;1
1641;201811;36.57;591.556;588.946;1;1
1641;201812;36.14;834.014;833.584;1;1
1641;201901;39.31;808.105;811.275;1;1
1641;201902;36.14;960.001;956.831;1;1
1641;201903;37.05;806.757;807.667;1;1
1641;201904;38.23;703.334;704.514;1;1
1641;201905;38.11;462.974;462.854;1;1
1641;201906;40.33;237.317;239.537;1;1
1641;201907;38.06;260.664;258.394;1;1
1641;201908;39.78;123.816;125.536;1;1
1641;201909;40.94;254.201;255.361;1;1
1641;201910;38.81;374.522;372.392;1;1
1641;201911;42.89;1369.267;1373.347;1;1
1641;201912;42.17;3646.598;3645.878;1;1
1641;202001;37.94;1446.078;1441.848;1;1
1641;202002;37.58;943.207;942.847;1;1
1641;202003;38.23;1228.449;1229.099;1;1
1641;202004;36.53;603.077;601.377;1;1
1641;202005;35.55;709.33;708.35;1;1
1641;202006;39.44;411.487;415.377;1;1
1641;202007;41.07;227.98;229.61;1;1
1641;202008;39.99;243.473;242.393;1;1
1641;202009;37.62;484.665;482.295;1;1
1641;202010;37.66;306.086;306.126;1;1
1641;202011;38.39;525.21;525.94;1;1
1641;202012;36.77;1222.958;1221.338;1;1
1641;202101;42.17;1547.029;1552.429;1;1
1641;202102;41.33;2613.186;2612.346;1;1
1641;202103;36.14;1131.267;1126.077;1;1
1641;202104;36.57;707.068;707.498;1;1
1641;202105;40.03;484.79;488.25;1;1
1641;202106;39.31;493.858;493.138;1;1
1641;202107;39.35;475.972;476.012;1;1
1641;202108;39.44;291.945;292.035;1;1
1641;202109;37.98;183.151;181.691;1;1
1704;197110;;;;2;1
1704;197111;;;;2;1
1704;197112;;;;2;1
1704;197201;;;;2;1
1704;197202;;;;2;1
1704;197203;;;;2;1
1704;197204;22.9;96.405;115.695;2;1
1704;197205;42.19;86.106;113.516;2;1
1704;197206;69.6;67.513;71.473;2;1
1704;197207;73.56;43.062;18.912;2;1
1704;197208;49.41;35.986;8.566;2;1
1704;197209;21.99;27.631;7.821;2;1
1704;197210;2.18;7.646;14.456;2;1
1704;197211;8.99;18.852;29.422;2;1
1704;197212;19.56;30.171;39.531;2;1
1704;197301;28.92;27.397;25.367;2;1
1704;197302;26.89;30.465;38.105;2;1
1704;197303;34.53;49.671;64.061;2;1
1704;197304;48.92;41.714;74.254;2;1
1704;197305;81.46;92.18;98.01;2;1
1704;197306;87.29;27.639;25.229;2;1
1704;197307;84.88;29.946;16.516;2;1
1704;197308;71.45;31.959;6.299;2;1
1704;197309;45.79;25.384;9.114;2;1
1704;197310;29.52;20.978;27.148;2;1
1704;197311;35.69;26.775;12.135;2;1
1704;197312;21.05;31.113;15.783;2;1
1704;197401;5.72;45.55;92.18;2;1
1704;197402;52.35;54.259;54.259;2;1
1704;197403;52.35;74.002;75.712;2;1
1704;197404;54.06;46.267;71.807;2;1
1704;197405;79.6;56.998;56.198;2;1
1704;197406;78.8;30.966;19.186;2;1
1704;197407;67.02;41.437;13.987;2;1
1704;197408;39.57;12.174;5.484;2;1
1704;197409;32.88;0;3.89;2;1
1704;197410;36.77;31.562;13.652;2;1
1704;197411;18.86;29.635;48.485;2;1
1704;197412;37.71;47.822;22.142;2;1
1704;197501;12.03;33.748;59.008;2;1
1704;197502;37.29;40.167;35.337;2;1
1704;197503;32.46;42.958;53.658;2;1
1704;197504;43.16;45.827;53.307;2;1
1704;197505;50.64;42.794;36.464;2;1
1704;197506;44.31;41.187;17.287;2;1
1704;197507;20.41;17.185;7.565;2;1
1704;197508;10.79;14.792;4.122;2;1
1704;197509;0.12;1.434;7.994;2;1
1704;197510;6.68;12.874;39.354;2;1
1704;197511;33.16;18.161;56.271;2;1
1704;197512;71.27;69.336;40.576;2;1
1704;197601;42.51;44.548;18.308;2;1
1704;197602;16.27;28.512;32.962;2;1
1704;197603;20.72;29.22;46.75;2;1
1704;197604;38.25;52.315;62.915;2;1
1704;197605;48.85;33.653;39.423;2;1
1704;197606;54.62;21.937;12.997;2;1
1704;197607;45.68;15.206;6.466;2;1
1704;197608;36.94;14.524;5.814;2;1
1704;197609;28.23;0;6.17;2;1
1704;197610;34.4;22.196;30.456;2;1
1704;197611;42.66;81.121;76.751;2;1
1704;197612;38.29;100.561;98.161;2;1
1704;197701;35.89;55.892;58.502;2;1
1704;197702;38.5;107.732;118.452;2;1
1704;197703;49.22;81.13;65.58;2;1
1704;197704;33.67;35.303;52.753;2;1
1704;197705;51.12;29.618;52.078;2;1
1704;197706;73.58;38.854;43.014;2;1
1704;197707;77.74;30.802;23.732;2;1
1704;197708;70.67;31.45;20.32;2;1
1704;197709;59.54;32.141;8.831;2;1
1704;197710;36.23;46.345;30.165;2;1
1704;197711;20.05;28.927;14.737;2;1
1704;197712;5.86;44.937;72.427;2;1
1704;197801;33.35;55.633;48.013;2;1
1704;197802;25.73;116.467;140.007;2;1
1704;197803;49.27;87.515;91.195;2;1
1704;197804;52.95;63.936;71.016;2;1
1704;197805;60.03;67.997;81.247;2;1
1704;197806;73.28;40.72;40.43;2;1
1704;197807;72.99;39.165;16.025;2;1
1704;197808;49.85;42.682;9.132;2;1
1704;197809;16.3;21.92;8.33;2;1
1704;197810;2.71;0.691;6.871;2;1
1704;197811;8.89;15.924;12.564;2;1
1704;197812;5.53;91.981;146.291;2;1
1704;197901;59.84;117.513;106.293;2;1
1704;197902;48.62;171.357;156.477;2;1
1704;197903;33.74;79.592;92.172;2;1
1704;197904;46.32;82.788;104.048;2;1
1704;197905;67.58;72.576;80.416;2;1
1704;197906;75.42;52.324;40.224;2;1
1704;197907;63.32;42.103;20.123;2;1
1704;197908;41.34;25.695;4.605;2;1
1704;197909;20.25;6.247;5.637;2;1
1704;197910;19.64;20.477;15.907;2;1
1704;197911;15.07;41.498;57.568;2;1
1704;197912;31.14;55.763;67.933;2;1
1704;198001;43.31;82.382;81.362;2;1
1704;198002;42.29;73.768;59.448;2;1
1704;198003;27.97;43.001;67.881;2;1
1704;198004;52.85;41.532;56.732;2;1
1704;198005;68.05;41.256;44.576;2;1
1704;198006;71.37;36.832;24.152;2;1
1704;198007;58.69;35.286;11.206;2;1
1704;198008;34.61;1.374;4.804;2;1
1704;198009;38.04;28.884;4.724;2;1
1704;198010;13.88;31.579;22.189;2;1
1704;198011;4.49;32.426;33.276;2;1
1704;198012;5.34;25.065;56.385;2;1
1704;198101;36.66;46.613;36.143;2;1
1704;198102;26.19;33.428;29.878;2;1
1704;198103;22.64;39.139;70.799;2;1
1704;198104;54.3;39.882;50.772;2;1
1704;198105;65.19;41.731;48.071;2;1
1704;198106;71.53;35.588;20.988;2;1
1704;198107;56.93;27.786;9.456;2;1
1704;198108;38.6;25.566;5.796;2;1
1704;198109;18.83;26.456;9.746;2;1
1704;198110;2.12;1.849;29.889;2;1
1704;198111;30.16;26.896;10.256;2;1
1704;198112;13.52;44.513;105.633;2;1
1704;198201;74.64;86.806;79.046;2;1
1704;198202;66.88;47.926;34.456;2;1
1704;198203;53.41;47.321;52.881;2;1
1704;198204;58.97;47.848;28.138;2;1
1704;198205;39.26;25.065;11.185;2;1
1704;198206;25.38;17.505;17.505;2;1
1704;198207;25.38;16.52;6.96;2;1
1704;198208;15.82;16.252;5.312;2;1
1704;198209;4.88;7.37;5.19;2;1
1704;198210;2.7;3.27;31.28;2;1
1704;198211;30.71;36.9;60.06;2;1
1704;198212;53.87;103.61;106.32;2;1
1704;198301;56.58;66.06;35.29;2;1
1704;198302;25.81;39.48;57.76;2;1
1704;198303;44.09;45.12;55.53;2;1
1704;198304;54.5;64.96;86.63;2;1
1704;198305;76.17;90.71;98.29;2;1
1704;198306;83.75;51.47;33.17;2;1
1704;198307;65.45;42.95;12.92;2;1
1704;198308;35.42;35.76;10.71;2;1
1704;198309;10.37;;;2;1
1704;198310;;;;2;1
1704;198311;6.75;18.77;16.83;2;1
1704;198312;4.81;24.34;36.68;2;1
1704;198401;17.15;49.14;74.84;2;1
1704;198402;42.85;64.73;57.51;2;1
1704;198403;35.63;52.63;47.97;2;1
1704;198404;30.97;63.46;108.32;2;1
1704;198405;75.83;56.63;53.54;2;1
1704;198406;72.74;54.4;56.93;2;1
1704;198407;75.27;47.59;13.62;2;1
1704;198408;41.3;40.97;7.57;2;1
1704;198409;7.9;10.5;5.44;2;1
1704;198410;2.84;14.82;34.6;2;1
1704;198411;22.62;45.2;87.47;2;1
1704;198412;64.89;59.96;53.48;2;1
1704;198501;58.41;68.93;44.24;2;1
1704;198502;33.72;76.15;102.47;2;1
1704;198503;60.04;77.7;71.93;2;1
1704;198504;54.27;88.89;100.41;2;1
1704;198505;65.79;62.77;52.13;2;1
1704;198506;55.15;40.61;30.58;2;1
1704;198507;45.12;26.67;10.34;2;1
1704;198508;28.79;29.24;7.35;2;1
1704;198509;6.9;7.4;4.07;2;1
1704;198510;3.57;6.03;4.42;2;1
1704;198511;1.96;9.44;9.56;2;1
1704;198512;2.08;11.78;23.59;2;1
1704;198601;13.89;36.53;55.84;2;1
1704;198602;33.2;47.19;49.51;2;1
1704;198603;35.52;66.97;82.26;2;1
1704;198604;50.81;69.57;49.36;2;1
1704;198605;30.6;42.34;80.44;2;1
1704;198606;68.7;32.57;17.9;2;1
1704;198607;54.03;27.06;6.27;2;1
1704;198608;33.24;25.85;4.3;2;1
1704;198609;11.69;11.41;9.01;2;1
1704;198610;9.29;1.57;7.57;2;1
1704;198611;15.29;22.7;13.4;2;1
1704;198612;5.99;20.54;21.8;2;1
1704;198701;7.25;22.97;26.84;2;1
1704;198702;11.12;21.84;39.16;2;1
1704;198703;28.44;36.47;47.25;2;1
1704;198704;39.22;40.2;53.35;2;1
1704;198705;52.37;40.74;16.32;2;1
1704;198706;27.95;18.98;10.48;2;1
1704;198707;19.45;15.41;9.86;2;1
1704;198708;13.9;14.74;4.26;2;1
1704;198709;3.42;3.33;5.69;2;1
1704;198710;5.78;21.24;67.68;2;1
1704;198711;52.22;71.29;39.46;2;1
1704;198712;20.39;55.36;76.25;2;1
1704;198801;41.28;65.01;78.12;2;1
1704;198802;54.39;93.53;89.35;2;1
1704;198803;50.21;49.05;42.63;2;1
1704;198804;43.79;64.27;89.52;2;1
1704;198805;69.04;68.58;65.54;2;1
1704;198806;66;38.93;31.48;2;1
1704;198807;58.55;34.64;19.18;2;1
1704;198808;43.09;36.16;6.05;2;1
1704;198809;12.98;13.65;5.06;2;1
1704;198810;4.39;3.6;6.14;2;1
1704;198811;6.93;8.65;5.79;2;1
1704;198812;4.07;10.54;9.77;2;1
1704;198901;3.3;9.89;8.54;2;1
1704;198902;1.95;2.81;9.71;2;1
1704;198903;8.85;33.95;55.57;2;1
1704;198904;30.47;36.49;67.62;2;1
1704;198905;61.6;101.23;88.97;2;1
1704;198906;49.34;54.86;44.8;2;1
1704;198907;39.28;48.72;23.85;2;1
1704;198908;14.41;25.19;12.7;2;1
1704;198909;1.92;4.65;8.06;2;1
1704;198910;9.86;3.061;7.721;1;1
1704;198911;22.01;31.97;44.12;1;1
1704;198912;48.2;142.1;168.29;1;1
1704;199001;15.98;125.89;93.67;1;1
1704;199002;39.71;72.38;96.11;1;1
1704;199003;21.13;66.79;48.21;1;1
1704;199004;28.6;46.99;54.46;1;1
1704;199005;22.96;55.39;49.75;1;1
1704;199006;3.54;40.36;20.94;1;1
1704;199007;3.99;8.309;8.759;1;1
1704;199008;4.03;5.01;5.05;1;1
1704;199009;1.89;8.22;6.08;1;1
1704;199010;12.87;12.47;23.45;1;1
1704;199011;22.76;48.71;58.6;1;1
1704;199012;27.46;72.41;77.11;1;1
1704;199101;39.08;153.97;165.59;1;1
1704;199102;13.55;90.3;64.77;1;1
1704;199103;59.18;105.11;150.74;1;1
1704;199104;61.24;116.86;118.92;1;1
1704;199105;58.08;115.8;112.64;1;1
1704;199106;39.32;77.67;58.91;1;1
1704;199107;22.83;39.14;22.65;1;1
1704;199108;5.1;29.66;11.93;1;1
1704;199109;10.93;4.1;9.93;1;1
1704;199110;30.35;14.85;34.27;1;1
1704;199111;41.48;92;103.13;1;1
1704;199112;16.71;104.43;79.66;1;1
1704;199201;15.63;37.07;35.99;1;1
1704;199202;18.11;23.33;25.81;1;1
1704;199203;21.2;19.44;22.53;1;1
1704;199204;66.98;79.65;125.43;1;1
1704;199205;62.28;101.66;96.96;1;1
1704;199206;57.22;62.73;57.67;1;1
1704;199207;28.15;61.92;32.85;1;1
1704;199208;2.24;43.24;17.33;1;1
1704;199209;10.77;8.051;16.581;1;1
1704;199210;36.97;19.11;45.31;1;1
1704;199211;35.54;78.33;76.9;1;1
1704;199212;45.99;133.56;144.01;1;1
1704;199301;26.14;99.9;80.05;1;1
1704;199302;19.07;37.24;30.17;1;1
1704;199303;28.54;55.16;64.63;1;1
1704;199304;45.97;50.44;67.87;1;1
1704;199305;69.01;86.17;109.21;1;1
1704;199306;56.5;96.31;83.8;1;1
1704;199307;49.19;40.2;32.89;1;1
1704;199308;40.86;22.92;14.59;1;1
1704;199309;8.13;60.05;27.32;1;1
1704;199310;53.47;96.24;141.58;1;1
1704;199311;27.39;103.58;77.5;1;1
1704;199312;44.54;85.03;102.18;1;1
1704;199401;74.43;121.92;151.81;1;1
1704;199402;56.62;107.67;89.86;1;1
1704;199403;52.07;120.67;116.12;1;1
1704;199404;31.54;87.13;66.6;1;1
1704;199405;46.23;51.59;66.28;1;1
1704;199406;30.75;50.96;35.48;1;1
1704;199407;3;42.58;14.83;1;1
1704;199408;5.26;2.57;4.83;1;1
1704;199409;11.85;3.74;10.33;1;1
1704;199410;18.86;16.52;23.53;1;1
1704;199411;26.42;51.52;59.08;1;1
1704;199412;38.03;44.86;56.47;1;1
1704;199501;64.42;125.41;151.8;1;1
1704;199502;59.34;125.54;120.46;1;1
1704;199503;54.37;140.34;135.37;1;1
1704;199504;33.44;74.41;53.48;1;1
1704;199505;24.17;47.44;38.17;1;1
1704;199506;6.35;37.38;19.56;1;1
1704;199507;1.88;22.27;17.8;1;1
1704;199508;6.57;1.499;6.189;1;1
1704;199509;15.74;8.07;17.24;1;1
1704;199510;14.45;15.1;13.81;1;1
1704;199511;26.76;57.66;69.97;1;1
1704;199512;55.14;126.79;155.17;1;1
1704;199601;43.5;206.99;195.35;1;1
1704;199602;44.04;122.53;123.07;1;1
1704;199603;58.14;108.32;122.42;1;1
1704;199604;65.23;109.73;116.82;1;1
1704;199605;70.11;75.12;80;1;1
1704;199606;43.75;66.32;39.96;1;1
1704;199607;12.06;54.29;22.6;1;1
1704;199608;16.75;1.03;5.72;1;1
1704;199609;8.84;21.9;13.99;1;1
1704;199610;3.03;24.97;19.16;1;1
1704;199611;43.07;44.56;84.6;1;1
1704;199612;49.18;116.85;122.96;1;1
1704;199701;32.79;116.78;100.39;1;1
1704;199702;47.87;81.79;96.87;1;1
1704;199703;31.32;76.12;59.57;1;1
1704;199704;22.76;28.1;19.54;1;1
1704;199705;38.16;28.57;43.97;1;1
1704;199706;41.05;67.03;69.92;1;1
1704;199707;26.42;45.49;30.86;1;1
1704;199708;28.36;11.16;13.1;1;1
1704;199709;18.23;20.62;10.49;1;1
1704;199710;8.97;31.773;22.513;1;1
1704;199711;35.52;90.91;117.46;1;1
1704;199712;47.59;130.13;142.2;1;1
1704;199801;49.12;120.07;121.6;1;1
1704;199802;30.67;75.86;57.41;1;1
1704;199803;24.73;45.99;40.05;1;1
1704;199804;59.11;118.37;152.75;1;1
1704;199805;57.52;147.13;145.54;1;1
1704;199806;30.7;84.08;57.26;1;1
1704;199807;26.58;17.12;13;1;1
1704;199808;23.81;5.98;3.21;1;1
1704;199809;16.29;22.16;14.64;1;1
1704;199810;14.25;48.27;46.23;1;1
1704;199811;11.12;28.58;25.45;1;1
1704;199812;19.18;37.29;45.35;1;1
1704;199901;26.93;46.05;53.8;1;1
1704;199902;23.92;56.4;53.39;1;1
1704;199903;40.06;83.77;99.91;1;1
1704;199904;49.55;87.11;96.6;1;1
1704;199905;57.25;72.5;80.2;1;1
1704;199906;55.39;27.77;25.91;1;1
1704;199907;37.75;32.62;14.98;1;1
1704;199908;28.11;19.06;9.42;1;1
1704;199909;24.99;27.86;24.74;1;1
1704;199910;54.41;51.06;80.48;1;1
1704;199911;43.4;103.13;92.12;1;1
1704;199912;60.39;110.37;127.36;1;1
1704;200001;24.3;121.67;85.58;1;1
1704;200002;28.11;37.1;40.91;1;1
1704;200003;25.4;30.94;28.23;1;1
1704;200004;64.72;81.83;121.15;1;1
1704;200005;48.53;129.79;113.6;1;1
1704;200006;28.89;60.73;41.09;1;1
1704;200007;30.77;4.53;6.41;1;1
1704;200008;30.72;3.78;3.73;1;1
1704;200009;13.64;29.86;12.78;1;1
1704;200010;17.46;18.52;22.34;1;1
1704;200011;75.08;103.86;161.48;1;1
1704;200012;81.4;166.4;172.72;1;1
1704;200101;82.85;166.33;167.78;1;1
1704;200102;75.88;139.16;132.19;1;1
1704;200103;85.69;220.22;230.03;1;1
1704;200104;63.26;120.81;98.38;1;1
1704;200105;48.2;92.77;77.71;1;1
1704;200106;29.32;49.6;30.72;1;1
1704;200107;20.99;20.74;12.41;1;1
1704;200108;21.55;1.67;2.23;1;1
1704;200109;11.95;19.04;9.44;1;1
1704;200110;12.86;15.79;16.7;1;1
1704;200111;12.58;21.46;21.18;1;1
1704;200112;12.18;19.69;19.29;1;1
1704;200201;25.88;20.54;34.24;1;1
1704;200202;45.37;40.08;59.57;1;1
1704;200203;51.18;54.61;60.42;1;1
1704;200204;67.76;20.06;36.64;1;1
1704;200205;63.72;56.5;52.46;1;1
1704;200206;60.32;53.36;49.96;1;1
1704;200207;34.67;46.77;21.12;1;1
1704;200208;34.02;5.13;4.48;1;1
1704;200209;22.37;22.67;11.02;1;1
1704;200210;20.9;48.99;47.52;1;1
1704;200211;38.35;73.76;91.21;1;1
1704;200212;67.57;150.72;179.94;1;1
1704;200301;75.58;134.15;142.16;1;1
1704;200302;57.25;116.13;97.8;1;1
1704;200303;60.11;125.43;128.29;1;1
1704;200304;56.07;89.6;85.56;1;1
1704;200305;46.71;61.3;51.94;1;1
1704;200306;41.05;21.15;15.49;1;1
1704;200307;28.58;25.11;12.64;1;1
1704;200308;28.01;2.68;2.11;1;1
1704;200309;17.31;17.77;7.07;1;1
1704;200310;11.56;23.48;17.73;1;1
1704;200311;41.16;64.99;94.59;1;1
1704;200312;39.35;129.23;127.42;1;1
1704;200401;55.71;141.97;158.33;1;1
1704;200402;28.77;105.11;78.17;1;1
1704;200403;33.49;72.72;77.44;1;1
1704;200404;44.53;50.5;61.54;1;1
1704;200405;69.76;32.5;57.73;1;1
1704;200406;60.88;29.86;20.98;1;1
1704;200407;45.7;26.78;11.6;1;1
1704;200408;49.22;2.67;6.19;1;1
1704;200409;35.46;26.67;12.91;1;1
1704;200410;37.9;52.71;55.15;1;1
1704;200411;31.33;74.71;68.14;1;1
1704;200412;18.31;62.58;49.56;1;1
1704;200501;30.24;56.36;68.29;1;1
1704;200502;32.44;31.2;33.4;1;1
1704;200503;69.47;53.01;90.04;1;1
1704;200504;74.38;106.47;111.38;1;1
1704;200505;48.38;103.6;77.6;1;1
1704;200506;30.23;44.47;26.32;1;1
1704;200507;16.94;23.05;9.76;1;1
1704;200508;10.04;9.4;2.5;1;1
1704;200509;10.99;2.08;3.03;1;1
1704;200510;17.55;6.97;13.53;1;1
1704;200511;12.94;37.96;33.35;1;1
1704;200512;18.99;48.56;54.61;1;1
1704;200601;28.37;36.05;45.43;1;1
1704;200602;24.24;33.39;29.26;1;1
1704;200603;84.65;110.01;170.42;1;1
1704;200604;81.85;81.74;78.94;1;1
1704;200605;64.07;62.89;45.11;1;1
1704;200606;64.4;6.06;6.39;1;1
1704;200607;48.8;22.49;6.89;1;1
1704;200608;16.47;41.88;9.55;1;1
1704;200609;17.8;1.71;3.04;1;1
1704;200610;63.96;53.62;99.78;1;1
1704;200611;80.32;94.53;110.89;1;1
1704;200612;67.32;116.06;103.06;1;1
1704;200701;25.06;121.87;79.61;1;1
1704;200702;67.76;86.68;129.38;1;1
1704;200703;63.42;114.27;109.93;1;1
1704;200704;56.12;113.48;106.18;1;1
1704;200705;60.47;57.14;61.49;1;1
1704;200706;55.62;44.62;39.77;1;1
1704;200707;31.94;48.69;25.01;1;1
1704;200708;11.82;32.46;12.34;1;1
1704;200709;13.7;3.59;5.47;1;1
1704;200710;16.38;4.95;7.63;1;1
1704;200711;19.83;1.93;5.38;1;1
1704;200712;24.23;2.18;6.58;1;1
1704;200801;33.31;22.97;32.05;1;1
1704;200802;23.89;35.92;26.5;1;1
1704;200803;35.06;32.48;43.65;1;1
1704;200804;64.23;91.71;120.88;1;1
1704;200805;71.64;83.96;91.37;1;1
1704;200806;58.13;60.51;47;1;1
1704;200807;48.04;18.79;8.7;1;1
1704;200808;37.87;14.32;4.15;1;1
1704;200809;37.42;2.18;1.73;1;1
1704;200810;33.97;8.15;4.7;1;1
1704;200811;30.28;37.6;33.91;1;1
1704;200812;19.06;82.04;70.82;1;1
1704;200901;61.22;79.81;121.97;1;1
1704;200902;57.79;112.39;108.96;1;1
1704;200903;53.43;137.44;133.08;1;1
1704;200904;40.46;110.44;97.47;1;1
1704;200905;62.09;45.28;66.91;1;1
1704;200906;74.63;6.58;19.12;1;1
1704;200907;67.34;14.64;7.35;1;1
1704;200908;47.02;29.97;9.65;1;1
1704;200909;46.6;1.21;0.79;1;1
1704;200910;37.39;19.27;10.06;1;1
1704;200911;41.21;85.65;89.47;1;1
1704;200912;56.9;134.61;150.3;1;1
1704;201001;51.11;133.53;127.74;1;1
1704;201002;46.28;106.17;101.34;1;1
1704;201003;62.8;135.47;151.99;1;1
1704;201004;79.52;115.77;132.49;1;1
1704;201005;72.09;94.42;86.99;1;1
1704;201006;78.24;75.7;81.85;1;1
1704;201007;65.86;35.42;23.04;1;1
1704;201008;46.55;29.1;9.79;1;1
1704;201009;46.75;1.22;1.42;1;1
1704;201010;36.21;36.158;25.618;1;1
1704;201011;52.79;101.36;117.94;1;1
1704;201012;41.2;126.91;115.32;1;1
1704;201101;46.4;122.039;127.239;1;1
1704;201102;24.29;91.722;69.612;1;1
1704;201103;37.2;78.22;91.13;1;1
1704;201104;40.98;62.649;66.429;1;1
1704;201105;47.01;16.531;22.561;1;1
1704;201106;47.89;4.87;5.75;1;1
1704;201107;48.19;1.293;1.593;1;1
1704;201108;45.34;3.775;0.925;1;1
1704;201109;44.13;1.203;0;1;1
1704;201110;38.42;10.32;4.61;1;1
1704;201111;23.58;42.14;27.3;1;1
1704;201112;19.79;49.14;45.35;1;1
1704;201201;11.64;34.49;26.34;1;1
1704;201202;26.47;15.1;29.93;1;1
1704;201203;42.7;13;29.23;1;1
1704;201204;65.78;46.04;69.12;1;1
1704;201205;62.55;113.06;109.83;1;1
1704;201206;56.61;29.91;23.97;1;1
1704;201207;49.9;16.17;9.46;1;1
1704;201208;44.1;10.49;4.69;1;1
1704;201209;45.28;1.2;2.38;1;1
1704;201210;30.66;32.77;18.15;1;1
1704;201211;18.78;42.03;30.15;1;1
1704;201212;35.18;90.94;107.34;1;1
1704;201301;73;113.02;150.84;1;1
1704;201302;77.32;115;119.32;1;1
1704;201303;85.31;140.27;148.26;1;1
1704;201304;86.89;151.32;152.9;1;1
1704;201305;74.98;97.48;85.57;1;1
1704;201306;70.19;50.13;45.34;1;1
1704;201307;75.02;2.53;7.36;1;1
1704;201308;55.87;21.97;2.82;1;1
1704;201309;39.14;20.99;4.26;1;1
1704;201310;33.77;47.41;42.04;1;1
1704;201311;28.1;95.48;89.81;1;1
1704;201312;33.47;75.98;81.35;1;1
1704;201401;57.97;1162.04;1186.54;1;1
1704;201402;45.62;163.82;151.47;1;1
1704;201403;54.81;169.48;178.67;1;1
1704;201404;70.99;139.57;155.75;1;1
1704;201405;32.07;118.27;79.35;1;1
1704;201406;24.04;29.26;21.23;1;1
1704;201407;23.22;17.81;16.99;1;1
1704;201408;26.8;0.929;4.509;1;1
1704;201409;30.02;8.07;11.29;1;1
1704;201410;30.03;14.59;14.6;1;1
1704;201411;46.03;56.84;72.84;1;1
1704;201412;39.75;80.53;74.25;1;1
1704;201501;39.54;63.28;63.07;1;1
1704;201502;29.64;124.98;115.08;1;1
1704;201503;68.75;140.51;179.62;1;1
1704;201504;62.75;118.96;112.96;1;1
1704;201505;59.9;87.74;84.89;1;1
1704;201506;39.12;39.14;18.36;1;1
1704;201507;33.82;10.67;5.37;1;1
1704;201508;35.92;2.16;4.26;1;1
1704;201509;40.37;16.13;20.58;1;1
1704;201510;34.61;31.84;26.08;1;1
1704;201511;15.81;67.77;48.97;1;1
1704;201512;13.45;34.18;31.82;1;1
1704;201601;74.49;108.81;169.85;1;1
1704;201602;86.29;137.98;149.78;1;1
1704;201603;85.98;120.82;120.51;1;1
1704;201604;85.55;130.47;130.04;1;1
1704;201605;77.918;103;95.368;1;1
1704;201606;63.69;58.11;43.882;1;1
1704;201607;39.23;47.73;23.27;1;1
1704;201608;16.31;28.65;5.73;1;1
1704;201609;18.09;2.14;3.92;1;1
1704;201610;18.07;11.179;11.159;1;1
1704;201611;12.65;32.83;27.41;1;1
1704;201612;10.07;23.11;20.53;1;1
1704;201701;12.04;8.52;10.49;1;1
1704;201702;35;66.56;89.52;1;1
1704;201703;48.29;58.65;71.94;1;1
1704;201704;58;23.43;33.14;1;1
1704;201705;69.64;6.83;18.47;1;1
1704;201706;69.47;7.22;7.05;1;1
1704;201707;64.25;12.89;7.67;1;1
1704;201708;60.87;7.499;4.119;1;1
1704;201709;61.54;2.839;3.509;1;1
1704;201710;27.4;50.55;16.41;1;1
1704;201711;12.79;28.9;14.29;1;1
1704;201712;25.31;80.42;92.94;1;1
1704;201801;52;70.352;97.042;1;1
1704;201802;53.68;99.372;101.052;1;1
1704;201803;71.06;121.516;138.896;1;1
1704;201804;85.89;124.977;139.807;1;1
1704;201805;75.66;107.496;97.266;1;1
1704;201806;66.44;99.911;90.691;1;1
1704;201807;85.51;21.135;40.205;1;1
1704;201808;72.68;30.349;17.519;1;1
1704;201809;59.21;26.602;13.132;1;1
1704;201810;20.54;60.355;21.685;1;1
1704;201811;16.33;94.864;90.654;1;1
1704;201812;13.88;85.835;83.385;1;1
1704;201901;35.5;43.517;65.137;1;1
1704;201902;42.51;106.702;113.712;1;1
1704;201903;50.67;93.801;101.961;1;1
1704;201904;65.35;55.865;70.545;1;1
1704;201905;70.99;52.277;57.917;1;1
1704;201906;79.69;9.47;18.17;1;1
1704;201907;69.72;25.524;15.554;1;1
1704;201908;67.06;12.473;9.813;1;1
1704;201909;68.84;20.713;22.493;1;1
1704;201910;51.473;36.888;19.521;1;1
1704;201911;75.367;145.187;169.081;1;1
1704;201912;65.045;234.09;223.768;1;1
1704;202001;44.384;112.652;91.991;1;1
1704;202002;37.74;88.378;81.734;1;1
1704;202003;46.25;93.043;101.553;1;1
1704;202004;60.746;40.344;54.84;1;1
1704;202005;81.271;33.038;53.563;1;1
1704;202006;76.786;27.244;22.759;1;1
1704;202007;53.355;41.809;18.378;1;1
1704;202008;37.617;29.144;13.406;1;1
1704;202009;40.182;3.211;5.776;1;1
1704;202010;43.44;49.97;53.228;1;1
1704;202011;15.23;69.96;41.75;1;1
1704;202012;48.01;114.647;147.427;1;1
1704;202101;58.6;137.611;148.201;1;1
1704;202102;78.59;137.335;157.325;1;1
1704;202103;51.5;109.966;82.876;1;1
1704;202104;49.12;41.231;38.851;1;1
1704;202105;67.4;11.139;29.419;1;1
1704;202106;62.32;30.428;25.348;1;1
1704;202107;41.48;42.294;21.454;1;1
1704;202108;39.78;8.299;6.599;1;1
1704;202109;19.95;35.91;16.08;1;1
1709;196110;203.1;131.855;63.755;2;1
1709;196111;135;129.306;123.806;2;1
1709;196112;129.5;89.873;140.473;2;1
1709;196201;180.1;61.551;148.251;2;1
1709;196202;266.8;28.987;46.487;2;1
1709;196203;284.3;144.34;172.14;2;1
1709;196204;312.1;132.097;154.697;2;1
1709;196205;334.7;45.533;45.833;2;1
1709;196206;335;22.645;21.545;2;1
1709;196207;333.9;69.224;10.624;2;1
1709;196208;275.3;64.454;5.054;2;1
1709;196209;215.9;46.224;;2;1
1709;196210;;;;2;1
1709;196211;;;;2;1
1709;196212;;;;2;1
1709;196301;171;;;2;1
1709;196302;;;;2;1
1709;196303;;;;2;1
1709;196304;;;;2;1
1709;196305;;;;2;1
1709;196306;321;45.74;64.74;2;1
1709;196307;340;66.822;22.822;2;1
1709;196308;296;60.411;;2;1
1709;196309;231;76.248;18.648;2;1
1709;196310;173.4;119.802;8.202;2;1
1709;196311;61.8;38.102;149.402;2;1
1709;196312;173.1;11.897;74.897;2;1
1709;196401;236.1;60.1;35.8;2;1
1709;196402;211.8;43.217;79.017;2;1
1709;196403;247.6;79.54;150.84;2;1
1709;196404;318.9;78.849;94.349;2;1
1709;196405;334.4;47.58;47.28;2;1
1709;196406;334.1;47.771;44.671;2;1
1709;196407;331;62.381;15.881;2;1
1709;196408;284.5;83.514;9.114;2;1
1709;196409;210.1;96.388;4.288;2;1
1709;196410;118;50.043;30.343;2;1
1709;196411;98.3;23.527;15.027;2;1
1709;196412;89.8;18.896;22.896;2;1
1709;196501;93.8;12.684;68.084;2;1
1709;196502;149.2;38.897;61.497;2;1
1709;196503;171.8;31.968;144.668;2;1
1709;196504;284.5;74.874;92.074;2;1
1709;196505;301.7;54.527;40.027;2;1
1709;196506;287.2;35.294;14.594;2;1
1709;196507;266.5;33.687;7.887;2;1
1709;196508;240.7;49.11;5.21;2;1
1709;196509;196.8;62.847;10.047;2;1
1709;196510;144;36.257;28.257;2;1
1709;196511;136;23.7;86.6;2;1
1709;196512;198.9;92.136;138.036;2;1
1709;196601;244.8;181.018;218.418;2;1
1709;196602;282.2;228.572;233.172;2;1
1709;196603;286.8;92.881;97.681;2;1
1709;196604;291.6;111.383;146.183;2;1
1709;196605;326.4;62.762;64.962;2;1
1709;196606;328.6;50.513;46.613;2;1
1709;196607;324.7;92.581;22.281;2;1
1709;196608;254.4;77.374;14.974;2;1
1709;196609;192;58.583;8.583;2;1
1709;196610;142;61.336;57.036;2;1
1709;196611;137.7;74.599;105.599;2;1
1709;196612;168.7;77.865;76.865;2;1
1709;196701;167.7;57.821;85.121;2;1
1709;196702;195;66.713;123.313;2;1
1709;196703;251.6;78.083;131.483;2;1
1709;196704;305;59.624;61.924;2;1
1709;196705;307.3;63.97;91.47;2;1
1709;196706;334.8;59.116;33.716;2;1
1709;196707;309.4;52.631;14.431;2;1
1709;196708;271.2;63.098;14.198;2;1
1709;196709;222.3;105.886;1.686;2;1
1709;196710;118.1;64.418;12.618;2;1
1709;196711;66.3;16.826;58.226;2;1
1709;196712;107.7;57.158;59.058;2;1
1709;196801;109.6;82.717;77.017;2;1
1709;196802;103.9;75.997;123.597;2;1
1709;196803;151.5;73.482;107.182;2;1
1709;196804;185.2;33.917;122.717;2;1
1709;196805;274;85.002;142.202;2;1
1709;196806;331.2;42.295;38.195;2;1
1709;196807;327.1;101.44;42.84;2;1
1709;196808;268.5;40.727;37.327;2;1
1709;196809;265.1;108.387;24.487;2;1
1709;196810;181.2;140.237;58.737;2;1
1709;196811;99.7;54.606;106.306;2;1
1709;196812;151.4;101.866;151.466;2;1
1709;196901;201;141.338;195.938;2;1
1709;196902;255.6;149.346;154.746;2;1
1709;196903;261;220.014;237.414;2;1
1709;196904;278.4;132.013;183.613;2;1
1709;196905;330;154.695;164.895;2;1
1709;196906;340.2;115.348;107.148;2;1
1709;196907;332;128.502;66.302;2;1
1709;196908;269.8;172.27;51.07;2;1
1709;196909;148.6;54.66;54.16;2;1
1709;196910;148.1;108.415;21.115;2;1
1709;196911;60.8;15.25;17.05;2;1
1709;196912;62.6;30.154;57.754;2;1
1709;197001;90.2;28.832;124.832;2;1
1709;197002;186.2;58.476;100.176;2;1
1709;197003;227.9;95.541;90.941;2;1
1709;197004;223.3;33.653;57.053;2;1
1709;197005;246.7;20.33;102.53;2;1
1709;197006;328.9;105.581;32.981;2;1
1709;197007;256.3;101.857;29.057;2;1
1709;197008;183.5;115.275;35.775;2;1
1709;197009;104;20.563;19.163;2;1
1709;197010;102.6;22.818;24.218;2;1
1709;197011;104;22.81;22.41;2;1
1709;197012;103.6;58.709;36.709;2;1
1709;197101;81.6;5.175;50.775;2;1
1709;197102;127.2;16.235;76.835;2;1
1709;197103;187.8;2.03;64.53;2;1
1709;197104;250.3;43.58;114.18;2;1
1709;197105;320.9;117.806;136.606;2;1
1709;197106;339.7;104.354;80.154;2;1
1709;197107;315.5;41.524;54.924;2;1
1709;197108;328.9;105.762;37.162;2;1
1709;197109;260.3;101.485;21.985;2;1
1709;197110;180.8;68.109;46.809;2;1
1709;197111;159.5;73.172;25.772;2;1
1709;197112;112.1;67.625;31.925;2;1
1709;197201;76.4;25.626;48.626;2;1
1709;197202;99.4;6.869;95.469;2;1
1709;197203;188;58.7;86.2;2;1
1709;197204;215.5;67.876;139.876;2;1
1709;197205;287.5;66.07;114.87;2;1
1709;197206;336.3;99.464;89.164;2;1
1709;197207;326;156.09;53.39;2;1
1709;197208;223.3;80.637;46.237;2;1
1709;197209;188.9;20.753;32.053;2;1
1709;197210;200.2;101.874;17.174;2;1
1709;197211;115.5;54.009;29.309;2;1
1709;197212;90.8;48.047;49.347;2;1
1709;197301;92.1;39.891;47.691;2;1
1709;197302;99.9;8.338;55.638;2;1
1709;197303;147.2;4.933;74.933;2;1
1709;197304;217.2;4.372;69.272;2;1
1709;197305;282.1;81.38;134.18;2;1
1709;197306;334.9;34.154;37.754;2;1
1709;197307;338.5;73.38;26.68;2;1
1709;197308;291.8;88.318;38.218;2;1
1709;197309;241.7;71.124;21.524;2;1
1709;197310;192.1;82.572;31.472;2;1
1709;197311;141;61.474;33.874;2;1
1709;197312;113.4;66.839;36.039;2;1
1709;197401;82.6;53.067;92.567;2;1
1709;197402;122.1;28.218;102.418;2;1
1709;197403;196.3;70.978;114.978;2;1
1709;197404;240.3;17.228;72.528;2;1
1709;197405;295.6;29.609;74.509;2;1
1709;197406;340.5;58.32;45.62;2;1
1709;197407;327.8;110.367;47.667;2;1
1709;197408;265.1;84.525;18.725;2;1
1709;197409;199.3;118.791;4.691;2;1
1709;197410;85.2;4.337;32.937;2;1
1709;197411;113.8;56.868;41.568;2;1
1709;197412;98.5;89.346;53.046;2;1
1709;197501;62.2;17.565;46.365;2;1
1709;197502;91;0.562;59.662;2;1
1709;197503;150.1;0;75;2;1
1709;197504;225.1;3.491;63.491;2;1
1709;197505;285.1;17.876;53.076;2;1
1709;197506;320.3;36.072;45.172;2;1
1709;197507;329.4;87.342;20.342;2;1
1709;197508;262.4;71.703;16.603;2;1
1709;197509;207.3;101.987;13.787;2;1
1709;197510;119.1;37.316;26.616;2;1
1709;197511;108.4;74.866;34.166;2;1
1709;197512;67.7;80.689;87.189;2;1
1709;197601;74.2;2.039;57.339;2;1
1709;197602;129.5;0;47.4;2;1
1709;197603;176.9;5.167;54.167;2;1
1709;197604;225.9;11.336;72.236;2;1
1709;197605;286.8;20.313;44.813;2;1
1709;197606;311.3;78.183;26.683;2;1
1709;197607;259.8;68.558;19.858;2;1
1709;197608;211.1;82.572;15.472;2;1
1709;197609;144;79.471;8.371;2;1
1709;197610;72.9;12.493;37.993;2;1
1709;197611;98.4;78.373;117.773;2;1
1709;197612;137.8;96.993;165.993;2;1
1709;197701;206.8;79.877;100.177;2;1
1709;197702;227.1;165.093;201.793;2;1
1709;197703;263.8;106.41;130.21;2;1
1709;197704;287.6;31.164;61.864;2;1
1709;197705;318.3;25.073;47.173;2;1
1709;197706;340.4;83.964;52.964;2;1
1709;197707;309.4;103.844;41.944;2;1
1709;197708;247.5;128.382;37.582;2;1
1709;197709;156.7;120.398;43.498;2;1
1709;197710;79.8;54.648;51.348;2;1
1709;197711;76.5;45.317;39.117;2;1
1709;197712;70.3;47.771;79.971;2;1
1709;197801;102.5;21.911;100.611;2;1
1709;197802;181.2;60.921;201.021;2;1
1709;197803;321.3;157.628;151.728;2;1
1709;197804;315.4;78.823;90.423;2;1
1709;197805;327;89.191;100.891;2;1
1709;197806;338.7;96.604;50.304;2;1
1709;197807;292.4;111.37;40.57;2;1
1709;197808;221.6;106.212;43.312;2;1
1709;197809;158.7;18.611;20.611;2;1
1709;197810;160.7;83.264;6.764;2;1
1709;197811;84.2;41.524;18.624;2;1
1709;197812;61.3;24.546;167.546;2;1
1709;197901;204.3;122.887;195.887;2;1
1709;197902;277.3;289.129;292.429;2;1
1709;197903;280.6;112.536;141.536;2;1
1709;197904;309.6;145.696;150.596;2;1
1709;197905;314.5;88.776;114.776;2;1
1709;197906;340.5;117.487;71.287;2;1
1709;197907;294.3;112.916;34.416;2;1
1709;197908;215.8;102.047;27.547;2;1
1709;197909;141.3;43.9;4.9;2;1
1709;197910;102.3;23.207;28.907;2;1
1709;197911;108;79.574;55.374;2;1
1709;197912;83.8;67.694;90.294;2;1
1709;198001;106.4;39.891;138.391;2;1
1709;198002;204.9;80.421;107.521;2;1
1709;198003;232;41.567;75.967;2;1
1709;198004;266.4;28.443;69.843;2;1
1709;198005;307.8;27.743;61.443;2;1
1709;198006;341.5;86.962;39.662;2;1
1709;198007;294.2;107.879;37.879;2;1
1709;198008;224.2;94.867;11.167;2;1
1709;198009;140.5;15.085;29.685;2;1
1709;198010;155.1;96.422;27.722;2;1
1709;198011;86.4;41.446;36.346;2;1
1709;198012;81.3;12.502;38.802;2;1
1709;198101;107.6;31.346;57.546;2;1
1709;198102;133.8;0.13;45.23;2;1
1709;198103;178.9;0;66.5;2;1
1709;198104;245.4;0;65.5;2;1
1709;198105;310.9;28.495;58.195;2;1
1709;198106;340.6;84.586;39.086;2;1
1709;198107;295.1;110.048;33.148;2;1
1709;198108;218.2;109.356;32.656;2;1
1709;198109;141.5;17.081;25.781;2;1
1709;198110;150.2;86.486;14.486;2;1
1709;198111;78.2;28.192;35.392;2;1
1709;198112;85.4;0.38;122.28;2;1
1709;198201;207.3;68.602;139.302;2;1
1709;198202;278;87.687;63.287;2;1
1709;198203;253.6;59.02;68.92;2;1
1709;198204;263.5;11.733;59.033;2;1
1709;198205;310.8;9.236;29.536;2;1
1709;198206;331.1;77.527;20.427;2;1
1709;198207;274;88.949;20.749;2;1
1709;198208;205.8;89.467;18.767;2;1
1709;198209;135.1;10.981;7.441;2;1
1709;198210;131.56;71.93;15.42;2;1
1709;198211;75.05;31.51;61.41;2;1
1709;198212;104.95;45.68;167.85;2;1
1709;198301;227.12;86.02;93.07;2;1
1709;198302;234.17;59.2;63.01;2;1
1709;198303;237.98;31.51;68.17;2;1
1709;198304;274.64;55.47;102.96;2;1
1709;198305;322.13;131.68;150.72;2;1
1709;198306;341.17;122.04;75.21;2;1
1709;198307;294.34;119.98;53.47;2;1
1709;198308;227.83;109.78;43.24;2;1
1709;198309;161.29;23.06;20.78;2;1
1709;198310;159.01;76.54;4.05;2;1
1709;198311;86.52;31.83;23;2;1
1709;198312;77.69;17.46;47.93;2;1
1709;198401;108.16;20.04;84.18;2;1
1709;198402;172.3;55.72;99.29;2;1
1709;198403;215.87;44.41;86.36;2;1
1709;198404;257.82;57.1;122.45;2;1
1709;198405;323.17;62.6;80.22;2;1
1709;198406;340.79;106.87;70.55;2;1
1709;198407;304.47;136.46;59.35;2;1
1709;198408;227.36;82.86;47.07;2;1
1709;198409;191.57;44.7;14.7;2;1
1709;198410;161.57;105.04;26.53;2;1
1709;198411;83.06;49.53;104.56;2;1
1709;198412;138.09;77.23;108.02;2;1
1709;198501;168.88;74.02;115.36;2;1
1709;198502;210.22;117.12;166.03;2;1
1709;198503;259.13;90.55;131.75;2;1
1709;198504;300.33;119.51;140.55;2;1
1709;198505;321.37;69.98;89.5;2;1
1709;198506;340.89;105.44;58.37;2;1
1709;198507;293.82;103.8;35.59;2;1
1709;198508;225.61;76.73;33.36;2;1
1709;198509;182.24;47.39;14.5;2;1
1709;198510;149.35;80.6;11.26;2;1
1709;198511;80.01;26.75;20.88;2;1
1709;198512;74.14;4.73;30.37;2;1
1709;198601;99.78;19.38;72.64;2;1
1709;198602;153.04;29.48;102.37;2;1
1709;198603;225.93;50.69;117.36;2;1
1709;198604;292.6;78.54;98.12;2;1
1709;198605;312.18;47.59;73.74;2;1
1709;198606;338.33;89.55;45.3;2;1
1709;198607;294.08;100.44;33.01;2;1
1709;198608;226.65;62.1;28.32;2;1
1709;198609;192.87;50.36;19.06;2;1
1709;198610;161.57;108.7;16.99;2;1
1709;198611;69.86;37.32;43.56;2;1
1709;198612;76.1;17.16;42.64;2;1
1709;198701;101.58;13.02;46.09;2;1
1709;198702;134.65;11.89;50.69;2;1
1709;198703;173.45;13.37;68.16;2;1
1709;198704;228.24;12.6;79.77;2;1
1709;198705;295.41;15.82;59.79;2;1
1709;198706;339.38;74.8;30.26;2;1
1709;198707;294.84;92.63;23.57;2;1
1709;198708;225.78;58.06;17.63;2;1
1709;198709;185.35;39.11;12.1;2;1
1709;198710;158.34;56.86;66.19;2;1
1709;198711;167.67;103.44;102.97;2;1
1709;198712;167.2;90.6;101.59;2;1
1709;198801;178.19;74.82;129.15;2;1
1709;198802;232.52;153.78;172.99;2;1
1709;198803;251.73;70.18;81.77;2;1
1709;198804;263.32;58.74;99.83;2;1
1709;198805;304.41;107.91;115.59;2;1
1709;198806;312.09;92.55;65.39;2;1
1709;198807;284.93;119.53;55.39;2;1
1709;198808;220.79;85.51;46.53;2;1
1709;198809;181.81;56.83;23.1;2;1
1709;198810;74.59;92.22;15.24;1;1
1709;198811;68.9;31.5;25.81;1;1
1709;198812;84.02;13.02;28.14;1;1
1709;198901;92.23;13.02;21.23;1;1
1709;198902;99.03;11.76;18.56;1;1
1709;198903;151.03;13.02;65.02;1;1
1709;198904;210.23;12.6;71.8;1;1
1709;198905;277.79;0;67.56;1;1
1709;198906;268.11;40.66;30.98;1;1
1709;198907;209.22;86.59;27.7;1;1
1709;198908;174.12;45.74;10.64;1;1
1709;198909;144.12;26.38;;1;1
1709;198910;81.98;58.85;;1;1
1709;198911;82.29;22.71;23.02;1;1
1709;198912;196.27;40.39;154.37;1;1
1709;199001;179.93;99.19;82.85;1;1
1709;199002;195.76;44.98;60.81;1;1
1709;199003;241.23;7.08;52.55;1;1
1709;199004;273.25;0;32.02;1;1
1709;199005;293.12;9.36;29.23;1;1
1709;199006;252.16;61.56;20.6;1;1
1709;199007;185.93;57.79;;1;1
1709;199008;167.41;14.84;;1;1
1709;199009;144.65;22.91;0.15;1;1
1709;199010;102.34;53.96;11.65;1;1
1709;199011;78.74;57.2;33.6;1;1
1709;199012;131.19;23.74;76.19;1;1
1709;199101;206.83;94.4;170.04;1;1
1709;199102;215.95;78.25;87.37;1;1
1709;199103;291.12;60.26;135.43;1;1
1709;199104;296.64;104.65;110.17;1;1
1709;199105;313.03;64.18;80.57;1;1
1709;199106;265.5;92.67;45.14;1;1
1709;199107;202.42;84.06;20.98;1;1
1709;199108;201.98;17.3;16.86;1;1
1709;199109;135.38;65.14;;1;1
1709;199110;83.7;53.63;1.95;1;1
1709;199111;98.59;74.37;89.26;1;1
1709;199112;162.98;10.48;74.87;1;1
1709;199201;162.44;33.86;33.32;1;1
1709;199202;180;2.79;20.35;1;1
1709;199203;193.38;2.07;15.45;1;1
1709;199204;282.4;19.53;108.55;1;1
1709;199205;313.13;38.84;69.57;1;1
1709;199206;282.4;71.44;40.71;1;1
1709;199207;229.98;87.59;35.17;1;1
1709;199208;229.74;27.29;27.05;1;1
1709;199209;144.85;80.97;;1;1
1709;199210;75.14;76.52;6.81;1;1
1709;199211;87.99;38.71;51.56;1;1
1709;199212;174.87;51.64;138.52;1;1
1709;199301;166.33;81.63;73.09;1;1
1709;199302;186.51;9;29.18;1;1
1709;199303;223.8;0.54;37.83;1;1
1709;199304;261.23;1.86;39.29;1;1
1709;199305;316.26;18.94;73.97;1;1
1709;199306;308.49;79.18;71.41;1;1
1709;199307;235.05;96.45;23.01;1;1
1709;199308;194.17;49.91;9.03;1;1
1709;199309;207.26;30.31;43.4;1;1
1709;199310;231.72;89.28;113.74;1;1
1709;199311;187.81;130.79;86.88;1;1
1709;199312;160.89;110.52;83.6;1;1
1709;199401;208.49;142.79;190.39;1;1
1709;199402;227.13;117.68;136.32;1;1
1709;199403;231.72;118.11;122.7;1;1
1709;199404;226.49;76.51;71.28;1;1
1709;199405;232.44;46.55;52.5;1;1
1709;199406;208.64;63.09;39.29;1;1
1709;199407;187.01;50.96;29.33;1;1
1709;199408;153.85;30.03;;1;1
1709;199409;142.64;9.46;;1;1
1709;199410;107.56;43.63;8.55;1;1
1709;199411;116.42;45.1;53.96;1;1
1709;199412;106.91;56.94;47.43;1;1
1709;199501;210.01;50.19;153.29;1;1
1709;199502;267.07;95.88;152.94;1;1
1709;199503;287.11;154.15;174.19;1;1
1709;199504;281.1;69.66;63.65;1;1
1709;199505;295.79;21.29;35.98;1;1
1709;199506;259.48;62.16;25.85;1;1
1709;199507;211.04;63.05;14.61;1;1
1709;199508;136.3;67.87;;1;1
1709;199509;125.96;9.99;;1;1
1709;199510;96.8;40.27;11.11;1;1
1709;199511;108.54;45.82;57.56;1;1
1709;199512;202.35;69.65;163.46;1;1
1709;199601;238.22;234.68;270.55;1;1
1709;199602;276.3;105.25;143.33;1;1
1709;199603;302.04;84.43;110.17;1;1
1709;199604;301;119.33;118.29;1;1
1709;199605;271.68;105.74;76.42;1;1
1709;199606;224.19;90.9;43.41;1;1
1709;199607;194.68;64.38;34.87;1;1
1709;199608;165.66;27.3;;1;1
1709;199609;166.6;11.22;12.16;1;1
1709;199610;137.47;47.62;18.49;1;1
1709;199611;132.67;48.3;43.5;1;1
1709;199612;165.79;77.16;110.28;1;1
1709;199701;206.47;92.26;132.94;1;1
1709;199702;230.93;68.03;92.49;1;1
1709;199703;231.48;71.25;71.8;1;1
1709;199704;230.53;24.17;23.22;1;1
1709;199705;245.67;6.9;22.04;1;1
1709;199706;266.19;39.52;60.04;1;1
1709;199707;203;94.93;31.74;1;1
1709;199708;178.77;24.32;0.09;1;1
1709;199709;176.31;16.21;13.75;1;1
1709;199710;112.73;86.49;22.91;1;1
1709;199711;170.49;39.05;96.81;1;1
1709;199712;215.63;94.26;139.4;1;1
1709;199801;231.25;91.77;107.39;1;1
1709;199802;234.73;53.64;57.12;1;1
1709;199803;234.5;38;37.77;1;1
1709;199804;277.7;109.66;152.86;1;1
1709;199805;300.05;146;168.35;1;1
1709;199806;249.56;122.55;72.06;1;1
1709;199807;235.13;25.08;10.65;1;1
1709;199808;215.48;21.09;1.44;1;1
1709;199809;209.65;22.93;17.1;1;1
1709;199810;123.44;120.12;33.91;1;1
1709;199811;76.83;69.87;23.26;1;1
1709;199812;92.61;6.71;22.49;1;1
1709;199901;120.11;8.27;35.77;1;1
1709;199902;157.14;2.12;39.15;1;1
1709;199903;227.52;1.61;71.99;1;1
1709;199904;281.27;27.87;81.62;1;1
1709;199905;304.32;56.6;79.65;1;1
1709;199906;278.48;54.53;28.69;1;1
1709;199907;230.53;72.39;24.44;1;1
1709;199908;157.67;88.01;15.15;1;1
1709;199909;171.23;12.87;26.43;1;1
1709;199910;188.89;58.98;76.64;1;1
1709;199911;163.04;124.08;98.23;1;1
1709;199912;166.2;115.5;118.66;1;1
1709;200001;152.57;126.24;112.61;1;1
1709;200002;170.69;16.5;34.62;1;1
1709;200003;191.86;5.25;26.42;1;1
1709;200004;282.84;8.66;99.64;1;1
1709;200005;310.85;110.34;138.35;1;1
1709;200006;293.39;68.34;50.88;1;1
1709;200007;250.51;47.54;4.66;1;1
1709;200008;197.14;54.59;1.22;1;1
1709;200009;193.31;21.07;17.24;1;1
1709;200010;132.48;71.09;10.26;1;1
1709;200011;209.07;79.13;155.72;1;1
1709;200012;223.16;234.02;248.11;1;1
1709;200101;221.74;248.2;246.78;1;1
1709;200102;248.05;160;186.31;1;1
1709;200103;290.34;320.85;363.14;1;1
1709;200104;268.02;153.53;131.21;1;1
1709;200105;285.28;61.55;78.81;1;1
1709;200106;269.68;54.22;38.62;1;1
1709;200107;215;70.83;16.15;1;1
1709;200108;174.94;39.58;;1;1
1709;200109;162.71;21.24;9.01;1;1
1709;200110;108.32;67.74;13.35;1;1
1709;200111;74.87;49.94;16.49;1;1
1709;200112;74.78;14.69;14.6;1;1
1709;200201;88.7;6.68;20.6;1;1
1709;200202;129.72;3.45;44.47;1;1
1709;200203;181.23;4.34;55.85;1;1
1709;200204;190.77;8.41;17.95;1;1
1709;200205;218.17;10.74;38.14;1;1
1709;200206;233.62;15.67;31.12;1;1
1709;200207;205.53;58.36;30.27;1;1
1709;200208;176.67;28.19;;1;1
1709;200209;169.75;21.52;14.6;1;1
1709;200210;142.84;72.48;45.57;1;1
1709;200211;170.22;62.06;89.44;1;1
1709;200212;243.29;124.14;197.21;1;1
1709;200301;221.9;216.51;195.12;1;1
1709;200302;275.61;92.51;146.22;1;1
1709;200303;296.55;115.51;136.45;1;1
1709;200304;279.7;108.92;92.07;1;1
1709;200305;298.25;37.69;56.24;1;1
1709;200306;271.07;44.6;17.42;1;1
1709;200307;201.33;89.68;19.94;1;1
1709;200308;126.51;74.7;;1;1
1709;200309;112.6;25.56;11.65;1;1
1709;200310;94.68;39.49;21.57;1;1
1709;200311;137.29;20.38;62.99;1;1
1709;200312;185.5;82.54;130.75;1;1
1709;200401;231.56;106.55;152.61;1;1
1709;200402;249.87;78.99;97.3;1;1
1709;200403;270.9;54.4;75.43;1;1
1709;200404;276.91;41.76;47.77;1;1
1709;200405;266.54;42.31;31.94;1;1
1709;200406;245.51;42.51;21.48;1;1
1709;200407;212.86;49.14;16.49;1;1
1709;200408;155.86;57.38;0.38;1;1
1709;200409;162.51;11.36;18.01;1;1
1709;200410;134.15;80.63;52.27;1;1
1709;200411;108.54;91.91;66.3;1;1
1709;200412;100.11;64.2;55.77;1;1
1709;200501;126.58;26.17;52.64;1;1
1709;200502;146.2;9;28.62;1;1
1709;200503;182.68;4.91;41.39;1;1
1709;200504;275.08;6.16;98.56;1;1
1709;200505;286.59;72.63;84.14;1;1
1709;200506;262.1;52.1;27.61;1;1
1709;200507;219.04;57.38;14.32;1;1
1709;200508;201.84;19.93;2.73;1;1
1709;200509;144.85;54.12;;1;1
1709;200510;97.67;50.79;3.61;1;1
1709;200511;83.42;41.64;27.39;1;1
1709;200512;115.56;11.09;43.23;1;1
1709;200601;141.43;4.19;30.06;1;1
1709;200602;176.89;2.06;37.52;1;1
1709;200603;294;51.4;168.51;1;1
1709;200604;290.6;128.11;124.71;1;1
1709;200605;282.84;69.06;61.3;1;1
1709;200606;254.43;38.13;9.72;1;1
1709;200607;211.59;61.34;18.5;1;1
1709;200608;222.29;19.85;30.55;1;1
1709;200609;167.27;56.27;1.25;1;1
1709;200610;182.31;61.98;77.02;1;1
1709;200611;206.61;102.7;127;1;1
1709;200612;239.65;125.34;158.38;1;1
1709;200701;222.45;127.43;110.23;1;1
1709;200702;290.16;70.54;138.25;1;1
1709;200703;284.23;149.38;143.45;1;1
1709;200704;285.37;91.52;92.66;1;1
1709;200705;302.8;30.34;47.77;1;1
1709;200706;281.18;64.91;43.29;1;1
1709;200707;243.45;76.58;38.85;1;1
1709;200708;246.31;19.22;22.08;1;1
1709;200709;217.69;26.85;;1;1
1709;200710;154.32;62.87;;1;1
1709;200711;125.71;31.9;3.29;1;1
1709;200712;118.76;11.26;4.31;1;1
1709;200801;136.12;7.38;24.74;1;1
1709;200802;162.57;4.37;30.82;1;1
1709;200803;191.35;2.41;31.19;1;1
1709;200804;294.46;2.8;105.91;1;1
1709;200805;310.85;69.29;85.68;1;1
1709;200806;283.36;85.1;57.61;1;1
1709;200807;259.05;38.73;14.42;1;1
1709;200808;247.57;19.72;8.24;1;1
1709;200809;161.3;85.98;;1;1
1709;200810;120.61;47.71;7.02;1;1
1709;200811;122.45;25.43;27.27;1;1
1709;200812;139.13;53.74;70.42;1;1
1709;200901;235.21;16.02;112.1;1;1
1709;200902;273.17;109.35;147.31;1;1
1709;200903;278.22;127.22;132.27;1;1
1709;200904;281.53;82.37;85.68;1;1
1709;200905;284.5;35.31;38.28;1;1
1709;200906;277.61;23.5;16.61;1;1
1709;200907;263.32;32.71;18.42;1;1
1709;200908;267.24;23.6;27.52;1;1
1709;200909;217.77;52.81;3.34;1;1
1709;200910;176.46;57.03;15.72;1;1
1709;200911;171.36;85.47;80.37;1;1
1709;200912;185.79;145.21;159.64;1;1
1709;201001;206.61;166.54;187.36;1;1
1709;201002;271.77;72.49;137.65;1;1
1709;201003;289.03;133.22;150.48;1;1
1709;201004;292.78;154.6;158.35;1;1
1709;201005;306.78;92.54;106.54;1;1
1709;201006;299.39;89.87;82.48;1;1
1709;201007;241.23;90.39;32.23;1;1
1709;201008;242.18;25.8;26.75;1;1
1709;201009;173.85;73.62;5.29;1;1
1709;201010;136.61;71.522;34.282;1;1
1709;201011;164.18;76.309;103.879;1;1
1709;201012;179.13;116.537;131.487;1;1
1709;201101;222.21;119.357;162.437;1;1
1709;201102;268.9;60.311;107.001;1;1
1709;201103;286.5;76.828;94.428;1;1
1709;201104;279.96;81.298;74.758;1;1
1709;201105;262.97;44.681;27.691;1;1
1709;201106;246.15;27.382;10.562;1;1
1709;201107;220.15;30.65;4.65;1;1
1709;201108;198.3;28.2;6.35;1;1
1709;201109;146.67;54.351;2.721;1;1
1709;201110;91.9;66.4;11.63;1;1
1709;201111;109.14;19.35;36.59;1;1
1709;201112;103.81;48.5;43.17;1;1
1709;201201;112.79;19.93;28.91;1;1
1709;201202;115.81;5.95;8.97;1;1
1709;201203;115.5;7.62;7.31;1;1
1709;201204;158.68;3.1;46.28;1;1
1709;201205;243.85;21.04;106.21;1;1
1709;201206;224.19;46.61;26.95;1;1
1709;201207;191.21;45.62;12.64;1;1
1709;201208;169.15;30.64;8.58;1;1
1709;201209;112.97;56.35;0.17;1;1
1709;201210;94.24;42.42;23.69;1;1
1709;201211;84.4;43.46;33.62;1;1
1709;201212;143.91;31.41;90.92;1;1
1709;201301;242.18;48.43;146.7;1;1
1709;201302;261.57;152.16;171.55;1;1
1709;201303;311.9;150.07;200.4;1;1
1709;201304;299.01;211.26;198.37;1;1
1709;201305;310.57;88.71;100.27;1;1
1709;201306;289.55;61.77;40.75;1;1
1709;201307;230.38;62.51;3.34;1;1
1709;201308;218.72;33.01;21.35;1;1
1709;201309;172.84;64.05;18.17;1;1
1709;201310;138.7;68.46;34.32;1;1
1709;201311;172.71;72.01;106.02;1;1
1709;201312;175.23;90.02;92.54;1;1
1709;201401;228.16;164.79;217.72;1;1
1709;201402;239.97;202.21;214.02;1;1
1709;201403;286.67;169.37;216.07;1;1
1709;201404;299.58;175.41;188.32;1;1
1709;201405;310;103;113.42;1;1
1709;201406;266.19;84.1;40.29;1;1
1709;201407;192.58;86.36;12.75;1;1
1709;201408;107.83;85.9;1.15;1;1
1709;201409;94.89;16.51;3.57;1;1
1709;201410;95.82;19.78;20.71;1;1
1709;201411;133.16;35.49;72.83;1;1
1709;201412;138.58;63.88;69.3;1;1
1709;201501;150.42;54.69;66.53;1;1
1709;201502;191.14;112.96;153.68;1;1
1709;201503;260.88;92.45;162.19;1;1
1709;201504;298.25;66.81;104.18;1;1
1709;201505;297.4;94.48;93.63;1;1
1709;201506;249;88.49;40.09;1;1
1709;201507;174.45;85.66;11.11;1;1
1709;201508;147.67;29.89;3.11;1;1
1709;201509;99.9;52.85;5.08;1;1
1709;201510;99.35;30.75;30.2;1;1
1709;201511;108.65;47.92;57.22;1;1
1709;201512;107.94;32.31;31.6;1;1
1709;201601;232.59;32.39;157.04;1;1
1709;201602;266.89;161.071;195.371;1;1
1709;201603;297.02;138.75;168.88;1;1
1709;201604;311.23;187.131;201.341;1;1
1709;201605;319.57;123.66;132;1;1
1709;201606;299.48;79.1;59.01;1;1
1709;201607;243.37;93.92;37.81;1;1
1709;201608;247.65;24.96;29.24;1;1
1709;201609;169.55;80.61;2.51;1;1
1709;201610;84.08;90.24;4.77;1;1
1709;201611;83.37;24.8;24.09;1;1
1709;201612;86.31;15.64;18.58;1;1
1709;201701;93.37;2.71;9.77;1;1
1709;201702;169.96;0.01;76.6;1;1
1709;201703;235.45;0;65.49;1;1
1709;201704;256.35;7.3;28.2;1;1
1709;201705;250.11;24.15;17.91;1;1
1709;201706;237.35;23.51;10.75;1;1
1709;201707;211.43;35.55;9.63;1;1
1709;201708;193.02;24.94;6.53;1;1
1709;201709;97.83;96.58;1.39;1;1
1709;201710;83.53;51.72;37.42;1;1
1709;201711;79.65;25.31;21.43;1;1
1709;201712;109.79;33.24;63.38;1;1
1709;201801;143.71;42.861;76.781;1;1
1709;201802;193.45;53.599;103.339;1;1
1709;201803;302.14;63.681;172.371;1;1
1709;201804;321.66;214.151;233.671;1;1
1709;201805;326.77;107.888;112.998;1;1
1709;201806;314.36;114.758;102.348;1;1
1709;201807;254.25;89.3;29.19;1;1
1709;201808;256.35;22.734;24.834;1;1
1709;201809;152.64;124.777;21.067;1;1
1709;201810;96.2;104.155;47.715;1;1
1709;201811;96.8;76.212;76.812;1;1
1709;201812;99.24;83.56;86;1;1
1709;201901;110.34;39.046;50.146;1;1
1709;201902;155.73;75.393;120.783;1;1
1709;201903;221.97;20.957;87.197;1;1
1709;201904;282.84;12.151;73.021;1;1
1709;201905;307.25;32.52;56.93;1;1
1709;201906;294.27;29.588;16.608;1;1
1709;201907;260.01;55.417;21.157;1;1
1709;201908;216.51;45.768;2.268;1;1
1709;201909;141.38;72.479;;1;1
1709;201910;100.766;79.848;39.234;1;1
1709;201911;215.079;120.798;235.111;1;1
1709;201912;260.18;335.836;380.937;1;1
1709;202001;243.215;168.893;151.928;1;1
1709;202002;250.23;93.861;100.876;1;1
1709;202003;293.908;74.486;118.164;1;1
1709;202004;299.105;48.78;53.977;1;1
1709;202005;294.557;59.95;55.402;1;1
1709;202006;283.886;42.208;31.537;1;1
1709;202007;237.429;79.699;33.242;1;1
1709;202008;215.158;45.778;23.507;1;1
1709;202009;107.562;109.48;1.884;1;1
1709;202010;99.73;52.563;44.731;1;1
1709;202011;106.8;50.565;57.635;1;1
1709;202012;182.6;58.975;134.775;1;1
1709;202101;199.31;138.444;155.154;1;1
1709;202102;272.6;131.739;205.029;1;1
1709;202103;302.71;94.966;125.076;1;1
1709;202104;291.18;54.783;43.253;1;1
1709;202105;286.86;29.737;25.417;1;1
1709;202106;260.43;56.359;29.929;1;1
1709;202107;253.33;35.929;28.829;1;1
1709;202108;217.12;39.983;3.773;1;1
1709;202109;190.36;50.262;23.502;1;1
1710;196210;;;;2;1
1710;196211;;;;2;1
1710;196212;;;;2;1
1710;196301;1.5;;;2;1
1710;196302;;;;2;1
1710;196303;;;;2;1
1710;196304;;;;2;1
1710;196305;;;;2;1
1710;196306;0.81;45.654;45.634;2;1
1710;196307;0.79;66.986;67.026;2;1
1710;196308;0.83;55.581;55.541;2;1
1710;196309;0.79;76.326;76.226;2;1
1710;196310;0.69;118.748;118.863;2;1
1710;196311;0.805;38.638;38.44;2;1
1710;196312;0.607;11.664;11.893;2;1
1710;196401;0.836;61.007;60.921;2;1
1710;196402;0.75;43.286;43.205;2;1
1710;196403;0.669;79.358;79.529;2;1
1710;196404;0.84;78.857;78.857;2;1
1710;196405;0.84;47.736;47.545;2;1
1710;196406;0.649;47.511;47.702;2;1
1710;196407;0.84;62.364;62.364;2;1
1710;196408;0.84;84.516;84.516;2;1
1710;196409;0.84;97.252;97.212;2;1
1710;196410;0.8;50.06;50.06;2;1
1710;196411;0.8;23.579;23.579;2;1
1710;196412;0.8;18.809;18.809;2;1
1710;196501;0.8;12.58;12.48;2;1
1710;196502;0.7;38.923;38.923;2;1
1710;196503;0.7;32.098;31.898;2;1
1710;196504;0.5;74.477;74.777;2;1
1710;196505;0.8;54.518;54.518;2;1
1710;196506;0.8;36.314;36.314;2;1
1710;196507;0.8;33.618;33.618;2;1
1710;196508;0.8;49.118;49.118;2;1
1710;196509;0.8;62.821;62.831;2;1
1710;196510;0.81;36.268;36.208;2;1
1710;196511;0.75;24.174;23.684;2;1
1710;196512;0.26;91.562;92.142;2;1
1710;196601;0.84;181.621;181.021;2;1
1710;196602;0.24;228.308;228.568;2;1
1710;196603;0.5;92.972;92.882;2;1
1710;196604;0.41;110.956;111.386;2;1
1710;196605;0.84;62.77;62.74;2;1
1710;196606;0.81;48.611;48.581;2;1
1710;196607;0.78;92.272;92.092;2;1
1710;196608;0.6;77.179;77.359;2;1
1710;196609;0.78;58.526;58.586;2;1
1710;196610;0.84;83.368;83.368;2;1
1710;196611;0.84;117.247;117.147;2;1
1710;196612;0.74;108.116;108.206;2;1
1710;196701;0.83;85.582;85.592;2;1
1710;196702;0.84;113.097;113.097;2;1
1710;196703;0.84;130.54;130.45;2;1
1710;196704;0.75;85.418;85.268;2;1
1710;196705;0.6;104.116;104.116;2;1
1710;196706;0.6;69.966;70.156;2;1
1710;196707;0.79;57.097;57.097;2;1
1710;196708;0.79;64.411;64.381;2;1
1710;196709;0.76;107.379;107.379;2;1
1710;196710;0.76;64.684;64.424;2;1
1710;196711;0.5;16.774;17.074;2;1
1710;196712;0.8;57.078;56.808;2;1
1710;196801;0.53;82.556;82.706;2;1
1710;196802;0.68;74.968;75.018;2;1
1710;196803;0.73;70.659;70.549;2;1
1710;196804;0.62;33.928;33.988;2;1
1710;196805;0.68;84.948;85.088;2;1
1710;196806;0.82;42.199;42.169;2;1
1710;196807;0.79;101.423;101.433;2;1
1710;196808;0.8;40.735;40.635;2;1
1710;196809;0.7;104.324;104.464;2;1
1710;196810;0.84;140.237;140.107;2;1
1710;196811;0.71;54.823;54.733;2;1
1710;196812;0.62;104.266;103.876;2;1
1710;196901;0.23;141.132;141.692;2;1
1710;196902;0.79;149.367;149.377;2;1
1710;196903;0.8;219.993;219.953;2;1
1710;196904;0.76;132.12;132.18;2;1
1710;196905;0.82;154.629;154.649;2;1
1710;196906;0.84;113.403;113.353;2;1
1710;196907;0.79;127.446;127.496;2;1
1710;196908;0.84;172.245;172.245;2;1
1710;196909;0.84;54.242;54.162;2;1
1710;196910;0.76;110.497;110.447;2;1
1710;196911;0.71;28.503;28.633;2;1
1710;196912;0.84;50.846;50.846;2;1
1710;197001;0.84;130.352;130.232;2;1
1710;197002;0.72;133.419;133.509;2;1
1710;197003;0.81;129.41;129.44;2;1
1710;197004;0.84;54.855;54.855;2;1
1710;197005;0.84;48.643;48.503;2;1
1710;197006;0.7;65.992;66.132;2;1
1710;197007;0.84;104.743;104.743;2;1
1710;197008;0.84;119.128;119.128;2;1
1710;197009;0.84;27.156;27.156;2;1
1710;197010;0.84;27.916;27.916;2;1
1710;197011;0.84;31.501;31.501;2;1
1710;197012;0.84;66.597;66.597;2;1
1710;197101;0.84;98.228;98.228;2;1
1710;197102;0.84;55.408;55.408;2;1
1710;197103;0.84;47.866;47.866;2;1
1710;197104;0.84;114.99;114.99;2;1
1710;197105;0.84;234.965;234.965;2;1
1710;197106;0.84;150.137;150.137;2;1
1710;197107;0.84;70.986;70.986;2;1
1710;197108;0.84;117.357;117.357;2;1
1710;197109;0.84;106.825;106.785;2;1
1710;197110;0.8;76.162;75.982;2;1
1710;197111;0.62;83.385;83.605;2;1
1710;197112;0.84;50.846;50.846;2;1
1710;197201;0.84;59.702;59.702;2;1
1710;197202;0.84;80.326;80.326;2;1
1710;197203;0.84;141.057;141.057;2;1
1710;197204;0.84;125.833;125.833;2;1
1710;197205;0.84;97.597;97.597;2;1
1710;197206;0.84;122.55;122.55;2;1
1710;197207;0.84;171.867;171.867;2;1
1710;197208;0.84;88.672;88.662;2;1
1710;197209;0.83;27.665;27.665;2;1
1710;197210;0.83;114.713;114.723;2;1
1710;197211;0.84;78.417;78.417;2;1
1710;197212;0.84;86.504;86.504;2;1
1710;197301;0.84;76.404;76.404;2;1
1710;197302;0.84;47.771;47.771;2;1
1710;197303;0.84;55.46;55.46;2;1
1710;197304;0.84;32.564;32.564;2;1
1710;197305;0.84;124.269;124.269;2;1
1710;197306;0.84;56.817;56.817;2;1
1710;197307;0.84;86.737;86.737;2;1
1710;197308;0.84;96.362;96.362;2;1
1710;197309;0.84;77.181;77.181;2;1
1710;197310;0.84;93.45;93.45;2;1
1710;197311;0.84;74.563;74.563;2;1
1710;197312;0.84;81.959;81.959;2;1
1710;197401;0.84;118.463;118.463;2;1
1710;197402;0.84;112;112;2;1
1710;197403;0.84;122.636;122.636;2;1
1710;197404;0.84;47.874;47.874;2;1
1710;197405;0.84;56.393;56.393;2;1
1710;197406;0.84;74.399;74.399;2;1
1710;197407;0.84;114.54;114.54;2;1
1710;197408;0.84;84.223;84.223;2;1
1710;197409;0.84;125.608;125.368;2;1
1710;197410;0.6;12.407;12.647;2;1
1710;197411;0.84;19.915;19.915;2;1
1710;197412;0.84;104.276;104.276;2;1
1710;197501;0.84;45.766;45.766;2;1
1710;197502;0.84;32.849;32.849;2;1
1710;197503;0.84;56.929;56.929;2;1
1710;197504;0.84;28.624;28.624;2;1
1710;197505;0.84;27.268;27.258;2;1
1710;197506;0.83;40.738;40.738;2;1
1710;197507;0.83;90.253;90.263;2;1
1710;197508;0.84;66.606;66.606;2;1
1710;197509;0.84;106.782;106.782;2;1
1710;197510;0.84;45.999;45.159;2;1
1710;197511;0;90.901;91.741;2;1
1710;197512;0.84;113.279;113.279;2;1
1710;197601;0.84;11.802;11.802;2;1
1710;197602;0.84;25.453;25.453;2;1
1710;197603;0.84;23.561;23.561;2;1
1710;197604;0.84;30.707;30.707;2;1
1710;197605;0.84;28.063;28.063;2;1
1710;197606;0.84;80.361;80.361;2;1
1710;197607;0.84;68.36;68.07;2;1
1710;197608;0.55;73.112;73.402;2;1
1710;197609;0.84;81.225;81.025;2;1
1710;197610;0.64;14.515;14.715;2;1
1710;197611;0.84;127.267;127.267;2;1
1710;197612;0.84;185.924;185.924;2;1
1710;197701;0.84;154.354;154.354;2;1
1710;197702;0.84;254.517;254.517;2;1
1710;197703;0.84;167.599;167.599;2;1
1710;197704;0.84;60.86;60.86;2;1
1710;197705;0.84;47.192;47.192;2;1
1710;197706;0.84;112.242;112.242;2;1
1710;197707;0.84;111.136;111.136;2;1
1710;197708;0.84;131.06;131.06;2;1
1710;197709;0.84;120.701;119.961;2;1
1710;197710;0.1;65.336;66.076;2;1
1710;197711;0.84;53.508;53.508;2;1
1710;197712;0.84;58.527;58.527;2;1
1710;197801;0.84;81.553;81.553;2;1
1710;197802;0.84;153.757;153.757;2;1
1710;197803;0.84;186.641;186.641;2;1
1710;197804;0.84;121.824;121.824;2;1
1710;197805;0.84;126.516;126.516;2;1
1710;197806;0.84;117.193;117.193;2;1
1710;197807;0.84;121.202;121.202;2;1
1710;197808;0.84;106.834;106.834;2;1
1710;197809;0.84;20.045;20.045;2;1
1710;197810;0.84;88.439;88.439;2;1
1710;197811;0.84;47.313;47.313;2;1
1710;197812;0.84;95.178;95.178;2;1
1710;197901;0.84;202.573;202.573;2;1
1710;197902;0.84;310.928;310.928;2;1
1710;197903;0.84;173.154;173.154;2;1
1710;197904;0.84;181.993;181.993;2;1
1710;197905;0.84;125.021;125.021;2;1
1710;197906;0.84;137.411;137.371;2;1
1710;197907;0.8;119.526;119.566;2;1
1710;197908;0.84;103.248;103.248;2;1
1710;197909;0.84;46.812;46.812;2;1
1710;197910;0.84;29.411;29.411;2;1
1710;197911;0.84;116.277;116.277;2;1
1710;197912;0.84;100.31;100.31;2;1
1710;198001;0.84;107.879;107.879;2;1
1710;198002;0.84;141.238;141.238;2;1
1710;198003;0.84;92.776;92.776;2;1
1710;198004;0.84;75.393;75.393;2;1
1710;198005;0.84;74.088;74.088;2;1
1710;198006;0.84;108.38;108.38;2;1
1710;198007;0.84;113.979;113.979;2;1
1710;198008;0.84;101.632;101.542;2;1
1710;198009;0.75;17.608;16.938;2;1
1710;198010;0.08;112.018;112.018;2;1
1710;198011;0.08;54.173;54.173;2;1
1710;198012;0.08;31.666;31.666;2;1
1710;198101;0.08;51.425;51.425;2;1
1710;198102;0.08;10.359;10.359;2;1
1710;198103;0.08;30.059;30.059;2;1
1710;198104;0.08;33.376;33.376;2;1
1710;198105;0.08;49.939;49.939;2;1
1710;198106;0.08;102.894;102.894;2;1
1710;198107;0.08;108.622;108.622;2;1
1710;198108;0.08;104.38;104.37;2;1
1710;198109;0.07;19.846;19.856;2;1
1710;198110;0.08;109.927;109.927;2;1
1710;198111;0.08;32.78;32.78;2;1
1710;198112;0.08;79.747;79.747;2;1
1710;198201;0.08;144.651;144.681;2;1
1710;198202;0.11;128.641;128.641;2;1
1710;198203;0.11;91.705;91.705;2;1
1710;198204;0.11;29.799;29.799;2;1
1710;198205;0.11;21.833;21.833;2;1
1710;198206;0.11;89.433;89.433;2;1
1710;198207;0.11;89.001;89.001;2;1
1710;198208;0.11;88.94;88.92;2;1
1710;198209;0.09;17.029;18.069;2;1
1710;198210;1.13;91.92;91.92;2;1
1710;198211;1.13;64.44;64.44;2;1
1710;198212;1.13;121.49;121.49;2;1
1710;198301;1.13;120.52;120.52;2;1
1710;198302;1.13;85.53;85.53;2;1
1710;198303;1.13;51.78;51.78;2;1
1710;198304;1.13;92.9;92.9;2;1
1710;198305;1.13;174.98;174.98;2;1
1710;198306;1.13;145.48;145.48;2;1
1710;198307;1.13;122.16;122.16;2;1
1710;198308;1.13;111.31;111.31;2;1
1710;198309;1.13;24.97;24.97;2;1
1710;198310;1.13;78.23;78.23;2;1
1710;198311;1.13;37.01;37.01;2;1
1710;198312;1.13;38.49;38.49;2;1
1710;198401;1.13;52.73;52.7;2;1
1710;198402;1.1;102.74;102.77;2;1
1710;198403;1.13;88.94;88.94;2;1
1710;198404;1.13;119.72;119.72;2;1
1710;198405;1.13;95.03;95.03;2;1
1710;198406;1.13;143.32;143.32;2;1
1710;198407;1.13;132.73;132.73;2;1
1710;198408;1.13;79.02;79.02;2;1
1710;198409;1.13;43.52;43.38;2;1
1710;198410;0.99;125.74;125.83;2;1
1710;198411;1.08;116.15;116.19;2;1
1710;198412;1.12;136.79;136.8;2;1
1710;198501;1.13;129.4;129.37;2;1
1710;198502;1.1;174.47;174.5;2;1
1710;198503;1.13;153.98;153.98;2;1
1710;198504;1.13;161.51;161.51;2;1
1710;198505;1.13;94.57;94.57;2;1
1710;198506;1.13;130.39;130.39;2;1
1710;198507;1.13;98.97;98.97;2;1
1710;198508;1.13;69.98;69.87;2;1
1710;198509;1.02;41.72;41.83;2;1
1710;198510;1.13;76.97;76.97;2;1
1710;198511;1.13;28.98;28.98;2;1
1710;198512;1.13;24.61;24.6;2;1
1710;198601;1.12;78.94;78.84;2;1
1710;198602;1.02;74.73;74.75;2;1
1710;198603;1.04;110.09;110.15;2;1
1710;198604;1.1;106.98;107;2;1
1710;198605;1.12;76.57;76.55;2;1
1710;198606;1.1;94.93;94.93;2;1
1710;198607;1.1;93.92;93.95;2;1
1710;198608;1.13;54.86;54.84;2;1
1710;198609;1.11;48.51;48.26;2;1
1710;198610;0.86;99.77;99.77;2;1
1710;198611;0.86;31.39;31.38;2;1
1710;198612;0.85;14.32;14.33;2;1
1710;198701;0.86;11.3;11.29;2;1
1710;198702;0.85;21.86;21.86;2;1
1710;198703;0.85;22.94;22.94;2;1
1710;198704;0.85;27.92;27.91;2;1
1710;198705;0.84;17.7;17.67;2;1
1710;198706;0.81;68.22;68.26;2;1
1710;198707;0.85;83.81;83.78;2;1
1710;198708;0.82;45.98;46;2;1
1710;198709;0.84;28.96;28.92;2;1
1710;198710;0.8;79.3;79.35;2;1
1710;198711;0.85;119.95;119.94;2;1
1710;198712;0.84;147.62;147.54;2;1
1710;198801;0.76;147.73;147.78;2;1
1710;198802;0.81;178.17;178.22;2;1
1710;198803;0.86;88.85;88.85;2;1
1710;198804;0.86;82.98;82.97;2;1
1710;198805;0.85;154.35;154.35;2;1
1710;198806;0.85;114.83;114.82;2;1
1710;198807;0.84;127.76;127.69;2;1
1710;198808;0.77;76.73;76.8;2;1
1710;198809;0.84;45.88;45.86;2;1
1710;198810;0.82;85.72;85.73;2;1
1710;198811;0.83;23.38;23.39;2;1
1710;198812;0.84;8.19;8.16;2;1
1710;198901;0.81;7.67;7.67;2;1
1710;198902;0.81;11.98;12;2;1
1710;198903;0.83;38.82;38.7;2;1
1710;198904;0.71;55.97;55.9;2;1
1710;198905;0.64;30.15;30.28;2;1
1710;198906;0.77;59.14;59.18;2;1
1710;198907;0.81;94.04;94.04;2;1
1710;198908;0.81;52.6;52.58;2;1
1710;198909;0.79;31.13;30.95;2;1
1710;198910;0.83;63.7;63.7;1;1
1710;198911;0.72;37.55;37.44;1;1
1710;198912;0.85;92.63;92.76;1;1
1710;199001;0.86;143.761;143.771;1;1
1710;199002;0.73;107.58;107.45;1;1
1710;199003;0.64;27.94;27.85;1;1
1710;199004;0.58;15.01;14.95;1;1
1710;199005;0.78;19.15;19.35;1;1
1710;199006;0.8;65.85;65.87;1;1
1710;199007;0.8;61.93;61.93;1;1
1710;199008;0.72;19.72;19.64;1;1
1710;199009;0.64;29.06;28.98;1;1
1710;199010;0.8;64.65;64.81;1;1
1710;199011;0.8;78.07;78.07;1;1
1710;199012;0.77;37.08;37.05;1;1
1710;199101;0.85;120.66;120.74;1;1
1710;199102;0.74;94.3;94.19;1;1
1710;199103;0.59;104.6;104.45;1;1
1710;199104;0.84;117.09;117.34;1;1
1710;199105;0.81;73.17;73.14;1;1
1710;199106;0.6;100.46;100.25;1;1
1710;199107;0.78;91.82;92;1;1
1710;199108;0.81;25.421;25.451;1;1
1710;199109;0.82;66.72;66.73;1;1
1710;199110;0.82;61;61;1;1
1710;199111;0.85;89.36;89.39;1;1
1710;199112;0.83;17.08;17.06;1;1
1710;199201;0.81;37.87;37.85;1;1
1710;199202;0.83;5.77;5.79;1;1
1710;199203;0.78;8.69;8.64;1;1
1710;199204;0.81;37.12;37.15;1;1
1710;199205;0.59;46.84;46.62;1;1
1710;199206;0.8;75.55;75.76;1;1
1710;199207;0.8;95.12;95.12;1;1
1710;199208;0.8;32.281;32.281;1;1
1710;199209;0.84;88.72;88.76;1;1
1710;199210;0.75;84.08;83.99;1;1
1710;199211;0.59;44.62;44.46;1;1
1710;199212;0.83;83.8;84.04;1;1
1710;199301;0.75;86.36;86.28;1;1
1710;199302;0.73;15.38;15.36;1;1
1710;199303;0.76;1.68;1.71;1;1
1710;199304;0.8;4.77;4.81;1;1
1710;199305;0.84;37.72;37.76;1;1
1710;199306;0.8;101.66;101.62;1;1
1710;199307;0.79;100.39;100.38;1;1
1710;199308;0.81;56.25;56.27;1;1
1710;199309;0.82;33.031;33.041;1;1
1710;199310;0.85;123.53;123.56;1;1
1710;199311;0.83;151.951;151.931;1;1
1710;199312;0.79;127.329;127.289;1;1
1710;199401;0.85;173.23;173.29;1;1
1710;199402;0.85;134.199;134.199;1;1
1710;199403;0.85;129.979;129.979;1;1
1710;199404;0.78;78.95;78.88;1;1
1710;199405;0.83;52.63;52.68;1;1
1710;199406;0.79;67.26;67.22;1;1
1710;199407;0.72;51.11;51.04;1;1
1710;199408;0.83;27.93;28.04;1;1
1710;199409;0.84;6.89;6.9;1;1
1710;199410;0.81;46.57;46.54;1;1
1710;199411;0.83;50.14;50.16;1;1
1710;199412;0.74;66.32;66.23;1;1
1710;199501;0.81;74;74.07;1;1
1710;199502;0.84;111.54;111.57;1;1
1710;199503;0.78;164.52;164.46;1;1
1710;199504;0.77;70.29;70.28;1;1
1710;199505;0.84;29.34;29.41;1;1
1710;199506;0.82;64.24;64.22;1;1
1710;199507;0.81;62.03;62.02;1;1
1710;199508;0.81;65.05;65.05;1;1
1710;199509;0.77;7.61;7.57;1;1
1710;199510;0.8;37.75;37.78;1;1
1710;199511;0.78;49.42;49.4;1;1
1710;199512;0.85;73.4;73.47;1;1
1710;199601;0.86;253.091;253.101;1;1
1710;199602;0.85;133.86;133.85;1;1
1710;199603;0.85;90.01;90.01;1;1
1710;199604;0.84;122.04;122.03;1;1
1710;199605;0.85;108.81;108.82;1;1
1710;199606;0.84;87.35;87.34;1;1
1710;199607;0.79;58.37;58.32;1;1
1710;199608;0.8;24.049;24.059;1;1
1710;199609;0.82;7.24;7.26;1;1
1710;199610;0.81;43.1;43.09;1;1
1710;199611;0.79;58.05;58.03;1;1
1710;199612;0.81;85.77;85.79;1;1
1710;199701;0.84;111.89;111.92;1;1
1710;199702;0.84;72.29;72.29;1;1
1710;199703;0.85;71.91;71.92;1;1
1710;199704;0.82;23.02;22.99;1;1
1710;199705;0.72;9.12;9.02;1;1
1710;199706;0.77;42.48;42.53;1;1
1710;199707;0.86;96.3;96.39;1;1
1710;199708;0.8;24.059;23.999;1;1
1710;199709;0.75;10.27;10.22;1;1
1710;199710;0.69;81.4;81.34;1;1
1710;199711;0.82;52.73;52.86;1;1
1710;199712;0.85;117.72;117.75;1;1
1710;199801;0.81;139.85;139.81;1;1
1710;199802;0.82;73.8;73.81;1;1
1710;199803;0.82;48.52;48.52;1;1
1710;199804;0.82;126.99;126.99;1;1
1710;199805;0.84;160.86;160.88;1;1
1710;199806;0.77;123.93;123.86;1;1
1710;199807;0.77;25.859;25.859;1;1
1710;199808;0.82;19.859;19.909;1;1
1710;199809;0.76;16.38;16.32;1;1
1710;199810;0.84;121.87;121.95;1;1
1710;199811;0.72;71.44;71.32;1;1
1710;199812;0.8;7.46;7.54;1;1
1710;199901;0.65;9.75;9.6;1;1
1710;199902;0.77;4.44;4.56;1;1
1710;199903;0.74;6.92;6.89;1;1
1710;199904;0.73;33.42;33.41;1;1
1710;199905;0.78;65.23;65.28;1;1
1710;199906;0.82;55.84;55.88;1;1
1710;199907;0.82;70.81;70.81;1;1
1710;199908;0.81;84.29;84.28;1;1
1710;199909;0.82;11.08;11.09;1;1
1710;199910;0.83;74.3;74.31;1;1
1710;199911;0.85;131.85;131.87;1;1
1710;199912;0.79;132.91;132.85;1;1
1710;200001;0.83;126.66;126.7;1;1
1710;200002;0.84;14.73;14.74;1;1
1710;200003;0.82;1.981;1.961;1;1
1710;200004;0.77;38.95;38.9;1;1
1710;200005;0.84;128.27;128.34;1;1
1710;200006;0.76;70.42;70.34;1;1
1710;200007;0.83;46.63;46.7;1;1
1710;200008;0.81;54.37;54.35;1;1
1710;200009;0.68;17.521;17.391;1;1
1710;200010;0.73;70.86;70.91;1;1
1710;200011;0.85;102.28;102.4;1;1
1710;200012;0.84;249.97;249.96;1;1
1710;200101;0.84;275.65;275.65;1;1
1710;200102;0.84;196.39;196.39;1;1
1710;200103;0.8;328.87;328.83;1;1
1710;200104;0.72;178.27;178.19;1;1
1710;200105;0.74;87.9;87.92;1;1
1710;200106;0.8;60.18;60.24;1;1
1710;200107;0.84;70.05;70.09;1;1
1710;200108;0.85;38.65;38.66;1;1
1710;200109;0.77;20.34;20.26;1;1
1710;200110;0.75;69.04;69.02;1;1
1710;200111;0.76;47.44;47.45;1;1
1710;200112;0.75;10.4;10.39;1;1
1710;200201;0.78;3.601;3.631;1;1
1710;200202;0.81;0.97;1;1;1
1710;200203;0.72;0.311;0.221;1;1
1710;200204;0.8;7.72;7.8;1;1
1710;200205;0.82;12.51;12.53;1;1
1710;200206;0.83;18.47;18.48;1;1
1710;200207;0.84;56.3;56.31;1;1
1710;200208;0.78;25.2;25.14;1;1
1710;200209;0.77;18.83;18.82;1;1
1710;200210;0.66;70.96;70.85;1;1
1710;200211;0.78;80.57;80.69;1;1
1710;200212;0.82;148.69;148.73;1;1
1710;200301;0.81;247.11;247.1;1;1
1710;200302;0.77;106.5;106.46;1;1
1710;200303;0.81;127.63;127.67;1;1
1710;200304;0.82;126.14;126.15;1;1
1710;200305;0.81;44.45;44.44;1;1
1710;200306;0.8;47.74;47.73;1;1
1710;200307;0.8;91.41;91.41;1;1
1710;200308;0.81;67.95;67.96;1;1
1710;200309;0.8;19.62;19.61;1;1
1710;200310;0.73;31.34;31.27;1;1
1710;200311;0.81;19.14;19.22;1;1
1710;200312;0.79;74.83;74.81;1;1
1710;200401;0.82;96.27;96.3;1;1
1710;200402;0.8;65.46;65.44;1;1
1710;200403;0.71;43.75;43.66;1;1
1710;200404;0.75;33.89;33.93;1;1
1710;200405;0.8;41.3;41.35;1;1
1710;200406;0.78;40.22;40.2;1;1
1710;200407;0.82;48.21;48.25;1;1
1710;200408;0.79;56.9;56.87;1;1
1710;200409;0.83;8.17;8.21;1;1
1710;200410;0.74;79.78;79.69;1;1
1710;200411;0.84;88.31;88.41;1;1
1710;200412;0.85;62.08;62.09;1;1
1710;200501;0.8;23.96;23.91;1;1
1710;200502;0.79;5.94;5.93;1;1
1710;200503;0.75;1.261;1.221;1;1
1710;200504;0.74;6.7;6.69;1;1
1710;200505;0.8;72.22;72.28;1;1
1710;200506;0.85;54.23;54.28;1;1
1710;200507;0.85;54.15;54.15;1;1
1710;200508;0.8;18.249;18.199;1;1
1710;200509;0.84;51.25;51.29;1;1
1710;200510;0.76;48.02;47.94;1;1
1710;200511;0.74;39.62;39.6;1;1
1710;200512;0.73;9.28;9.27;1;1
1710;200601;0.8;0.321;0.391;1;1
1710;200602;0.78;1.34;1.32;1;1
1710;200603;0.82;64.68;64.72;1;1
1710;200604;0.84;123.56;123.58;1;1
1710;200605;0.86;69.25;69.27;1;1
1710;200606;0.84;37.99;37.97;1;1
1710;200607;0.75;57.71;57.62;1;1
1710;200608;0.77;17.889;17.909;1;1
1710;200609;0.76;52.33;52.32;1;1
1710;200610;0.74;76.68;76.66;1;1
1710;200611;0.84;103.59;103.69;1;1
1710;200612;0.84;134.35;134.35;1;1
1710;200701;0.76;129.16;129.08;1;1
1710;200702;0.84;74.42;74.5;1;1
1710;200703;0.81;144.49;144.46;1;1
1710;200704;0.79;93;92.98;1;1
1710;200705;0.81;29.24;29.26;1;1
1710;200706;0.82;63.36;63.37;1;1
1710;200707;0.79;73.53;73.5;1;1
1710;200708;0.79;18.419;18.419;1;1
1710;200709;0.79;24.86;24.86;1;1
1710;200710;0.86;58.03;58.1;1;1
1710;200711;0.81;25.72;25.67;1;1
1710;200712;0.82;5.93;5.94;1;1
1710;200801;0.78;6.2;6.16;1;1
1710;200802;0.78;3.53;3.53;1;1
1710;200803;0.69;1.429;1.339;1;1
1710;200804;0.63;5.321;5.261;1;1
1710;200805;0.79;74.58;74.74;1;1
1710;200806;0.81;90.46;90.48;1;1
1710;200807;0.79;41.829;41.809;1;1
1710;200808;0.76;17.809;17.779;1;1
1710;200809;0.8;83.96;84;1;1
1710;200810;0.7;45.46;45.36;1;1
1710;200811;0.68;22.51;22.49;1;1
1710;200812;0.72;58.57;58.61;1;1
1710;200901;0.77;39.99;40.04;1;1
1710;200902;0.8;121.8;121.83;1;1
1710;200903;0.82;139.94;139.96;1;1
1710;200904;0.76;88.65;88.59;1;1
1710;200905;0.85;34.95;35.04;1;1
1710;200906;0.84;24.85;24.84;1;1
1710;200907;0.84;33.24;33.24;1;1
1710;200908;0.72;24.67;24.55;1;1
1710;200909;0.82;54.33;54.43;1;1
1710;200910;0.79;63.47;63.44;1;1
1710;200911;0.84;96.16;96.21;1;1
1710;200912;0.83;146.53;146.52;1;1
1710;201001;0.84;163.46;163.47;1;1
1710;201002;0.69;94.06;93.91;1;1
1710;201003;0.83;139.81;139.95;1;1
1710;201004;0.85;163.4;163.42;1;1
1710;201005;0.82;106.62;106.59;1;1
1710;201006;0.82;98.83;98.83;1;1
1710;201007;0.85;95.22;95.25;1;1
1710;201008;0.79;25.371;25.311;1;1
1710;201009;0.82;72.91;72.94;1;1
1710;201010;0.81;80.998;80.988;1;1
1710;201011;0.83;90.151;90.171;1;1
1710;201012;0.76;130.519;130.449;1;1
1710;201101;0.84;135.098;135.178;1;1
1710;201102;0.68;78;77.84;1;1
1710;201103;0.73;96.809;96.859;1;1
1710;201104;0.73;93.328;93.328;1;1
1710;201105;0.85;53.978;54.098;1;1
1710;201106;0.82;30.118;30.088;1;1
1710;201107;0.83;28.309;28.319;1;1
1710;201108;0.64;25.079;24.889;1;1
1710;201109;0.8;54.119;54.279;1;1
1710;201110;0.82;68.59;68.61;1;1
1710;201111;0.78;24.02;23.98;1;1
1710;201112;0.81;54.39;54.42;1;1
1710;201201;0.76;23.149;23.099;1;1
1710;201202;0.76;6.379;6.379;1;1
1710;201203;0.83;7.749;7.819;1;1
1710;201204;0.81;12.17;12.15;1;1
1710;201205;0.82;30.18;30.19;1;1
1710;201206;0.83;49.95;49.96;1;1
1710;201207;0.71;49.5;49.38;1;1
1710;201208;0.82;29.22;29.33;1;1
1710;201209;0.85;57.02;57.05;1;1
1710;201210;0.75;48.93;48.83;1;1
1710;201211;0.81;48.18;48.24;1;1
1710;201212;0.65;39.42;39.26;1;1
1710;201301;0.85;80.56;80.76;1;1
1710;201302;0.84;162.64;162.63;1;1
1710;201303;0.8;185.49;185.45;1;1
1710;201304;0.82;224.47;224.49;1;1
1710;201305;0.78;98.76;98.72;1;1
1710;201306;0.74;68.82;68.78;1;1
1710;201307;0.8;68.06;68.12;1;1
1710;201308;0.84;33.841;33.881;1;1
1710;201309;0.83;67.69;67.68;1;1
1710;201310;0.77;75.35;75.29;1;1
1710;201311;0.59;84.58;84.4;1;1
1710;201312;0.78;102.63;102.82;1;1
1710;201401;0.83;175.77;175.82;1;1
1710;201402;0.83;198.18;198.18;1;1
1710;201403;0.74;182.67;182.58;1;1
1710;201404;0.84;191.93;192.03;1;1
1710;201405;0.76;109;108.92;1;1
1710;201406;0.75;88.99;88.98;1;1
1710;201407;0.85;89.97;90.07;1;1
1710;201408;0.82;86.7;86.67;1;1
1710;201409;0.71;16.13;16.02;1;1
1710;201410;0.74;24.82;24.85;1;1
1710;201411;0.78;45.65;45.69;1;1
1710;201412;0.77;74.91;74.9;1;1
1710;201501;0.72;66.65;66.6;1;1
1710;201502;0.84;130.49;130.61;1;1
1710;201503;0.82;98.52;98.5;1;1
1710;201504;0.76;73.62;73.56;1;1
1710;201505;0.77;99.83;99.84;1;1
1710;201506;0.82;90.8;90.85;1;1
1710;201507;0.79;83.64;83.61;1;1
1710;201508;0.78;26.8;26.79;1;1
1710;201509;0.8;57.95;57.97;1;1
1710;201510;0.76;46.55;46.51;1;1
1710;201511;0.73;62.6;62.57;1;1
1710;201512;0.81;37.72;37.8;1;1
1710;201601;0.84;93.74;93.77;1;1
1710;201602;0.84;175.331;175.331;1;1
1710;201603;0.83;165.07;165.06;1;1
1710;201604;0.85;197.641;197.661;1;1
1710;201605;0.81;153.1;153.06;1;1
1710;201606;0.86;89.84;89.89;1;1
1710;201607;0.84;97.72;97.7;1;1
1710;201608;0.77;25.501;25.431;1;1
1710;201609;0.83;80.27;80.33;1;1
1710;201610;0.81;91.69;91.67;1;1
1710;201611;0.72;30.64;30.55;1;1
1710;201612;0.74;23.47;23.49;1;1
1710;201701;0.73;7.22;7.21;1;1
1710;201702;0.76;15.51;15.54;1;1
1710;201703;0.75;7.59;7.58;1;1
1710;201704;0.77;14.53;14.55;1;1
1710;201705;0.8;28.78;28.81;1;1
1710;201706;0.83;26.81;26.84;1;1
1710;201707;0.8;37.16;37.13;1;1
1710;201708;0.8;24.701;24.701;1;1
1710;201709;0.8;95.62;95.62;1;1
1710;201710;0.69;52.74;52.63;1;1
1710;201711;0.76;28.91;28.98;1;1
1710;201712;0.75;43.23;43.22;1;1
1710;201801;0.66;55.664;55.574;1;1
1710;201802;0.75;64.071;64.161;1;1
1710;201803;0.85;79.303;79.403;1;1
1710;201804;0.84;199.616;199.606;1;1
1710;201805;0.76;115.262;115.182;1;1
1710;201806;0.8;125.756;125.796;1;1
1710;201807;0.77;97.96;97.93;1;1
1710;201808;0.78;25.219;25.229;1;1
1710;201809;0.82;123.917;123.957;1;1
1710;201810;0.8;106.503;106.483;1;1
1710;201811;0.65;87.956;87.806;1;1
1710;201812;0.77;93.939;94.059;1;1
1710;201901;0.84;48.844;48.914;1;1
1710;201902;0.71;88.409;88.279;1;1
1710;201903;0.78;28.487;28.557;1;1
1710;201904;0.72;19.559;19.499;1;1
1710;201905;0.78;40.523;40.583;1;1
1710;201906;0.83;34.34;34.39;1;1
1710;201907;0.79;59.472;59.432;1;1
1710;201908;0.81;6.696;6.716;1;1
1710;201909;0.76;6.48;6.43;1;1
1710;201910;0.73;74.755;74.725;1;1
1710;201911;0.838;91.22;91.328;1;1
1710;201912;0.843;286.448;286.453;1;1
1710;202001;0.673;153.533;153.363;1;1
1710;202002;0.7;100.792;100.819;1;1
1710;202003;0.78;93.127;93.207;1;1
1710;202004;0.753;63.911;63.884;1;1
1710;202005;0.79;72.182;72.219;1;1
1710;202006;0.815;50.257;50.282;1;1
1710;202007;0.83;83.21;83.225;1;1
1710;202008;0.813;44.834;44.817;1;1
1710;202009;0.78;109.335;109.302;1;1
1710;202010;0.8;56.833;56.853;1;1
1710;202011;0.81;59.681;59.691;1;1
1710;202012;0.84;72.776;72.806;1;1
1710;202101;0.82;142.081;142.061;1;1
1710;202102;0.84;130.335;130.355;1;1
1710;202103;0.76;102.217;102.137;1;1
1710;202104;0.79;57.812;57.842;1;1
1710;202105;0.71;32.582;32.502;1;1
1710;202106;0.83;66.437;66.557;1;1
1710;202107;0.79;42.893;42.853;1;1
1710;202108;0.83;44.495;44.535;1;1
1710;202109;0.83;52.598;52.598;1;1
1711;196910;4.75;101.968;109.218;2;1
1711;196911;12;28.473;23.913;2;1
1711;196912;7.44;42.023;46.153;2;1
1711;197001;11.57;127.595;126.835;2;1
1711;197002;10.81;125.381;127.811;2;1
1711;197003;13.24;114.82;112.55;2;1
1711;197004;10.97;46.546;43.276;2;1
1711;197005;7.7;33.038;34.008;2;1
1711;197006;8.67;113.101;113.951;2;1
1711;197007;9.52;81.249;78.379;2;1
1711;197008;6.65;98.748;92.848;2;1
1711;197009;0.75;0.52;0;2;1
1711;197010;0.23;0;0;2;1
1711;197011;0.23;0;12.93;2;1
1711;197012;13.16;66.319;59.709;2;1
1711;197101;6.55;44.118;47.238;2;1
1711;197102;9.67;46.682;48.482;2;1
1711;197103;11.47;35.289;34.329;2;1
1711;197104;10.51;104.497;103.227;2;1
1711;197105;9.24;112.158;115.618;2;1
1711;197106;12.7;135.792;135.292;2;1
1711;197107;12.2;51.941;50.241;2;1
1711;197108;10.5;97.828;97.908;2;1
1711;197109;10.58;89.178;87.418;2;1
1711;197110;8.82;56.431;60.581;2;1
1711;197111;12.97;71.341;69.721;2;1
1711;197112;11.35;74.282;73.972;2;1
1711;197201;11.04;34.479;33.799;2;1
1711;197202;10.36;69.485;69.385;2;1
1711;197203;10.26;128.65;128.97;2;1
1711;197204;10.58;116.589;116.349;2;1
1711;197205;10.34;68.569;69.219;2;1
1711;197206;10.99;88.138;84.968;2;1
1711;197207;7.82;127.31;129.62;2;1
1711;197208;10.13;67.541;57.581;2;1
1711;197209;0.17;0;5.07;2;1
1711;197210;5.24;88.462;96.552;2;1
1711;197211;13.33;69.901;68.331;2;1
1711;197212;11.76;87.017;86.267;2;1
1711;197301;11.01;71.42;71.88;2;1
1711;197302;11.47;42.199;42.309;2;1
1711;197303;11.58;41.671;39.951;2;1
1711;197304;9.86;15.941;15.381;2;1
1711;197305;9.3;99.159;100.619;2;1
1711;197306;10.76;32.781;33.551;2;1
1711;197307;11.53;59.758;59.498;2;1
1711;197308;11.27;85.321;74.151;2;1
1711;197309;0.1;48.559;58.669;2;1
1711;197310;10.21;87.339;87.979;2;1
1711;197311;10.85;60.14;59.46;2;1
1711;197312;10.17;69.229;69.329;2;1
1711;197401;10.27;111.869;110.159;2;1
1711;197402;8.56;107.502;108.672;2;1
1711;197403;9.73;115.112;115.002;2;1
1711;197404;9.62;42.75;44.08;2;1
1711;197405;10.95;40.64;39.51;2;1
1711;197406;9.82;54.919;57.089;2;1
1711;197407;11.99;103.649;100.759;2;1
1711;197408;9.1;60.671;62.641;2;1
1711;197409;11.07;110.458;105.438;2;1
1711;197410;6.05;0.919;2.859;2;1
1711;197411;7.99;5.68;8.2;2;1
1711;197412;10.51;96.32;96.11;2;1
1711;197501;10.3;38.39;37.87;2;1
1711;197502;9.78;28.781;27.351;2;1
1711;197503;8.35;50.608;52.448;2;1
1711;197504;10.19;22.611;19.721;2;1
1711;197505;7.3;13.23;14.7;2;1
1711;197506;8.77;20.085;21.085;2;1
1711;197507;9.77;68.409;66.609;2;1
1711;197508;7.97;43.709;48.799;2;1
1711;197509;13.06;100.16;99.71;2;1
1711;197510;12.61;54.468;43.508;2;1
1711;197511;1.65;76.451;84.711;2;1
1711;197512;9.91;116.119;115.809;2;1
1711;197601;9.6;9.463;8.883;2;1
1711;197602;9.02;21.59;21.87;2;1
1711;197603;9.3;23.82;23.84;2;1
1711;197604;9.32;28.974;27.664;2;1
1711;197605;8.01;10.311;9.671;2;1
1711;197606;7.37;53.46;56.52;2;1
1711;197607;10.43;51.329;51.339;2;1
1711;197608;10.44;58.318;59.288;2;1
1711;197609;11.41;75.616;67.966;2;1
1711;197610;3.76;7.465;16.725;2;1
1711;197611;13.02;128.874;124.454;2;1
1711;197612;8.6;151.736;153.036;2;1
1711;197701;9.9;136.59;136.46;2;1
1711;197702;9.77;128.641;130.091;2;1
1711;197703;11.22;131.224;127.814;2;1
1711;197704;7.81;59.149;57.749;2;1
1711;197705;6.41;30.871;32.351;2;1
1711;197706;7.89;97.684;97.534;2;1
1711;197707;7.74;89.018;91.048;2;1
1711;197708;9.77;113.288;113.388;2;1
1711;197709;9.87;108.19;98.58;2;1
1711;197710;0.26;57.413;69.863;2;1
1711;197711;12.71;54.086;49.916;2;1
1711;197712;8.54;106.108;107.828;2;1
1711;197801;10.26;73.673;73.533;2;1
1711;197802;10.12;126.567;125.127;2;1
1711;197803;8.68;141.376;139.726;2;1
1711;197804;7.03;114.895;121.405;2;1
1711;197805;13.54;119.923;114.693;2;1
1711;197806;8.31;104.328;105.968;2;1
1711;197807;9.95;102.738;100.758;2;1
1711;197808;7.97;98.081;90.111;2;1
1711;197809;0;0;8.3;2;1
1711;197810;8.3;70.908;75.848;2;1
1711;197811;13.24;44.297;44.147;2;1
1711;197812;13.09;98.531;97.151;2;1
1711;197901;11.71;137.73;135.71;2;1
1711;197902;9.69;130.429;130.139;2;1
1711;197903;9.4;152.617;153.777;2;1
1711;197904;10.56;156.738;158.788;2;1
1711;197905;12.61;102.133;98.543;2;1
1711;197906;9.02;126.109;128.959;2;1
1711;197907;11.87;102.738;102.328;2;1
1711;197908;11.46;86.314;84.624;2;1
1711;197909;9.77;29.687;27.957;2;1
1711;197910;8.04;26.404;27.414;2;1
1711;197911;9.05;115.923;111.973;2;1
1711;197912;5.1;89.061;85.141;2;1
1711;198001;1.18;0.924;0.314;2;1
1711;198002;0.57;1.184;1.244;2;1
1711;198003;0.63;1.115;1.235;2;1
1711;198004;0.75;1.045;1.255;2;1
1711;198005;0.96;1.313;1.543;2;1
1711;198006;1.19;1.123;0.913;2;1
1711;198007;0.98;1.529;1.459;2;1
1711;198008;0.91;0.829;0.599;2;1
1711;198009;0.68;1.236;11.446;2;1
1711;198010;10.89;105.192;102.742;2;1
1711;198011;8.44;48.22;47.16;2;1
1711;198012;7.38;25.972;30.082;2;1
1711;198101;11.49;45.17;46.05;2;1
1711;198102;12.37;13.245;9.235;2;1
1711;198103;8.36;29.428;29.708;2;1
1711;198104;8.64;30.784;29.074;2;1
1711;198105;6.93;36.815;36.395;2;1
1711;198106;6.51;83.592;85.982;2;1
1711;198107;8.9;88.629;86.589;2;1
1711;198108;6.86;90.858;84.168;2;1
1711;198109;0.17;1.711;9.321;2;1
1711;198110;7.78;97.58;102.52;2;1
1711;198111;12.72;31.493;29.813;2;1
1711;198112;11.04;79.894;80.784;2;1
1711;198201;11.93;184.853;184.343;2;1
1711;198202;11.42;124.917;125.237;2;1
1711;198203;11.74;91.791;88.541;2;1
1711;198204;8.49;19.57;17.75;2;1
1711;198205;6.67;1.547;0.977;2;1
1711;198206;6.1;65.517;70.767;2;1
1711;198207;11.35;72.93;67.15;2;1
1711;198208;5.57;72.74;67.34;2;1
1711;198209;0.17;0;1.02;2;1
1711;198210;1.19;81.79;88.57;2;1
1711;198211;7.97;60.19;61.51;2;1
1711;198212;9.29;125.11;120.81;2;1
1711;198301;4.99;111.3;118.1;2;1
1711;198302;11.79;82.19;82.47;2;1
1711;198303;12.07;56.76;56.65;2;1
1711;198304;11.96;96.13;90.12;2;1
1711;198305;5.95;129.89;134.86;2;1
1711;198306;10.92;127.53;124.48;2;1
1711;198307;7.87;103.72;107.07;2;1
1711;198308;11.22;95.68;91.73;2;1
1711;198309;7.27;14.94;9.3;2;1
1711;198310;1.63;58.4;68.53;2;1
1711;198311;11.76;34.03;32.75;2;1
1711;198312;10.48;54.43;47.29;2;1
1711;198401;3.34;53.97;62.15;2;1
1711;198402;11.52;103.34;101.34;2;1
1711;198403;9.52;89.26;86.74;2;1
1711;198404;7;117.35;119.03;2;1
1711;198405;8.68;86.352;84.482;2;1
1711;198406;6.81;129.16;132.19;2;1
1711;198407;9.84;117.75;115.73;2;1
1711;198408;7.82;68.68;62.78;2;1
1711;198409;1.92;16.24;25.95;2;1
1711;198410;11.63;126.83;122.27;2;1
1711;198411;7.07;116.31;116.78;2;1
1711;198412;7.54;136.71;136.67;2;1
1711;198501;7.5;129.14;128.56;2;1
1711;198502;6.92;128.5;130.84;2;1
1711;198503;9.26;134.53;136.94;2;1
1711;198504;11.67;142.38;137.78;2;1
1711;198505;7.07;80.19;81.64;2;1
1711;198506;8.52;106.87;109.6;2;1
1711;198507;11.25;78.01;75.4;2;1
1711;198508;8.64;55.75;47.27;2;1
1711;198509;0.16;15.14;22.76;2;1
1711;198510;7.78;66.31;68.7;2;1
1711;198511;10.17;28.12;24.63;2;1
1711;198512;6.68;21.34;22.03;2;1
1711;198601;7.37;75.69;78.9;2;1
1711;198602;10.58;97.9;95.92;2;1
1711;198603;8.6;109.43;111.25;2;1
1711;198604;10.42;104.5;104.49;2;1
1711;198605;10.41;63;63.17;2;1
1711;198606;10.58;74.61;73.68;2;1
1711;198607;9.65;71.16;72.51;2;1
1711;198608;11;49.15;38.15;2;1
1711;198609;0;29.27;39.66;2;1
1711;198610;10.39;89.97;92.26;2;1
1711;198611;12.68;28.77;26.6;2;1
1711;198612;10.51;15.96;11.88;2;1
1711;198701;6.43;8.88;11.37;2;1
1711;198702;8.92;25.37;26.62;2;1
1711;198703;10.17;21.44;23.45;2;1
1711;198704;12.18;31.48;29.98;2;1
1711;198705;10.68;5.09;3.33;2;1
1711;198706;8.92;48.89;52.54;2;1
1711;198707;12.57;64.8;65.26;2;1
1711;198708;13.03;42.17;29.31;2;1
1711;198709;0.17;6.42;19.01;2;1
1711;198710;12.76;77.68;76.27;2;1
1711;198711;11.35;117.54;116.58;2;1
1711;198712;10.39;147.7;142.11;2;1
1711;198801;4.8;135.88;142.53;2;1
1711;198802;11.45;134.93;134.24;2;1
1711;198803;10.76;86.93;83.93;2;1
1711;198804;7.76;77.95;78.07;2;1
1711;198805;7.88;128.76;130.14;2;1
1711;198806;9.26;100.66;102.05;2;1
1711;198807;10.65;109.92;109.66;2;1
1711;198808;10.39;65.72;55.5;2;1
1711;198809;0.17;17.56;30.21;2;1
1711;198810;12.82;82.54;76.85;2;1
1711;198811;7.13;17.78;17.7;2;1
1711;198812;7.05;2.34;3.22;2;1
1711;198901;7.93;4.19;2.47;2;1
1711;198902;6.21;2.43;7.8;2;1
1711;198903;11.58;36.32;35.25;2;1
1711;198904;10.51;53.57;53;2;1
1711;198905;9.94;16.9;18.59;2;1
1711;198906;11.63;43.93;43.63;2;1
1711;198907;11.33;67.24;67.46;2;1
1711;198908;11.55;43.4;32.02;2;1
1711;198909;0.17;8.54;18.85;2;1
1711;198910;11.45;52.63;53.75;1;1
1711;198911;6.47;38.41;33.43;1;1
1711;198912;8.59;80.09;82.21;1;1
1711;199001;11.52;128.06;130.99;1;1
1711;199002;9.82;103.42;101.72;1;1
1711;199003;8.81;23.98;22.97;1;1
1711;199004;6.09;8.94;6.22;1;1
1711;199005;5.22;0.11;;1;1
1711;199006;12.52;42.9;50.2;1;1
1711;199007;0.17;57.11;44.76;1;1
1711;199008;0.17;0;0;1;1
1711;199009;12.77;0;12.6;1;1
1711;199010;11.91;58.24;57.38;1;1
1711;199011;7.21;73.78;69.08;1;1
1711;199012;11.27;26.53;30.59;1;1
1711;199101;10.18;108.84;107.75;1;1
1711;199102;10.61;88.29;88.72;1;1
1711;199103;10.42;90.4;90.21;1;1
1711;199104;11.63;84.9;86.11;1;1
1711;199105;11.38;57.19;56.94;1;1
1711;199106;11.79;75.66;76.07;1;1
1711;199107;0.17;75.75;64.13;1;1
1711;199108;0.17;0;0;1;1
1711;199109;12.65;42.25;54.73;1;1
1711;199110;11.77;56.91;56.03;1;1
1711;199111;10.81;85.19;84.23;1;1
1711;199112;8.86;13.9;11.95;1;1
1711;199201;8.16;34;33.3;1;1
1711;199202;8.16;0.02;0.02;1;1
1711;199203;8.33;0;0.17;1;1
1711;199204;8.71;33.15;33.53;1;1
1711;199205;9.5;28.92;29.71;1;1
1711;199206;10.91;61.77;63.18;1;1
1711;199207;0.17;77.92;67.18;1;1
1711;199208;8.81;0;8.64;1;1
1711;199209;12.84;68.38;72.41;1;1
1711;199210;11.9;76.54;75.6;1;1
1711;199211;8.92;41.62;38.64;1;1
1711;199212;8.63;83.09;82.8;1;1
1711;199301;9.06;88.91;89.34;1;1
1711;199302;8.85;11.1;10.89;1;1
1711;199303;5.83;3;;1;1
1711;199304;8.04;0;2.21;1;1
1711;199305;12.65;26.9;31.51;1;1
1711;199306;9.77;94.9;92.02;1;1
1711;199307;10.28;77.42;77.93;1;1
1711;199308;11.2;29.86;30.78;1;1
1711;199309;11.21;24.31;24.32;1;1
1711;199310;9.29;114.22;112.3;1;1
1711;199311;11.69;130.47;132.87;1;1
1711;199312;9.85;119.75;117.91;1;1
1711;199401;10.51;126.22;126.88;1;1
1711;199402;10.78;125.39;125.66;1;1
1711;199403;10.71;120.51;120.44;1;1
1711;199404;8.27;69.94;67.5;1;1
1711;199405;10.78;36.23;38.74;1;1
1711;199406;11.47;47.36;48.05;1;1
1711;199407;11.07;33.31;32.91;1;1
1711;199408;10.69;12.29;11.91;1;1
1711;199409;10.65;0.03;0;1;1
1711;199410;9.5;43.29;42.14;1;1
1711;199411;9.05;48.2;47.75;1;1
1711;199412;10.23;63.16;64.34;1;1
1711;199501;9.94;76.38;76.09;1;1
1711;199502;9.13;107.57;106.76;1;1
1711;199503;9.88;137.96;138.71;1;1
1711;199504;10.65;62.58;63.35;1;1
1711;199505;11.69;16.8;17.84;1;1
1711;199506;11.97;48.84;49.12;1;1
1711;199507;11.9;48.78;48.71;1;1
1711;199508;10.75;49.16;48.01;1;1
1711;199509;0.17;13.52;2.94;1;1
1711;199510;11.12;24.05;35;1;1
1711;199511;10.27;46.17;45.32;1;1
1711;199512;9.29;69.83;68.85;1;1
1711;199601;8.28;143.99;142.98;1;1
1711;199602;9.62;120.36;121.7;1;1
1711;199603;11.11;86.97;88.46;1;1
1711;199604;9.96;117.072;115.922;1;1
1711;199605;9.98;100.93;100.95;1;1
1711;199606;11.26;78.04;79.32;1;1
1711;199607;0.38;54.35;43.47;1;1
1711;199608;8.97;0;8.59;1;1
1711;199609;8.09;0.49;;1;1
1711;199610;11.09;38.3;41.3;1;1
1711;199611;10.34;58.02;57.27;1;1
1711;199612;9.01;87.37;86.04;1;1
1711;199701;6.83;114.39;112.21;1;1
1711;199702;10.81;67.85;71.83;1;1
1711;199703;10.01;69.97;69.17;1;1
1711;199704;9.54;11.14;10.67;1;1
1711;199705;8.33;0;;1;1
1711;199706;11.59;28.77;32.03;1;1
1711;199707;3.72;87.2;79.33;1;1
1711;199708;7.86;3.45;7.59;1;1
1711;199709;7.6;0.19;;1;1
1711;199710;10.69;76.01;79.1;1;1
1711;199711;12.01;53.14;54.46;1;1
1711;199712;10.4;118.13;116.52;1;1
1711;199801;10.26;139.68;139.54;1;1
1711;199802;10.73;72.22;72.69;1;1
1711;199803;10.71;46.23;46.21;1;1
1711;199804;10;102.27;101.56;1;1
1711;199805;10.41;147.02;147.43;1;1
1711;199806;7.31;112.61;109.51;1;1
1711;199807;7.82;6.96;7.47;1;1
1711;199808;8.62;0.14;0.94;1;1
1711;199809;11.35;5.8;8.53;1;1
1711;199810;10.5;119.54;118.69;1;1
1711;199811;10.57;69.51;69.58;1;1
1711;199812;9.95;6.52;5.9;1;1
1711;199901;11.25;6.68;7.98;1;1
1711;199902;11.49;2.55;2.79;1;1
1711;199903;10.65;6.03;5.19;1;1
1711;199904;10.63;29.56;29.54;1;1
1711;199905;10.11;57.17;56.65;1;1
1711;199906;12.14;36.2;38.23;1;1
1711;199907;11.5;48.42;47.78;1;1
1711;199908;11.96;63.39;63.85;1;1
1711;199909;2.92;11.43;2.39;1;1
1711;199910;10.1;63.78;70.96;1;1
1711;199911;9.84;131.74;131.48;1;1
1711;199912;8.82;131.64;130.62;1;1
1711;200001;9.7;123.99;124.87;1;1
1711;200002;9.35;13.45;13.1;1;1
1711;200003;7.73;0;;1;1
1711;200004;10.92;32.34;35.53;1;1
1711;200005;10.84;122.87;122.79;1;1
1711;200006;12.25;48.38;49.79;1;1
1711;200007;12.06;25.66;25.47;1;1
1711;200008;11.74;32.72;32.4;1;1
1711;200009;0.33;18.45;7.04;1;1
1711;200010;11.82;52.06;63.55;1;1
1711;200011;9.81;95.17;93.16;1;1
1711;200012;10.52;143.19;143.9;1;1
1711;200101;9.52;147.83;146.83;1;1
1711;200102;8.2;129.09;127.77;1;1
1711;200103;8.52;139.38;139.7;1;1
1711;200104;10.52;113.14;115.14;1;1
1711;200105;10.89;70.79;71.16;1;1
1711;200106;11.21;37.27;37.59;1;1
1711;200107;11.65;45.67;46.11;1;1
1711;200108;0.33;28.11;16.79;1;1
1711;200109;6.71;0;6.38;1;1
1711;200110;11.59;54.87;59.75;1;1
1711;200111;8.51;44.36;41.28;1;1
1711;200112;6.13;9.78;7.4;1;1
1711;200201;6.35;1.04;1.26;1;1
1711;200202;6.26;0;;1;1
1711;200203;6.24;0;;1;1
1711;200204;6.34;0;0.1;1;1
1711;200205;6.54;0;0.2;1;1
1711;200206;8.2;0;1.66;1;1
1711;200207;11.43;31.15;34.38;1;1
1711;200208;0.26;14.56;3.39;1;1
1711;200209;9.4;0.04;9.18;1;1
1711;200210;10.62;64.88;66.1;1;1
1711;200211;10.61;74.17;74.16;1;1
1711;200212;9.06;132.28;130.73;1;1
1711;200301;10.58;130.99;132.51;1;1
1711;200302;11.09;88.81;89.32;1;1
1711;200303;9.5;115.92;114.33;1;1
1711;200304;9.9;103.81;104.21;1;1
1711;200305;9.13;27.09;26.32;1;1
1711;200306;11.14;23.14;25.15;1;1
1711;200307;11.2;66.33;66.39;1;1
1711;200308;0.34;62.55;51.69;1;1
1711;200309;10.6;0;10.26;1;1
1711;200310;11.01;33.66;34.07;1;1
1711;200311;11.87;19.46;20.32;1;1
1711;200312;9.79;94.72;92.64;1;1
1711;200401;10.1;116.52;116.83;1;1
1711;200402;10.39;80.9;81.19;1;1
1711;200403;10.94;49.33;49.88;1;1
1711;200404;11.11;29.59;29.76;1;1
1711;200405;11.02;26.18;26.09;1;1
1711;200406;11.36;20.69;21.03;1;1
1711;200407;11.79;25.38;25.81;1;1
1711;200408;0.42;49.99;38.62;1;1
1711;200409;0.42;0;0;1;1
1711;200410;11.71;61.84;73.13;1;1
1711;200411;11.18;83.52;82.99;1;1
1711;200412;11.73;57.39;57.94;1;1
1711;200501;9.75;22.33;20.35;1;1
1711;200502;9.68;3.13;3.06;1;1
1711;200503;8.96;0.2;;1;1
1711;200504;11.68;0;2.72;1;1
1711;200505;9.61;59.6;57.53;1;1
1711;200506;11.84;30.74;32.97;1;1
1711;200507;0.36;43.34;31.86;1;1
1711;200508;0.37;0;0.01;1;1
1711;200509;11.38;24.78;35.79;1;1
1711;200510;10.39;41.92;40.93;1;1
1711;200511;10.55;33.19;33.35;1;1
1711;200512;11.55;5.08;6.08;1;1
1711;200601;8.98;0;;1;1
1711;200602;8.22;0;;1;1
1711;200603;10.63;49.91;52.32;1;1
1711;200604;10.94;107.4;107.71;1;1
1711;200605;11.05;53.65;53.76;1;1
1711;200606;11.57;17.72;18.24;1;1
1711;200607;0.38;47.68;36.49;1;1
1711;200608;0.38;0;0;1;1
1711;200609;11.43;29.65;40.7;1;1
1711;200610;10.45;74.3;73.32;1;1
1711;200611;11.06;101.4;102.01;1;1
1711;200612;11.63;132.77;133.34;1;1
1711;200701;10.76;129.17;128.3;1;1
1711;200702;9.59;72.41;71.24;1;1
1711;200703;10.25;142.16;142.82;1;1
1711;200704;10.01;84.22;83.98;1;1
1711;200705;11.62;14.01;15.62;1;1
1711;200706;10.39;46.63;45.4;1;1
1711;200707;0.41;62.05;52.07;1;1
1711;200708;0.41;0;0;1;1
1711;200709;11.38;0.15;11.12;1;1
1711;200710;10.21;57.33;56.16;1;1
1711;200711;10.43;24.05;24.27;1;1
1711;200712;10.92;2.87;3.36;1;1
1711;200801;9.73;4.95;3.76;1;1
1711;200802;9.83;0.43;0.53;1;1
1711;200803;7.61;0;;1;1
1711;200804;8.705;0.11;1.205;1;1
1711;200805;10.42;60.56;62.275;1;1
1711;200806;11.26;75.86;76.7;1;1
1711;200807;0.34;29.24;18.32;1;1
1711;200808;0.34;0;0;1;1
1711;200809;12.25;59.91;71.82;1;1
1711;200810;11.17;41.11;40.03;1;1
1711;200811;11.45;18.43;18.71;1;1
1711;200812;10.82;52.46;51.83;1;1
1711;200901;11.19;29.59;29.96;1;1
1711;200902;11.63;116.32;116.76;1;1
1711;200903;10.78;130.35;129.5;1;1
1711;200904;10.74;70.12;70.08;1;1
1711;200905;10.34;12.19;11.79;1;1
1711;200906;10.11;1.56;1.33;1;1
1711;200907;0.31;16.7;6.9;1;1
1711;200908;0.34;0;0.03;1;1
1711;200909;11.59;18.3;29.55;1;1
1711;200910;11.14;50.23;49.78;1;1
1711;200911;9.79;88.59;87.24;1;1
1711;200912;10.93;131.16;132.3;1;1
1711;201001;10.9;135.97;135.94;1;1
1711;201002;10.23;88.61;87.94;1;1
1711;201003;9.66;135.2;134.63;1;1
1711;201004;10.57;129.27;130.18;1;1
1711;201005;11.6;83.79;84.82;1;1
1711;201006;11.12;76.16;75.68;1;1
1711;201007;7;71.05;66.93;1;1
1711;201008;6.54;0.11;;1;1
1711;201009;9.51;48.3;51.27;1;1
1711;201010;10.28;64.851;65.621;1;1
1711;201011;7.4;83.881;81.001;1;1
1711;201012;9.44;125.83;127.87;1;1
1711;201101;9.64;133.16;133.36;1;1
1711;201102;9.26;71.35;70.97;1;1
1711;201103;11.41;83.569;85.719;1;1
1711;201104;9.01;81.11;78.71;1;1
1711;201105;9.03;27.829;27.849;1;1
1711;201106;7.13;3.471;1.571;1;1
1711;201107;6.47;0.46;;1;1
1711;201108;6.28;0;;1;1
1711;201109;11.47;24.601;29.791;1;1
1711;201110;8.63;51.23;48.39;1;1
1711;201111;7.62;12.8;11.79;1;1
1711;201112;9.35;38.28;40.01;1;1
1711;201201;7.24;13.17;11.06;1;1
1711;201202;3.92;0;;1;1
1711;201203;3.23;0;;1;1
1711;201204;6.11;0;2.88;1;1
1711;201205;7.97;10.29;12.15;1;1
1711;201206;10.22;17.76;20.01;1;1
1711;201207;6.67;20.56;17.01;1;1
1711;201208;9.52;0;2.85;1;1
1711;201209;11.15;28.75;30.38;1;1
1711;201210;10.49;29.85;29.19;1;1
1711;201211;7.96;36.2;33.67;1;1
1711;201212;10.87;24.76;27.67;1;1
1711;201301;8.91;67.65;65.69;1;1
1711;201302;9.86;122.04;122.99;1;1
1711;201303;10.84;132.23;133.21;1;1
1711;201304;7.86;131.72;128.74;1;1
1711;201305;9.31;75.78;77.23;1;1
1711;201306;9.67;36.1;36.46;1;1
1711;201307;6.16;39.02;35.51;1;1
1711;201308;11.98;0.53;6.35;1;1
1711;201309;10.31;38.36;36.69;1;1
1711;201310;10.64;58.16;58.49;1;1
1711;201311;11.32;74.06;74.74;1;1
1711;201312;8.67;94.46;91.81;1;1
1711;201401;8.37;134.87;134.57;1;1
1711;201402;8.1;122.67;122.4;1;1
1711;201403;8.18;129.03;129.11;1;1
1711;201404;9.8;128.9;130.52;1;1
1711;201405;11.05;81.14;82.39;1;1
1711;201406;11.45;57.21;57.61;1;1
1711;201407;10.75;56.73;56.03;1;1
1711;201408;5.95;58.7;53.9;1;1
1711;201409;5.99;0.11;0.15;1;1
1711;201410;7.74;10.15;11.9;1;1
1711;201411;11.05;29.98;33.29;1;1
1711;201412;10.11;61.65;60.71;1;1
1711;201501;10.16;51.75;51.8;1;1
1711;201502;10.14;108.75;108.73;1;1
1711;201503;9.19;75.56;74.61;1;1
1711;201504;7.47;53.95;52.23;1;1
1711;201505;8.63;74.72;75.88;1;1
1711;201506;7.93;60.75;60.05;1;1
1711;201507;6.15;54.83;53.05;1;1
1711;201508;7.33;0;1.18;1;1
1711;201509;7.08;32.02;31.77;1;1
1711;201510;9.73;23.42;26.07;1;1
1711;201511;9.35;47.12;46.74;1;1
1711;201512;9.39;22.22;22.26;1;1
1711;201601;11.53;81.62;83.76;1;1
1711;201602;11.12;124.25;123.84;1;1
1711;201603;11.02;129.34;129.24;1;1
1711;201604;9.61;135.38;133.97;1;1
1711;201605;9.65;126.26;126.3;1;1
1711;201606;7.94;64.26;62.55;1;1
1711;201607;0.21;75.88;68.15;1;1
1711;201608;0.16;0;;1;1
1711;201609;8.92;47.74;56.5;1;1
1711;201610;9.95;71.34;72.37;1;1
1711;201611;6.63;18.44;15.12;1;1
1711;201612;5.9;8.93;8.2;1;1
1711;201701;6;0;0.1;1;1
1711;201702;5.84;9.11;8.95;1;1
1711;201703;4.43;0;;1;1
1711;201704;2.35;0;;1;1
1711;201705;7.67;2.58;7.9;1;1
1711;201706;7.21;0.48;0.02;1;1
1711;201707;0.17;16.88;9.84;1;1
1711;201708;0.17;0;0;1;1
1711;201709;12.39;65.46;77.68;1;1
1711;201710;11.89;39.68;39.18;1;1
1711;201711;6.98;23.21;18.3;1;1
1711;201712;10.08;29.91;33.01;1;1
1711;201801;9.11;47.447;46.477;1;1
1711;201802;8.42;55.188;54.498;1;1
1711;201803;10.8;59.642;62.022;1;1
1711;201804;10.01;132.21;131.42;1;1
1711;201805;10.15;81.257;81.397;1;1
1711;201806;10.06;107.017;106.927;1;1
1711;201807;0.18;84.186;74.306;1;1
1711;201808;0.17;0;0;1;1
1711;201809;8.29;93.295;101.415;1;1
1711;201810;7;90.685;89.395;1;1
1711;201811;7.24;72.076;72.316;1;1
1711;201812;6.86;81.04;80.66;1;1
1711;201901;10.52;32.596;36.256;1;1
1711;201902;10.91;78.872;79.262;1;1
1711;201903;0.17;30.924;20.184;1;1
1711;201904;9.01;0.003;8.843;1;1
1711;201905;9.05;16.872;16.912;1;1
1711;201906;9.4;7.011;7.361;1;1
1711;201907;6.19;33.577;30.367;1;1
1711;201908;10.89;21.19;25.89;1;1
1711;201909;10.76;52.706;52.576;1;1
1711;201910;10.197;59.865;59.302;1;1
1711;201911;7.918;73.039;70.76;1;1
1711;201912;8.651;135.521;136.254;1;1
1711;202001;11.429;114.696;117.474;1;1
1711;202002;10.64;93.469;92.68;1;1
1711;202003;9.857;84.246;83.463;1;1
1711;202004;8.94;46.685;45.768;1;1
1711;202005;11.059;46.502;48.621;1;1
1711;202006;11.225;22.868;23.034;1;1
1711;202007;6.85;56.546;52.171;1;1
1711;202008;11.624;15.742;20.516;1;1
1711;202009;8.924;91.899;89.199;1;1
1711;202010;10.77;40.486;42.332;1;1
1711;202011;9.82;45.289;44.339;1;1
1711;202012;9.97;63.424;63.574;1;1
1711;202101;11.52;136.051;137.601;1;1
1711;202102;11.91;125.796;126.186;1;1
1711;202103;12.44;96.007;96.537;1;1
1711;202104;9.66;51.62;48.84;1;1
1711;202105;9.14;13.618;13.098;1;1
1711;202106;10.75;39.699;41.309;1;1
1711;202107;6.58;22.645;18.475;1;1
1711;202108;8.1;14.872;16.392;1;1
1711;202109;8.99;32.064;32.954;1;1
1712;196910;8.13;139.052;138.782;2;1
1712;196911;7.86;90.703;92.733;2;1
1712;196912;9.89;137.756;138.616;2;1
1712;197001;10.75;559.656;560.946;2;1
1712;197002;12.04;331.093;328.993;2;1
1712;197003;9.94;252.098;252.838;2;1
1712;197004;10.68;137.402;137.572;2;1
1712;197005;10.85;181.872;180.982;2;1
1712;197006;9.96;191.981;192.061;2;1
1712;197007;10.04;117.037;119.017;2;1
1712;197008;12.02;145.377;137.677;2;1
1712;197009;4.32;31.501;36.391;2;1
1712;197010;9.21;35.251;37.151;2;1
1712;197011;11.11;56.471;54.531;2;1
1712;197012;9.17;128.624;127.894;2;1
1712;197101;8.44;241.989;243.789;2;1
1712;197102;10.24;190.028;190.298;2;1
1712;197103;10.51;164.609;164.679;2;1
1712;197104;10.58;303.471;305.061;2;1
1712;197105;12.17;355.873;356.093;2;1
1712;197106;12.39;301.51;299.96;2;1
1712;197107;10.84;153.127;151.057;2;1
1712;197108;8.77;156.704;160.474;2;1
1712;197109;12.54;136.659;133.409;2;1
1712;197110;9.29;103.81;102.99;2;1
1712;197111;8.47;120.735;122.975;2;1
1712;197112;10.71;151.865;150.125;2;1
1712;197201;8.97;144.988;145.988;2;1
1712;197202;9.97;386.726;388.426;2;1
1712;197203;11.67;466.068;466.938;2;1
1712;197204;12.54;392.507;390.547;2;1
1712;197205;10.58;233.876;233.106;2;1
1712;197206;9.81;251.415;251.425;2;1
1712;197207;9.82;290.58;292.16;2;1
1712;197208;11.4;98.608;98.548;2;1
1712;197209;11.34;25.894;24.624;2;1
1712;197210;10.07;139.864;140.484;2;1
1712;197211;10.69;163.192;162.702;2;1
1712;197212;10.2;222.515;221.985;2;1
1712;197301;9.67;224.052;226.052;2;1
1712;197302;11.67;178.001;178.431;2;1
1712;197303;12.1;173.232;172.122;2;1
1712;197304;10.99;100.345;101.455;2;1
1712;197305;12.1;282.649;281.189;2;1
1712;197306;10.64;94.625;95.045;2;1
1712;197307;11.06;102.574;102.334;2;1
1712;197308;10.82;139.476;133.306;2;1
1712;197309;4.65;77.181;83.211;2;1
1712;197310;10.68;157.939;157.839;2;1
1712;197311;10.58;100.734;100.864;2;1
1712;197312;10.71;117.435;118.675;2;1
1712;197401;11.95;358.612;359.232;2;1
1712;197402;12.57;377.94;377.91;2;1
1712;197403;12.54;289.431;289.011;2;1
1712;197404;12.12;138.655;136.505;2;1
1712;197405;9.97;127.682;126.002;2;1
1712;197406;8.29;118.817;121.047;2;1
1712;197407;10.52;215.222;214.522;2;1
1712;197408;9.82;92.284;93.094;2;1
1712;197409;10.63;146.915;144.165;2;1
1712;197410;7.88;38.379;41.009;2;1
1712;197411;10.51;152.833;153.003;2;1
1712;197412;10.68;156.747;156.777;2;1
1712;197501;10.71;155.321;155.241;2;1
1712;197502;10.63;138.629;138.709;2;1
1712;197503;10.71;221.452;221.522;2;1
1712;197504;10.78;103.663;104.093;2;1
1712;197505;11.21;64.774;63.634;2;1
1712;197506;10.07;57.309;58.359;2;1
1712;197507;11.12;95.221;95.091;2;1
1712;197508;10.99;67.651;;2;1
1712;197509;;;;2;1
1712;197510;12.58;136.158;135.528;2;1
1712;197511;11.95;188.499;188.939;2;1
1712;197512;12.39;201.58;201;2;1
1712;197601;11.81;51.356;48.626;2;1
1712;197602;9.08;107.508;108.748;2;1
1712;197603;10.32;119.742;119.242;2;1
1712;197604;9.82;106.479;107.779;2;1
1712;197605;11.12;47.097;46.427;2;1
1712;197606;10.45;84.024;83.394;2;1
1712;197607;9.82;84.499;84.939;2;1
1712;197608;10.26;85.579;86.719;2;1
1712;197609;11.4;107.309;106.209;2;1
1712;197610;10.3;111.551;111.651;2;1
1712;197611;10.4;337.798;339.998;2;1
1712;197612;12.6;508.827;506.627;2;1
1712;197701;10.4;387.824;390.024;2;1
1712;197702;12.6;737.77;737.77;2;1
1712;197703;12.6;394.796;393.996;2;1
1712;197704;11.8;182.615;181.615;2;1
1712;197705;10.8;115.698;114.698;2;1
1712;197706;9.8;174.537;176.237;2;1
1712;197707;11.5;138.439;138.739;2;1
1712;197708;11.8;165.421;165.721;2;1
1712;197709;12.1;151.615;151.415;2;1
1712;197710;11.9;130.905;129.805;2;1
1712;197711;10.8;105.684;103.484;2;1
1712;197712;8.6;301.657;303.757;2;1
1712;197801;10.7;300.655;302.555;2;1
1712;197802;12.6;589.715;589.715;2;1
1712;197803;12.6;609.094;609.094;2;1
1712;197804;12.6;270.588;269.488;2;1
1712;197805;11.5;278.908;277.808;2;1
1712;197806;10.4;182.831;183.231;2;1
1712;197807;10.8;143.13;144.13;2;1
1712;197808;11.8;138.793;132.193;2;1
1712;197809;5.2;25.609;20.409;2;1
1712;197810;0;107.551;118.551;2;1
1712;197811;11;72.87;71.97;2;1
1712;197812;10.1;469.377;471.877;2;1
1712;197901;12.6;674.3;674.3;2;1
1712;197902;12.6;1073.857;1073.857;2;1
1712;197903;12.6;469.679;469.679;2;1
1712;197904;12.6;520.137;517.637;2;1
1712;197905;10.1;244.572;245.772;2;1
1712;197906;11.3;214.825;215.425;2;1
1712;197907;11.9;150.301;148.701;2;1
1712;197908;10.3;122.377;121.477;2;1
1712;197909;9.4;58.735;60.135;2;1
1712;197910;10.8;78.201;77.601;2;1
1712;197911;10.2;253.575;255.975;2;1
1712;197912;12.6;228.269;228.069;2;1
1712;198001;12.4;346.455;346.655;2;1
1712;198002;12.6;306.21;306.21;2;1
1712;198003;12.6;247.285;247.285;2;1
1712;198004;12.6;208.544;208.144;2;1
1712;198005;12.2;163.166;161.266;2;1
1712;198006;10.3;164.946;165.246;2;1
1712;198007;10.6;135.553;134.853;2;1
1712;198008;9.9;105.296;99.596;2;1
1712;198009;4.2;29.298;34.598;2;1
1712;198010;9.5;154.751;155.551;2;1
1712;198011;10.3;117.495;117.595;2;1
1712;198012;10.4;143.433;145.333;2;1
1712;198101;12.3;128.814;128.314;2;1
1712;198102;11.8;64.74;64.34;2;1
1712;198103;11.4;152.211;151.811;2;1
1712;198104;11;152.677;153.277;2;1
1712;198105;11.6;135.372;134.872;2;1
1712;198106;11.1;156.686;156.986;2;1
1712;198107;11.4;129.704;130.004;2;1
1712;198108;11.7;127.656;124.456;2;1
1712;198109;8.5;30.871;31.571;2;1
1712;198110;9.2;177.519;178.069;2;1
1712;198111;9.75;69.187;68.467;2;1
1712;198112;9.03;486.829;490.369;2;1
1712;198201;12.57;434.319;431.569;2;1
1712;198202;9.82;226.786;227.536;2;1
1712;198203;10.57;203.987;203.867;2;1
1712;198204;10.45;74.33;73.01;2;1
1712;198205;9.13;37.018;38.298;2;1
1712;198206;10.41;111.7;112.16;2;1
1712;198207;10.87;106.714;105.664;2;1
1712;198208;9.82;102.338;99.368;2;1
1712;198209;6.85;12.709;16.079;2;1
1712;198210;10.22;170.62;171.22;2;1
1712;198211;10.82;195.15;195.32;2;1
1712;198212;10.99;427.31;423.5;2;1
1712;198301;7.18;216.91;221.49;2;1
1712;198302;11.76;186.52;187;2;1
1712;198303;12.24;172.39;170.92;2;1
1712;198304;10.77;279.85;281.65;2;1
1712;198305;12.57;475.834;475.834;2;1
1712;198306;12.57;239.28;237.29;2;1
1712;198307;10.58;160.68;162.12;2;1
1712;198308;12.02;147.26;147.81;2;1
1712;198309;12.57;53.33;46.47;2;1
1712;198310;5.71;83.57;88.71;2;1
1712;198311;10.85;79.83;77.15;2;1
1712;198312;8.17;201.69;206.09;2;1
1712;198401;12.57;250.74;250.74;2;1
1712;198402;12.57;280.83;280.65;2;1
1712;198403;12.39;231.5;231.68;2;1
1712;198404;12.57;347.32;347.32;2;1
1712;198405;12.57;216.4;214.65;2;1
1712;198406;10.82;272.29;273.44;2;1
1712;198407;11.97;177.09;176.07;2;1
1712;198408;10.95;117.62;111.57;2;1
1712;198409;4.9;45.38;52.18;2;1
1712;198410;11.7;241.08;241.85;2;1
1712;198411;12.47;387.03;387.13;2;1
1712;198412;12.57;377.28;377.28;2;1
1712;198501;12.57;372.17;372.17;2;1
1712;198502;12.57;670.07;670.07;2;1
1712;198503;12.57;427.79;426.78;2;1
1712;198504;11.56;430.62;431.63;2;1
1712;198505;12.57;183.95;182.77;2;1
1712;198506;11.39;187.9;187.97;2;1
1712;198507;11.46;126.47;125.44;2;1
1712;198508;10.43;99.44;93.88;2;1
1712;198509;4.87;36.36;42.41;2;1
1712;198510;10.92;96.55;96.75;2;1
1712;198511;11.12;74.88;73.33;2;1
1712;198512;9.57;124.37;125.77;2;1
1712;198601;10.97;302.34;302.84;2;1
1712;198602;11.47;385;386.1;2;1
1712;198603;12.57;349.7;349.54;2;1
1712;198604;12.41;241.94;241.48;2;1
1712;198605;11.95;195.74;195.44;2;1
1712;198606;11.65;137.03;136.29;2;1
1712;198607;10.91;107.48;107.15;2;1
1712;198608;10.58;82.35;75.94;2;1
1712;198609;4.17;74.03;82;2;1
1712;198610;12.14;134.95;132.46;2;1
1712;198611;9.65;87.46;88.91;2;1
1712;198612;11.1;87.17;86.56;2;1
1712;198701;10.49;83.57;83.51;2;1
1712;198702;10.43;161.16;162.02;2;1
1712;198703;11.29;127.88;127.85;2;1
1712;198704;11.26;171.84;171.03;2;1
1712;198705;10.45;57.29;58.32;2;1
1712;198706;11.48;97.31;96.5;2;1
1712;198707;10.67;110.81;111.36;2;1
1712;198708;11.22;78.84;71.94;2;1
1712;198709;4.32;33.17;39.95;2;1
1712;198710;11.1;295.8;297.18;2;1
1712;198711;12.48;264.78;264.54;2;1
1712;198712;12.24;340.56;340.64;2;1
1712;198801;12.32;444.57;444.85;2;1
1712;198802;12.6;618.58;618.27;2;1
1712;198803;12.29;190.85;189.51;2;1
1712;198804;10.95;212.68;213.81;2;1
1712;198805;12.08;314.63;313.46;2;1
1712;198806;10.91;196.86;197.03;2;1
1712;198807;11.08;191.02;191.67;2;1
1712;198808;11.73;119.25;111.76;2;1
1712;198809;4.24;44.14;50.94;2;1
1712;198810;11.04;130.05;130.2;2;1
1712;198811;11.19;48.31;47.66;2;1
1712;198812;10.54;43.31;42.73;2;1
1712;198901;9.96;34.07;34.96;2;1
1712;198902;10.85;48.45;49.38;2;1
1712;198903;11.78;176.51;174.84;2;1
1712;198904;10.11;186.4;187.47;2;1
1712;198905;11.18;93.31;93.31;2;1
1712;198906;11.18;98.42;98.53;2;1
1712;198907;11.29;102.99;103.43;2;1
1712;198908;11.73;84.98;77.7;2;1
1712;198909;4.45;27.02;33.56;2;1
1712;198910;12.01;85.69;87.33;1;1
1712;198911;10.22;115.78;113.99;1;1
1712;198912;12.45;415.89;418.12;1;1
1712;199001;12.44;299.1;299.09;1;1
1712;199002;12.08;305.89;305.53;1;1
1712;199003;9.54;104.43;101.89;1;1
1712;199004;9.38;67.96;67.8;1;1
1712;199005;9.38;43.53;43.53;1;1
1712;199006;10.11;78.89;79.62;1;1
1712;199007;6.88;90.46;87.23;1;1
1712;199008;6.1;22.82;22.04;1;1
1712;199009;11.43;15.46;20.79;1;1
1712;199010;12.01;123.28;123.86;1;1
1712;199011;11.03;166.97;165.99;1;1
1712;199012;11.85;128.3;129.12;1;1
1712;199101;11.67;342.82;342.64;1;1
1712;199102;11.73;216.06;216.12;1;1
1712;199103;10.2;403.29;401.76;1;1
1712;199104;11.78;251.82;253.4;1;1
1712;199105;9.43;144.33;141.98;1;1
1712;199106;10.73;131.65;132.95;1;1
1712;199107;5.54;123.86;118.67;1;1
1712;199108;4.32;17.6;16.38;1;1
1712;199109;11.1;68.15;74.93;1;1
1712;199110;10.6;117.06;116.56;1;1
1712;199111;11.82;251.28;252.5;1;1
1712;199112;10.34;90.99;89.51;1;1
1712;199201;11.33;92.45;93.44;1;1
1712;199202;10.45;40.31;39.43;1;1
1712;199203;9.74;39.22;38.51;1;1
1712;199204;11.17;214.2;215.63;1;1
1712;199205;11.19;102.85;102.87;1;1
1712;199206;11.63;128.78;129.22;1;1
1712;199207;9.68;120.63;118.68;1;1
1712;199208;11.76;16.84;18.92;1;1
1712;199209;10.29;109.15;107.68;1;1
1712;199210;10.66;145.73;146.1;1;1
1712;199211;10.7;129.32;129.36;1;1
1712;199212;11.98;314.75;316.03;1;1
1712;199301;10.76;180.9;179.68;1;1
1712;199302;10.73;56.59;56.56;1;1
1712;199303;9.7;52.2;51.17;1;1
1712;199304;9.82;74.98;75.1;1;1
1712;199305;12.35;136.76;139.29;1;1
1712;199306;10.85;207.88;206.38;1;1
1712;199307;10.32;131.11;130.58;1;1
1712;199308;10.5;61.57;61.75;1;1
1712;199309;11.54;55.73;56.77;1;1
1712;199310;11.51;327.25;327.22;1;1
1712;199311;12.17;227.97;228.63;1;1
1712;199312;12.51;293.59;293.93;1;1
1712;199401;12.29;589.02;588.8;1;1
1712;199402;12.35;309.09;309.15;1;1
1712;199403;11.08;269.59;268.32;1;1
1712;199404;9.73;149.72;148.37;1;1
1712;199405;11.63;149.09;150.99;1;1
1712;199406;9.91;115.05;113.33;1;1
1712;199407;11.44;68.5;70.03;1;1
1712;199408;8.53;45.08;42.17;1;1
1712;199409;10.58;24.8;26.85;1;1
1712;199410;10.92;94.6;94.94;1;1
1712;199411;9.93;153.18;152.19;1;1
1712;199412;12.65;158.66;161.38;1;1
1712;199501;12.42;306.11;305.88;1;1
1712;199502;12.35;381.55;381.48;1;1
1712;199503;11.32;415.14;414.11;1;1
1712;199504;10.35;135.06;134.09;1;1
1712;199505;9.53;87.81;86.99;1;1
1712;199506;10.77;94.81;96.05;1;1
1712;199507;11.06;92.85;93.14;1;1
1712;199508;11.08;80.01;80.03;1;1
1712;199509;10.86;44.37;44.15;1;1
1712;199510;9.7;59.01;57.85;1;1
1712;199511;11.63;179.59;181.52;1;1
1712;199512;12.53;470.44;471.34;1;1
1712;199601;12.59;919.29;919.35;1;1
1712;199602;12.11;393.79;393.31;1;1
1712;199603;12.15;232.9;232.94;1;1
1712;199604;11.11;283.77;282.73;1;1
1712;199605;11.43;214.74;215.06;1;1
1712;199606;10.86;144.49;143.92;1;1
1712;199607;10.63;98.47;98.24;1;1
1712;199608;7.51;28.589;25.469;1;1
1712;199609;7.3;43.42;43.21;1;1
1712;199610;11.21;80.28;84.19;1;1
1712;199611;12.07;223.19;224.05;1;1
1712;199612;12.01;260.68;260.62;1;1
1712;199701;12.05;317.31;317.35;1;1
1712;199702;11.88;192.44;192.27;1;1
1712;199703;10.77;155.84;154.73;1;1
1712;199704;10.03;57.4;56.66;1;1
1712;199705;9.82;72.45;72.24;1;1
1712;199706;10.56;108.1;108.84;1;1
1712;199707;10.01;147.56;147.01;1;1
1712;199708;5.27;29.92;25.18;1;1
1712;199709;10.4;23.18;28.31;1;1
1712;199710;10.77;132.58;132.95;1;1
1712;199711;12.39;262.71;264.33;1;1
1712;199712;12.57;390.19;390.37;1;1
1712;199801;11.92;400.11;399.46;1;1
1712;199802;10.96;165.71;164.75;1;1
1712;199803;10.99;114.15;114.18;1;1
1712;199804;12.6;440.43;442.04;1;1
1712;199805;12.48;402.84;402.72;1;1
1712;199806;10.5;202.65;200.67;1;1
1712;199807;7.12;44.109;40.729;1;1
1712;199808;6.58;24.14;23.6;1;1
1712;199809;10.93;45.02;49.37;1;1
1712;199810;11.81;186.57;187.45;1;1
1712;199811;11.23;124.06;123.48;1;1
1712;199812;10.66;60.36;59.79;1;1
1712;199901;10.55;84.68;84.57;1;1
1712;199902;10.43;64.41;64.29;1;1
1712;199903;9.91;116.8;116.28;1;1
1712;199904;11.33;142.88;144.3;1;1
1712;199905;11.34;184.59;184.6;1;1
1712;199906;10.67;94.18;93.51;1;1
1712;199907;11.26;82.04;82.63;1;1
1712;199908;10.63;103.05;102.42;1;1
1712;199909;9.65;72.69;71.71;1;1
1712;199910;12.56;224.74;227.65;1;1
1712;199911;11.58;270.17;269.19;1;1
1712;199912;12.44;310.17;311.03;1;1
1712;200001;11.17;251.65;250.38;1;1
1712;200002;10.44;82.96;82.23;1;1
1712;200003;10.53;49.87;49.96;1;1
1712;200004;12.45;232.87;234.79;1;1
1712;200005;10.81;283.17;281.53;1;1
1712;200006;10.73;106.64;106.56;1;1
1712;200007;11.39;67.32;67.98;1;1
1712;200008;11.43;65.77;65.81;1;1
1712;200009;10.43;43.06;42.06;1;1
1712;200010;11.43;96.59;97.59;1;1
1712;200011;12.44;443.52;444.53;1;1
1712;200012;12.5;883.13;883.19;1;1
1712;200101;12.56;1015.81;1015.87;1;1
1712;200102;12.39;676.94;676.77;1;1
1712;200103;12.44;1137.38;1137.43;1;1
1712;200104;12.1;432.93;432.59;1;1
1712;200105;11.1;185.51;184.51;1;1
1712;200106;11.54;93.77;94.21;1;1
1712;200107;11.34;92.68;92.48;1;1
1712;200108;11.19;62.42;62.27;1;1
1712;200109;10.97;26.58;26.36;1;1
1712;200110;10.97;101.56;101.56;1;1
1712;200111;10.74;81.17;80.94;1;1
1712;200112;11.12;38.78;39.16;1;1
1712;200201;10.96;52.38;52.22;1;1
1712;200202;10.84;81.45;81.33;1;1
1712;200203;10.45;79.38;78.99;1;1
1712;200204;10.17;47.39;47.11;1;1
1712;200205;10.49;52.04;52.36;1;1
1712;200206;9.89;62.95;62.35;1;1
1712;200207;11.17;62.38;63.66;1;1
1712;200208;10.77;42.94;42.54;1;1
1712;200209;10.11;19.34;18.68;1;1
1712;200210;11.14;133.09;134.12;1;1
1712;200211;12.44;256.5;257.8;1;1
1712;200212;12.44;481.26;481.26;1;1
1712;200301;12.48;731.02;731.06;1;1
1712;200302;11.78;277.11;276.41;1;1
1712;200303;10.51;297.29;296.02;1;1
1712;200304;11.63;211.22;212.34;1;1
1712;200305;10.82;104.87;104.06;1;1
1712;200306;11.39;71.03;71.6;1;1
1712;200307;11.54;110.89;111.04;1;1
1712;200308;10.96;98.52;97.94;1;1
1712;200309;7.72;32.13;28.89;1;1
1712;200310;11.18;72.59;76.05;1;1
1712;200311;12.5;146.93;148.25;1;1
1712;200312;12.47;271.79;271.76;1;1
1712;200401;12.5;333.12;333.15;1;1
1712;200402;10.84;193.92;192.26;1;1
1712;200403;10.56;139.09;138.81;1;1
1712;200404;11.34;107.3;108.08;1;1
1712;200405;10.2;121.24;120.1;1;1
1712;200406;10.69;69.57;70.06;1;1
1712;200407;10.84;60.55;60.7;1;1
1712;200408;4.91;97.33;91.4;1;1
1712;200409;11.22;23.82;30.13;1;1
1712;200410;12.23;160.11;161.12;1;1
1712;200411;10.69;179.14;177.6;1;1
1712;200412;11.07;127.51;127.89;1;1
1712;200501;10.8;124.67;124.4;1;1
1712;200502;10.51;55.63;55.34;1;1
1712;200503;10.58;64.22;64.29;1;1
1712;200504;10.67;103.1;103.19;1;1
1712;200505;10.6;146.66;146.59;1;1
1712;200506;11.1;73.94;74.44;1;1
1712;200507;7.03;79.47;75.4;1;1
1712;200508;6.92;1.47;1.36;1;1
1712;200509;11.17;44.03;48.28;1;1
1712;200510;9.49;77.85;76.17;1;1
1712;200511;10.82;79.4;80.73;1;1
1712;200512;9.92;93.03;92.13;1;1
1712;200601;10.4;80.54;81.02;1;1
1712;200602;9.88;64.76;64.24;1;1
1712;200603;12.42;304.69;307.23;1;1
1712;200604;10.41;269.72;267.71;1;1
1712;200605;11.06;118.36;119.01;1;1
1712;200606;11.08;58.01;58.03;1;1
1712;200607;7.06;82.55;78.53;1;1
1712;200608;6.67;0;;1;1
1712;200609;11.33;39.4;44.06;1;1
1712;200610;11.98;231.06;231.71;1;1
1712;200611;12.59;302.27;302.88;1;1
1712;200612;11.92;469.31;468.64;1;1
1712;200701;11.32;241.15;240.55;1;1
1712;200702;12.47;335.37;336.52;1;1
1712;200703;12.14;374.44;374.11;1;1
1712;200704;10.59;181.36;179.81;1;1
1712;200705;10.89;83.16;83.46;1;1
1712;200706;10.74;115.99;115.84;1;1
1712;200707;8.44;116.55;114.25;1;1
1712;200708;5.02;21.819;18.399;1;1
1712;200709;10.13;26.28;31.39;1;1
1712;200710;11.28;90.35;91.5;1;1
1712;200711;11.15;55.93;55.8;1;1
1712;200712;10.44;33.95;33.24;1;1
1712;200801;10.55;80.05;80.16;1;1
1712;200802;10.65;45.45;45.55;1;1
1712;200803;10.45;70.83;70.63;1;1
1712;200804;10.95;183.8;184.3;1;1
1712;200805;10.77;178.6;178.42;1;1
1712;200806;10.54;154.15;153.92;1;1
1712;200807;7.04;73.63;70.13;1;1
1712;200808;10.51;19.11;22.58;1;1
1712;200809;10.63;94.39;94.51;1;1
1712;200810;10.76;72.68;72.81;1;1
1712;200811;9.83;62.59;61.66;1;1
1712;200812;10.92;178.63;179.72;1;1
1712;200901;12.51;267.4;268.99;1;1
1712;200902;12.17;356.07;355.73;1;1
1712;200903;11.73;294.1;293.66;1;1
1712;200904;11.36;160.59;160.22;1;1
1712;200905;11.04;92.98;92.66;1;1
1712;200906;10.95;70.35;70.26;1;1
1712;200907;8.43;59.08;56.56;1;1
1712;200908;4.24;35.67;31.48;1;1
1712;200909;10.59;41.05;47.4;1;1
1712;200910;10.69;89.85;89.95;1;1
1712;200911;12.45;227.09;228.85;1;1
1712;200912;12.44;492.03;492.02;1;1
1712;201001;12.51;565.12;565.19;1;1
1712;201002;12.51;353.78;353.78;1;1
1712;201003;12.44;481.2;481.13;1;1
1712;201004;11.96;356.76;356.28;1;1
1712;201005;11.63;196.43;196.1;1;1
1712;201006;11.08;177.79;177.24;1;1
1712;201007;9.81;123.48;122.21;1;1
1712;201008;9.69;24.85;24.73;1;1
1712;201009;10.66;86.13;87.1;1;1
1712;201010;11.29;128.019;128.649;1;1
1712;201011;11.69;283.57;283.97;1;1
1712;201012;12.2;329.871;330.381;1;1
1712;201101;11.85;418.11;417.76;1;1
1712;201102;11.84;219.76;219.75;1;1
1712;201103;12.17;230.228;230.558;1;1
1712;201104;10.81;191.84;190.48;1;1
1712;201105;10.51;96.288;95.988;1;1
1712;201106;11.21;46.17;46.87;1;1
1712;201107;9.46;40.021;38.271;1;1
1712;201108;9.58;19.102;19.222;1;1
1712;201109;11.17;51.37;52.96;1;1
1712;201110;10.17;90.2;89.2;1;1
1712;201111;10.66;62.13;62.62;1;1
1712;201112;10.8;115.89;116.03;1;1
1712;201201;10.73;62.47;62.4;1;1
1712;201202;10.82;40.44;40.53;1;1
1712;201203;10.21;33.85;33.24;1;1
1712;201204;10.41;93.84;94.04;1;1
1712;201205;10.07;147.29;146.95;1;1
1712;201206;10.48;77.35;77.76;1;1
1712;201207;9.38;63.43;62.33;1;1
1712;201208;11.56;26.89;29.07;1;1
1712;201209;9.93;63.9;62.27;1;1
1712;201210;10.45;71.67;72.19;1;1
1712;201211;10.44;90.67;90.66;1;1
1712;201212;11.1;173.41;174.07;1;1
1712;201301;12.48;357.59;358.97;1;1
1712;201302;12.27;393;392.79;1;1
1712;201303;12.42;475.38;475.53;1;1
1712;201304;12.54;563.52;563.64;1;1
1712;201305;10.86;193.06;191.38;1;1
1712;201306;11.28;106.85;107.27;1;1
1712;201307;8.94;88.89;86.55;1;1
1712;201308;11.04;26.24;28.34;1;1
1712;201309;10.27;79.24;78.47;1;1
1712;201310;10.46;134.99;135.18;1;1
1712;201311;9.98;230.51;230.03;1;1
1712;201312;12.42;259.37;261.81;1;1
1712;201401;12.53;571.54;571.65;1;1
1712;201402;12.5;687.36;687.33;1;1
1712;201403;12.42;529.96;529.88;1;1
1712;201404;12.41;406.44;406.43;1;1
1712;201405;11.51;191.47;190.57;1;1
1712;201406;10.67;133.49;132.65;1;1
1712;201407;11.51;114.52;115.36;1;1
1712;201408;8.9;109.57;106.96;1;1
1712;201409;9.81;32.51;33.42;1;1
1712;201410;10.82;66.89;67.9;1;1
1712;201411;10.4;187.58;187.16;1;1
1712;201412;10.93;162.41;162.94;1;1
1712;201501;12.5;186.86;188.43;1;1
1712;201502;12.5;368.22;368.22;1;1
1712;201503;10.84;294.04;292.38;1;1
1712;201504;11.17;152.86;153.19;1;1
1712;201505;10.49;194.32;193.64;1;1
1712;201506;10.96;121.74;122.21;1;1
1712;201507;8.96;97.49;95.49;1;1
1712;201508;10.69;21.65;23.38;1;1
1712;201509;11.37;71.48;72.16;1;1
1712;201510;10.97;88.26;87.86;1;1
1712;201511;11.33;135.81;136.17;1;1
1712;201512;10.91;91.12;90.7;1;1
1712;201601;12.07;543.053;544.213;1;1
1712;201602;12.29;708.865;709.085;1;1
1712;201603;12.3;412.123;412.133;1;1
1712;201604;12.45;497.543;497.693;1;1
1712;201605;11.45;333.732;332.732;1;1
1712;201606;10.44;162.08;161.07;1;1
1712;201607;8.98;134.49;133.03;1;1
1712;201608;8.91;23.9;23.83;1;1
1712;201609;11.39;79.18;81.66;1;1
1712;201610;10.45;113.81;112.87;1;1
1712;201611;10.92;63.76;64.23;1;1
1712;201612;11.22;45.67;45.97;1;1
1712;201701;10.78;26.33;25.89;1;1
1712;201702;11.36;138.37;138.95;1;1
1712;201703;10.76;80.41;79.81;1;1
1712;201704;11.13;55.21;55.58;1;1
1712;201705;11.18;59.75;59.8;1;1
1712;201706;11.11;40.4;40.33;1;1
1712;201707;9.21;51.03;49.13;1;1
1712;201708;11.77;22.6;25.16;1;1
1712;201709;10.54;101.37;100.14;1;1
1712;201710;11.8;69.61;70.87;1;1
1712;201711;11.39;52.81;52.4;1;1
1712;201712;10.41;130.93;129.95;1;1
1712;201801;11.36;197.338;198.288;1;1
1712;201802;11.41;186.614;186.664;1;1
1712;201803;12.5;398.097;399.187;1;1
1712;201804;12.47;535.405;535.375;1;1
1712;201805;11.69;211.566;210.786;1;1
1712;201806;11;208.929;208.239;1;1
1712;201807;9.04;158.947;156.987;1;1
1712;201808;10;40.748;41.708;1;1
1712;201809;11.08;138.077;139.157;1;1
1712;201810;10.89;137.292;137.102;1;1
1712;201811;11.11;169.32;169.54;1;1
1712;201812;11.76;208.241;208.891;1;1
1712;201901;12.5;150.269;151.009;1;1
1712;201902;11.07;281.776;280.346;1;1
1712;201903;11.08;133.252;133.262;1;1
1712;201904;10.54;115.37;114.83;1;1
1712;201905;11.33;106.477;107.267;1;1
1712;201906;11.22;65.632;65.522;1;1
1712;201907;9.43;74.219;72.429;1;1
1712;201908;10.59;51.025;52.185;1;1
1712;201909;10.7;83.613;83.723;1;1
1712;201910;10.618;115.166;115.084;1;1
1712;201911;12.497;327.222;329.101;1;1
1712;201912;12.378;636.002;635.883;1;1
1712;202001;11.796;291.523;290.941;1;1
1712;202002;10.39;235.847;234.441;1;1
1712;202003;11.481;262.515;263.606;1;1
1712;202004;11.07;143.3;142.889;1;1
1712;202005;11.166;132.464;132.56;1;1
1712;202006;10.604;74.872;74.31;1;1
1712;202007;11.276;93.732;94.404;1;1
1712;202008;11.002;42.91;42.636;1;1
1712;202009;11.029;132.941;132.968;1;1
1712;202010;11.21;117.442;117.623;1;1
1712;202011;11.22;107.228;107.238;1;1
1712;202012;12.18;295.106;296.066;1;1
1712;202101;12.42;375.387;375.627;1;1
1712;202102;12.38;540.109;540.069;1;1
1712;202103;9.27;250.874;247.764;1;1
1712;202104;10.45;117.393;118.573;1;1
1712;202105;10.61;79.017;79.177;1;1
1712;202106;11.13;103.682;104.202;1;1
1712;202107;9.74;67.246;65.856;1;1
1712;202108;10.7;46.402;47.362;1;1
1712;202109;11.6;72.7;73.6;1;1
1713;196910;1.62;128.097;128.207;2;1
1713;196911;1.73;95.049;95.049;2;1
1713;196912;1.73;136.935;136.935;2;1
1713;197001;1.73;741.165;741.135;2;1
1713;197002;1.7;448.96;448.99;2;1
1713;197003;1.73;278.744;278.744;2;1
1713;197004;1.73;151.684;151.684;2;1
1713;197005;1.73;221.003;221.003;2;1
1713;197006;1.73;183.712;183.712;2;1
1713;197007;1.73;112.726;112.726;2;1
1713;197008;1.73;137.601;137.601;2;1
1713;197009;1.73;31.709;31.679;2;1
1713;197010;1.7;36.858;36.758;2;1
1713;197011;1.6;67.288;67.418;2;1
1713;197012;1.73;135.372;135.372;2;1
1713;197101;1.73;323.542;323.542;2;1
1713;197102;1.73;224.891;224.891;2;1
1713;197103;1.73;209.615;209.615;2;1
1713;197104;1.73;357.852;357.852;2;1
1713;197105;1.73;431.663;431.663;2;1
1713;197106;1.73;347.674;347.674;2;1
1713;197107;1.73;201.027;201.027;2;1
1713;197108;1.73;163.607;163.607;2;1
1713;197109;1.73;138.214;138.214;2;1
1713;197110;1.73;107.68;107.63;2;1
1713;197111;1.68;123.949;123.869;2;1
1713;197112;1.6;160.298;160.428;2;1
1713;197201;1.73;167.383;167.383;2;1
1713;197202;1.73;567.605;567.605;2;1
1713;197203;1.73;422.124;422.124;2;1
1713;197204;1.73;341.28;341.28;2;1
1713;197205;1.73;213.624;213.624;2;1
1713;197206;1.73;177.561;177.561;2;1
1713;197207;1.73;157.334;157.334;2;1
1713;197208;1.73;101.606;101.416;2;1
1713;197209;1.54;31.709;31.649;2;1
1713;197210;1.48;148.573;148.823;2;1
1713;197211;1.73;190.607;190.607;2;1
1713;197212;1.73;265.861;265.861;2;1
1713;197301;1.73;273.188;273.188;2;1
1713;197302;1.73;214.203;214.203;2;1
1713;197303;1.73;220.415;220.415;2;1
1713;197304;1.73;127.621;127.621;2;1
1713;197305;1.73;335.586;335.566;2;1
1713;197306;1.71;115.992;115.982;2;1
1713;197307;1.7;106.298;106.318;2;1
1713;197308;1.72;121.081;120.981;2;1
1713;197309;1.62;70.476;70.566;2;1
1713;197310;1.71;160.393;160.383;2;1
1713;197311;1.7;108.467;108.467;2;1
1713;197312;1.7;124.926;124.936;2;1
1713;197401;1.71;444.511;444.531;2;1
1713;197402;1.73;509.751;509.711;2;1
1713;197403;1.69;312.008;312.038;2;1
1713;197404;1.72;168.342;168.332;2;1
1713;197405;1.71;157.818;157.808;2;1
1713;197406;1.7;129.989;130.009;2;1
1713;197407;1.72;158.916;158.836;2;1
1713;197408;1.64;89.977;90.047;2;1
1713;197409;1.71;135.786;135.766;2;1
1713;197410;1.69;36.176;36.176;2;1
1713;197411;1.69;154.656;154.656;2;1
1713;197412;1.69;159.183;159.193;2;1
1713;197501;1.7;185.941;185.941;2;1
1713;197502;1.7;173.992;173.982;2;1
1713;197503;1.69;281.197;281.217;2;1
1713;197504;1.71;135.821;135.811;2;1
1713;197505;1.7;84.776;84.776;2;1
1713;197506;1.7;70.494;70.504;2;1
1713;197507;1.71;91.852;91.832;2;1
1713;197508;1.69;66.433;66.343;2;1
1713;197509;1.6;121.98;122.06;2;1
1713;197510;1.68;126.55;126.45;2;1
1713;197511;1.58;180.109;180.239;2;1
1713;197512;1.71;201.105;200.885;2;1
1713;197601;1.49;64.187;64.397;2;1
1713;197602;1.7;127.967;127.937;2;1
1713;197603;1.67;142.543;142.483;2;1
1713;197604;1.61;138.162;138.152;2;1
1713;197605;1.6;68.196;68.306;2;1
1713;197606;1.71;82.434;82.344;2;1
1713;197607;1.62;81.518;81.568;2;1
1713;197608;1.67;78.443;78.453;2;1
1713;197609;1.68;98.764;98.694;2;1
1713;197610;1.61;122.532;122.162;2;1
1713;197611;1.24;392.463;392.913;2;1
1713;197612;1.69;603.945;603.975;2;1
1713;197701;1.72;472.15;472.16;2;1
1713;197702;1.73;992.2;992.19;2;1
1713;197703;1.72;448.796;448.786;2;1
1713;197704;1.71;200.966;200.966;2;1
1713;197705;1.71;134.222;134.212;2;1
1713;197706;1.7;189.683;189.683;2;1
1713;197707;1.7;138.43;138.26;2;1
1713;197708;1.53;162.104;162.094;2;1
1713;197709;1.52;145.238;145.018;2;1
1713;197710;1.3;144.556;144.896;2;1
1713;197711;1.64;107.222;107.282;2;1
1713;197712;1.7;383.08;383.08;2;1
1713;197801;1.7;381.534;381.564;2;1
1713;197802;1.73;874.938;874.678;2;1
1713;197803;1.47;811.659;811.909;2;1
1713;197804;1.72;300.404;300.394;2;1
1713;197805;1.71;303.083;303.073;2;1
1713;197806;1.7;192.853;192.863;2;1
1713;197807;1.71;144.798;144.678;2;1
1713;197808;1.59;135.933;136.063;2;1
1713;197809;1.72;25.497;25.347;2;1
1713;197810;1.57;99.766;99.726;2;1
1713;197811;1.53;71.366;71.536;2;1
1713;197812;1.7;619.644;619.554;2;1
1713;197901;1.61;916.877;916.967;2;1
1713;197902;1.7;1497.252;1497.262;2;1
1713;197903;1.71;579.934;579.954;2;1
1713;197904;1.73;642.142;641.932;2;1
1713;197905;1.52;261.127;261.317;2;1
1713;197906;1.71;216.553;216.453;2;1
1713;197907;1.61;148.107;148.137;2;1
1713;197908;1.64;115.811;115.751;2;1
1713;197909;1.58;55.892;56.012;2;1
1713;197910;1.7;83.618;83.638;2;1
1713;197911;1.72;282.856;282.836;2;1
1713;197912;1.7;235.423;235.413;2;1
1713;198001;1.69;443.733;443.763;2;1
1713;198002;1.72;332.372;332.302;2;1
1713;198003;1.65;280.005;280.055;2;1
1713;198004;1.7;244.944;244.934;2;1
1713;198005;1.69;212.881;212.881;2;1
1713;198006;1.69;171.996;171.866;2;1
1713;198007;1.56;133.41;133.54;2;1
1713;198008;1.69;105.805;105.815;2;1
1713;198009;1.7;29.203;29.203;2;1
1713;198010;1.7;139.51;139.5;2;1
1713;198011;1.69;117.202;117.032;2;1
1713;198012;1.52;169.741;169.921;2;1
1713;198101;1.7;130.084;130.024;2;1
1713;198102;1.64;68.835;68.885;2;1
1713;198103;1.69;167.132;167.172;2;1
1713;198104;1.73;180.922;180.892;2;1
1713;198105;1.7;155.148;155.138;2;1
1713;198106;1.69;157.844;157.654;2;1
1713;198107;1.5;121.116;121.316;2;1
1713;198108;1.7;114.031;113.801;2;1
1713;198109;1.47;34.137;34.137;2;1
1713;198110;1.47;194.651;194.891;2;1
1713;198111;1.71;69.077;69.067;2;1
1713;198112;1.7;692.919;692.899;2;1
1713;198201;1.68;521.372;521.342;2;1
1713;198202;1.65;235.699;235.739;2;1
1713;198203;1.69;216.812;216.852;2;1
1713;198204;1.73;89.735;89.365;2;1
1713;198205;1.36;48.194;48.544;2;1
1713;198206;1.71;112.752;112.752;2;1
1713;198207;1.71;98.384;98.354;2;1
1713;198208;1.68;94.703;94.623;2;1
1713;198209;1.6;21.228;21.128;2;1
1713;198210;1.5;163.947;163.75;2;1
1713;198211;1.303;225.391;225.787;2;1
1713;198212;1.699;500.642;500.674;2;1
1713;198301;1.731;231.334;231.296;2;1
1713;198302;1.693;191.107;191.076;2;1
1713;198303;1.662;180.777;180.835;2;1
1713;198304;1.72;302.192;302.203;2;1
1713;198305;1.731;546.092;546.065;2;1
1713;198306;1.704;227.288;227.158;2;1
1713;198307;1.574;147.079;147.105;2;1
1713;198308;1.6;135.294;135.345;2;1
1713;198309;1.651;43.658;43.296;2;1
1713;198310;1.289;75.621;75.778;2;1
1713;198311;1.446;83.332;83.548;2;1
1713;198312;1.662;245.259;245.072;2;1
1713;198401;1.475;295.532;295.777;2;1
1713;198402;1.72;320.486;320.47;2;1
1713;198403;1.704;255.7;255.7;2;1
1713;198404;1.704;435.183;435.141;2;1
1713;198405;1.662;252.048;252.063;2;1
1713;198406;1.677;305.277;305.277;2;1
1713;198407;1.677;171.383;171.191;2;1
1713;198408;1.485;111.605;110.197;2;1
1713;198409;0.077;37.521;38.9;2;1
1713;198410;1.456;227.719;227.967;2;1
1713;198411;1.704;453.731;453.731;2;1
1713;198412;1.704;411.496;411.219;2;1
1713;198501;1.427;404.025;404.302;2;1
1713;198502;1.704;892.876;892.881;2;1
1713;198503;1.709;507.911;507.802;2;1
1713;198504;1.6;499.251;499.256;2;1
1713;198505;1.605;194.195;194.215;2;1
1713;198506;1.625;191.089;191.064;2;1
1713;198507;1.6;119.877;119.851;2;1
1713;198508;1.574;96.482;96.335;2;1
1713;198509;1.427;33.06;33.31;2;1
1713;198510;1.677;89.337;89.145;2;1
1713;198511;1.485;77.578;77.497;2;1
1713;198512;1.404;140.67;140.943;2;1
1713;198601;1.677;365.421;365.421;2;1
1713;198602;1.677;479.317;479.344;2;1
1713;198603;1.704;384.385;384.364;2;1
1713;198604;1.683;249.962;249.983;2;1
1713;198605;1.704;214.608;214.571;2;1
1713;198606;1.667;136.577;136.469;2;1
1713;198607;1.559;102.594;102.681;2;1
1713;198608;1.646;80.096;80.091;2;1
1713;198609;1.641;71.491;71.399;2;1
1713;198610;1.549;128.708;128.744;2;1
1713;198611;1.585;97.123;96.881;2;1
1713;198612;1.343;108.537;108.819;2;1
1713;198701;1.625;110.001;110.053;2;1
1713;198702;1.677;228.708;228.682;2;1
1713;198703;1.651;166.156;166.079;2;1
1713;198704;1.574;202.981;202.801;2;1
1713;198705;1.394;74.638;74.681;2;1
1713;198706;1.437;97.793;97.987;2;1
1713;198707;1.631;108.973;108.837;2;1
1713;198708;1.495;77.405;77.52;2;1
1713;198709;1.61;36.596;36.601;2;1
1713;198710;1.615;335.816;335.878;2;1
1713;198711;1.677;286.333;286.102;2;1
1713;198712;1.446;387.158;387.416;2;1
1713;198801;1.704;540.407;540.412;2;1
1713;198802;1.709;796.336;796.151;2;1
1713;198803;1.524;209.859;209.899;2;1
1713;198804;1.564;245.414;245.45;2;1
1713;198805;1.6;352.035;352.102;2;1
1713;198806;1.667;219.477;219.487;2;1
1713;198807;1.677;198.249;198.167;2;1
1713;198808;1.595;117.919;117.77;2;1
1713;198809;1.446;45.945;45.847;2;1
1713;198810;1.348;120.785;121.047;2;1
1713;198811;1.61;50.761;50.715;2;1
1713;198812;1.564;49.471;49.502;2;1
1713;198901;1.595;36.967;36.847;2;1
1713;198902;1.475;56.287;56.489;2;1
1713;198903;1.677;207.903;207.876;2;1
1713;198904;1.65;231.469;231.393;2;1
1713;198905;1.574;124.685;124.735;2;1
1713;198906;1.624;116.416;116.366;2;1
1713;198907;1.574;97.742;97.752;2;1
1713;198908;1.584;81.336;80.725;2;1
1713;198909;0.973;24.015;24.677;2;1
1713;198910;1.635;76.879;76.92;2;1
1713;198911;1.676;140.13;140.083;2;1
1713;198912;1.629;575.824;575.923;2;1
1713;199001;1.728;297.64;297.635;2;1
1713;199002;1.723;346.072;346.004;2;1
1713;199003;1.655;112.802;112.387;2;1
1713;199004;1.24;80.076;80.491;2;1
1713;199005;1.655;51.243;51.285;2;1
1713;199006;1.697;76.654;76.541;2;1
1713;199007;1.584;84.02;83.192;2;1
1713;199008;0.756;27.642;28.583;2;1
1713;199009;1.697;12.496;12.403;2;1
1713;199010;1.515;116.557;116.473;1;1
1713;199011;1.564;169.916;169.965;1;1
1713;199012;1.619;136.83;136.885;1;1
1713;199101;1.718;373.34;373.439;1;1
1713;199102;1.691;227.943;227.916;1;1
1713;199103;1.671;530.257;530.237;1;1
1713;199104;1.686;271.884;271.899;1;1
1713;199105;1.559;147.651;147.524;1;1
1713;199106;1.629;127.075;127.145;1;1
1713;199107;1.481;107.732;107.584;1;1
1713;199108;1.671;21.443;21.633;1;1
1713;199109;1.707;58.962;58.998;1;1
1713;199110;1.604;107.944;107.841;1;1
1713;199111;1.645;252.007;252.048;1;1
1713;199112;1.599;92.095;92.049;1;1
1713;199201;1.655;93.244;93.3;1;1
1713;199202;1.283;41.895;41.523;1;1
1713;199203;1.231;38.927;38.875;1;1
1713;199204;1.378;236.484;236.631;1;1
1713;199205;1.401;105.321;105.344;1;1
1713;199206;1.645;118.756;119;1;1
1713;199207;1.443;103.027;102.825;1;1
1713;199208;1.691;27.721;27.969;1;1
1713;199209;1.559;97.458;97.326;1;1
1713;199210;1.35;132.312;132.103;1;1
1713;199211;1.629;122.557;122.836;1;1
1713;199212;0.994;367.901;367.266;1;1
1713;199301;1.063;176.244;176.313;1;1
1713;199302;1;57.066;57.003;1;1
1713;199303;0.979;52.416;52.395;1;1
1713;199304;1.09;80.29;80.401;1;1
1713;199305;1.111;156.45;156.471;1;1
1713;199306;1.061;213.942;213.892;1;1
1713;199307;1.048;122.578;122.565;1;1
1713;199308;1.071;59.952;59.975;1;1
1713;199309;1.038;63.778;63.745;1;1
1713;199310;0.984;351.033;350.979;1;1
1713;199311;1.035;238.426;238.477;1;1
1713;199312;1.071;303.158;303.194;1;1
1713;199401;1.015;743.995;743.939;1;1
1713;199402;1.108;312.217;312.31;1;1
1713;199403;0.969;282.299;282.16;1;1
1713;199404;1.071;148.332;148.434;1;1
1713;199405;1.051;162.198;162.178;1;1
1713;199406;1.105;117.359;117.413;1;1
1713;199407;0.884;66.279;66.058;1;1
1713;199408;1.105;38.037;38.258;1;1
1713;199409;1.105;25.915;25.915;1;1
1713;199410;1.061;83.04;82.996;1;1
1713;199411;1.095;145.83;145.864;1;1
1713;199412;1.105;152.15;152.16;1;1
1713;199501;1.108;333.446;333.449;1;1
1713;199502;1.116;425.241;425.249;1;1
1713;199503;0.992;484.648;484.524;1;1
1713;199504;1.005;138.66;138.673;1;1
1713;199505;1.007;101.625;101.627;1;1
1713;199506;1.084;90.583;90.66;1;1
1713;199507;1.074;88.628;88.618;1;1
1713;199508;1.092;71.275;71.293;1;1
1713;199509;1.092;53.024;53.024;1;1
1713;199510;1.053;53.335;53.296;1;1
1713;199511;1.058;180.571;180.576;1;1
1713;199512;1.051;615.818;615.811;1;1
1713;199601;1.108;1273.293;1273.35;1;1
1713;199602;0.987;494.519;494.398;1;1
1713;199603;1.063;245.528;245.604;1;1
1713;199604;1.01;303.637;303.584;1;1
1713;199605;0.95;240.085;240.025;1;1
1713;199606;0.899;145.979;145.928;1;1
1713;199607;0.754;89.53;89.385;1;1
1713;199608;1.113;40.137;40.496;1;1
1713;199609;0.71;48.123;47.72;1;1
1713;199610;1.087;78.323;78.7;1;1
1713;199611;0.979;256.7;256.592;1;1
1713;199612;1.069;298.479;298.569;1;1
1713;199701;1.084;342.881;342.896;1;1
1713;199702;1.04;218.833;218.789;1;1
1713;199703;1.066;163.816;163.842;1;1
1713;199704;1.084;65.209;65.227;1;1
1713;199705;1.074;77.789;77.779;1;1
1713;199706;1.033;126.191;126.15;1;1
1713;199707;1.095;141.564;141.626;1;1
1713;199708;0.728;45.811;45.444;1;1
1713;199709;1.02;32.343;32.635;1;1
1713;199710;1.058;129.138;129.176;1;1
1713;199711;1.1;335.632;335.674;1;1
1713;199712;1.113;479.637;479.65;1;1
1713;199801;0.935;426.593;426.415;1;1
1713;199802;1.04;186.428;186.533;1;1
1713;199803;1.076;132.457;132.493;1;1
1713;199804;1.113;522.775;522.812;1;1
1713;199805;0.906;453.636;453.429;1;1
1713;199806;1.04;214.566;214.7;1;1
1713;199807;1.071;67.255;67.286;1;1
1713;199808;1.079;37.772;37.78;1;1
1713;199809;0.652;54.027;53.6;1;1
1713;199810;1.076;184.277;184.701;1;1
1713;199811;0.93;132.527;132.381;1;1
1713;199812;1.035;71.728;71.833;1;1
1713;199901;1.09;98.762;98.817;1;1
1713;199902;1.053;78.265;78.228;1;1
1713;199903;1.007;155.863;155.817;1;1
1713;199904;0.894;166.413;166.3;1;1
1713;199905;1;234.985;235.091;1;1
1713;199906;1.092;107.827;107.919;1;1
1713;199907;1.066;87.366;87.34;1;1
1713;199908;1.051;104.355;104.34;1;1
1713;199909;1.056;90.806;90.811;1;1
1713;199910;1.116;252.878;252.938;1;1
1713;199911;1.066;276.464;276.414;1;1
1713;199912;1.105;333.544;333.583;1;1
1713;200001;1.012;274.372;274.279;1;1
1713;200002;1.061;106.904;106.953;1;1
1713;200003;1.01;66.789;66.738;1;1
1713;200004;1.119;268.139;268.248;1;1
1713;200005;1.113;325.202;325.196;1;1
1713;200006;0.969;122.877;122.733;1;1
1713;200007;0.911;74.918;74.86;1;1
1713;200008;0.913;66.614;66.616;1;1
1713;200009;0.774;53.512;53.373;1;1
1713;200010;0.957;103.179;103.362;1;1
1713;200011;1.108;496.959;497.11;1;1
1713;200012;1.1;1134.277;1134.269;1;1
1713;200101;1.079;1310.928;1310.907;1;1
1713;200102;1.113;760.069;760.103;1;1
1713;200103;1.108;1243.663;1243.658;1;1
1713;200104;1.063;453.568;453.523;1;1
1713;200105;1.022;225.345;225.304;1;1
1713;200106;0.984;109.814;109.776;1;1
1713;200107;1.02;95.156;95.192;1;1
1713;200108;0.994;61.104;61.078;1;1
1713;200109;0.715;33.663;33.384;1;1
1713;200110;1.063;100.102;100.45;1;1
1713;200111;1.061;75.631;75.629;1;1
1713;200112;0.997;41.218;41.154;1;1
1713;200201;1.087;60.74;60.83;1;1
1713;200202;1.105;100.273;100.291;1;1
1713;200203;0.992;105.995;105.882;1;1
1713;200204;1.087;56.344;56.439;1;1
1713;200205;1.074;41.114;41.101;1;1
1713;200206;1.002;58.784;58.712;1;1
1713;200207;1.087;59.466;59.551;1;1
1713;200208;0.911;41.99;41.814;1;1
1713;200209;0.957;27.638;27.684;1;1
1713;200210;1.038;140.791;140.872;1;1
1713;200211;1.113;279.118;279.193;1;1
1713;200212;1.103;565.873;565.863;1;1
1713;200301;1.092;852.87;852.859;1;1
1713;200302;1.03;312.371;312.309;1;1
1713;200303;1.071;332.922;332.963;1;1
1713;200304;0.974;269.659;269.562;1;1
1713;200305;1.063;125.878;125.967;1;1
1713;200306;1.082;66.055;66.074;1;1
1713;200307;1.045;101.187;101.15;1;1
1713;200308;0.923;83.381;83.259;1;1
1713;200309;0.942;27.278;27.297;1;1
1713;200310;1.066;68.197;68.321;1;1
1713;200311;1.076;187.881;187.891;1;1
1713;200312;1.108;312.115;312.147;1;1
1713;200401;1.092;354.478;354.462;1;1
1713;200402;0.908;210.715;210.531;1;1
1713;200403;1.051;155.349;155.492;1;1
1713;200404;0.95;122.29;122.189;1;1
1713;200405;1.012;148.38;148.442;1;1
1713;200406;1;65.298;65.286;1;1
1713;200407;0.666;48.313;47.979;1;1
1713;200408;0.835;84.934;85.103;1;1
1713;200409;1.035;28.308;28.508;1;1
1713;200410;1.105;162.575;162.645;1;1
1713;200411;0.997;186.4;186.292;1;1
1713;200412;1.076;132.779;132.858;1;1
1713;200501;1.025;138.696;138.645;1;1
1713;200502;1.051;53.972;53.998;1;1
1713;200503;0.851;70.191;69.991;1;1
1713;200504;0.947;133.119;133.215;1;1
1713;200505;1.027;158.933;159.013;1;1
1713;200506;1.056;63.779;63.808;1;1
1713;200507;0.473;64.256;63.673;1;1
1713;200508;1.002;19.348;19.877;1;1
1713;200509;1.051;44.097;44.146;1;1
1713;200510;1.015;69.736;69.7;1;1
1713;200511;0.756;82.568;82.309;1;1
1713;200512;0.916;109.581;109.741;1;1
1713;200601;0.955;90.022;90.061;1;1
1713;200602;1.043;67.438;67.526;1;1
1713;200603;1.105;350.714;350.776;1;1
1713;200604;1.043;286.374;286.312;1;1
1713;200605;1.058;125.246;125.261;1;1
1713;200606;1.01;49.852;49.804;1;1
1713;200607;0.315;74.178;73.483;1;1
1713;200608;0.942;20.699;21.326;1;1
1713;200609;0.937;54.282;54.277;1;1
1713;200610;0.987;277.131;277.181;1;1
1713;200611;1.071;358.838;358.922;1;1
1713;200612;1.01;514.041;513.98;1;1
1713;200701;0.96;245.982;245.932;1;1
1713;200702;1.1;347.489;347.629;1;1
1713;200703;0.955;377.375;377.23;1;1
1713;200704;1.076;193.226;193.347;1;1
1713;200705;1.035;104.047;104.006;1;1
1713;200706;1.092;123.707;123.764;1;1
1713;200707;1.035;110.792;110.735;1;1
1713;200708;1.007;29.767;29.739;1;1
1713;200709;1.079;26.478;26.55;1;1
1713;200710;0.987;78.392;78.3;1;1
1713;200711;1.079;45.1;45.192;1;1
1713;200712;1.076;27.37;27.367;1;1
1713;200801;1.058;80.212;80.194;1;1
1713;200802;1.012;46.899;46.853;1;1
1713;200803;1.04;73.738;73.766;1;1
1713;200804;0.96;231.309;231.229;1;1
1713;200805;1.063;204.812;204.915;1;1
1713;200806;1.01;169.13;169.077;1;1
1713;200807;0.823;67.525;67.338;1;1
1713;200808;0.849;22.295;22.321;1;1
1713;200809;1.061;88.2;88.412;1;1
1713;200810;1.022;59.927;59.888;1;1
1713;200811;1;57.749;57.727;1;1
1713;200812;1.01;199.194;199.204;1;1
1713;200901;1.108;303.45;303.548;1;1
1713;200902;1.097;372.509;372.498;1;1
1713;200903;0.928;312.197;312.028;1;1
1713;200904;1.105;167.619;167.796;1;1
1713;200905;0.982;93.394;93.271;1;1
1713;200906;1;59.306;59.324;1;1
1713;200907;1.097;48.969;49.066;1;1
1713;200908;0.861;27.818;27.582;1;1
1713;200909;1.097;31.54;31.776;1;1
1713;200910;1.017;79.311;79.231;1;1
1713;200911;1.095;241.504;241.582;1;1
1713;200912;1.045;558.304;558.254;1;1
1713;201001;1.058;642.631;642.644;1;1
1713;201002;0.977;438.795;438.714;1;1
1713;201003;1.095;521.482;521.6;1;1
1713;201004;1.09;390.214;390.209;1;1
1713;201005;0.989;230.384;230.283;1;1
1713;201006;1.02;202.728;202.759;1;1
1713;201007;0.96;123.263;123.203;1;1
1713;201008;1.038;22.826;22.904;1;1
1713;201009;1.069;78.648;78.679;1;1
1713;201010;1.01;126.414;126.355;1;1
1713;201011;1.1;306.714;306.804;1;1
1713;201012;0.95;363.571;363.421;1;1
1713;201101;0.94;474.576;474.566;1;1
1713;201102;1.03;241.009;241.099;1;1
1713;201103;1.05;270.008;270.028;1;1
1713;201104;1.07;226.54;226.56;1;1
1713;201105;1.05;119.337;119.317;1;1
1713;201106;1.07;44.303;44.323;1;1
1713;201107;1.1;35.343;35.373;1;1
1713;201108;1.1;24.979;24.979;1;1
1713;201109;1.08;51.165;51.145;1;1
1713;201110;1.058;84.285;84.263;1;1
1713;201111;1.038;73.468;73.448;1;1
1713;201112;1.025;120.967;120.954;1;1
1713;201201;1.022;59.491;59.488;1;1
1713;201202;1.048;36.925;36.951;1;1
1713;201203;1.09;30.29;30.332;1;1
1713;201204;1.015;116.49;116.415;1;1
1713;201205;1.053;186.437;186.475;1;1
1713;201206;0.823;70.822;70.592;1;1
1713;201207;1.069;53.588;53.834;1;1
1713;201208;0.987;21.764;21.682;1;1
1713;201209;1.015;51.454;51.482;1;1
1713;201210;1.069;70.46;70.514;1;1
1713;201211;1.043;92.99;92.964;1;1
1713;201212;1.103;208.902;208.962;1;1
1713;201301;1.111;452.058;452.066;1;1
1713;201302;1.113;401.623;401.625;1;1
1713;201303;1.09;588.912;588.889;1;1
1713;201304;1.058;693.92;693.888;1;1
1713;201305;1.069;216.435;216.446;1;1
1713;201306;0.952;117.361;117.244;1;1
1713;201307;1.087;92.583;92.718;1;1
1713;201308;1.097;38.316;38.326;1;1
1713;201309;1.084;79.488;79.475;1;1
1713;201310;1.045;143.163;143.124;1;1
1713;201311;1.04;244.675;244.67;1;1
1713;201312;1.09;291.497;291.547;1;1
1713;201401;1.097;735.083;735.09;1;1
1713;201402;1.087;962.622;962.612;1;1
1713;201403;1.063;686.271;686.247;1;1
1713;201404;1.113;460.11;460.16;1;1
1713;201405;0.989;182.624;182.5;1;1
1713;201406;1.03;123.977;124.018;1;1
1713;201407;0.987;104.379;104.336;1;1
1713;201408;1.03;97.182;97.225;1;1
1713;201409;1.071;40.495;40.536;1;1
1713;201410;1.04;81.996;81.965;1;1
1713;201411;1.03;191.894;191.884;1;1
1713;201412;1.04;164.959;164.969;1;1
1713;201501;1.01;216.78;216.75;1;1
1713;201502;1.1;435.762;435.852;1;1
1713;201503;1.08;312.845;312.825;1;1
1713;201504;1.02;160.924;160.864;1;1
1713;201505;0.97;192.181;192.131;1;1
1713;201506;1.08;105.053;105.163;1;1
1713;201507;1.11;90.323;90.353;1;1
1713;201508;1.09;33.237;33.217;1;1
1713;201509;1;72.662;72.572;1;1
1713;201510;1.02;83.139;83.159;1;1
1713;201511;1.09;123.98;124.05;1;1
1713;201512;1.05;87.708;87.668;1;1
1713;201601;1.06;708.616;708.626;1;1
1713;201602;1.1;891.285;891.325;1;1
1713;201603;1.1;475.185;475.185;1;1
1713;201604;1.1;633.748;633.748;1;1
1713;201605;1.06;382.362;382.322;1;1
1713;201606;1.04;180.644;180.624;1;1
1713;201607;1.06;140.922;140.942;1;1
1713;201608;1.03;46.568;46.538;1;1
1713;201609;1.03;95.55;95.55;1;1
1713;201610;1.03;115.55;115.55;1;1
1713;201611;1.03;64.11;64.11;1;1
1713;201612;1.04;52.89;52.9;1;1
1713;201701;0.85;40;39.81;1;1
1713;201702;1.02;170.52;170.69;1;1
1713;201703;0.99;100.4;100.37;1;1
1713;201704;0.99;65.42;65.42;1;1
1713;201705;1.04;68.26;68.31;1;1
1713;201706;0.96;39.25;;1;1
1713;201707;1.05;48.97;49.06;1;1
1713;201708;1.03;23.51;;1;1
1713;201709;1.05;82.24;82.26;1;1
1713;201710;1.03;58.742;58.722;1;1
1713;201711;1.09;58.882;58.942;1;1
1713;201712;0.98;131.215;131.105;1;1
1713;201801;1.06;203.475;203.555;1;1
1713;201802;1.02;193.448;193.408;1;1
1713;201803;1.1;409.708;409.788;1;1
1713;201804;1.1;536.282;536.282;1;1
1713;201805;1.05;226.751;226.701;1;1
1713;201806;1.06;239.27;239.28;1;1
1713;201807;1.09;181.679;181.709;1;1
1713;201808;1.07;54.486;54.466;1;1
1713;201809;1;139.551;139.481;1;1
1713;201810;1.03;119.247;119.277;1;1
1713;201811;1.04;185.813;185.823;1;1
1713;201812;1.07;221.376;221.406;1;1
1713;201901;1.09;173.76;173.78;1;1
1713;201902;1.05;311.504;311.464;1;1
1713;201903;1.08;176.222;176.252;1;1
1713;201904;1.08;161.711;161.711;1;1
1713;201905;1.02;132.206;132.146;1;1
1713;201906;1;75.173;75.153;1;1
1713;201907;1.08;96.648;96.728;1;1
1713;201908;1.04;57.402;57.362;1;1
1713;201909;1;99.414;99.374;1;1
1713;201910;1.06;97.505;97.565;1;1
1713;201911;1.09;428.034;428.064;1;1
1713;201912;1.09;1082.431;1082.431;1;1
1713;202001;1.02;354.617;354.547;1;1
1713;202002;0.98;242.656;242.616;1;1
1713;202003;1.08;312.243;312.343;1;1
1713;202004;1.06;183.003;182.983;1;1
1713;202005;1.06;171.927;171.927;1;1
1713;202006;0.95;94.914;94.804;1;1
1713;202007;1.01;97.667;97.727;1;1
1713;202008;1.04;51.883;51.913;1;1
1713;202009;1.05;126.419;126.429;1;1
1713;202010;1.04;117.899;117.889;1;1
1713;202011;1.06;120.326;120.346;1;1
1713;202012;1.1;327.586;327.626;1;1
1713;202101;1.09;420.712;420.702;1;1
1713;202102;1.08;632.7;632.69;1;1
1713;202103;1.01;279.641;279.571;1;1
1713;202104;1.09;151.122;151.202;1;1
1713;202105;1.07;106.664;106.644;1;1
1713;202106;1.06;119.099;119.089;1;1
1713;202107;1.01;72.041;71.991;1;1
1713;202108;0.98;36.503;36.473;1;1
1713;202109;1.04;71.792;71.852;1;1
1716;197110;;;;2;1
1716;197111;;;;2;1
1716;197112;3.74;161.94;161.07;2;1
1716;197201;2.87;151.183;152.073;2;1
1716;197202;3.76;518.253;516.413;2;1
1716;197203;1.92;395.496;397.166;2;1
1716;197204;3.59;320.138;320.208;2;1
1716;197205;3.66;195.972;196.052;2;1
1716;197206;3.74;171.858;171.858;2;1
1716;197207;3.74;160.255;159.655;2;1
1716;197208;3.14;98.055;97.265;2;1
1716;197209;2.35;30.404;30.834;2;1
1716;197210;2.78;142.724;143.684;2;1
1716;197211;3.74;180.732;180.732;2;1
1716;197212;3.74;249.523;249.523;2;1
1716;197301;3.74;241.929;241.929;2;1
1716;197302;3.74;192.629;192.629;2;1
1716;197303;3.74;192.612;192.612;2;1
1716;197304;3.74;112.933;112.933;2;1
1716;197305;3.74;314.22;314.22;2;1
1716;197306;3.74;106.453;106.453;2;1
1716;197307;3.74;102.781;102.781;2;1
1716;197308;3.74;117.798;117.398;2;1
1716;197309;3.34;65.871;66.271;2;1
1716;197310;3.74;148.85;148.85;2;1
1716;197311;3.74;101.036;101.036;2;1
1716;197312;3.74;114.955;114.955;2;1
1716;197401;3.74;413.726;413.796;2;1
1716;197402;3.81;451.423;451.353;2;1
1716;197403;3.74;297.734;297.734;2;1
1716;197404;3.74;158.397;158.397;2;1
1716;197405;3.74;144.4;144.4;2;1
1716;197406;3.74;121.945;121.935;2;1
1716;197407;3.73;152.582;152.412;2;1
1716;197408;3.56;89.165;89.345;2;1
1716;197409;3.74;135.423;135.393;2;1
1716;197410;3.71;32.167;32.187;2;1
1716;197411;3.73;146.664;146.674;2;1
1716;197412;3.74;151.304;151.304;2;1
1716;197501;3.74;168.756;168.746;2;1
1716;197502;3.73;156.972;156.972;2;1
1716;197503;3.73;250.456;250.466;2;1
1716;197504;3.74;119.621;119.631;2;1
1716;197505;3.75;70.762;70.762;2;1
1716;197506;3.75;59.348;59.198;2;1
1716;197507;3.6;90.107;90.247;2;1
1716;197508;3.74;63.867;63.457;2;1
1716;197509;3.33;120.623;120.983;2;1
1716;197510;3.69;119.241;119.001;2;1
1716;197511;3.45;169.448;169.748;2;1
1716;197512;3.75;192.663;192.653;2;1
1716;197601;3.74;52.816;52.726;2;1
1716;197602;3.65;111.802;111.742;2;1
1716;197603;3.59;126.032;126.182;2;1
1716;197604;3.74;122.999;122.889;2;1
1716;197605;3.63;57.033;56.863;2;1
1716;197606;3.46;75.989;76.009;2;1
1716;197607;3.48;76.879;76.379;2;1
1716;197608;2.98;74.546;75.296;2;1
1716;197609;3.73;97.857;97.657;2;1
1716;197610;3.53;111.672;111.252;2;1
1716;197611;3.11;356.754;357.244;2;1
1716;197612;3.6;531.291;531.491;2;1
1716;197701;3.8;408.102;408.072;2;1
1716;197702;3.77;845.554;845.554;2;1
1716;197703;3.77;393.474;393.474;2;1
1716;197704;3.77;187.151;187.121;2;1
1716;197705;3.74;122.031;122.021;2;1
1716;197706;3.73;177.232;177.242;2;1
1716;197707;3.74;132.926;132.926;2;1
1716;197708;3.74;157.74;157.74;2;1
1716;197709;3.74;142.128;142.068;2;1
1716;197710;3.68;134.844;134.774;2;1
1716;197711;3.61;102.894;102.984;2;1
1716;197712;3.7;343.941;344.041;2;1
1716;197801;3.8;319.144;319.134;2;1
1716;197802;3.79;754.972;754.622;2;1
1716;197803;3.44;721.414;721.754;2;1
1716;197804;3.78;259.969;259.919;2;1
1716;197805;3.73;268.851;268.751;2;1
1716;197806;3.63;176.558;176.648;2;1
1716;197807;3.72;138.249;138.019;2;1
1716;197808;3.49;132.831;132.751;2;1
1716;197809;3.41;24.33;24.55;2;1
1716;197810;3.63;94.98;94.85;2;1
1716;197811;3.5;64.86;65.1;2;1
1716;197812;3.74;540.19;540.09;2;1
1716;197901;3.64;746.634;746.764;2;1
1716;197902;3.77;1339.286;1339.296;2;1
1716;197903;3.78;510.045;510.065;2;1
1716;197904;3.8;549.141;548.731;2;1
1716;197905;3.39;243.216;243.636;2;1
1716;197906;3.81;205.278;205.198;2;1
1716;197907;3.73;142.379;142.169;2;1
1716;197908;3.52;115.24;115.24;2;1
1716;197909;3.52;54.268;54.238;2;1
1716;197910;3.49;79.272;78.932;2;1
1716;197911;3.15;253.333;253.923;2;1
1716;197912;3.74;229.522;229.552;2;1
1716;198001;3.77;373.3;373.27;2;1
1716;198002;3.74;300.724;300.724;2;1
1716;198003;3.74;254.768;254.798;2;1
1716;198004;3.77;223.914;223.894;2;1
1716;198005;3.75;192.188;192.168;2;1
1716;198006;3.73;164.765;164.605;2;1
1716;198007;3.57;128.632;128.662;2;1
1716;198008;3.6;104.518;104.628;2;1
1716;198009;3.71;25.669;25.169;2;1
1716;198010;3.21;134.585;135.145;2;1
1716;198011;3.77;110.834;110.354;2;1
1716;198012;3.29;140.841;141.261;2;1
1716;198101;3.71;120.718;120.538;2;1
1716;198102;3.53;61.975;62.165;2;1
1716;198103;3.72;155.624;155.564;2;1
1716;198104;3.66;163.633;163.723;2;1
1716;198105;3.75;140.737;140.747;2;1
1716;198106;3.76;150.12;150.07;2;1
1716;198107;3.71;118.765;118.595;2;1
1716;198108;3.54;112.536;112.746;2;1
1716;198109;3.75;32.219;32.129;2;1
1716;198110;3.66;181.189;181.219;2;1
1716;198111;3.69;64.947;64.947;2;1
1716;198112;3.69;577.826;577.666;2;1
1716;198201;3.53;447.889;447.949;2;1
1716;198202;3.59;220.147;220.257;2;1
1716;198203;3.7;201.995;202.015;2;1
1716;198204;3.72;83.445;83.045;2;1
1716;198205;3.32;43.71;44.12;2;1
1716;198206;3.73;107.577;107.437;2;1
1716;198207;3.59;98.142;98.062;2;1
1716;198208;3.51;91.29;91.17;2;1
1716;198209;3.39;21.254;21.386;2;1
1716;198210;3.522;155.388;155.105;2;1
1716;198211;3.239;207.081;207.609;2;1
1716;198212;3.767;424.503;424.541;2;1
1716;198301;3.805;214.014;213.961;2;1
1716;198302;3.752;173.944;173.966;2;1
1716;198303;3.774;168.936;168.898;2;1
1716;198304;3.736;271.53;271.591;2;1
1716;198305;3.797;486.787;486.711;2;1
1716;198306;3.721;226.22;226.035;2;1
1716;198307;3.536;142.67;142.457;2;1
1716;198308;3.323;132.53;132.809;2;1
1716;198309;3.602;42.119;41.527;2;1
1716;198310;3.01;75.022;75.614;2;1
1716;198311;3.602;81.55;81.55;2;1
1716;198312;3.602;210.928;210.841;2;1
1716;198401;3.515;259.188;259.455;2;1
1716;198402;3.782;274.113;274.098;2;1
1716;198403;3.767;227.702;227.747;2;1
1716;198404;3.812;369.502;369.374;2;1
1716;198405;3.684;216.448;216.569;2;1
1716;198406;3.805;273.475;273.429;2;1
1716;198407;3.759;161.483;160.848;2;1
1716;198408;3.124;107.329;107.342;2;1
1716;198409;3.137;36.826;37.204;2;1
1716;198410;3.515;211.928;212.218;2;1
1716;198411;3.805;390.344;390.321;2;1
1716;198412;3.782;371.138;370.995;2;1
1716;198501;3.639;355.148;355.268;2;1
1716;198502;3.759;774.17;774.208;2;1
1716;198503;3.797;427.826;427.788;2;1
1716;198504;3.759;423.291;423.171;2;1
1716;198505;3.639;181.269;181.152;2;1
1716;198506;3.522;178.895;178.45;2;1
1716;198507;3.077;117.42;117.829;2;1
1716;198508;3.486;92.564;91.894;2;1
1716;198509;2.816;31.925;32.77;2;1
1716;198510;3.661;85.849;85.695;2;1
1716;198511;3.507;70.958;70.794;2;1
1716;198512;3.343;121.268;121.654;2;1
1716;198601;3.729;311.284;311.314;2;1
1716;198602;3.759;404.68;404.657;2;1
1716;198603;3.736;342.706;342.676;2;1
1716;198604;3.706;232.643;232.681;2;1
1716;198605;3.744;200.408;200.431;2;1
1716;198606;3.767;130.2;130.006;2;1
1716;198607;3.573;96.631;96.832;2;1
1716;198608;3.774;76.988;76.565;2;1
1716;198609;3.351;66.971;67.244;2;1
1716;198610;3.624;124.665;124.512;2;1
1716;198611;3.471;86.967;86.674;2;1
1716;198612;3.178;95.026;95.443;2;1
1716;198701;3.595;98.293;98.27;2;1
1716;198702;3.572;186.522;186.702;2;1
1716;198703;3.752;144.161;143.628;2;1
1716;198704;3.219;182.589;182.95;2;1
1716;198705;3.58;65.871;65.835;2;1
1716;198706;3.544;90.516;90.656;2;1
1716;198707;3.684;104.289;104.349;2;1
1716;198708;3.744;75.748;75.404;2;1
1716;198709;3.4;33.592;33.728;2;1
1716;198710;3.536;297.488;297.658;2;1
1716;198711;3.706;257.62;257.48;2;1
1716;198712;3.566;345.327;345.566;2;1
1716;198801;3.805;454.195;454.172;2;1
1716;198802;3.782;652.853;652.571;2;1
1716;198803;3.5;193.327;193.496;2;1
1716;198804;3.669;219.753;219.598;2;1
1716;198805;3.514;315.526;315.718;2;1
1716;198806;3.706;198.363;198.356;2;1
1716;198807;3.699;181.087;181.132;2;1
1716;198808;3.744;110.764;110.622;2;1
1716;198809;3.602;41.469;41.239;2;1
1716;198810;3.372;112.246;112.447;2;1
1716;198811;3.573;45.293;45.419;2;1
1716;198812;3.699;43.367;43.307;2;1
1716;198901;3.639;31.024;30.856;2;1
1716;198902;3.471;47.985;48.235;2;1
1716;198903;3.721;180.457;180.485;2;1
1716;198904;3.749;206;205.642;2;1
1716;198905;3.391;110.754;111.096;2;1
1716;198906;3.733;103.521;103.498;2;1
1716;198907;3.71;92.98;93.003;2;1
1716;198908;3.733;77.698;77.052;2;1
1716;198909;3.087;22.726;23.294;2;1
1716;198910;3.655;72.403;72.45;2;1
1716;198911;3.702;132.765;132.78;2;1
1716;198912;3.717;482.057;482.097;2;1
1716;199001;3.757;283.473;283.544;2;1
1716;199002;3.828;300.999;300.959;2;1
1716;199003;3.788;98.813;98.719;2;1
1716;199004;3.694;68.285;67.775;2;1
1716;199005;3.184;37.107;37.54;2;1
1716;199006;3.617;70.697;70.674;2;1
1716;199007;3.594;80.382;79.237;2;1
1716;199008;2.449;26.291;27.63;2;1
1716;199009;3.788;10.838;10.721;2;1
1716;199010;3.702;110.227;110.258;1;1
1716;199011;3.503;160.636;160.437;1;1
1716;199012;3.64;124.25;124.387;1;1
1716;199101;3.717;326.02;326.097;1;1
1716;199102;3.749;205.153;205.185;1;1
1716;199103;3.749;408.817;408.817;1;1
1716;199104;3.757;250.841;250.849;1;1
1716;199105;3.741;137.438;137.422;1;1
1716;199106;3.796;120.885;120.94;1;1
1716;199107;3.205;108.289;107.698;1;1
1716;199108;3.219;20.388;20.402;1;1
1716;199109;3.495;56.416;56.692;1;1
1716;199110;3.601;95.565;95.671;1;1
1716;199111;3.71;222.242;222.351;1;1
1716;199112;3.518;76.025;75.833;1;1
1716;199201;3.586;82.638;82.706;1;1
1716;199202;3.525;31.939;31.878;1;1
1716;199203;3.54;48.908;48.923;1;1
1716;199204;3.518;205.764;205.742;1;1
1716;199205;3.156;92.69;92.328;1;1
1716;199206;3.796;113.181;113.821;1;1
1716;199207;3.355;103.438;102.997;1;1
1716;199208;3.812;26.276;26.733;1;1
1716;199209;3.34;93.629;93.157;1;1
1716;199210;3.226;123.433;123.319;1;1
1716;199211;3.533;115.902;116.209;1;1
1716;199212;3.231;319.703;319.401;1;1
1716;199301;3.359;164.152;164.28;1;1
1716;199302;3.092;51.119;50.852;1;1
1716;199303;3.484;46.282;46.674;1;1
1716;199304;3.645;73.316;73.477;1;1
1716;199305;3.74;143.63;143.725;1;1
1716;199306;3.537;194.044;193.841;1;1
1716;199307;3.679;117.018;117.16;1;1
1716;199308;3.645;57.788;57.754;1;1
1716;199309;3.359;58.221;57.935;1;1
1716;199310;3.372;322.213;322.226;1;1
1716;199311;3.706;221.543;221.877;1;1
1716;199312;3.584;274.026;273.904;1;1
1716;199401;3.282;622.006;621.704;1;1
1716;199402;3.727;282.775;283.22;1;1
1716;199403;3.699;262.317;262.289;1;1
1716;199404;3.611;139.451;139.363;1;1
1716;199405;3.418;153.954;153.761;1;1
1716;199406;3.672;109.791;110.045;1;1
1716;199407;3.55;60.085;59.963;1;1
1716;199408;3.231;37.46;37.141;1;1
1716;199409;3.544;23.875;24.188;1;1
1716;199410;3.359;79.056;78.871;1;1
1716;199411;3.571;131.842;132.054;1;1
1716;199412;3.713;140.526;140.668;1;1
1716;199501;3.734;303.511;303.532;1;1
1716;199502;3.713;378.46;378.439;1;1
1716;199503;3.193;426.47;425.95;1;1
1716;199504;3.111;128.286;128.204;1;1
1716;199505;3.477;93.894;94.26;1;1
1716;199506;3.652;86.041;86.216;1;1
1716;199507;3.665;82.401;82.414;1;1
1716;199508;3.604;68.871;68.81;1;1
1716;199509;2.061;48.153;46.61;1;1
1716;199510;3.464;49.131;50.534;1;1
1716;199511;3.451;168.202;168.189;1;1
1716;199512;3.584;568.684;568.817;1;1
1716;199601;3.706;1155.831;1155.953;1;1
1716;199602;3.544;424.482;424.32;1;1
1716;199603;3.275;231.522;231.253;1;1
1716;199604;3.451;288.054;288.23;1;1
1716;199605;3.385;225.212;225.146;1;1
1716;199606;3.037;135.753;135.405;1;1
1716;199607;3.672;86.333;86.968;1;1
1716;199608;3.484;37.599;37.411;1;1
1716;199609;3.544;42.572;42.632;1;1
1716;199610;3.597;72.328;72.381;1;1
1716;199611;3.438;229.878;229.719;1;1
1716;199612;3.544;266.669;266.775;1;1
1716;199701;3.597;310.054;310.107;1;1
1716;199702;3.524;198.486;198.413;1;1
1716;199703;3.174;148.072;147.722;1;1
1716;199704;3.618;56.369;56.813;1;1
1716;199705;3.652;71.056;71.09;1;1
1716;199706;3.484;118.256;118.088;1;1
1716;199707;3.72;133.99;134.226;1;1
1716;199708;3.686;43.251;43.217;1;1
1716;199709;2.111;30.52;28.945;1;1
1716;199710;3.398;122.8;124.087;1;1
1716;199711;3.74;296.85;297.192;1;1
1716;199712;3.74;416.958;416.958;1;1
1716;199801;3.366;395.002;394.628;1;1
1716;199802;3.398;170.934;170.966;1;1
1716;199803;3.405;118.059;118.066;1;1
1716;199804;3.754;453.019;453.368;1;1
1716;199805;3.307;408.877;408.43;1;1
1716;199806;3.392;205.034;205.119;1;1
1716;199807;2.176;63.026;61.81;1;1
1716;199808;3.747;33.395;34.966;1;1
1716;199809;3.49;48.287;48.03;1;1
1716;199810;3.638;175.321;175.469;1;1
1716;199811;3.424;116.699;116.485;1;1
1716;199812;3.631;57.013;57.22;1;1
1716;199901;3.624;87.974;87.967;1;1
1716;199902;3.359;72.704;72.439;1;1
1716;199903;3.438;139.892;139.971;1;1
1716;199904;3.18;156.519;156.261;1;1
1716;199905;3.504;216.232;216.556;1;1
1716;199906;3.699;99.835;100.03;1;1
1716;199907;3.471;82.713;82.485;1;1
1716;199908;3.524;99.302;99.355;1;1
1716;199909;3.346;84.931;84.753;1;1
1716;199910;3.537;219.336;219.527;1;1
1716;199911;3.591;254.62;254.674;1;1
1716;199912;3.49;294.825;294.724;1;1
1716;200001;3.288;243.387;243.185;1;1
1716;200002;3.524;91.061;91.297;1;1
1716;200003;3.392;59.454;59.322;1;1
1716;200004;3.699;234.823;235.13;1;1
1716;200005;3.672;288.191;288.164;1;1
1716;200006;3.577;113.494;113.399;1;1
1716;200007;3.672;69.702;69.797;1;1
1716;200008;3.243;63.548;63.119;1;1
1716;200009;2.151;50.912;49.82;1;1
1716;200010;3.424;96.48;97.753;1;1
1716;200011;3.747;448.793;449.116;1;1
1716;200012;3.747;996.977;996.977;1;1
1716;200101;3.727;1142.727;1142.707;1;1
1716;200102;3.72;715.92;715.913;1;1
1716;200103;3.72;1169.988;1169.988;1;1
1716;200104;3.679;430.268;430.227;1;1
1716;200105;3.672;212.463;212.456;1;1
1716;200106;3.55;105.397;105.275;1;1
1716;200107;3.431;93.371;93.252;1;1
1716;200108;3.372;60.644;60.585;1;1
1716;200109;3.477;32.31;32.415;1;1
1716;200110;3.484;97.413;97.42;1;1
1716;200111;3.497;73.603;73.616;1;1
1716;200112;3.557;46.788;46.848;1;1
1716;200201;3.517;55.761;55.721;1;1
1716;200202;3.658;91.148;91.289;1;1
1716;200203;3.604;96.597;96.543;1;1
1716;200204;3;51.792;51.188;1;1
1716;200205;3.269;37.354;37.623;1;1
1716;200206;3.392;53.674;53.797;1;1
1716;200207;3.564;58.893;59.065;1;1
1716;200208;3.597;41.349;41.382;1;1
1716;200209;2.413;27.239;26.055;1;1
1716;200210;3.624;134.29;135.501;1;1
1716;200211;3.74;261.708;261.824;1;1
1716;200212;1.103;565.873;563.236;1;1
1716;200301;3.734;805.095;807.726;1;1
1716;200302;3.49;292.617;292.373;1;1
1716;200303;3.713;312.916;313.139;1;1
1716;200304;3.652;255.279;255.218;1;1
1716;200305;3.537;118.428;118.313;1;1
1716;200306;3.359;64.042;63.864;1;1
1716;200307;3.372;99.958;99.971;1;1
1716;200308;3.672;82.894;83.194;1;1
1716;200309;2.007;27.177;25.512;1;1
1716;200310;3.604;66.036;67.633;1;1
1716;200311;3.679;173.254;173.329;1;1
1716;200312;3.672;291.816;291.809;1;1
1716;200401;3.53;330.527;330.385;1;1
1716;200402;3.631;199.086;199.187;1;1
1716;200403;3.699;145.145;145.213;1;1
1716;200404;3.405;114.339;114.045;1;1
1716;200405;3.537;139.179;139.311;1;1
1716;200406;3.438;63.23;63.131;1;1
1716;200407;3.167;47.667;47.396;1;1
1716;200408;3.618;84.506;84.957;1;1
1716;200409;2.046;27.141;25.569;1;1
1716;200410;3.591;154.346;155.891;1;1
1716;200411;3.51;177.361;177.28;1;1
1716;200412;3.624;126.561;126.675;1;1
1716;200501;3.537;128.828;128.741;1;1
1716;200502;3.631;49.653;49.747;1;1
1716;200503;3.484;61.926;61.779;1;1
1716;200504;3.53;119.956;120.002;1;1
1716;200505;3.031;150.754;150.255;1;1
1716;200506;3.504;62.481;62.954;1;1
1716;200507;3.692;63.656;63.844;1;1
1716;200508;3.117;19.868;19.293;1;1
1716;200509;3.524;44.126;44.533;1;1
1716;200510;3.55;69.013;69.039;1;1
1716;200511;3.584;78.471;78.505;1;1
1716;200512;3.591;101.513;101.52;1;1
1716;200601;3.611;82.945;82.965;1;1
1716;200602;3.604;62.002;61.995;1;1
1716;200603;3.734;320.539;320.669;1;1
1716;200604;3.631;270.432;270.329;1;1
1716;200605;3.25;119.602;119.221;1;1
1716;200606;3.13;48.505;48.385;1;1
1716;200607;3.597;73.34;73.807;1;1
1716;200608;3.604;21.227;21.234;1;1
1716;200609;1.818;53.752;51.966;1;1
1716;200610;3.148;257.994;259.324;1;1
1716;200611;3.665;336.21;336.727;1;1
1716;200612;3.444;483.621;483.4;1;1
1716;200701;3.597;235.344;235.497;1;1
1716;200702;3.74;321.774;321.917;1;1
1716;200703;3.424;356.28;355.964;1;1
1716;200704;3.631;182.876;183.083;1;1
1716;200705;3.618;96.743;96.73;1;1
1716;200706;3.584;118.254;118.22;1;1
1716;200707;3.51;108.706;108.632;1;1
1716;200708;3.652;29.148;29.29;1;1
1716;200709;3.424;25.75;25.522;1;1
1716;200710;3.557;77.309;77.442;1;1
1716;200711;3.645;44.135;44.223;1;1
1716;200712;3.638;25.955;25.948;1;1
1716;200801;3.544;74.231;74.137;1;1
1716;200802;3.591;43.218;43.265;1;1
1716;200803;3.631;67.52;67.56;1;1
1716;200804;3.346;210.468;210.183;1;1
1716;200805;3.591;191.796;192.041;1;1
1716;200806;3.405;161.72;161.534;1;1
1716;200807;3.624;66.243;66.462;1;1
1716;200808;3.431;22.085;21.892;1;1
1716;200809;3.631;87.413;87.613;1;1
1716;200810;3.517;59.016;58.902;1;1
1716;200811;3.353;54.526;54.362;1;1
1716;200812;3.624;187.635;187.906;1;1
1716;200901;3.679;278.635;278.69;1;1
1716;200902;3.686;349.018;349.025;1;1
1716;200903;3.024;294.356;293.694;1;1
1716;200904;3.624;158.871;159.471;1;1
1716;200905;3.557;86.622;86.555;1;1
1716;200906;3.34;55.122;54.905;1;1
1716;200907;3.658;48.007;48.325;1;1
1716;200908;3.692;27.102;27.136;1;1
1716;200909;3.571;31.557;31.436;1;1
1716;200910;3.537;77.582;77.548;1;1
1716;200911;3.645;227.95;228.058;1;1
1716;200912;3.564;525.024;524.943;1;1
1716;201001;3.747;605.14;605.323;1;1
1716;201002;3.405;411.568;411.226;1;1
1716;201003;3.713;489.794;490.102;1;1
1716;201004;3.658;366.826;366.771;1;1
1716;201005;3.584;216.756;216.682;1;1
1716;201006;3.618;191.351;191.385;1;1
1716;201007;3.631;120.5;120.513;1;1
1716;201008;3.464;22.57;22.403;1;1
1716;201009;3.591;77.69;77.817;1;1
1716;201010;3.56;122.096;122.065;1;1
1716;201011;3.47;286.866;286.776;1;1
1716;201012;3.54;342.473;342.543;1;1
1716;201101;3.69;444.826;444.976;1;1
1716;201102;3.47;226.238;226.018;1;1
1716;201103;3.46;252.823;252.813;1;1
1716;201104;3.7;213.996;214.236;1;1
1716;201105;3.58;113.155;113.035;1;1
1716;201106;3.43;42.824;42.674;1;1
1716;201107;3.61;34.854;35.034;1;1
1716;201108;3.37;24.736;24.496;1;1
1716;201109;3.6;50.631;50.861;1;1
1716;201110;3.692;82.95;83.042;1;1
1716;201111;3.379;69.194;68.881;1;1
1716;201112;3.618;114.522;114.761;1;1
1716;201201;3.618;56.212;56.212;1;1
1716;201202;3.624;34.036;34.042;1;1
1716;201203;3.557;27.766;27.699;1;1
1716;201204;3.631;105.938;106.012;1;1
1716;201205;3.611;171.001;170.981;1;1
1716;201206;3.405;67.916;67.71;1;1
1716;201207;3.658;53.104;53.357;1;1
1716;201208;3.451;21.481;21.274;1;1
1716;201209;3.53;51.076;51.155;1;1
1716;201210;3.631;59.614;59.715;1;1
1716;201211;3.611;85.766;85.746;1;1
1716;201212;3.405;172.131;171.925;1;1
1716;201301;3.747;412.174;412.516;1;1
1716;201302;3.706;380.904;380.863;1;1
1716;201303;3.658;514.109;514.061;1;1
1716;201304;3.477;610.885;610.704;1;1
1716;201305;3.611;195.803;195.937;1;1
1716;201306;3.631;109.311;109.331;1;1
1716;201307;3.597;89.889;89.855;1;1
1716;201308;3.444;37.364;37.211;1;1
1716;201309;3.537;72.973;73.066;1;1
1716;201310;3.571;142.398;142.432;1;1
1716;201311;3.645;228.867;228.941;1;1
1716;201312;3.618;266.145;266.118;1;1
1716;201401;3.713;635.605;635.7;1;1
1716;201402;3.734;797.563;797.584;1;1
1716;201403;3.734;568.281;568.281;1;1
1716;201404;3.457;428.317;428.04;1;1
1716;201405;3.577;181.643;181.763;1;1
1716;201406;3.55;133.605;133.578;1;1
1716;201407;3.243;115.429;115.122;1;1
1716;201408;3.631;113.35;113.738;1;1
1716;201409;3.591;49.648;49.608;1;1
1716;201410;3.65;93.536;93.595;1;1
1716;201411;3.58;191.922;191.852;1;1
1716;201412;3.32;172.687;172.427;1;1
1716;201501;3.51;213.777;213.967;1;1
1716;201502;3.69;367.416;367.596;1;1
1716;201503;3.65;299.017;298.977;1;1
1716;201504;3.48;160.893;160.723;1;1
1716;201505;3.62;196.692;196.832;1;1
1716;201506;3.67;120.145;120.195;1;1
1716;201507;3.71;98.065;98.105;1;1
1716;201508;3.46;32.492;32.242;1;1
1716;201509;3.58;69.664;69.784;1;1
1716;201510;3.52;78.113;78.053;1;1
1716;201511;3.69;114.044;114.214;1;1
1716;201512;3.6;82.67;82.58;1;1
1716;201601;3.7;632.668;632.768;1;1
1716;201602;3.71;868.576;868.586;1;1
1716;201603;3.72;442.779;442.789;1;1
1716;201604;3.71;553.042;553.032;1;1
1716;201605;3.4;384.091;383.781;1;1
1716;201606;3.56;180.465;180.625;1;1
1716;201607;3.4;140.71;140.55;1;1
1716;201608;3.68;38.153;38.433;1;1
1716;201609;3.69;93.71;93.72;1;1
1716;201610;3.63;114.32;114.26;1;1
1716;201611;3.52;62.63;62.52;1;1
1716;201612;3.48;48.73;48.69;1;1
1716;201701;3.22;26.42;26.16;1;1
1716;201702;3.59;168.34;168.71;1;1
1716;201703;3.56;99.89;99.86;1;1
1716;201704;3.65;63.09;63.18;1;1
1716;201705;3.54;64.51;64.4;1;1
1716;201706;3.5;42.61;;1;1
1716;201707;3.6;48.31;48.41;1;1
1716;201708;3.29;22.47;;1;1
1716;201709;3.14;85.49;85.34;1;1
1716;201710;3.62;57.424;57.904;1;1
1716;201711;3.62;44.676;44.676;1;1
1716;201712;3.45;124.921;124.751;1;1
1716;201801;3.6;198.371;198.521;1;1
1716;201802;3.6;185.741;185.741;1;1
1716;201803;3.68;418.054;418.134;1;1
1716;201804;3.65;547.658;547.628;1;1
1716;201805;3.57;223.594;223.514;1;1
1716;201806;3.63;235.371;235.431;1;1
1716;201807;3.73;168.535;168.635;1;1
1716;201808;3.4;45.76;45.43;1;1
1716;201809;3.57;134.095;134.265;1;1
1716;201810;3.64;127.642;127.712;1;1
1716;201811;3.61;170.263;170.233;1;1
1716;201812;3.62;214.674;214.684;1;1
1716;201901;3.56;153.894;153.834;1;1
1716;201902;3.62;300.46;300.52;1;1
1716;201903;3.6;162.742;162.722;1;1
1716;201904;3.61;135.194;135.204;1;1
1716;201905;3.56;122.225;122.175;1;1
1716;201906;3.62;72.129;72.189;1;1
1716;201907;3.49;81.765;81.635;1;1
1716;201908;3.57;56.381;56.461;1;1
1716;201909;3.58;87.974;87.984;1;1
1716;201910;3.56;111.435;111.415;1;1
1716;201911;3.66;445.897;445.997;1;1
1716;201912;3.71;1115.495;1115.545;1;1
1716;202001;3.62;341.501;341.411;1;1
1716;202002;3.6;248.217;248.197;1;1
1716;202003;3.57;300.632;300.602;1;1
1716;202004;3.6;180.118;180.148;1;1
1716;202005;3.64;155.717;155.757;1;1
1716;202006;3.58;89.422;89.362;1;1
1716;202007;3.71;101.393;101.523;1;1
1716;202008;3.62;52.479;52.389;1;1
1716;202009;3.63;119.507;119.517;1;1
1716;202010;3.46;111.064;110.894;1;1
1716;202011;3.62;106.274;106.434;1;1
1716;202012;3.71;326.415;326.505;1;1
1716;202101;3.62;444.054;443.964;1;1
1716;202102;3.68;623.309;623.369;1;1
1716;202103;3.36;266.205;265.885;1;1
1716;202104;3.62;120.767;121.027;1;1
1716;202105;3.66;84.226;84.266;1;1
1716;202106;3.67;104.236;104.246;1;1
1716;202107;3.4;66.752;66.482;1;1
1716;202108;3.59;46.461;46.651;1;1
1716;202109;3.57;66.747;66.727;1;1
1718;196910;1.29;7.387;7.537;2;1
1718;196911;1.44;14.282;14.162;2;1
1718;196912;1.32;17.954;17.764;2;1
1718;197001;1.13;120.442;120.492;2;1
1718;197002;1.18;75.894;75.584;2;1
1718;197003;0.87;35.683;36.033;2;1
1718;197004;1.22;19.198;18.738;2;1
1718;197005;0.76;30.197;30.197;2;1
1718;197006;0.76;14.204;14.274;2;1
1718;197007;0.83;4.199;4.629;2;1
1718;197008;1.26;6.1;5.57;2;1
1718;197009;0.73;8.873;8.873;2;1
1718;197010;0.73;7.5;7.5;2;1
1718;197011;0.73;10.869;11.069;2;1
1718;197012;0.93;11.724;11.514;2;1
1718;197101;0.72;69.474;69.684;2;1
1718;197102;0.93;41.178;41.058;2;1
1718;197103;0.81;47.287;47.347;2;1
1718;197104;0.87;84.542;85.352;2;1
1718;197105;1.68;68.809;68.239;2;1
1718;197106;1.11;50.285;49.955;2;1
1718;197107;0.78;30.681;30.691;2;1
1718;197108;0.79;14.584;14.524;2;1
1718;197109;0.73;7.197;7.177;2;1
1718;197110;0.71;10.04;10.32;2;1
1718;197111;0.99;12.2;11.99;2;1
1718;197112;0.78;20.563;20.553;2;1
1718;197201;0.77;35.986;36.096;2;1
1718;197202;0.88;112.735;112.735;2;1
1718;197203;0.88;83.445;83.495;2;1
1718;197204;0.93;60.031;59.941;2;1
1718;197205;0.84;40.34;40.31;2;1
1718;197206;0.81;25.816;25.776;2;1
1718;197207;0.77;17.997;17.967;2;1
1718;197208;0.74;12.787;12.747;2;1
1718;197209;0.7;10.031;10.061;2;1
1718;197210;0.73;14.921;15.071;2;1
1718;197211;0.88;26.698;26.618;2;1
1718;197212;0.8;41.93;41.93;2;1
1718;197301;0.8;39.865;39.895;2;1
1718;197302;0.83;41.291;41.511;2;1
1718;197303;1.05;52.272;52.042;2;1
1718;197304;0.82;29.86;29.97;2;1
1718;197305;0.93;53.153;53.043;2;1
1718;197306;0.82;24.659;24.589;2;1
1718;197307;0.75;15.267;15.247;2;1
1718;197308;0.73;10.178;10.178;2;1
1718;197309;0.73;9.85;9.87;2;1
1718;197310;0.75;14.489;14.499;2;1
1718;197311;0.76;15.526;15.466;2;1
1718;197312;0.7;17.263;17.323;2;1
1718;197401;0.76;70.623;70.753;2;1
1718;197402;0.89;89.441;89.511;2;1
1718;197403;0.96;55.892;55.782;2;1
1718;197404;0.85;32.849;32.799;2;1
1718;197405;0.8;28.201;28.261;2;1
1718;197406;0.86;21.591;21.551;2;1
1718;197407;0.82;12.468;12.368;2;1
1718;197408;0.72;9.029;9.019;2;1
1718;197409;0.71;8.96;8.96;2;1
1718;197410;0.71;8.027;8.027;2;1
1718;197411;0.71;19.915;20.015;2;1
1718;197412;0.81;16.615;16.555;2;1
1718;197501;0.75;30.482;30.542;2;1
1718;197502;0.81;34.266;34.276;2;1
1718;197503;0.82;58.994;58.984;2;1
1718;197504;0.81;27.32;27.28;2;1
1718;197505;0.77;17.85;17.82;2;1
1718;197506;0.74;12.087;12.087;2;1
1718;197507;0.74;9.573;9.523;2;1
1718;197508;0.69;5.357;5.357;2;1
1718;197509;0.69;10.057;10.427;2;1
1718;197510;1.06;16.502;16.942;2;1
1718;197511;1.5;27.933;27.293;2;1
1718;197512;0.86;34.275;34.165;2;1
1718;197601;0.75;11.82;11.82;2;1
1718;197602;0.75;27.492;27.532;2;1
1718;197603;0.79;25.747;25.757;2;1
1718;197604;0.8;23.639;23.609;2;1
1718;197605;0.77;17.427;17.387;2;1
1718;197606;0.73;8.493;8.473;2;1
1718;197607;0.71;8.13;8.13;2;1
1718;197608;0.71;5.089;5.119;2;1
1718;197609;0.74;9.668;9.688;2;1
1718;197610;0.76;22.516;22.536;2;1
1718;197611;0.78;53.248;53.508;2;1
1718;197612;1.04;123.785;123.695;2;1
1718;197701;0.95;90.236;90.466;2;1
1718;197702;1.18;160.661;161.111;2;1
1718;197703;1.63;66.563;65.803;2;1
1718;197704;0.87;36.798;36.738;2;1
1718;197705;0.81;28.166;28.196;2;1
1718;197706;0.84;32.322;32.272;2;1
1718;197707;0.79;17.41;17.41;2;1
1718;197708;0.79;17.868;17.788;2;1
1718;197709;0.71;15.422;15.462;2;1
1718;197710;0.75;18.403;18.393;2;1
1718;197711;0.74;15.198;15.218;2;1
1718;197712;0.76;62.139;62.229;2;1
1718;197801;0.85;86.858;87.678;2;1
1718;197802;1.67;175.522;175.522;2;1
1718;197803;1.67;142.741;142.671;2;1
1718;197804;1.6;46.198;45.458;2;1
1718;197805;0.86;46.224;46.114;2;1
1718;197806;0.75;26.611;27.061;2;1
1718;197807;1.2;14.075;13.595;2;1
1718;197808;0.72;5.599;5.599;2;1
1718;197809;0.72;5.512;5.502;2;1
1718;197810;0.71;10.04;10.04;2;1
1718;197811;0.71;9.392;9.902;2;1
1718;197812;1.22;110.488;110.938;2;1
1718;197901;1.67;154.077;153.677;2;1
1718;197902;1.27;257.049;256.839;2;1
1718;197903;1.06;102.211;102.341;2;1
1718;197904;1.19;117.055;116.785;2;1
1718;197905;0.92;43.096;43.026;2;1
1718;197906;0.85;27.605;27.505;2;1
1718;197907;0.75;11.949;11.929;2;1
1718;197908;0.73;5.305;5.305;2;1
1718;197909;0.73;5.08;5.08;2;1
1718;197910;0.73;8.191;8.231;2;1
1718;197911;0.77;34.482;34.932;2;1
1718;197912;1.22;37.835;37.715;2;1
1718;198001;1.1;90.331;90.381;2;1
1718;198002;1.15;63.772;63.522;2;1
1718;198003;0.9;53.335;53.535;2;1
1718;198004;1.1;48.989;48.729;2;1
1718;198005;0.84;48.401;48.401;2;1
1718;198006;0.84;26.378;26.308;2;1
1718;198007;0.77;11.958;11.918;2;1
1718;198008;0.73;7.888;7.858;2;1
1718;198009;0.7;4.562;4.592;2;1
1718;198010;0.73;17.893;17.923;2;1
1718;198011;0.76;15.924;15.864;2;1
1718;198012;0.7;21.367;21.467;2;1
1718;198101;0.8;20.46;20.52;2;1
1718;198102;0.86;12.286;12.386;2;1
1718;198103;0.96;32.305;32.255;2;1
1718;198104;0.91;35.415;35.445;2;1
1718;198105;0.94;25.419;25.379;2;1
1718;198106;0.9;21.09;21.04;2;1
1718;198107;0.85;7.871;7.771;2;1
1718;198108;0.75;5.132;5.132;2;1
1718;198109;0.75;10.135;10.235;2;1
1718;198110;0.85;29.272;29.192;2;1
1718;198111;0.77;9.772;9.742;2;1
1718;198112;0.74;144.253;145.193;2;1
1718;198201;1.68;97.485;96.645;2;1
1718;198202;0.84;41.887;42.407;2;1
1718;198203;1.36;34.897;34.317;2;1
1718;198204;0.78;19.647;19.637;2;1
1718;198205;0.77;18.04;18.04;2;1
1718;198206;0.77;20.019;19.989;2;1
1718;198207;0.74;13.72;13.71;2;1
1718;198208;0.73;12.243;12.233;2;1
1718;198209;0.72;;;2;1
1718;198210;0.79;25.07;25.04;2;1
1718;198211;0.76;42.86;42.92;2;1
1718;198212;0.82;111.34;112.04;2;1
1718;198301;1.52;42.88;42.11;2;1
1718;198302;0.75;33.59;33.69;2;1
1718;198303;0.85;36.05;35.92;2;1
1718;198304;0.72;46.46;46.9;2;1
1718;198305;1.16;100.35;100.01;2;1
1718;198306;0.82;34.81;34.72;2;1
1718;198307;0.73;13.86;13.84;2;1
1718;198308;0.71;12.43;12.46;2;1
1718;198309;0.74;10.56;10.52;2;1
1718;198310;0.7;8.48;8.53;2;1
1718;198311;0.75;13.15;13.14;2;1
1718;198312;0.74;47.54;47.63;2;1
1718;198401;0.83;51.93;52.21;2;1
1718;198402;1.11;54.73;54.41;2;1
1718;198403;0.79;54.27;55.16;2;1
1718;198404;1.68;76.63;75.75;2;1
1718;198405;0.8;38.57;38.54;2;1
1718;198406;0.77;42.97;43.36;2;1
1718;198407;1.16;16.31;15.88;2;1
1718;198408;0.73;9.39;9.37;2;1
1718;198409;0.71;6.95;6.97;2;1
1718;198410;0.73;29.5;29.52;2;1
1718;198411;0.75;85.61;86.08;2;1
1718;198412;1.22;64.1;64.28;2;1
1718;198501;1.4;70.51;70.15;2;1
1718;198502;1.04;155.62;155.58;2;1
1718;198503;1;78.84;78.88;2;1
1718;198504;1.04;72.03;72.67;2;1
1718;198505;1.68;34.49;33.61;2;1
1718;198506;0.8;36.62;36.55;2;1
1718;198507;0.73;8.65;8.64;2;1
1718;198508;0.72;7.14;7.02;2;1
1718;198509;0.6;7.109;7.109;2;1
1718;198510;0.6;6.27;6.37;2;1
1718;198511;0.7;12.11;12.13;2;1
1718;198512;0.72;28.48;28.6;2;1
1718;198601;0.84;69.29;69.25;2;1
1718;198602;0.8;90.26;91.12;2;1
1718;198603;1.66;72.9;72.9;2;1
1718;198604;1.66;37.16;36.28;2;1
1718;198605;0.78;38.32;38.7;2;1
1718;198606;1.16;17.87;17.43;2;1
1718;198607;0.72;6.911;6.921;2;1
1718;198608;0.73;2.699;2.669;2;1
1718;198609;0.7;7.92;8.08;2;1
1718;198610;0.86;6.829;6.699;2;1
1718;198611;0.73;9.63;9.63;2;1
1718;198612;0.73;12.97;12.98;2;1
1718;198701;0.74;14.08;14.11;2;1
1718;198702;0.77;24.24;24.29;2;1
1718;198703;0.82;25.36;25.29;2;1
1718;198704;0.75;30.61;30.61;2;1
1718;198705;0.75;17.66;17.63;2;1
1718;198706;0.72;8.76;8.82;2;1
1718;198707;0.78;6.95;6.91;2;1
1718;198708;0.74;3.961;3.941;2;1
1718;198709;0.72;5.11;5.09;2;1
1718;198710;0.7;39.39;39.82;2;1
1718;198711;1.13;31.8;32.15;2;1
1718;198712;1.48;73.38;73.18;2;1
1718;198801;1.28;99.52;99.94;2;1
1718;198802;1.7;126.51;126.39;2;1
1718;198803;1.58;34.47;33.66;2;1
1718;198804;0.77;39.53;40.11;2;1
1718;198805;1.35;68.99;68.45;2;1
1718;198806;0.81;37.56;37.54;2;1
1718;198807;0.79;23.97;23.92;2;1
1718;198808;0.74;6.18;6.64;2;1
1718;198809;1.2;4.331;4.791;2;1
1718;198810;1.66;9.47;8.72;2;1
1718;198811;0.91;8.5;9.21;2;1
1718;198812;1.62;10.95;10.82;2;1
1718;198901;1.49;10.46;9.88;2;1
1718;198902;0.91;14.52;14.75;2;1
1718;198903;1.14;43.66;43.31;2;1
1718;198904;0.79;58.6;58.68;2;1
1718;198905;0.87;33.09;33.01;2;1
1718;198906;0.79;19.14;20;2;1
1718;198907;1.65;5.62;5.02;2;1
1718;198908;1.05;2.931;3.291;2;1
1718;198909;1.41;3.79;3.88;2;1
1718;198910;0.91;5.14;4.54;1;1
1718;198911;0.78;17.17;17.04;1;1
1718;198912;1.64;107.23;108.09;1;1
1718;199001;1.38;64.77;64.51;1;1
1718;199002;0.83;64.85;64.3;1;1
1718;199003;0.75;23.38;23.3;1;1
1718;199004;0.73;17.55;17.53;1;1
1718;199005;1.57;9.621;10.461;1;1
1718;199006;1.38;4.961;4.771;1;1
1718;199007;0.8;3.351;2.771;1;1
1718;199008;0.73;2.791;2.721;1;1
1718;199009;0.89;2.701;2.861;1;1
1718;199010;0.9;12.32;12.33;1;1
1718;199011;1.31;20.38;20.79;1;1
1718;199012;1.04;13.73;13.46;1;1
1718;199101;1.18;26.61;26.75;1;1
1718;199102;1.05;15.18;15.05;1;1
1718;199103;0.76;55.34;55.05;1;1
1718;199104;1.28;20.12;20.64;1;1
1718;199105;1.58;11.961;12.261;1;1
1718;199106;0.88;6.91;6.21;1;1
1718;199107;0.73;4.251;4.101;1;1
1718;199108;0.73;3.281;3.281;1;1
1718;199109;1.18;3.131;3.581;1;1
1718;199110;0.95;9.56;9.33;1;1
1718;199111;0.84;16.14;16.03;1;1
1718;199112;0.97;8.24;8.37;1;1
1718;199201;1.21;5.91;6.15;1;1
1718;199202;1.21;3.761;3.761;1;1
1718;199203;1.23;8.29;8.31;1;1
1718;199204;1.28;20.62;20.67;1;1
1718;199205;1.59;7.9;8.21;1;1
1718;199206;1.25;7.22;6.88;1;1
1718;199207;1.28;3.841;3.871;1;1
1718;199208;1.6;2.841;3.161;1;1
1718;199209;0.74;8.659;7.799;1;1
1718;199210;1.35;6.43;7.04;1;1
1718;199211;1.32;6.23;6.2;1;1
1718;199212;1.01;44.19;43.88;1;1
1718;199301;0.91;9.39;9.29;1;1
1718;199302;1.14;9.31;9.54;1;1
1718;199303;1.26;5.36;5.48;1;1
1718;199304;1.07;7.96;7.77;1;1
1718;199305;1.47;23.33;23.73;1;1
1718;199306;1.54;26.62;26.69;1;1
1718;199307;1.12;4.27;3.85;1;1
1718;199308;1.42;3.901;4.201;1;1
1718;199309;1.47;4.66;4.71;1;1
1718;199310;1.08;35.87;35.48;1;1
1718;199311;1.37;15.39;15.68;1;1
1718;199312;0.99;15.21;14.83;1;1
1718;199401;1.15;78.13;78.29;1;1
1718;199402;1.2;17.01;17.06;1;1
1718;199403;1.02;12.49;12.31;1;1
1718;199404;1.46;5.37;5.81;1;1
1718;199405;1.48;8.25;8.27;1;1
1718;199406;1.1;4.3;3.92;1;1
1718;199407;1.27;0.27;0.44;1;1
1718;199408;1.15;0.3;0.18;1;1
1718;199409;1.44;1.96;2.25;1;1
1718;199410;0.97;4.83;4.36;1;1
1718;199411;1.5;7.19;7.72;1;1
1718;199412;1.39;13.1;12.99;1;1
1718;199501;1.23;29.91;29.75;1;1
1718;199502;1.64;46.22;46.63;1;1
1718;199503;1.07;30.91;30.34;1;1
1718;199504;1.25;4.54;4.72;1;1
1718;199505;1.52;12.19;12.46;1;1
1718;199506;1.58;5.03;5.09;1;1
1718;199507;1.06;3.54;3.02;1;1
1718;199508;0.73;0.2;;1;1
1718;199509;1.29;1.8;2.36;1;1
1718;199510;1.13;2.3;2.14;1;1
1718;199511;1.1;8;7.97;1;1
1718;199512;1.57;88.36;88.83;1;1
1718;199601;1.38;180.25;180.06;1;1
1718;199602;1.26;49.44;49.32;1;1
1718;199603;0.84;11.19;10.77;1;1
1718;199604;1.01;17.44;17.61;1;1
1718;199605;1.01;9.59;9.59;1;1
1718;199606;1.35;2.37;2.71;1;1
1718;199607;1.36;0.71;0.72;1;1
1718;199608;1.43;0.22;0.29;1;1
1718;199609;1.41;1.26;1.24;1;1
1718;199610;1.42;1.77;1.78;1;1
1718;199611;1.07;19.84;19.49;1;1
1718;199612;1.08;15.32;15.33;1;1
1718;199701;1.13;26.14;26.19;1;1
1718;199702;1.03;9.8;9.7;1;1
1718;199703;1.07;5.41;5.45;1;1
1718;199704;1.31;5.34;5.58;1;1
1718;199705;1.36;8.81;8.86;1;1
1718;199706;1.45;9.29;9.38;1;1
1718;199707;1.43;7.42;7.4;1;1
1718;199708;1.47;1.51;1.55;1;1
1718;199709;1.15;0.87;0.55;1;1
1718;199710;1.56;1.66;2.07;1;1
1718;199711;0.98;19.99;19.41;1;1
1718;199712;1.62;36.65;37.29;1;1
1718;199801;1.4;71.51;71.29;1;1
1718;199802;1.19;26.02;25.81;1;1
1718;199803;0.95;17.21;16.97;1;1
1718;199804;1.48;70.27;70.8;1;1
1718;199805;1.05;43.19;42.76;1;1
1718;199806;1.26;7.68;7.89;1;1
1718;199807;1.11;2.39;2.24;1;1
1718;199808;1.41;0.21;0.51;1;1
1718;199809;1.43;3.06;3.08;1;1
1718;199810;1.19;8.06;7.82;1;1
1718;199811;1.06;7.88;7.75;1;1
1718;199812;1.24;7.2;7.38;1;1
1718;199901;1.18;8.06;8;1;1
1718;199902;1.4;8.1;8.32;1;1
1718;199903;1.29;11.78;11.67;1;1
1718;199904;1.2;11.6;11.51;1;1
1718;199905;1.45;14.2;14.45;1;1
1718;199906;1.46;6.14;6.15;1;1
1718;199907;1.23;1.37;1.14;1;1
1718;199908;1.23;0.57;0.57;1;1
1718;199909;1.26;4.53;4.56;1;1
1718;199910;1.38;22.42;22.54;1;1
1718;199911;1.33;17;16.95;1;1
1718;199912;1.22;26.48;26.37;1;1
1718;200001;0.96;8.51;8.25;1;1
1718;200002;1.38;4.62;5.04;1;1
1718;200003;1.4;3.48;3.5;1;1
1718;200004;1.14;36.34;36.08;1;1
1718;200005;1.28;25.35;25.49;1;1
1718;200006;1.45;3.54;3.71;1;1
1718;200007;1.54;0.44;0.53;1;1
1718;200008;1.12;0;;1;1
1718;200009;1.41;0.1;0.39;1;1
1718;200010;1.42;2.32;2.33;1;1
1718;200011;1.47;71.38;71.43;1;1
1718;200012;1.43;191.21;191.17;1;1
1718;200101;1.42;254.08;254.07;1;1
1718;200102;1.34;163.59;163.51;1;1
1718;200103;1.42;252.95;253.03;1;1
1718;200104;1.04;79.59;79.21;1;1
1718;200105;1.41;31.28;31.65;1;1
1718;200106;1.28;8.34;8.21;1;1
1718;200107;0.89;0.87;0.48;1;1
1718;200108;1.37;0;0.48;1;1
1718;200109;1.28;0.16;0.07;1;1
1718;200110;1.24;4.28;4.24;1;1
1718;200111;1.54;2.53;2.83;1;1
1718;200112;1.14;2.52;2.12;1;1
1718;200201;1.37;3.44;3.67;1;1
1718;200202;1.32;2.88;2.83;1;1
1718;200203;1.45;2.13;2.26;1;1
1718;200204;1.56;3.99;4.1;1;1
1718;200205;1.52;5.27;5.23;1;1
1718;200206;1.52;4.33;4.33;1;1
1718;200207;1.12;0.32;;1;1
1718;200208;0.81;0;;1;1
1718;200209;1.49;0.22;0.9;1;1
1718;200210;1.36;4.12;3.99;1;1
1718;200211;1.15;24.39;24.18;1;1
1718;200212;1.03;76.4;76.28;1;1
1718;200301;1.15;139.72;139.84;1;1
1718;200302;1.33;17.64;17.82;1;1
1718;200303;1.07;27.96;27.7;1;1
1718;200304;1.39;15.82;16.14;1;1
1718;200305;1.51;10.08;10.2;1;1
1718;200306;1.57;3.31;3.37;1;1
1718;200307;1.62;2.63;2.68;1;1
1718;200308;1.26;0.04;;1;1
1718;200309;1.45;0.28;0.47;1;1
1718;200310;1.01;4.81;4.37;1;1
1718;200311;1.54;8.38;8.91;1;1
1718;200312;1.34;17.85;17.65;1;1
1718;200401;1.01;20.87;20.54;1;1
1718;200402;1.24;12.4;12.63;1;1
1718;200403;1.31;6.58;6.65;1;1
1718;200404;1.34;4.2;4.23;1;1
1718;200405;1.54;4.73;4.93;1;1
1718;200406;1.51;0.82;0.79;1;1
1718;200407;1.43;0.21;0.13;1;1
1718;200408;1.53;1.25;1.35;1;1
1718;200409;1.27;0.69;0.43;1;1
1718;200410;1.27;5.63;5.63;1;1
1718;200411;1.49;3.09;3.31;1;1
1718;200412;1.45;3.45;3.41;1;1
1718;200501;1.43;4.05;4.03;1;1
1718;200502;1.33;2.74;2.64;1;1
1718;200503;1.4;3.01;3.08;1;1
1718;200504;1.41;6.06;6.07;1;1
1718;200505;1.53;4.98;5.1;1;1
1718;200506;1.48;2.87;2.82;1;1
1718;200507;1.16;0;;1;1
1718;200508;0.93;0;;1;1
1718;200509;0.97;0;0.04;1;1
1718;200510;1.37;0.79;1.19;1;1
1718;200511;1.45;1.58;1.66;1;1
1718;200512;1.33;4.05;3.93;1;1
1718;200601;1.49;2.6;2.76;1;1
1718;200602;1.4;4.73;4.64;1;1
1718;200603;1.36;30.99;30.95;1;1
1718;200604;1.21;10.15;10;1;1
1718;200605;1.58;4.99;5.36;1;1
1718;200606;1.56;2.92;2.9;1;1
1718;200607;1.08;0.34;;1;1
1718;200608;1.05;0;;1;1
1718;200609;1.4;0.71;1.06;1;1
1718;200610;1.02;24.79;24.41;1;1
1718;200611;1.54;34.02;34.54;1;1
1718;200612;1.3;88.71;88.47;1;1
1718;200701;1.41;7.19;7.3;1;1
1718;200702;1.32;46.38;46.29;1;1
1718;200703;1.49;41.02;41.19;1;1
1718;200704;1.3;5.02;4.83;1;1
1718;200705;1.53;2.7;2.93;1;1
1718;200706;1.55;1.93;1.95;1;1
1718;200707;1.58;1.22;1.25;1;1
1718;200708;1.47;0.43;0.32;1;1
1718;200709;0.93;0.09;;1;1
1718;200710;1.27;0;0.34;1;1
1718;200711;1.51;0.38;0.62;1;1
1718;200712;1.46;0.81;0.76;1;1
1718;200801;1.54;4.47;4.55;1;1
1718;200802;1.53;4.05;4.04;1;1
1718;200803;1.23;5.75;5.45;1;1
1718;200804;1.13;8.25;8.15;1;1
1718;200805;1.4;6.38;6.65;1;1
1718;200806;1.56;5.23;5.39;1;1
1718;200807;1.435;1.27;1.145;1;1
1718;200808;1.1;0;;1;1
1718;200809;1.18;0;0.08;1;1
1718;200810;1.42;0.38;0.62;1;1
1718;200811;1.29;1.27;1.14;1;1
1718;200812;1.36;5.62;5.69;1;1
1718;200901;1.18;44.67;44.49;1;1
1718;200902;0.88;31.74;31.44;1;1
1718;200903;1.37;12.03;12.52;1;1
1718;200904;1.4;7.33;7.36;1;1
1718;200905;1.38;2.791;2.771;1;1
1718;200906;1.43;5.111;5.161;1;1
1718;200907;1.35;2.791;2.711;1;1
1718;200908;0.97;2.791;2.411;1;1
1718;200909;0.94;2.701;2.671;1;1
1718;200910;1.49;4.481;5.031;1;1
1718;200911;0.94;10.38;9.83;1;1
1718;200912;1.31;61.49;61.86;1;1
1718;201001;1.27;77.78;77.74;1;1
1718;201002;1.45;49.08;49.26;1;1
1718;201003;1.52;72.85;72.92;1;1
1718;201004;1.3;30.51;30.29;1;1
1718;201005;1.47;13.71;13.88;1;1
1718;201006;1.56;9.12;9.21;1;1
1718;201007;1.52;6.16;6.12;1;1
1718;201008;1.32;2.861;2.661;1;1
1718;201009;1.49;3.391;3.561;1;1
1718;201010;1.18;7.269;6.959;1;1
1718;201011;1.25;11.07;11.14;1;1
1718;201012;1.24;17.559;17.549;1;1
1718;201101;1.34;40.96;41.06;1;1
1718;201102;1.12;17.799;17.579;1;1
1718;201103;1.07;20.6;20.55;1;1
1718;201104;1.31;15.302;15.542;1;1
1718;201105;1.47;10.359;10.519;1;1
1718;201106;1.57;5.837;5.937;1;1
1718;201107;1.2;2.786;2.416;1;1
1718;201108;0.99;2.786;2.576;1;1
1718;201109;0.77;2.805;2.585;1;1
1718;201110;1.49;3.071;3.791;1;1
1718;201111;1.28;6.62;6.41;1;1
1718;201112;1.41;6.26;6.39;1;1
1718;201201;1.42;5.66;5.67;1;1
1718;201202;1.42;5.2;5.2;1;1
1718;201203;1.49;5.01;5.08;1;1
1718;201204;1.18;11.23;10.92;1;1
1718;201205;1.42;11.76;12;1;1
1718;201206;1.53;4.1;4.21;1;1
1718;201207;1.09;2.811;2.371;1;1
1718;201208;0.82;2.791;2.521;1;1
1718;201209;1.26;2.701;3.141;1;1
1718;201210;1.28;4.731;4.751;1;1
1718;201211;1.42;5.97;6.11;1;1
1718;201212;1.29;10.75;10.62;1;1
1718;201301;1.48;55.37;55.56;1;1
1718;201302;1.35;35.32;35.19;1;1
1718;201303;1.49;61.29;61.43;1;1
1718;201304;1.33;85.99;85.83;1;1
1718;201305;1.33;12.28;12.28;1;1
1718;201306;1.46;6.53;6.66;1;1
1718;201307;1.62;3.88;4.04;1;1
1718;201308;1.33;2.901;2.611;1;1
1718;201309;1.4;3.25;3.32;1;1
1718;201310;1.33;9.55;9.48;1;1
1718;201311;1.49;16.89;17.05;1;1
1718;201312;1.12;32.89;32.52;1;1
1718;201401;1.54;68.24;68.66;1;1
1718;201402;1.42;111.93;111.81;1;1
1718;201403;1.24;71.05;70.87;1;1
1718;201404;1.18;27.1;27.04;1;1
1718;201405;1.56;8.93;9.31;1;1
1718;201406;1.57;8.34;8.35;1;1
1718;201407;1.52;6.02;5.97;1;1
1718;201408;1.49;3.011;2.981;1;1
1718;201409;1.31;4.19;4.01;1;1
1718;201410;1.24;7.2;7.13;1;1
1718;201411;1.09;9.91;9.76;1;1
1718;201412;1.39;9.09;9.39;1;1
1718;201501;1.31;20.8;20.72;1;1
1718;201502;1.22;31.62;31.53;1;1
1718;201503;1.32;21.03;21.13;1;1
1718;201504;1.44;8.17;8.29;1;1
1718;201505;1.54;9.32;9.42;1;1
1718;201506;1.54;6.48;6.48;1;1
1718;201507;1.54;2.851;2.851;1;1
1718;201508;1.57;3.011;3.041;1;1
1718;201509;1.53;6.15;6.11;1;1
1718;201510;1.31;14.57;14.35;1;1
1718;201511;1.37;14.12;14.18;1;1
1718;201512;1.47;6.3;6.4;1;1
1718;201601;1.45;127.76;127.74;1;1
1718;201602;1.37;178.901;178.821;1;1
1718;201603;1.25;30.12;30;1;1
1718;201604;1.62;61.26;61.63;1;1
1718;201605;1.49;35.58;35.45;1;1
1718;201606;1.46;9.02;8.99;1;1
1718;201607;1.56;5.74;5.84;1;1
1718;201608;1.13;3.8;3.37;1;1
1718;201609;0.78;3.7;3.35;1;1
1718;201610;0.78;3.109;3.109;1;1
1718;201611;1.48;5.65;6.35;1;1
1718;201612;1.56;5.88;5.96;1;1
1718;201701;1.34;5.53;5.31;1;1
1718;201702;1.42;19.15;19.23;1;1
1718;201703;1.29;9.44;9.31;1;1
1718;201704;1.49;6.091;6.291;1;1
1718;201705;1.56;6.29;6.36;1;1
1718;201706;1.32;4.41;4.17;1;1
1718;201707;0.78;3.221;2.681;1;1
1718;201708;0.89;2.791;2.901;1;1
1718;201709;0.88;2.701;2.691;1;1
1718;201710;0.78;2.791;2.691;1;1
1718;201711;1.29;2.701;3.211;1;1
1718;201712;1.27;10.67;10.65;1;1
1718;201801;1.32;11.047;11.097;1;1
1718;201802;1.19;9.869;9.739;1;1
1718;201803;1.59;33.98;34.38;1;1
1718;201804;1.43;62.063;61.903;1;1
1718;201805;1.55;8.112;8.232;1;1
1718;201806;1.42;11.675;11.545;1;1
1718;201807;1.46;8.751;8.791;1;1
1718;201808;1.29;4.052;3.882;1;1
1718;201809;1.6;3.918;4.228;1;1
1718;201810;1.46;4.166;4.026;1;1
1718;201811;1.33;7.967;7.837;1;1
1718;201812;1.4;8.48;8.55;1;1
1718;201901;1.63;10.916;11.146;1;1
1718;201902;1.39;27.081;26.841;1;1
1718;201903;1.34;8.001;7.951;1;1
1718;201904;1.43;8.016;8.106;1;1
1718;201905;1.49;6.297;6.357;1;1
1718;201906;1.59;4.49;4.59;1;1
1718;201907;1.12;2.988;2.518;1;1
1718;201908;1.09;2.678;2.648;1;1
1718;201909;0.96;2.592;2.462;1;1
1718;201910;1.315;3.05;3.405;1;1
1718;201911;1.599;46.135;46.419;1;1
1718;201912;1.534;183.64;183.575;1;1
1718;202001;1.251;17.652;17.369;1;1
1718;202002;1.35;12.045;12.144;1;1
1718;202003;1.34;22.768;22.758;1;1
1718;202004;1.366;12.494;12.52;1;1
1718;202005;1.581;10.092;10.307;1;1
1718;202006;1.608;7.756;7.783;1;1
1718;202007;1.452;4.553;4.397;1;1
1718;202008;1.51;2.832;2.89;1;1
1718;202009;1.61;2.795;2.895;1;1
1718;202010;1.33;5.196;4.916;1;1
1718;202011;1.32;4.464;4.454;1;1
1718;202012;1.26;17.41;17.35;1;1
1718;202101;1.61;53.507;53.857;1;1
1718;202102;1.52;103.562;103.472;1;1
1718;202103;1.39;11.878;11.748;1;1
1718;202104;1.48;5.944;6.034;1;1
1718;202105;1.61;4.225;4.355;1;1
1718;202106;1.55;10.417;10.357;1;1
1718;202107;1.54;6.147;6.137;1;1
1718;202108;1.24;2.718;2.418;1;1
1718;202109;1.54;2.975;3.275;1;1
1740;195810;8.49;83.818;83.868;2;1
1740;195811;8.54;53.489;53.439;2;1
1740;195812;8.49;509.071;510.001;2;1
1740;195901;9.42;620.166;619.826;2;1
1740;195902;9.08;211.104;210.074;2;1
1740;195903;8.05;340.342;341.042;2;1
1740;195904;8.75;521.037;521.037;2;1
1740;195905;8.75;369.272;370.112;2;1
1740;195906;9.59;156.216;155.386;2;1
1740;195907;8.76;72.066;71.686;2;1
1740;195908;8.38;51.599;52.569;2;1
1740;195909;9.35;76.366;75.916;2;1
1740;195910;8.9;131.44;132.14;2;1
1740;195911;9.6;329.53;329.23;2;1
1740;195912;9.3;2010.571;2008.471;2;1
1740;196001;7.2;881.824;881.324;2;1
1740;196002;6.7;1024.497;1024.397;2;1
1740;196003;6.6;1065.407;1067.507;2;1
1740;196004;8.7;461.964;462.864;2;1
1740;196005;9.6;218.454;217.854;2;1
1740;196006;9;113.573;112.973;2;1
1740;196007;8.4;58.363;57.963;2;1
1740;196008;8;43.848;44.548;2;1
1740;196009;8.7;37.1;36.52;2;1
1740;196010;8.12;341.669;341.519;2;1
1740;196011;7.97;905.403;899.823;2;1
1740;196012;2.39;660.744;664.984;2;1
1740;196101;6.63;855.844;855.794;2;1
1740;196102;6.58;513.631;516.651;2;1
1740;196103;9.6;254.629;253.679;2;1
1740;196104;8.65;206.531;206.951;2;1
1740;196105;9.07;204.396;205.036;2;1
1740;196106;9.71;145.791;144.711;2;1
1740;196107;8.63;65.483;65.123;2;1
1740;196108;8.27;67.833;68.073;2;1
1740;196109;8.51;75.237;75.817;2;1
1740;196110;9.09;266.198;266.708;2;1
1740;196111;9.6;527.325;525.035;2;1
1740;196112;7.31;641.14;641.8;2;1
1740;196201;7.97;766.696;768.326;2;1
1740;196202;9.6;189.916;189.896;2;1
1740;196203;9.58;585.282;581.372;2;1
1740;196204;5.67;733.605;737.535;2;1
1740;196205;9.6;176.42;176.43;2;1
1740;196206;9.61;69.215;68.745;2;1
1740;196207;9.14;79.384;78.784;2;1
1740;196208;8.54;64.731;65.571;2;1
1740;196209;9.38;53.793;53.413;2;1
1740;196210;9;73.742;73.342;2;1
1740;196211;8.6;70.373;71.573;2;1
1740;196212;9.8;131.665;131.365;2;1
1740;196301;9.5;357.29;357.39;2;1
1740;196302;9.6;383.91;383.01;2;1
1740;196303;8.7;804.349;804.349;2;1
1740;196304;8.7;495.279;494.979;2;1
1740;196305;8.4;278.329;279.529;2;1
1740;196306;9.6;182.226;181.526;2;1
1740;196307;8.9;96.474;96.274;2;1
1740;196308;8.7;84.37;84.77;2;1
1740;196309;9.1;98.764;97.204;2;1
1740;196310;7.54;136.858;138.908;2;1
1740;196311;9.59;435.888;435.888;2;1
1740;196312;9.59;360.634;360.634;2;1
1740;196401;9.59;204.595;204.815;2;1
1740;196402;9.81;409.709;409.489;2;1
1740;196403;9.59;758.419;758.419;2;1
1740;196404;9.59;351.302;351.302;2;1
1740;196405;9.59;161.568;161.488;2;1
1740;196406;9.51;159.581;159.511;2;1
1740;196407;9.44;96.422;93.782;2;1
1740;196408;6.8;91.498;93.958;2;1
1740;196409;9.26;109.987;109.427;2;1
1740;196410;8.7;125.159;124.759;2;1
1740;196411;8.3;68.792;68.492;2;1
1740;196412;8;77.717;78.017;2;1
1740;196501;8.3;268.868;270.168;2;1
1740;196502;9.6;222.42;222.32;2;1
1740;196503;9.5;435.128;434.828;2;1
1740;196504;9.2;252.876;253.276;2;1
1740;196505;9.6;109.313;108.913;2;1
1740;196506;9.2;60.385;60.885;2;1
1740;196507;9.7;39.45;38.65;2;1
1740;196508;8.9;40.038;40.838;2;1
1740;196509;9.7;73.509;73.529;2;1
1740;196510;9.72;106.186;105.406;2;1
1740;196511;8.94;234.42;235.07;2;1
1740;196512;9.59;604.912;604.402;2;1
1740;196601;9.08;1068.742;1062.192;2;1
1740;196602;2.53;1427.967;1432.687;2;1
1740;196603;7.25;531.861;534.431;2;1
1740;196604;9.82;545.746;543.896;2;1
1740;196605;7.97;242.473;244.423;2;1
1740;196606;9.92;175.392;174.352;2;1
1740;196607;8.88;123.595;120.845;2;1
1740;196608;6.13;78.46;81.61;2;1
1740;196609;9.28;65.776;66.166;2;1
1740;196610;9.67;150.578;150.868;2;1
1740;196611;9.96;338.809;338.439;2;1
1740;196612;9.59;246.18;246.18;2;1
1740;196701;9.59;216.449;216.369;2;1
1740;196702;9.51;271.365;271.445;2;1
1740;196703;9.59;343.086;343.086;2;1
1740;196704;9.59;196.422;195.912;2;1
1740;196705;9.08;210.349;210.849;2;1
1740;196706;9.58;113.832;113.232;2;1
1740;196707;8.98;64.601;64.701;2;1
1740;196708;9.08;68.714;68.844;2;1
1740;196709;9.21;120.623;120.393;2;1
1740;196710;8.98;100.259;99.429;2;1
1740;196711;8.15;104.008;104.408;2;1
1740;196712;8.55;123.094;123.374;2;1
1740;196801;8.83;187.194;187.804;2;1
1740;196802;9.44;319.118;319.268;2;1
1740;196803;9.59;220.752;220.982;2;1
1740;196804;9.82;235.146;234.916;2;1
1740;196805;9.59;322.039;322.039;2;1
1740;196806;9.59;126.274;126.104;2;1
1740;196807;9.42;140.892;141.162;2;1
1740;196808;9.69;54.916;53.956;2;1
1740;196809;8.73;209.796;210.646;2;1
1740;196810;9.58;202.867;203.067;2;1
1740;196811;9.78;303.964;303.774;2;1
1740;196812;9.59;538.937;538.937;2;1
1740;196901;9.59;761.279;760.939;2;1
1740;196902;9.25;514.089;514.429;2;1
1740;196903;9.59;1166.365;1166.365;2;1
1740;196904;9.59;454.611;454.611;2;1
1740;196905;9.59;470.172;470.172;2;1
1740;196906;9.59;314.401;314.751;2;1
1740;196907;9.94;179.116;178.686;2;1
1740;196908;9.51;187.548;187.928;2;1
1740;196909;9.89;138.231;134.891;2;1
1740;196910;6.55;164.48;167.49;2;1
1740;196911;9.56;126.464;124.964;2;1
1740;196912;8.06;153.706;155.626;2;1
1740;197001;9.98;793.204;792.814;2;1
1740;197002;9.59;478.371;478.741;2;1
1740;197003;9.96;312.578;312.578;2;1
1740;197004;9.96;160.609;159.639;2;1
1740;197005;8.99;224.476;225.406;2;1
1740;197006;9.92;189.38;189;2;1
1740;197007;9.54;113.806;113.566;2;1
1740;197008;9.3;147.969;147.429;2;1
1740;197009;8.76;37.619;38.429;2;1
1740;197010;9.57;71.556;71.386;2;1
1740;197011;9.4;90.72;91.06;2;1
1740;197012;9.74;157.956;157.296;2;1
1740;197101;9.08;330.445;330.955;2;1
1740;197102;9.59;228.943;227.943;2;1
1740;197103;8.59;212.077;213.537;2;1
1740;197104;10.05;359.968;359.968;2;1
1740;197105;10.05;446.118;446.118;2;1
1740;197106;10.05;375.633;375.633;2;1
1740;197107;10.05;229.487;229.487;2;1
1740;197108;10.05;195.938;195.938;2;1
1740;197109;10.05;174.122;173.762;2;1
1740;197110;9.69;140.91;140.62;2;1
1740;197111;9.4;152.444;152.734;2;1
1740;197112;9.69;165.275;165.385;2;1
1740;197201;9.8;171.556;171.536;2;1
1740;197202;9.78;578.612;578.882;2;1
1740;197203;10.05;439.465;439.465;2;1
1740;197204;10.05;385.707;384.717;2;1
1740;197205;9.06;218.946;219.936;2;1
1740;197206;10.05;182.01;181.07;2;1
1740;197207;9.11;174.079;174.749;2;1
1740;197208;9.78;121.764;121.244;2;1
1740;197209;9.26;92.431;92.491;2;1
1740;197210;9.32;167.685;167.225;2;1
1740;197211;8.86;209.39;210.58;2;1
1740;197212;10.05;294.641;294.641;2;1
1740;197301;10.05;281.197;281.197;2;1
1740;197302;10.05;222.644;222.644;2;1
1740;197303;10.05;224.234;223.464;2;1
1740;197304;9.28;128.952;129.452;2;1
1740;197305;9.78;347.06;346.46;2;1
1740;197306;9.18;118.342;118.442;2;1
1740;197307;9.28;122.921;122.181;2;1
1740;197308;8.54;151.572;152.922;2;1
1740;197309;9.89;107.68;107;2;1
1740;197310;9.21;165.404;165.974;2;1
1740;197311;9.78;112.424;111.324;2;1
1740;197312;8.68;123.708;124.948;2;1
1740;197401;9.92;450.17;449.84;2;1
1740;197402;9.59;531.706;532.166;2;1
1740;197403;10.05;340.71;340.64;2;1
1740;197404;9.98;195.013;193.943;2;1
1740;197405;8.91;164.333;165.163;2;1
1740;197406;9.74;130.982;131.292;2;1
1740;197407;10.05;176.515;170.285;2;1
1740;197408;3.82;94.478;90.658;2;1
1740;197409;0;166.484;166.484;2;1
1740;197410;0;80.473;80.473;2;1
1740;197411;0;163.236;163.236;2;1
1740;197412;0;160.609;160.609;2;1
1740;197501;0;184.386;184.386;2;1
1740;197502;0;178.528;178.528;2;1
1740;197503;0;277.75;286.89;2;1
1740;197504;9.14;148.668;148.908;2;1
1740;197505;9.38;103.663;103.803;2;1
1740;197506;9.52;99.645;99.265;2;1
1740;197507;9.14;102.678;102.518;2;1
1740;197508;8.98;74.892;74.622;2;1
1740;197509;8.71;129.228;130.508;2;1
1740;197510;9.99;145.826;138.916;2;1
1740;197511;3.08;181.284;188.194;2;1
1740;197512;9.99;210.876;210.406;2;1
1740;197601;9.52;72.369;71.429;2;1
1740;197602;8.58;141.998;141.958;2;1
1740;197603;8.54;151.425;152.705;2;1
1740;197604;9.82;155.364;155.134;2;1
1740;197605;9.59;84.62;83.52;2;1
1740;197606;8.49;97.883;98.333;2;1
1740;197607;8.94;104.224;104.534;2;1
1740;197608;9.25;90.677;91.147;2;1
1740;197609;9.72;119.612;119.382;2;1
1740;197610;9.49;141.264;139.734;2;1
1740;197611;7.96;413.968;416.058;2;1
1740;197612;10.05;634.98;634.98;2;1
1740;197701;10.05;504.818;504.358;2;1
1740;197702;9.59;1045.155;1044.815;2;1
1740;197703;9.25;481.654;482.454;2;1
1740;197704;10.05;216.691;215.601;2;1
1740;197705;8.96;140.227;141.317;2;1
1740;197706;10.05;195.679;195.679;2;1
1740;197707;10.05;161.292;159.682;2;1
1740;197708;8.44;168.428;169.928;2;1
1740;197709;9.94;167.098;167.118;2;1
1740;197710;9.96;159.996;159.816;2;1
1740;197711;9.78;141.869;140.999;2;1
1740;197712;8.91;400.62;401.72;2;1
1740;197801;10.01;405.708;404.778;2;1
1740;197802;9.08;938.555;936.055;2;1
1740;197803;6.58;874.636;878.106;2;1
1740;197804;10.05;327.067;327.067;2;1
1740;197805;10.05;330.048;329.978;2;1
1740;197806;9.98;211.749;211.349;2;1
1740;197807;9.58;159.866;158.526;2;1
1740;197808;8.24;144.772;144.412;2;1
1740;197809;7.88;50.293;50.963;2;1
1740;197810;8.55;120.925;120.845;2;1
1740;197811;8.47;88.102;89.352;2;1
1740;197812;9.72;631.731;629.451;2;1
1740;197901;7.44;943.877;946.357;2;1
1740;197902;9.92;1571.538;1571.488;2;1
1740;197903;9.87;634.332;633.842;2;1
1740;197904;9.38;698.596;699.176;2;1
1740;197905;9.96;282.684;282.734;2;1
1740;197906;10.01;232.416;231.386;2;1
1740;197907;8.98;155.52;155.58;2;1
1740;197908;9.04;122.55;121.86;2;1
1740;197909;8.35;76.421;76.511;2;1
1740;197910;8.44;91.835;91.805;2;1
1740;197911;8.41;305.415;306.965;2;1
1740;197912;9.96;277.033;277.083;2;1
1740;198001;10.01;453.341;453.291;2;1
1740;198002;9.96;349.203;349.253;2;1
1740;198003;10.01;291.479;291.519;2;1
1740;198004;10.05;260.721;260.721;2;1
1740;198005;10.05;229.435;229.435;2;1
1740;198006;10.05;183.66;182.89;2;1
1740;198007;9.28;143.502;143.212;2;1
1740;198008;8.99;109.685;109.575;2;1
1740;198009;8.88;27.302;27.562;2;1
1740;198010;9.14;141.601;142.511;2;1
1740;198011;10.05;142.465;141.195;2;1
1740;198012;8.78;197.13;198.34;2;1
1740;198101;9.99;148.262;147.482;2;1
1740;198102;9.21;79.004;79.844;2;1
1740;198103;10.05;173.889;173.889;2;1
1740;198104;10.05;195.143;194.873;2;1
1740;198105;9.78;160.021;159.661;2;1
1740;198106;9.42;170.199;170.429;2;1
1740;198107;9.65;130.343;130.213;2;1
1740;198108;9.52;122.17;121.78;2;1
1740;198109;9.13;46.475;45.575;2;1
1740;198110;8.23;197.554;199.304;2;1
1740;198111;9.98;103.775;103.685;2;1
1740;198112;9.89;713.284;711.364;2;1
1740;198201;7.97;564.615;566.605;2;1
1740;198202;9.96;240.762;240.852;2;1
1740;198203;10.05;246.897;246.897;2;1
1740;198204;10.05;116.882;116.342;2;1
1740;198205;9.51;55.115;54.275;2;1
1740;198206;8.67;115.318;115.708;2;1
1740;198207;9.06;101.511;101.831;2;1
1740;198208;9.38;101.52;101.75;2;1
1740;198209;9.61;25.851;25.731;2;1
1740;198210;9.49;166.169;166.099;2;1
1740;198211;9.42;234.493;235.121;2;1
1740;198212;10.048;544.706;544.616;2;1
1740;198301;9.958;261.217;260.558;2;1
1740;198302;9.299;205.742;206.401;2;1
1740;198303;9.958;191.807;190.893;2;1
1740;198304;9.044;318.244;319.158;2;1
1740;198305;9.958;575.874;575.928;2;1
1740;198306;10.012;253.857;253.352;2;1
1740;198307;9.507;169.671;168.592;2;1
1740;198308;8.428;147.925;149.473;2;1
1740;198309;9.976;72.985;71.92;2;1
1740;198310;8.911;85.446;85.748;2;1
1740;198311;9.213;97.162;96.86;2;1
1740;198312;8.911;253.737;254.784;2;1
1740;198401;9.958;309.23;309.141;2;1
1740;198402;9.869;344.36;344.396;2;1
1740;198403;9.905;273.565;273.582;2;1
1740;198404;9.922;454.472;454.598;2;1
1740;198405;10.048;278.339;278.285;2;1
1740;198406;9.994;324.444;324.444;2;1
1740;198407;9.994;194.745;194.258;2;1
1740;198408;9.507;135.808;135.48;2;1
1740;198409;9.179;57.6;57.398;2;1
1740;198410;8.977;239.15;240.131;2;1
1740;198411;9.958;477.755;477.577;2;1
1740;198412;9.78;438.649;438.917;2;1
1740;198501;10.048;431.496;431.264;2;1
1740;198502;9.816;926.137;926.297;2;1
1740;198503;9.976;542.384;542.402;2;1
1740;198504;9.994;530.699;530.735;2;1
1740;198505;10.03;210.61;210.538;2;1
1740;198506;9.958;200.547;199.304;2;1
1740;198507;8.715;125.897;126.777;2;1
1740;198508;9.595;103.03;102.872;2;1
1740;198509;9.437;45.388;45.493;2;1
1740;198510;9.542;96.348;96.693;2;1
1740;198511;9.887;98.04;97.896;2;1
1740;198512;9.743;163.799;163.996;2;1
1740;198601;9.94;371.314;371.332;2;1
1740;198602;9.958;486.237;485.967;2;1
1740;198603;9.688;400.845;401.062;2;1
1740;198604;9.905;266.517;266.57;2;1
1740;198605;9.958;231.031;231.067;2;1
1740;198606;9.994;148.757;147.625;2;1
1740;198607;8.862;115.713;116.081;2;1
1740;198608;9.23;94.942;95.063;2;1
1740;198609;9.351;78.46;78.925;2;1
1740;198610;9.816;133.564;133.308;2;1
1740;198611;9.56;108.076;106.789;2;1
1740;198612;8.273;135.768;137.4;2;1
1740;198701;9.905;124.153;124.206;2;1
1740;198702;9.958;230.071;230.107;2;1
1740;198703;9.994;182.457;182.188;2;1
1740;198704;9.725;211.687;211.956;2;1
1740;198705;9.994;79.606;78.506;2;1
1740;198706;8.894;97.705;98.336;2;1
1740;198707;9.525;119.761;119.831;2;1
1740;198708;9.595;98.047;96.959;2;1
1740;198709;8.507;43.637;43.715;2;1
1740;198710;8.585;339.624;341.087;2;1
1740;198711;10.048;312.197;312.107;2;1
1740;198712;9.958;406.434;406.524;2;1
1740;198801;10.048;572.768;570.721;2;1
1740;198802;8.001;867.151;868.745;2;1
1740;198803;9.595;220.99;219.98;2;1
1740;198804;8.585;263.547;264.974;2;1
1740;198805;10.012;375.777;375.67;2;1
1740;198806;9.905;239.276;239.258;2;1
1740;198807;9.887;218.461;218.169;2;1
1740;198808;9.595;145.519;143.895;2;1
1740;198809;7.971;56.158;57.555;2;1
1740;198810;9.368;128.996;129.658;2;1
1740;198811;10.03;55.826;55.251;2;1
1740;198812;9.455;50.49;50.317;2;1
1740;198901;9.282;37.941;37.488;2;1
1740;198902;8.829;59.027;60.228;2;1
1740;198903;10.03;208.804;208.053;2;1
1740;198904;9.279;234.082;234.84;2;1
1740;198905;10.037;133.253;133.006;2;1
1740;198906;9.79;128.75;128.825;2;1
1740;198907;9.865;113.991;113.37;2;1
1740;198908;9.244;91.344;91.444;2;1
1740;198909;9.344;24.765;24.736;2;1
1740;198910;9.315;83.485;83.923;2;1
1740;198911;9.753;147.525;147.713;2;1
1740;198912;9.941;577.669;577.631;2;1
1740;199001;9.903;321.119;321.291;2;1
1740;199002;10.075;373.37;373.293;2;1
1740;199003;9.998;120.444;119.995;2;1
1740;199004;9.549;86.681;86.536;2;1
1740;199005;9.404;64.922;65.104;2;1
1740;199006;9.586;91.338;91.265;2;1
1740;199007;9.513;97.186;97.37;2;1
1740;199008;9.697;27.373;27.693;2;1
1740;199009;10.017;19.389;19.351;2;1
1740;199010;10.017;126.14;126.534;1;1
1740;199011;9.35;174.969;174.302;1;1
1740;199012;9.903;139.173;139.726;1;1
1740;199101;10.075;389.824;389.996;1;1
1740;199102;9.979;243.566;243.47;1;1
1740;199103;9.753;543.34;543.114;1;1
1740;199104;9.941;290.174;290.362;1;1
1740;199105;9.641;160.781;160.481;1;1
1740;199106;8.982;135.139;134.48;1;1
1740;199107;9.586;125.479;126.083;1;1
1740;199108;9.604;32.376;32.394;1;1
1740;199109;9.941;58.839;59.176;1;1
1740;199110;9.477;119.17;118.706;1;1
1740;199111;9.884;257.819;258.226;1;1
1740;199112;9.865;110.023;110.004;1;1
1740;199201;8.914;104.091;103.14;1;1
1740;199202;9;44.523;44.609;1;1
1740;199203;9.297;50.587;50.884;1;1
1740;199204;9.734;236.544;236.981;1;1
1740;199205;8.948;110.552;109.766;1;1
1740;199206;9.191;119.329;119.572;1;1
1740;199207;9.865;107.605;108.279;1;1
1740;199208;9.809;35.969;35.913;1;1
1740;199209;9.549;99.351;99.091;1;1
1740;199210;9.753;136.594;136.798;1;1
1740;199211;9.66;131.402;131.309;1;1
1740;199212;9.66;384.278;384.278;1;1
1740;199301;9.386;196.49;196.216;1;1
1740;199302;9.697;79.483;79.794;1;1
1740;199303;9.513;59.581;59.397;1;1
1740;199304;9.979;80.977;81.443;1;1
1740;199305;9.979;158.474;158.474;1;1
1740;199306;9.979;217.167;217.167;1;1
1740;199307;9.226;136.03;135.277;1;1
1740;199308;2.422;67.655;60.851;1;1
1740;199309;9.386;57.742;64.706;1;1
1740;199310;9.734;377.539;377.887;1;1
1740;199311;9.979;262.427;262.672;1;1
1740;199312;9.903;318.373;318.297;1;1
1740;199401;9.884;793.878;793.859;1;1
1740;199402;9.998;343.793;343.907;1;1
1740;199403;9.734;310.409;310.145;1;1
1740;199404;8.531;159.875;158.672;1;1
1740;199405;9.79;173.722;174.981;1;1
1740;199406;9.865;123.384;123.459;1;1
1740;199407;9.208;75.36;74.703;1;1
1740;199408;9.226;42.409;42.427;1;1
1740;199409;8.662;;;1;1
1740;199410;9.623;100.62;101.581;1;1
1740;199411;8.547;155.894;154.818;1;1
1740;199412;9.641;159.14;160.234;1;1
1740;199501;9.846;338.147;338.352;1;1
1740;199502;9.531;431.694;431.379;1;1
1740;199503;9.809;515.021;515.299;1;1
1740;199504;8.274;144.125;142.59;1;1
1740;199505;8.695;118.41;118.831;1;1
1740;199506;9.069;102.248;102.622;1;1
1740;199507;8.931;100.967;100.829;1;1
1740;199508;9.458;78.112;78.639;1;1
1740;199509;9.641;61.283;61.466;1;1
1740;199510;9.678;70.37;70.407;1;1
1740;199511;9.79;183.376;183.488;1;1
1740;199512;8.369;637.224;635.803;1;1
1740;199601;8.531;1354.032;1354.194;1;1
1740;199602;9.734;546.115;547.318;1;1
1740;199603;9.922;264.549;264.737;1;1
1740;199604;9.44;315.446;314.964;1;1
1740;199605;9.568;254.71;254.838;1;1
1740;199606;8.118;170.436;168.986;1;1
1740;199607;9.586;104.337;105.805;1;1
1740;199608;8.211;46.499;45.124;1;1
1740;199609;6.767;67.032;65.588;1;1
1740;199610;9.297;89.575;92.105;1;1
1740;199611;9.922;261.316;261.941;1;1
1740;199612;9.884;305.441;305.403;1;1
1740;199701;9.903;360.504;360.523;1;1
1740;199702;9.922;239.089;239.108;1;1
1740;199703;8.914;185.535;184.527;1;1
1740;199704;9.531;76.38;76.997;1;1
1740;199705;9.941;78.821;79.231;1;1
1740;199706;9.678;128.326;128.063;1;1
1740;199707;9.884;144.384;144.59;1;1
1740;199708;9.297;52.533;51.946;1;1
1740;199709;9.368;43.684;43.755;1;1
1740;199710;9.623;137.363;137.618;1;1
1740;199711;10.037;338.373;338.787;1;1
1740;199712;9.753;521.554;521.27;1;1
1740;199801;9.884;463.024;463.155;1;1
1740;199802;9.458;210.551;210.125;1;1
1740;199803;9.846;138.905;139.293;1;1
1740;199804;8.514;556.206;554.874;1;1
1740;199805;8.056;495.823;495.365;1;1
1740;199806;8.712;224.214;224.87;1;1
1740;199807;9.922;81.975;83.185;1;1
1740;199808;9.44;52.479;51.997;1;1
1740;199809;9.66;80.663;80.883;1;1
1740;199810;9.086;195.027;194.453;1;1
1740;199811;8.948;135.962;135.824;1;1
1740;199812;9.261;77.071;77.384;1;1
1740;199901;8.482;102.772;101.993;1;1
1740;199902;9.103;84.276;84.897;1;1
1740;199903;9.069;166.557;166.523;1;1
1740;199904;9.156;174.686;174.773;1;1
1740;199905;9.586;238.043;238.473;1;1
1740;199906;9.173;110.708;110.295;1;1
1740;199907;9.069;107.381;107.277;1;1
1740;199908;9.604;126.938;127.473;1;1
1740;199909;9.244;111.263;110.903;1;1
1740;199910;9.586;258.702;259.044;1;1
1740;199911;9.809;294.345;294.568;1;1
1740;199912;9.568;345.919;345.678;1;1
1740;200001;9.641;281.841;281.914;1;1
1740;200002;9.734;108.357;108.45;1;1
1740;200003;9.531;73.14;72.937;1;1
1740;200004;9.865;273.729;274.063;1;1
1740;200005;9.44;331.504;331.079;1;1
1740;200006;8.914;126.582;126.056;1;1
1740;200007;9.846;92.636;93.568;1;1
1740;200008;9.422;76.54;76.116;1;1
1740;200009;9.208;65.261;65.047;1;1
1740;200010;9.495;111.261;111.548;1;1
1740;200011;9.827;512.39;512.722;1;1
1740;200012;8.433;1194.592;1193.198;1;1
1740;200101;8.498;1378.139;1378.204;1;1
1740;200102;8.745;807.929;808.176;1;1
1740;200103;8.745;1330.045;1330.045;1;1
1740;200104;9.121;501.099;501.475;1;1
1740;200105;9.138;231.495;231.512;1;1
1740;200106;9.138;121.29;121.29;1;1
1740;200107;9.404;111.756;112.022;1;1
1740;200108;9.586;72.086;72.268;1;1
1740;200109;9.623;57.827;57.864;1;1
1740;200110;9.495;115.693;115.565;1;1
1740;200111;9.368;95.706;95.579;1;1
1740;200112;9.226;60.62;60.478;1;1
1740;200201;9.549;63.476;63.799;1;1
1740;200202;9.44;98.831;98.722;1;1
1740;200203;9.226;100.276;100.062;1;1
1740;200204;9.903;61.81;62.487;1;1
1740;200205;9.715;71.508;71.32;1;1
1740;200206;9.715;86.09;86.09;1;1
1740;200207;9.752;74.239;74.276;1;1
1740;200208;9.809;48.098;48.155;1;1
1740;200209;7.188;49.64;47.019;1;1
1740;200210;9.641;148.928;151.381;1;1
1740;200211;9.715;291.026;291.1;1;1
1740;200212;7.995;616.407;614.687;1;1
1740;200301;9.477;1001.468;1002.95;1;1
1740;200302;9.846;336.446;336.815;1;1
1740;200303;9.827;344.963;344.944;1;1
1740;200304;9.734;276.202;276.109;1;1
1740;200305;9.903;149.163;149.332;1;1
1740;200306;9.79;82.65;82.537;1;1
1740;200307;9.531;131.571;131.312;1;1
1740;200308;9.44;119.327;119.236;1;1
1740;200309;9.386;55.781;55.727;1;1
1740;200310;9.513;93.177;93.304;1;1
1740;200311;9.477;192.773;192.737;1;1
1740;200312;9.368;325.221;325.112;1;1
1740;200401;9.715;367.815;368.162;1;1
1740;200402;9.297;227.667;227.249;1;1
1740;200403;9.604;175.53;175.837;1;1
1740;200404;9.173;140.01;139.579;1;1
1740;200405;9.386;153.188;153.401;1;1
1740;200406;9.66;93.241;93.515;1;1
1740;200407;9.386;73.68;73.406;1;1
1740;200408;9.734;109.77;110.118;1;1
1740;200409;7.054;62.031;59.351;1;1
1740;200410;9.715;170.16;172.821;1;1
1740;200411;9.586;189.624;189.495;1;1
1740;200412;9.678;146.135;146.227;1;1
1740;200501;9.173;156.771;156.266;1;1
1740;200502;9.586;75.897;76.31;1;1
1740;200503;8.897;82.246;81.557;1;1
1740;200504;9.404;134.825;135.332;1;1
1740;200505;9.827;164.178;164.601;1;1
1740;200506;9.604;84.147;83.924;1;1
1740;200507;9.604;103.304;103.304;1;1
1740;200508;9.623;42.639;42.658;1;1
1740;200509;9.531;64.681;64.589;1;1
1740;200510;9.173;87.133;86.775;1;1
1740;200511;9.715;94.376;94.918;1;1
1740;200512;9.604;120.662;120.551;1;1
1740;200601;9.44;114.101;113.937;1;1
1740;200602;9.368;87.789;87.717;1;1
1740;200603;9.531;362.261;362.424;1;1
1740;200604;9.422;308.068;307.959;1;1
1740;200605;9.333;146.808;146.719;1;1
1740;200606;9.66;80.988;81.315;1;1
1740;200607;9.279;117.764;117.383;1;1
1740;200608;9.623;38.497;38.841;1;1
1740;200609;9.051;78.076;77.504;1;1
1740;200610;9.279;276.134;276.362;1;1
1740;200611;9.66;349.736;350.117;1;1
1740;200612;8.897;581.574;580.811;1;1
1740;200701;9.173;273.584;273.86;1;1
1740;200702;9.477;396.664;396.968;1;1
1740;200703;9.279;440.552;440.354;1;1
1740;200704;9.156;200.273;200.15;1;1
1740;200705;9.315;120.404;120.563;1;1
1740;200706;9.422;207.156;207.263;1;1
1740;200707;9.477;142.454;142.509;1;1
1740;200708;8.482;50.571;49.576;1;1
1740;200709;9.173;46.99;47.681;1;1
1740;200710;9.477;96.038;96.342;1;1
1740;200711;9.495;68.076;68.094;1;1
1740;200712;9.458;47.604;47.567;1;1
1740;200801;9.386;99.424;99.352;1;1
1740;200802;9.531;63.729;63.874;1;1
1740;200803;9.368;90.972;90.809;1;1
1740;200804;9.458;228.758;228.848;1;1
1740;200805;9.244;214.295;214.081;1;1
1740;200806;9.422;192.023;192.201;1;1
1740;200807;9.315;106.978;106.871;1;1
1740;200808;9;47.403;47.088;1;1
1740;200809;9.44;101.215;101.655;1;1
1740;200810;9.495;81.743;81.798;1;1
1740;200811;9.477;77.504;77.486;1;1
1740;200812;9.422;203.834;203.779;1;1
1740;200901;9.35;313.921;313.849;1;1
1740;200902;9.244;462.467;462.361;1;1
1740;200903;9.422;324.158;324.336;1;1
1740;200904;9.549;182.124;182.251;1;1
1740;200905;9.458;113.411;113.32;1;1
1740;200906;9.495;84.667;84.704;1;1
1740;200907;9.549;86.941;86.995;1;1
1740;200908;9.586;47.895;47.932;1;1
1740;200909;9.477;51.29;51.181;1;1
1740;200910;9.531;98.853;98.907;1;1
1740;200911;9.513;262.233;262.215;1;1
1740;200912;8.369;608.673;607.529;1;1
1740;201001;9.422;773.807;774.86;1;1
1740;201002;8.514;464.782;463.874;1;1
1740;201003;8.712;617.72;617.918;1;1
1740;201004;9.35;437.879;438.517;1;1
1740;201005;9.477;243.847;243.974;1;1
1740;201006;9.315;202.033;201.871;1;1
1740;201007;9.017;144.057;143.759;1;1
1740;201008;9.568;54.14;54.691;1;1
1740;201009;9.173;97.558;97.163;1;1
1740;201010;9.19;144.49;144.507;1;1
1740;201011;9.49;329.823;330.123;1;1
1740;201012;9.39;393.602;393.502;1;1
1740;201101;9.44;546.536;546.586;1;1
1740;201102;9.19;264.242;263.992;1;1
1740;201103;9.55;295.952;296.312;1;1
1740;201104;9.37;252.678;252.498;1;1
1740;201105;9.28;142.683;142.593;1;1
1740;201106;8.21;79.542;78.472;1;1
1740;201107;9.44;39.696;40.926;1;1
1740;201108;9.46;61.711;61.731;1;1
1740;201109;9.35;79.71;79.6;1;1
1740;201110;9.208;129.779;129.637;1;1
1740;201111;9.297;78.185;78.274;1;1
1740;201112;9.244;156.58;156.527;1;1
1740;201201;9.261;151.899;151.916;1;1
1740;201202;9.226;66.39;66.355;1;1
1740;201203;9.297;34.89;34.961;1;1
1740;201204;8.948;124.007;123.658;1;1
1740;201205;8.149;193.93;193.131;1;1
1740;201206;7.814;93.337;93.002;1;1
1740;201207;9.386;80.083;81.655;1;1
1740;201208;9.156;43.467;43.237;1;1
1740;201209;9.422;101.869;102.135;1;1
1740;201210;9.513;74.084;74.175;1;1
1740;201211;9.279;93.36;93.126;1;1
1740;201212;9.315;208.866;208.902;1;1
1740;201301;9.458;458.095;458.238;1;1
1740;201302;9.368;442.622;442.532;1;1
1740;201303;8.211;623.824;622.667;1;1
1740;201304;9.422;738.571;739.782;1;1
1740;201305;9.368;233.885;233.831;1;1
1740;201306;8.829;122.9;122.361;1;1
1740;201307;9.368;102.037;102.576;1;1
1740;201308;9.531;42.076;42.239;1;1
1740;201309;9.261;87.158;86.888;1;1
1740;201310;9.458;139.623;139.82;1;1
1740;201311;9.35;251.566;251.458;1;1
1740;201312;9.458;306.024;306.132;1;1
1740;201401;8.433;771.708;770.683;1;1
1740;201402;9.297;1047.406;1048.27;1;1
1740;201403;9.458;734.519;734.68;1;1
1740;201404;8.812;494.623;493.977;1;1
1740;201405;9.103;211.59;211.881;1;1
1740;201406;9.121;141.88;141.898;1;1
1740;201407;9.297;129.671;129.847;1;1
1740;201408;9.333;124.591;124.627;1;1
1740;201409;9.44;57.388;57.495;1;1
1740;201410;9.37;91.714;91.644;1;1
1740;201411;9.39;201.6;201.62;1;1
1740;201412;9.28;172.635;172.525;1;1
1740;201501;8.65;230.177;229.547;1;1
1740;201502;9.48;459.77;460.6;1;1
1740;201503;9.51;339.729;339.759;1;1
1740;201504;9.24;173.534;173.264;1;1
1740;201505;9.1;201.937;201.797;1;1
1740;201506;9.19;113.137;113.227;1;1
1740;201507;9.51;90.285;90.605;1;1
1740;201508;9.53;35.437;35.457;1;1
1740;201509;9.33;80.355;80.155;1;1
1740;201510;9.16;92.66;92.49;1;1
1740;201511;9.44;133.754;134.034;1;1
1740;201512;9.37;88.779;88.709;1;1
1740;201601;9.33;733.703;733.663;1;1
1740;201602;8.78;937.734;937.184;1;1
1740;201603;9.4;515.878;516.498;1;1
1740;201604;9.1;683.124;682.824;1;1
1740;201605;9.3;410.015;410.215;1;1
1740;201606;9.33;199.8;199.83;1;1
1740;201607;8.47;149.106;148.246;1;1
1740;201608;9.44;47.878;48.848;1;1
1740;201609;9.5;101.477;101.537;1;1
1740;201610;8.6;123.45;122.55;1;1
1740;201611;9.02;68.91;69.33;1;1
1740;201612;8.48;64.13;63.59;1;1
1740;201701;8.53;53.63;53.68;1;1
1740;201702;8.53;173.39;173.39;1;1
1740;201703;8.83;102.59;102.89;1;1
1740;201704;8.58;70.03;69.78;1;1
1740;201705;8.56;68.29;68.27;1;1
1740;201706;8.59;43.28;43.31;1;1
1740;201707;9.35;48.69;49.45;1;1
1740;201708;9.21;24.78;24.64;1;1
1740;201709;9.17;100.12;100.08;1;1
1740;201710;9.49;58.613;58.933;1;1
1740;201711;9.38;59.12;59.01;1;1
1740;201712;8.73;132.124;131.474;1;1
1740;201801;9.17;215.099;215.539;1;1
1740;201802;9.39;201.25;201.47;1;1
1740;201803;9.48;503.949;504.039;1;1
1740;201804;9.35;664.155;664.025;1;1
1740;201805;9.31;246.392;246.352;1;1
1740;201806;8.61;259.001;258.301;1;1
1740;201807;9.51;169.602;170.502;1;1
1740;201808;9.48;87.004;86.974;1;1
1740;201809;9.42;143.242;143.182;1;1
1740;201810;8.9;133.46;132.94;1;1
1740;201811;9.4;180.586;181.086;1;1
1740;201812;9.48;257.873;257.953;1;1
1740;201901;9.23;184.267;184.017;1;1
1740;201902;9.16;339.357;339.287;1;1
1740;201903;9.07;178.489;178.399;1;1
1740;201904;9.3;171.608;171.838;1;1
1740;201905;9.19;162.024;161.914;1;1
1740;201906;9.33;123.791;123.931;1;1
1740;201907;9.35;115.731;115.751;1;1
1740;201908;9.49;91.747;91.887;1;1
1740;201909;9.37;120.988;120.868;1;1
1740;201910;9.48;145.089;145.199;1;1
1740;201911;9.44;518.773;518.733;1;1
1740;201912;9.42;1239.679;1239.659;1;1
1740;202001;9.31;370.27;370.16;1;1
1740;202002;8.85;267.825;267.365;1;1
1740;202003;9.39;326.057;326.597;1;1
1740;202004;9.12;216.176;215.906;1;1
1740;202005;9.17;203.414;203.464;1;1
1740;202006;9.05;134.709;134.589;1;1
1740;202007;9.12;128.494;128.564;1;1
1740;202008;9.42;82.641;82.941;1;1
1740;202009;9.17;171.642;171.392;1;1
1740;202010;9.48;170.452;170.762;1;1
1740;202011;9.28;150.187;149.987;1;1
1740;202012;9.42;391.806;391.946;1;1
1740;202101;9.23;519.189;518.999;1;1
1740;202102;9.21;767.012;766.992;1;1
1740;202103;8.66;320.82;320.27;1;1
1740;202104;9.14;192.527;193.007;1;1
1740;202105;9.42;150;150.28;1;1
1740;202106;9.4;168.887;168.867;1;1
1740;202107;9.49;131.944;132.034;1;1
1740;202108;9.16;82.636;82.306;1;1
1740;202109;8.68;111.964;111.484;1;1
1741;196010;;;;2;1
1741;196011;16.3;57.884;46.984;2;1
1741;196012;5.4;10.43;18.03;2;1
1741;196101;13;22.588;25.088;2;1
1741;196102;15.5;35.3;33.2;2;1
1741;196103;13.4;16.082;11.382;2;1
1741;196104;8.7;11.279;18.679;2;1
1741;196105;16.1;14.057;10.357;2;1
1741;196106;12.4;0;7.4;2;1
1741;196107;19.8;0;0.8;2;1
1741;196108;20.6;0;0.1;2;1
1741;196109;20.7;8.313;0.713;2;1
1741;196110;13.1;17.772;10.472;2;1
1741;196111;5.8;11.975;34.375;2;1
1741;196112;28.2;29.402;36.002;2;1
1741;196201;34.8;37.619;28.719;2;1
1741;196202;25.9;22.023;5.023;2;1
1741;196203;8.9;19.561;48.261;2;1
1741;196204;37.6;23.25;17.45;2;1
1741;196205;31.8;9.901;4.601;2;1
1741;196206;26.5;12.398;2.098;2;1
1741;196207;16.2;;;2;1
1741;196208;;;;2;1
1741;196209;;;;2;1
1741;196210;;;;2;1
1741;196211;0;0.202;2.602;2;1
1741;196212;2.4;5.31;13.41;2;1
1741;196301;10.5;22.289;22.089;2;1
1741;196302;10.3;16.021;7.921;2;1
1741;196303;2.2;14.935;43.035;2;1
1741;196304;30.3;30.226;38.826;2;1
1741;196305;38.9;26.099;25.599;2;1
1741;196306;38.4;17.826;13.726;2;1
1741;196307;34.3;1.541;1.541;2;1
1741;196308;34.3;12.324;1.024;2;1
1741;196309;23;22.539;1.229;2;1
1741;196310;1.69;1.488;1.208;2;1
1741;196311;1.41;12.234;47.964;2;1
1741;196312;37.14;16.413;14.693;2;1
1741;196401;35.42;24.772;6.962;2;1
1741;196402;17.61;24.919;25.919;2;1
1741;196403;18.61;18.585;36.595;2;1
1741;196404;36.62;21.35;20.1;2;1
1741;196405;35.37;14.659;11.319;2;1
1741;196406;32.03;9.358;9.628;2;1
1741;196407;32.3;2.522;2.632;2;1
1741;196408;32.41;3.472;;2;1
1741;196409;28.8;12.764;;2;1
1741;196410;16;14.541;6.341;2;1
1741;196411;7.8;4.795;2.595;2;1
1741;196412;5.6;2.652;3.452;2;1
1741;196501;6.4;0;24.3;2;1
1741;196502;30.7;14.697;12.397;2;1
1741;196503;28.4;21.099;31.999;2;1
1741;196504;39.3;19.561;12.561;2;1
1741;196505;32.3;18.662;3.262;2;1
1741;196506;16.9;4.035;1.735;2;1
1741;196507;14.6;7.629;;2;1
1741;196508;6.9;1.737;;2;1
1741;196509;4.8;2.739;2.389;2;1
1741;196510;4.45;0.219;12.259;2;1
1741;196511;16.49;11.163;28.603;2;1
1741;196512;33.93;26.696;34.876;2;1
1741;196601;42.11;45.645;47.385;2;1
1741;196602;43.85;51.808;52.028;2;1
1741;196603;44.07;21.392;15.072;2;1
1741;196604;37.75;39.783;44.733;2;1
1741;196605;42.7;12.633;13.153;2;1
1741;196606;43.22;7.486;8.486;2;1
1741;196607;44.22;19.299;0.859;2;1
1741;196608;25.78;6.978;;2;1
1741;196609;18.22;3.802;;2;1
1741;196610;13.8;15.108;18.158;2;1
1741;196611;16.85;13.896;16.526;2;1
1741;196612;19.48;25.335;13.845;2;1
1741;196701;7.99;5.748;9.078;2;1
1741;196702;11.32;10.48;13.8;2;1
1741;196703;14.64;4.766;20.726;2;1
1741;196704;30.6;4.463;9.523;2;1
1741;196705;35.66;11.787;19.017;2;1
1741;196706;42.89;10.769;3.039;2;1
1741;196707;35.16;8.209;1.039;2;1
1741;196708;27.99;0.22;;2;1
1741;196709;27.64;16.47;0.28;2;1
1741;196710;11.45;6.855;0.815;2;1
1741;196711;5.41;6.013;10.653;2;1
1741;196712;10.05;6.224;6.464;2;1
1741;196801;10.29;11.265;7.545;2;1
1741;196802;6.57;8.99;20.89;2;1
1741;196803;18.47;16.419;12.989;2;1
1741;196804;15.04;3.932;30.182;2;1
1741;196805;41.29;19.432;20.972;2;1
1741;196806;42.83;8.046;4.226;2;1
1741;196807;39.01;7.302;0.622;2;1
1741;196808;32.33;4.15;;2;1
1741;196809;28.08;11.324;6.484;2;1
1741;196810;23.24;19.223;9.353;2;1
1741;196811;13.37;22.926;21.236;2;1
1741;196812;11.68;17.408;16.718;2;1
1741;196901;10.99;13.38;31.34;2;1
1741;196902;28.95;19.779;14.089;2;1
1741;196903;23.26;27.84;47.09;2;1
1741;196904;42.51;31.869;27.039;2;1
1741;196905;37.68;28.604;34.124;2;1
1741;196906;43.2;28.72;14.13;2;1
1741;196907;28.61;24.678;3.858;2;1
1741;196908;7.79;0.955;;2;1
1741;196909;6.72;5.243;5.163;2;1
1741;196910;6.64;4.535;3.165;2;1
1741;196911;5.27;5.736;8.416;2;1
1741;196912;7.95;6.693;11.373;2;1
1741;197001;12.63;15.437;44.207;2;1
1741;197002;41.4;23.161;12.511;2;1
1741;197003;30.75;27.522;7.112;2;1
1741;197004;10.34;9.498;10.518;2;1
1741;197005;11.36;5.425;22.605;2;1
1741;197006;28.54;16.233;5.663;2;1
1741;197007;17.97;5.63;0.98;2;1
1741;197008;13.32;0.271;;2;1
1741;197009;12.96;8.2;0.86;2;1
1741;197010;5.62;0;0.1;2;1
1741;197011;5.72;0;10.97;2;1
1741;197012;16.69;3.993;5.333;2;1
1741;197101;18.03;11.022;19.902;2;1
1741;197102;26.91;6.024;13.164;2;1
1741;197103;34.05;12.978;9.028;2;1
1741;197104;30.1;24.009;33.669;2;1
1741;197105;39.76;30.389;27.389;2;1
1741;197106;36.76;17.325;18.285;2;1
1741;197107;37.72;19.812;10.832;2;1
1741;197108;28.74;5.9;4.32;2;1
1741;197109;27.16;0;0.63;2;1
1741;197110;27.79;6.76;2.05;2;1
1741;197111;23.08;16.503;3.243;2;1
1741;197112;9.82;2.001;6.771;2;1
1741;197201;14.59;10.395;8.885;2;1
1741;197202;13.08;8.871;21.131;2;1
1741;197203;25.34;10.75;16.9;2;1
1741;197204;31.49;27.207;34.447;2;1
1741;197205;38.73;18.509;22.949;2;1
1741;197206;43.17;30.389;7.949;2;1
1741;197207;20.73;13.217;1.477;2;1
1741;197208;8.99;1.945;0.135;2;1
1741;197209;7.18;1.185;0.655;2;1
1741;197210;6.65;5.652;11.792;2;1
1741;197211;12.79;10.301;15.041;2;1
1741;197212;17.53;15.718;18.268;2;1
1741;197301;20.08;17.333;9.973;2;1
1741;197302;12.72;14.893;8.843;2;1
1741;197303;6.67;0.861;17.211;2;1
1741;197304;23.02;5.326;20.886;2;1
1741;197305;38.58;28.39;29.57;2;1
1741;197306;39.76;14.374;5.934;2;1
1741;197307;31.32;12.22;1.36;2;1
1741;197308;20.46;5.72;0.15;2;1
1741;197309;14.89;1.248;0.178;2;1
1741;197310;13.82;0.389;4.299;2;1
1741;197311;17.73;7.29;5.4;2;1
1741;197312;15.84;5.183;4.513;2;1
1741;197401;15.17;19.651;40.731;2;1
1741;197402;36.25;21.228;18.228;2;1
1741;197403;33.25;20.992;16.162;2;1
1741;197404;28.42;20.001;12.151;2;1
1741;197405;20.57;4.573;14.783;2;1
1741;197406;30.78;0.406;12.526;2;1
1741;197407;42.9;4.144;3.224;2;1
1741;197408;41.98;0.538;0.128;2;1
1741;197409;41.57;6.049;0.259;2;1
1741;197410;35.78;3.617;0.297;2;1
1741;197411;32.46;9.847;17.957;2;1
1741;197412;40.57;13.789;4.869;2;1
1741;197501;31.65;13.356;17.856;2;1
1741;197502;36.15;20.392;12.282;2;1
1741;197503;28.04;21.953;17.023;2;1
1741;197504;23.11;17.491;15.381;2;1
1741;197505;21;15.523;5.673;2;1
1741;197506;11.15;4.217;2.917;2;1
1741;197507;9.85;0.105;0.465;2;1
1741;197508;10.21;0.078;;2;1
1741;197509;10.1;0.191;1.691;2;1
1741;197510;11.6;0.076;4.906;2;1
1741;197511;16.43;2.312;12.152;2;1
1741;197512;26.27;12.189;6.939;2;1
1741;197601;21.02;11.933;3.603;2;1
1741;197602;12.69;6.372;6.812;2;1
1741;197603;13.13;1.878;12.648;2;1
1741;197604;23.9;11.554;14.814;2;1
1741;197605;27.16;11.259;7.179;2;1
1741;197606;23.08;7.295;0.595;2;1
1741;197607;16.38;7.632;0.292;2;1
1741;197608;9.04;0.302;0.402;2;1
1741;197609;9.14;0.263;1.803;2;1
1741;197610;10.68;0.723;18.943;2;1
1741;197611;28.9;25.289;28.689;2;1
1741;197612;32.3;27.026;27.026;2;1
1741;197701;32.3;18.671;23.301;2;1
1741;197702;36.93;36.838;42.258;2;1
1741;197703;42.35;36.799;18.179;2;1
1741;197704;23.73;2.451;13.191;2;1
1741;197705;34.47;0.89;7.01;2;1
1741;197706;40.59;7.917;7.157;2;1
1741;197707;39.83;6.507;2.757;2;1
1741;197708;36.08;0.954;0.734;2;1
1741;197709;35.86;7.89;0.07;2;1
1741;197710;28.04;19.489;12.569;2;1
1741;197711;21.12;17.127;6.837;2;1
1741;197712;10.83;15.79;39.25;2;1
1741;197801;34.29;21.038;14.568;2;1
1741;197802;27.82;35.373;50.573;2;1
1741;197803;43.02;40.155;26.285;2;1
1741;197804;29.15;26.273;19.143;2;1
1741;197805;22.02;14.744;20.624;2;1
1741;197806;27.9;9.411;11.341;2;1
1741;197807;29.83;7.963;2.163;2;1
1741;197808;24.03;0.139;0.109;2;1
1741;197809;24;6.451;;2;1
1741;197810;17.14;7.229;1.239;2;1
1741;197811;11.15;2.926;1.136;2;1
1741;197812;9.36;23.909;57.679;2;1
1741;197901;43.13;41.349;33.469;2;1
1741;197902;35.25;48.918;48.888;2;1
1741;197903;35.22;22.052;26.952;2;1
1741;197904;40.12;31.572;30.602;2;1
1741;197905;39.15;17.537;18.717;2;1
1741;197906;40.33;11.297;6.157;2;1
1741;197907;35.19;4.515;0.755;2;1
1741;197908;31.43;8.121;;2;1
1741;197909;23.14;5.734;0.254;2;1
1741;197910;17.66;6.667;7.307;2;1
1741;197911;18.3;11.508;21.638;2;1
1741;197912;28.43;15.057;19.987;2;1
1741;198001;33.36;25.011;17.761;2;1
1741;198002;26.11;10.268;11.548;2;1
1741;198003;27.39;11.336;16.356;2;1
1741;198004;32.41;10.709;12.299;2;1
1741;198005;34;8.726;14.006;2;1
1741;198006;39.28;4.584;4.524;2;1
1741;198007;39.22;1.953;1.083;2;1
1741;198008;38.35;2.432;;2;1
1741;198009;35.81;2.268;0.048;2;1
1741;198010;33.59;6.868;3.518;2;1
1741;198011;30.24;17.587;11.657;2;1
1741;198012;24.31;15.555;15.655;2;1
1741;198101;24.41;5.607;6.067;2;1
1741;198102;24.87;9.217;7.527;2;1
1741;198103;23.18;7.585;15.655;2;1
1741;198104;31.25;13.252;17.472;2;1
1741;198105;35.47;12.2;17.14;2;1
1741;198106;40.41;12.248;4.988;2;1
1741;198107;33.15;2.26;0.71;2;1
1741;198108;31.6;1.299;;2;1
1741;198109;30.25;1.917;1.207;2;1
1741;198110;29.54;8.522;14.622;2;1
1741;198111;35.64;13.257;1.047;2;1
1741;198112;23.43;20.96;33.33;2;1
1741;198201;35.8;31.387;25.547;2;1
1741;198202;29.96;12.015;12.555;2;1
1741;198203;30.5;22.345;13.315;2;1
1741;198204;21.47;11.132;9.302;2;1
1741;198205;19.64;4.086;5.106;2;1
1741;198206;20.66;1.405;3.955;2;1
1741;198207;23.21;1.547;1.117;2;1
1741;198208;22.78;0.569;0.119;2;1
1741;198209;22.33;7.126;1.549;2;1
1741;198210;16.753;4.022;10.395;2;1
1741;198211;23.126;18.812;23.591;2;1
1741;198212;27.905;31.033;30.826;2;1
1741;198301;27.698;12.002;5.978;2;1
1741;198302;21.674;7.795;12.099;2;1
1741;198303;25.978;13.223;6.258;2;1
1741;198304;19.013;11.374;16.064;2;1
1741;198305;23.703;26.944;38.9;2;1
1741;198306;35.659;14.317;9.254;2;1
1741;198307;30.596;10.73;1.246;2;1
1741;198308;21.112;2.643;1.014;2;1
1741;198309;19.483;7.317;0.373;2;1
1741;198310;12.539;3.782;0.292;2;1
1741;198311;9.049;3.171;10.308;2;1
1741;198312;16.186;10.101;17.829;2;1
1741;198401;23.914;16.518;23.496;2;1
1741;198402;30.892;23.059;13.635;2;1
1741;198403;21.468;13.689;13.56;2;1
1741;198404;21.339;16.664;28.885;2;1
1741;198405;33.56;18.885;15.859;2;1
1741;198406;30.534;11.665;16.706;2;1
1741;198407;35.575;14.472;1.996;2;1
1741;198408;23.099;13.238;0.511;2;1
1741;198409;10.372;4.209;0.205;2;1
1741;198410;6.368;8.357;7.627;2;1
1741;198411;5.638;13.362;34.049;2;1
1741;198412;26.325;29.102;18.277;2;1
1741;198501;15.5;18.615;13.814;2;1
1741;198502;10.699;21.374;38.032;2;1
1741;198503;27.357;28.134;20.133;2;1
1741;198504;19.356;24.109;25.04;2;1
1741;198505;20.287;9.292;9.579;2;1
1741;198506;20.574;9.484;7.301;2;1
1741;198507;18.391;1.112;0.566;2;1
1741;198508;17.845;0;0.025;2;1
1741;198509;17.87;4.948;0.078;2;1
1741;198510;13;2.242;0.115;2;1
1741;198511;10.873;6.682;2.563;2;1
1741;198512;6.754;8.132;11.76;2;1
1741;198601;10.382;8.398;19.409;2;1
1741;198602;21.393;15.561;20.204;2;1
1741;198603;26.036;22.242;21.606;2;1
1741;198604;25.4;11.968;13.717;2;1
1741;198605;27.149;10.224;19.717;2;1
1741;198606;36.642;4.934;2.816;2;1
1741;198607;34.524;1.029;0.179;2;1
1741;198608;33.674;0.946;0.068;2;1
1741;198609;32.796;4.704;2.706;2;1
1741;198610;30.798;0.538;2.025;2;1
1741;198611;32.285;11.963;9.389;2;1
1741;198612;29.711;21.095;13.66;2;1
1741;198701;22.276;15.151;14.402;2;1
1741;198702;21.527;23.142;21.928;2;1
1741;198703;20.313;11.854;11.024;2;1
1741;198704;19.483;12.121;17.327;2;1
1741;198705;24.689;2.286;3.604;2;1
1741;198706;26.007;4.233;1.957;2;1
1741;198707;23.731;4.062;1.296;2;1
1741;198708;20.965;2.347;0.204;2;1
1741;198709;18.822;1.949;1.518;2;1
1741;198710;18.391;21.875;34.065;2;1
1741;198711;30.581;25.095;11.4;2;1
1741;198712;16.886;25.397;27.41;2;1
1741;198801;18.899;23.832;35.359;2;1
1741;198802;30.426;34.572;23.502;2;1
1741;198803;19.356;7.546;7.267;2;1
1741;198804;19.077;11.196;18.271;2;1
1741;198805;26.152;13.328;19.81;2;1
1741;198806;32.634;20.236;14.84;2;1
1741;198807;27.238;5.459;7.932;2;1
1741;198808;29.711;12.38;0.936;2;1
1741;198809;18.267;3.42;0.067;2;1
1741;198810;15.594;0.851;1.508;1;1
1741;198811;14.683;3.532;2.621;1;1
1741;198812;18.267;2.047;5.631;1;1
1741;198901;;1.66;;1;1
1741;198902;20.756;1.952;;1;1
1741;198903;25.52;11.12;15.884;1;1
1741;198904;30.7;15.26;20.44;1;1
1741;198905;34.36;6.39;10.05;1;1
1741;198906;27.03;11.84;4.51;1;1
1741;198907;25.86;1.57;0.4;1;1
1741;198908;22.82;3.15;0.11;1;1
1741;198909;9.37;13.72;0.27;1;1
1741;198910;7.74;2.29;0.66;1;1
1741;198911;22.93;9.99;25.18;1;1
1741;198912;35.24;47.28;59.59;1;1
1741;199001;19.38;27.65;11.79;1;1
1741;199002;18.35;22.82;21.79;1;1
1741;199003;18.64;4.52;4.81;1;1
1741;199004;24.21;2.59;8.16;1;1
1741;199005;18.44;11.58;5.81;1;1
1741;199006;14.87;5.06;1.49;1;1
1741;199007;14.9;0.05;0.08;1;1
1741;199008;14.66;0.18;;1;1
1741;199009;14.53;0;;1;1
1741;199010;27.8;0;13.27;1;1
1741;199011;22.92;16.92;12.04;1;1
1741;199012;22.6;13.44;13.12;1;1
1741;199101;19.34;27.32;24.06;1;1
1741;199102;16.87;8.76;6.29;1;1
1741;199103;23.1;28.06;34.29;1;1
1741;199104;24.45;13.36;14.71;1;1
1741;199105;20.09;11.51;7.15;1;1
1741;199106;21.83;0.42;2.16;1;1
1741;199107;22.04;0;0.21;1;1
1741;199108;16.23;5.66;;1;1
1741;199109;16.5;0;0.27;1;1
1741;199110;15.13;5.2;3.83;1;1
1741;199111;19.86;17.46;22.19;1;1
1741;199112;11.03;14.4;5.57;1;1
1741;199201;7.51;10.83;7.31;1;1
1741;199202;9.96;1.67;4.12;1;1
1741;199203;12.74;0;2.78;1;1
1741;199204;23.32;6.45;17.03;1;1
1741;199205;23.89;4.51;5.08;1;1
1741;199206;28.8;2.33;7.24;1;1
1741;199207;29.9;0.01;1.11;1;1
1741;199208;29.31;0.94;0.35;1;1
1741;199209;24.1;5.72;0.51;1;1
1741;199210;21.5;9.14;6.54;1;1
1741;199211;25.7;7.06;11.26;1;1
1741;199212;29.9;23.86;28.06;1;1
1741;199301;22.25;14.86;7.21;1;1
1741;199302;14.41;10.3;2.46;1;1
1741;199303;15.35;2.91;3.85;1;1
1741;199304;23.24;2.05;9.94;1;1
1741;199305;33.66;7.49;17.91;1;1
1741;199306;25.03;15.26;6.63;1;1
1741;199307;26.51;0;1.48;1;1
1741;199308;24.84;1.62;;1;1
1741;199309;19.25;6.7;1.11;1;1
1741;199310;27.86;27.38;35.99;1;1
1741;199311;17.29;26.16;15.59;1;1
1741;199312;25.92;10.37;19;1;1
1741;199401;28.42;30.08;32.58;1;1
1741;199402;26.88;15.18;13.64;1;1
1741;199403;25.03;17.17;15.32;1;1
1741;199404;26.6;6.76;8.33;1;1
1741;199405;34.59;14.85;22.84;1;1
1741;199406;27.06;10.79;3.26;1;1
1741;199407;25.39;2;0.33;1;1
1741;199408;18.53;6.65;;1;1
1741;199409;14.9;3.97;0.34;1;1
1741;199410;16;1.88;2.98;1;1
1741;199411;18.34;11.6;13.94;1;1
1741;199412;22.2;11.05;14.91;1;1
1741;199501;22.06;25.58;25.44;1;1
1741;199502;24.42;15.09;17.45;1;1
1741;199503;24.44;19.78;19.8;1;1
1741;199504;19.24;7.62;2.42;1;1
1741;199505;22.8;3.52;7.08;1;1
1741;199506;22.12;2.94;2.26;1;1
1741;199507;20.04;3.87;1.79;1;1
1741;199508;16.58;3.83;0.37;1;1
1741;199509;16.21;1.38;1.01;1;1
1741;199510;17.96;1.23;2.98;1;1
1741;199511;25.27;16.54;23.85;1;1
1741;199512;38.58;36.89;50.2;1;1
1741;199601;27.31;60.27;49;1;1
1741;199602;19.45;28.21;20.35;1;1
1741;199603;29.22;13.52;23.29;1;1
1741;199604;26.38;23.57;20.73;1;1
1741;199605;32.48;12.95;19.05;1;1
1741;199606;27.52;8.48;3.52;1;1
1741;199607;23.22;4.98;0.68;1;1
1741;199608;17.12;6.72;0.62;1;1
1741;199609;15.65;1.99;0.52;1;1
1741;199610;15.76;2.02;2.13;1;1
1741;199611;26.44;7.25;17.93;1;1
1741;199612;28.19;26.77;28.52;1;1
1741;199701;17.61;26.17;15.59;1;1
1741;199702;22.84;11.56;16.79;1;1
1741;199703;22.71;5.66;5.53;1;1
1741;199704;23.29;1.57;2.15;1;1
1741;199705;22.28;12.27;11.26;1;1
1741;199706;20.23;17.96;15.91;1;1
1741;199707;22.96;0;2.73;1;1
1741;199708;21.96;1.82;0.82;1;1
1741;199709;17.18;5.32;0.54;1;1
1741;199710;23.26;6.24;12.32;1;1
1741;199711;32.48;30.34;39.56;1;1
1741;199712;29.63;33.99;31.14;1;1
1741;199801;22.82;33.42;26.61;1;1
1741;199802;21.89;8.98;8.05;1;1
1741;199803;21.83;6.23;6.17;1;1
1741;199804;30.91;24.77;33.85;1;1
1741;199805;29.42;24.83;23.34;1;1
1741;199806;27.03;10.28;7.89;1;1
1741;199807;27.24;0.62;0.83;1;1
1741;199808;19.92;7.21;;1;1
1741;199809;17.94;3.97;1.99;1;1
1741;199810;17.09;5.24;4.39;1;1
1741;199811;19.97;1.55;4.43;1;1
1741;199812;22.05;2.75;4.83;1;1
1741;199901;24.94;6.59;9.48;1;1
1741;199902;22.56;9.47;7.09;1;1
1741;199903;28.4;12.4;18.24;1;1
1741;199904;31.68;12.69;15.97;1;1
1741;199905;31.93;17.56;17.81;1;1
1741;199906;30.94;5.19;4.2;1;1
1741;199907;25.46;6.45;0.97;1;1
1741;199908;18.57;7.59;0.7;1;1
1741;199909;18.24;6.09;5.76;1;1
1741;199910;32;11.19;24.95;1;1
1741;199911;21.06;21.86;10.92;1;1
1741;199912;20.42;15.36;14.72;1;1
1741;200001;19.47;7.97;7.02;1;1
1741;200002;17.54;8.77;6.84;1;1
1741;200003;15.83;4.98;3.27;1;1
1741;200004;31.84;12.73;28.74;1;1
1741;200005;32.49;17.71;18.36;1;1
1741;200006;33.28;1.49;2.28;1;1
1741;200007;25.73;7.99;0.44;1;1
1741;200008;20.46;5.15;;1;1
1741;200009;15.65;4.88;0.07;1;1
1741;200010;14.89;2.32;1.56;1;1
1741;200011;35.68;18.51;39.3;1;1
1741;200012;30.04;68.4;62.76;1;1
1741;200101;37.41;51.42;58.79;1;1
1741;200102;27.71;40.57;30.87;1;1
1741;200103;37.89;75.07;85.25;1;1
1741;200104;28.65;24.08;14.84;1;1
1741;200105;29.1;11.86;12.31;1;1
1741;200106;29.19;1.72;1.81;1;1
1741;200107;26.09;3.83;0.73;1;1
1741;200108;23.54;2.57;0.02;1;1
1741;200109;16.77;7.12;0.35;1;1
1741;200110;19.92;3.2;6.35;1;1
1741;200111;16.26;5.39;1.73;1;1
1741;200112;16.37;0.75;0.86;1;1
1741;200201;21.78;4.02;9.43;1;1
1741;200202;28.42;6.88;13.52;1;1
1741;200203;30.98;12.86;15.42;1;1
1741;200204;28.96;8.39;6.37;1;1
1741;200205;31.39;3.88;6.31;1;1
1741;200206;32.27;5.91;6.79;1;1
1741;200207;26.28;6.61;0.62;1;1
1741;200208;25.31;1.12;0.15;1;1
1741;200209;19.48;7.38;1.55;1;1
1741;200210;24.87;11.45;16.84;1;1
1741;200211;32.35;19.99;27.47;1;1
1741;200212;37.75;43.99;49.39;1;1
1741;200301;28.1;39.92;30.27;1;1
1741;200302;26.88;16.39;15.17;1;1
1741;200303;30.95;15.73;19.8;1;1
1741;200304;34.46;17.28;20.79;1;1
1741;200305;28.72;11.92;6.18;1;1
1741;200306;27.95;1.71;0.94;1;1
1741;200307;25.11;2.88;0.04;1;1
1741;200308;23.33;1.75;;1;1
1741;200309;16.92;6.28;;1;1
1741;200310;21.26;1.84;6.18;1;1
1741;200311;32.11;13.87;24.72;1;1
1741;200312;30.94;25.34;24.17;1;1
1741;200401;27.67;23.92;20.65;1;1
1741;200402;22.98;11.18;6.49;1;1
1741;200403;22.29;9.57;8.88;1;1
1741;200404;25.69;4.6;8;1;1
1741;200405;31.22;5.13;10.66;1;1
1741;200406;25.54;7.61;1.93;1;1
1741;200407;25.17;0.53;0.16;1;1
1741;200408;21.51;4.22;0.56;1;1
1741;200409;16.7;5.72;0.91;1;1
1741;200410;30.02;4.79;18.11;1;1
1741;200411;20.51;17.39;7.88;1;1
1741;200412;18.3;9.79;7.58;1;1
1741;200501;17.59;9.14;8.43;1;1
1741;200502;17.35;3;2.76;1;1
1741;200503;25.72;1.59;9.96;1;1
1741;200504;25.08;13.38;12.74;1;1
1741;200505;6.47;24.82;6.21;1;1
1741;200506;7.74;0;1.27;1;1
1741;200507;7.91;0;0.17;1;1
1741;200508;7.78;0;;1;1
1741;200509;7.7;0;;1;1
1741;200510;10.02;0.05;2.37;1;1
1741;200511;16.06;0.05;6.09;1;1
1741;200512;21.27;7.56;12.77;1;1
1741;200601;19.45;8.79;6.97;1;1
1741;200602;20.83;3.07;4.45;1;1
1741;200603;36.44;21.27;36.88;1;1
1741;200604;32;18.42;13.98;1;1
1741;200605;27.11;8.86;3.97;1;1
1741;200606;27.88;0.01;0.78;1;1
1741;200607;24.98;2.76;;1;1
1741;200608;22.02;3.06;0.1;1;1
1741;200609;16.52;5.89;0.39;1;1
1741;200610;35.26;14.1;32.84;1;1
1741;200611;36.52;30.83;32.09;1;1
1741;200612;28.99;30.36;22.83;1;1
1741;200701;20.31;14.29;5.61;1;1
1741;200702;25.54;20.68;25.91;1;1
1741;200703;21.62;16.32;12.4;1;1
1741;200704;23.59;2.54;4.51;1;1
1741;200705;28.24;4.43;9.08;1;1
1741;200706;30.13;4.83;6.72;1;1
1741;200707;23.24;8.59;1.7;1;1
1741;200708;22.74;0.86;0.36;1;1
1741;200709;18.09;4.72;0.07;1;1
1741;200710;17.45;0.9;0.26;1;1
1741;200711;17.66;0.19;0.4;1;1
1741;200712;18.03;0.93;1.3;1;1
1741;200801;23.75;6.47;12.19;1;1
1741;200802;19.99;11.54;7.78;1;1
1741;200803;25.95;5.12;11.08;1;1
1741;200804;32.01;23.83;29.89;1;1
1741;200805;8.33;38.27;14.59;1;1
1741;200806;7.7;7.52;6.89;1;1
1741;200807;8.29;0;0.59;1;1
1741;200808;8.38;0;0.09;1;1
1741;200809;8.5;0;0.12;1;1
1741;200810;8.63;0.01;0.14;1;1
1741;200811;10.35;0;1.72;1;1
1741;200812;19.8;0;9.45;1;1
1741;200901;36.45;12.62;29.27;1;1
1741;200902;22.65;28.57;14.77;1;1
1741;200903;23.09;15.8;16.24;1;1
1741;200904;26.21;6.18;9.3;1;1
1741;200905;30.43;2.44;6.66;1;1
1741;200906;27.28;6.18;3.03;1;1
1741;200907;26.34;1.14;0.2;1;1
1741;200908;25.49;0.9;0.05;1;1
1741;200909;25.18;0.16;;1;1
1741;200910;22.77;4.21;1.8;1;1
1741;200911;25.44;19.54;22.21;1;1
1741;200912;37.84;31.62;44.02;1;1
1741;201001;30.16;35.36;27.68;1;1
1741;201002;38.4;19.15;27.39;1;1
1741;201003;34.15;33.44;29.19;1;1
1741;201004;33.27;24.06;23.18;1;1
1741;201005;31.52;13.94;12.19;1;1
1741;201006;29.68;10.96;9.12;1;1
1741;201007;25.4;5.44;1.16;1;1
1741;201008;21.19;4.05;;1;1
1741;201009;16.73;4.51;0.05;1;1
1741;201010;20.25;4.719;8.239;1;1
1741;201011;20.3;21.611;21.661;1;1
1741;201012;24.29;24.577;28.567;1;1
1741;201101;25.23;26.751;27.691;1;1
1741;201102;23.93;11.309;10.009;1;1
1741;201103;30.58;12.86;19.51;1;1
1741;201104;27.48;16.012;12.912;1;1
1741;201105;26.88;7.037;6.437;1;1
1741;201106;24.24;5.802;3.162;1;1
1741;201107;22.7;2.246;0.706;1;1
1741;201108;17.87;5.327;0.497;1;1
1741;201109;15.84;2.639;0.609;1;1
1741;201110;16.58;1.209;1.949;1;1
1741;201111;21.89;9.29;14.6;1;1
1741;201112;22.69;13.22;14.02;1;1
1741;201201;18.37;9.44;5.12;1;1
1741;201202;18.66;2.139;2.429;1;1
1741;201203;19.42;1.229;1.989;1;1
1741;201204;26.18;7.96;14.72;1;1
1741;201205;27.98;21.16;22.96;1;1
1741;201206;26.43;4.53;2.98;1;1
1741;201207;23.54;3.8;0.91;1;1
1741;201208;18.96;5.11;0.53;1;1
1741;201209;16.44;3.119;0.599;1;1
1741;201210;15.17;3.61;2.34;1;1
1741;201211;19.42;4.96;9.21;1;1
1741;201212;24.97;18.12;23.67;1;1
1741;201301;37.46;24.65;37.14;1;1
1741;201302;28.05;26.96;17.55;1;1
1741;201303;37.86;28.92;38.73;1;1
1741;201304;32.14;26.69;20.97;1;1
1741;201305;30.57;10.55;8.98;1;1
1741;201306;30.98;3.84;4.25;1;1
1741;201307;29.46;2.439;0.919;1;1
1741;201308;25.34;4.359;0.239;1;1
1741;201309;18.62;7.17;0.45;1;1
1741;201310;23.2;5.27;9.85;1;1
1741;201311;26.15;12.84;15.79;1;1
1741;201312;30.55;14.72;19.12;1;1
1741;201401;32.22;35.49;37.16;1;1
1741;201402;29.98;30.9;28.66;1;1
1741;201403;33.09;32.15;35.26;1;1
1741;201404;31.35;34.89;33.15;1;1
1741;201405;29.56;11.28;9.49;1;1
1741;201406;32.22;1.869;4.529;1;1
1741;201407;30.86;2.819;1.459;1;1
1741;201408;24.7;6.8;0.64;1;1
1741;201409;16.26;9.63;1.19;1;1
1741;201410;20.76;10.04;14.54;1;1
1741;201411;28.3;16.72;24.26;1;1
1741;201412;20.85;17.43;9.98;1;1
1741;201501;26.41;10.47;16.03;1;1
1741;201502;27.56;16.05;17.2;1;1
1741;201503;27.86;18.72;19.02;1;1
1741;201504;26.79;8.66;7.59;1;1
1741;201505;33.06;6.349;12.619;1;1
1741;201506;31.32;3.279;1.539;1;1
1741;201507;25.81;5.91;0.4;1;1
1741;201508;23.57;2.659;0.419;1;1
1741;201509;20.77;3.769;0.969;1;1
1741;201510;20.61;9.98;9.82;1;1
1741;201511;13.12;15.76;8.27;1;1
1741;201512;17.66;3.529;8.069;1;1
1741;201601;29.79;35.15;47.28;1;1
1741;201602;30.58;33.23;34.02;1;1
1741;201603;30.3;22.83;22.55;1;1
1741;201604;33.85;31.47;35.02;1;1
1741;201605;31.84;26.31;24.3;1;1
1741;201606;28.66;8.629;5.449;1;1
1741;201607;28.11;1.489;0.939;1;1
1741;201608;26.33;2.219;0.439;1;1
1741;201609;20.59;6.12;0.38;1;1
1741;201610;14.17;7.18;0.76;1;1
1741;201611;12.63;3.74;2.2;1;1
1741;201612;13.4;3.279;4.049;1;1
1741;201701;10.71;5.14;2.45;1;1
1741;201702;26.33;6.26;21.88;1;1
1741;201703;28.89;11.77;14.33;1;1
1741;201704;29.1;6.49;6.7;1;1
1741;201705;35.36;2.869;9.129;1;1
1741;201706;35.74;1.809;2.189;1;1
1741;201707;33.2;3.179;0.639;1;1
1741;201708;22.25;11.19;0.24;1;1
1741;201709;11.51;10.97;0.23;1;1
1741;201710;11.17;0.669;0.329;1;1
1741;201711;11.18;0.599;0.609;1;1
1741;201712;17.16;5.579;11.559;1;1
1741;201801;19.47;13.005;15.315;1;1
1741;201802;17.92;13.806;12.256;1;1
1741;201803;27.77;22.14;31.99;1;1
1741;201804;32.38;28.116;32.726;1;1
1741;201805;31.44;11.748;10.808;1;1
1741;201806;38.21;14.621;21.391;1;1
1741;201807;28.05;17.964;7.804;1;1
1741;201808;21.51;7.53;0.99;1;1
1741;201809;16.69;5.559;0.739;1;1
1741;201810;14.83;2.7;0.84;1;1
1741;201811;22.32;4.756;12.246;1;1
1741;201812;14.46;24.288;16.428;1;1
1741;201901;24.52;3.135;13.195;1;1
1741;201902;20.59;17.982;14.052;1;1
1741;201903;23.59;7.812;10.812;1;1
1741;201904;29.6;9.056;15.066;1;1
1741;201905;30.72;7.626;8.746;1;1
1741;201906;32.81;1.34;3.43;1;1
1741;201907;30.18;4.466;1.836;1;1
1741;201908;28.71;2.703;1.233;1;1
1741;201909;22.86;6.071;0.221;1;1
1741;201910;20.769;3.656;1.565;1;1
1741;201911;38.175;17.626;35.032;1;1
1741;201912;34.275;32.61;28.71;1;1
1741;202001;29.804;17.011;12.54;1;1
1741;202002;22.935;16.978;10.109;1;1
1741;202003;27.417;11.528;16.01;1;1
1741;202004;32.812;9.81;15.205;1;1
1741;202005;26.412;13.769;7.369;1;1
1741;202006;22.426;7.07;3.084;1;1
1741;202007;16.959;6.192;0.725;1;1
1741;202008;13.761;3.766;0.568;1;1
1741;202009;11.303;2.893;0.435;1;1
1741;202010;14.72;5.467;8.884;1;1
1741;202011;12.12;15.796;13.196;1;1
1741;202012;27.95;21.754;37.584;1;1
1741;202101;33.36;23.99;29.4;1;1
1741;202102;34.89;33.651;35.181;1;1
1741;202103;20.04;24.327;9.477;1;1
1741;202104;14.39;10.284;4.634;1;1
1741;202105;18.97;0.683;5.263;1;1
1741;202106;21.49;1.283;3.803;1;1
1741;202107;16.56;6.128;1.198;1;1
1741;202108;14.34;2.878;0.658;1;1
1741;202109;11.76;3.898;1.318;1;1
1743;196010;0.07;48.833;139.283;2;1
1743;196011;90.52;181.362;263.342;2;1
1743;196012;172.5;105.365;128.495;2;1
1743;196101;195.63;170.199;172.239;2;1
1743;196102;197.67;74.218;106.478;2;1
1743;196103;229.93;69.016;41.456;2;1
1743;196104;202.37;71.833;66.493;2;1
1743;196105;197.03;45.377;55.467;2;1
1743;196106;207.12;75.444;26.794;2;1
1743;196107;158.47;78.71;1.68;2;1
1743;196108;81.44;54.959;2.119;2;1
1743;196109;28.6;;;2;1
1743;196110;1.1;0;65.3;2;1
1743;196111;66.4;33.437;97.737;2;1
1743;196112;130.7;108.104;189.904;2;1
1743;196201;212.5;181.12;193.92;2;1
1743;196202;225.3;89.787;48.987;2;1
1743;196203;184.5;156.194;194.194;2;1
1743;196204;222.5;106.289;121.189;2;1
1743;196205;237.4;84.836;33.136;2;1
1743;196206;185.7;83.514;18.114;2;1
1743;196207;120.3;70.027;22.627;2;1
1743;196208;72.9;28.21;3.51;2;1
1743;196209;48.2;42.967;1.567;2;1
1743;196210;6.8;16.494;9.694;2;1
1743;196211;0;10.308;14.708;2;1
1743;196212;4.4;6.636;27.436;2;1
1743;196301;25.2;27.855;157.455;2;1
1743;196302;154.8;52.523;109.923;2;1
1743;196303;212.2;279.996;284.496;2;1
1743;196304;216.7;162.536;181.936;2;1
1743;196305;236.1;116.035;91.835;2;1
1743;196306;211.9;54.847;63.347;2;1
1743;196307;220.4;68.005;14.905;2;1
1743;196308;167.3;117.219;11.519;2;1
1743;196309;61.6;65.707;23.427;2;1
1743;196310;19.32;27.449;11.249;2;1
1743;196311;3.12;9.806;221.116;2;1
1743;196312;214.43;121.504;121.284;2;1
1743;196401;214.21;83.981;72.351;2;1
1743;196402;202.58;158.121;173.691;2;1
1743;196403;218.15;239.242;257.312;2;1
1743;196404;236.22;91.143;91.383;2;1
1743;196405;236.46;64.601;46.041;2;1
1743;196406;217.9;46.725;58.915;2;1
1743;196407;230.09;16.995;16.205;2;1
1743;196408;229.3;0.613;3.813;2;1
1743;196409;232.5;10.454;13.454;2;1
1743;196410;235.5;34.188;28.688;2;1
1743;196411;230;57.776;9.576;2;1
1743;196412;181.8;79.479;17.279;2;1
1743;196501;119.6;37.774;73.474;2;1
1743;196502;155.3;43.995;62.795;2;1
1743;196503;174.1;103.948;165.148;2;1
1743;196504;235.3;59.927;52.227;2;1
1743;196505;227.6;57.43;36.23;2;1
1743;196506;206.4;20.753;10.653;2;1
1743;196507;196.3;22.585;9.885;2;1
1743;196508;183.6;8.605;2.005;2;1
1743;196509;177;12.58;11.88;2;1
1743;196510;176.3;46.204;25.204;2;1
1743;196511;155.3;64.981;126.281;2;1
1743;196512;216.6;169.924;168.624;2;1
1743;196601;215.3;273.905;278.905;2;1
1743;196602;220.3;466.086;459.386;2;1
1743;196603;213.6;106.14;109.74;2;1
1743;196604;217.2;194.012;213.712;2;1
1743;196605;236.9;64.752;50.252;2;1
1743;196606;222.4;36.906;39.606;2;1
1743;196607;225.1;43.565;35.565;2;1
1743;196608;217.1;21.977;5.977;2;1
1743;196609;201.1;90.77;8.07;2;1
1743;196610;118.4;63.091;79.691;2;1
1743;196611;135;100.608;93.308;2;1
1743;196612;127.7;95.258;76.958;2;1
1743;196701;109.4;47.752;58.152;2;1
1743;196702;119.8;33.932;87.432;2;1
1743;196703;173.3;24.188;87.188;2;1
1743;196704;236.3;81.374;40.774;2;1
1743;196705;195.7;25.885;66.285;2;1
1743;196706;236.1;58.156;30.056;2;1
1743;196707;208;63.133;19.033;2;1
1743;196708;163.9;41.77;6.97;2;1
1743;196709;129.1;36.116;14.816;2;1
1743;196710;107.8;67.427;12.427;2;1
1743;196711;52.8;41.658;42.558;2;1
1743;196712;53.7;41.255;28.255;2;1
1743;196801;40.7;45.113;38.013;2;1
1743;196802;33.6;21.389;135.689;2;1
1743;196803;147.9;42.708;84.108;2;1
1743;196804;189.3;95.085;140.185;2;1
1743;196805;234.4;129.298;127.498;2;1
1743;196806;232.6;67.266;28.866;2;1
1743;196807;194.2;21.031;10.531;2;1
1743;196808;183.7;49.092;8.892;2;1
1743;196809;143.5;33.221;35.421;2;1
1743;196810;145.7;89.497;42.297;2;1
1743;196811;98.5;65.346;107.246;2;1
1743;196812;140.4;83.868;150.468;2;1
1743;196901;207;206.571;217.371;2;1
1743;196902;217.8;150.51;151.41;2;1
1743;196903;218.7;286.105;287.205;2;1
1743;196904;219.8;96.021;105.721;2;1
1743;196905;229.5;142.54;142.14;2;1
1743;196906;229.1;83.873;89.573;2;1
1743;196907;234.8;50.292;43.092;2;1
1743;196908;227.6;65.663;9.263;2;1
1743;196909;171.2;27.743;21.243;2;1
1743;196910;164.7;96.911;23.511;2;1
1743;196911;91.3;100.219;54.819;2;1
1743;196912;45.9;59.866;64.166;2;1
1743;197001;50.2;172.882;342.782;2;1
1743;197002;220.1;161.176;118.476;2;1
1743;197003;177.4;90.421;86.321;2;1
1743;197004;173.3;42.138;55.638;2;1
1743;197005;186.8;42.957;90.957;2;1
1743;197006;234.8;66.293;54.193;2;1
1743;197007;222.7;55.25;20.35;2;1
1743;197008;187.8;43.481;8.381;2;1
1743;197009;152.7;7.309;2.509;2;1
1743;197010;147.9;81.608;4.008;2;1
1743;197011;70.3;32.914;23.214;2;1
1743;197012;60.6;49.249;26.549;2;1
1743;197101;37.9;18.97;130.67;2;1
1743;197102;149.6;30.84;65.24;2;1
1743;197103;184;77.437;61.937;2;1
1743;197104;168.5;77.571;119.071;2;1
1743;197105;210;118.625;138.625;2;1
1743;197106;230;98.72;98.72;2;1
1743;197107;230;139.298;72.298;2;1
1743;197108;163;130.448;30.448;2;1
1743;197109;63;12.526;7.426;2;1
1743;197110;57.9;16.47;16.57;2;1
1743;197111;58;13.469;27.769;2;1
1743;197112;72.3;24.68;26.28;2;1
1743;197201;73.9;39.322;78.522;2;1
1743;197202;113.1;113.803;181.203;2;1
1743;197203;180.5;90.228;128.028;2;1
1743;197204;218.3;102.5;102.9;2;1
1743;197205;218.7;49.22;59.62;2;1
1743;197206;229.1;61.312;48.812;2;1
1743;197207;216.6;54.956;23.756;2;1
1743;197208;185.4;37.271;3.971;2;1
1743;197209;152.1;85;9.5;2;1
1743;197210;76.6;23.898;20.398;2;1
1743;197211;73.1;35.802;71.602;2;1
1743;197212;108.9;69.686;113.186;2;1
1743;197301;152.4;106.762;136.462;2;1
1743;197302;182.1;80.946;78.246;2;1
1743;197303;179.4;28.724;46.924;2;1
1743;197304;197.6;19.469;34.769;2;1
1743;197305;212.9;152.788;173.388;2;1
1743;197306;233.5;118.042;44.842;2;1
1743;197307;160.3;116.501;26.401;2;1
1743;197308;70.2;9.23;11.83;2;1
1743;197309;72.8;11.812;6.612;2;1
1743;197310;67.6;27.874;26.474;2;1
1743;197311;66.2;23.477;23.477;2;1
1743;197312;66.2;6.488;39.288;2;1
1743;197401;99;105.614;219.314;2;1
1743;197402;212.7;159.964;149.464;2;1
1743;197403;202.2;72.221;69.421;2;1
1743;197404;199.4;45.164;45.264;2;1
1743;197405;199.5;10.02;24.92;2;1
1743;197406;214.4;40.648;33.148;2;1
1743;197407;206.9;104.623;23.623;2;1
1743;197408;125.9;58.896;5.996;2;1
1743;197409;73;10.946;10.646;2;1
1743;197410;72.7;2.325;7.525;2;1
1743;197411;77.9;35.926;49.326;2;1
1743;197412;91.3;6.571;33.671;2;1
1743;197501;118.4;12.593;56.293;2;1
1743;197502;162.1;57.745;68.845;2;1
1743;197503;173.2;106.88;125.28;2;1
1743;197504;191.6;83.938;62.138;2;1
1743;197505;169.8;10.327;31.327;2;1
1743;197506;190.8;5.979;11.879;2;1
1743;197507;196.7;34.328;4.728;2;1
1743;197508;167.1;19.225;3.325;2;1
1743;197509;151.2;48.211;27.011;2;1
1743;197510;130;44.514;59.614;2;1
1743;197511;145.1;81.577;51.077;2;1
1743;197512;114.6;95.578;46.078;2;1
1743;197601;65.1;16.028;28.028;2;1
1743;197602;77.1;44.131;52.531;2;1
1743;197603;85.5;47.751;46.951;2;1
1743;197604;84.7;38.892;59.592;2;1
1743;197605;105.4;22.823;44.123;2;1
1743;197606;126.7;39.948;33.448;2;1
1743;197607;120.2;31.368;48.568;2;1
1743;197608;137.4;73.009;50.009;2;1
1743;197609;114.4;74.948;93.348;2;1
1743;197610;132.8;94.509;137.209;2;1
1743;197611;175.5;141.313;158.113;2;1
1743;197612;192.3;112.272;115.772;2;1
1743;197701;195.8;143.297;152.297;2;1
1743;197702;204.8;272.418;288.118;2;1
1743;197703;220.5;180.302;168.402;2;1
1743;197704;208.6;91.003;43.603;2;1
1743;197705;161.2;16.025;29.225;2;1
1743;197706;174.4;20.584;55.484;2;1
1743;197707;209.3;64.18;36.28;2;1
1743;197708;181.4;1.175;6.375;2;1
1743;197709;186.6;9.271;15.771;2;1
1743;197710;193.1;117.01;75.31;2;1
1743;197711;151.4;93.978;55.378;2;1
1743;197712;112.8;121.724;171.224;2;1
1743;197801;162.3;143.874;176.874;2;1
1743;197802;195.3;290.598;316.898;2;1
1743;197803;221.6;219.431;215.031;2;1
1743;197804;217.2;132.464;114.064;2;1
1743;197805;198.8;101.066;123.366;2;1
1743;197806;221.1;38.21;37.21;2;1
1743;197807;220.1;42.591;33.891;2;1
1743;197808;211.4;15.255;16.455;2;1
1743;197809;212.6;134.355;51.955;2;1
1743;197810;130.2;31.009;15.809;2;1
1743;197811;115;50.298;43.998;2;1
1743;197812;108.7;203.069;315.869;2;1
1743;197901;221.5;234.744;200.644;2;1
1743;197902;187.4;348.637;356.537;2;1
1743;197903;195.3;147.88;179.68;2;1
1743;197904;227.1;175.673;159.973;2;1
1743;197905;211.4;106.949;125.149;2;1
1743;197906;229.6;85.846;86.546;2;1
1743;197907;230.3;76.842;68.542;2;1
1743;197908;222;0.311;12.211;2;1
1743;197909;233.9;150.951;79.351;2;1
1743;197910;162.3;85.51;69.61;2;1
1743;197911;146.4;101.138;92.438;2;1
1743;197912;137.7;90.475;81.675;2;1
1743;198001;128.9;89.702;119.302;2;1
1743;198002;158.5;83.763;100.963;2;1
1743;198003;175.7;100.874;117.374;2;1
1743;198004;192.2;91.678;66.678;2;1
1743;198005;167.2;44.02;106.32;2;1
1743;198006;229.5;68.723;63.523;2;1
1743;198007;224.3;79.998;60.698;2;1
1743;198008;205;19.347;12.247;2;1
1743;198009;197.9;81.397;75.997;2;1
1743;198010;192.5;106.844;48.144;2;1
1743;198011;133.8;94.922;106.822;2;1
1743;198012;145.7;124.311;116.111;2;1
1743;198101;137.5;110.976;102.876;2;1
1743;198102;129.4;108.23;99.13;2;1
1743;198103;120.3;72.635;95.735;2;1
1743;198104;143.4;56.54;99.84;2;1
1743;198105;186.7;71.494;65.094;2;1
1743;198106;180.3;76.937;78.537;2;1
1743;198107;181.9;56.75;67.65;2;1
1743;198108;192.8;82.348;73.048;2;1
1743;198109;183.5;83.951;89.551;2;1
1743;198110;189.1;55.489;38.889;2;1
1743;198111;172.5;105.157;70.157;2;1
1743;198112;137.5;108.48;154.68;2;1
1743;198201;183.7;129.604;116.704;2;1
1743;198202;170.8;93.093;97.493;2;1
1743;198203;175.2;84.452;130.052;2;1
1743;198204;220.8;101.579;50.579;2;1
1743;198205;169.8;87.462;94.562;2;1
1743;198206;176.9;68.635;58.335;2;1
1743;198207;166.6;96.785;80.485;2;1
1743;198208;150.3;70.505;43.505;2;1
1743;198209;123.3;73.875;90.668;2;1
1743;198210;140.093;98.724;108.335;2;1
1743;198211;149.704;94.946;109.935;2;1
1743;198212;164.693;119.475;123.35;2;1
1743;198301;168.568;89.023;118.475;2;1
1743;198302;198.02;100.65;84.643;2;1
1743;198303;182.013;82.594;52.732;2;1
1743;198304;152.151;69.738;79.814;2;1
1743;198305;162.227;85.112;152.581;2;1
1743;198306;229.696;94.782;97.02;2;1
1743;198307;231.934;99.397;99.558;2;1
1743;198308;232.095;95.973;73.756;2;1
1743;198309;209.878;119.874;126.755;2;1
1743;198310;216.759;134.501;82.932;2;1
1743;198311;165.19;99.712;63.387;2;1
1743;198312;128.865;102.456;144.946;2;1
1743;198401;171.355;87.236;88.129;2;1
1743;198402;172.248;88.343;85.546;2;1
1743;198403;169.451;83.561;106.683;2;1
1743;198404;192.573;89.255;71.112;2;1
1743;198405;174.43;64.766;99.032;2;1
1743;198406;208.696;51.429;68.946;2;1
1743;198407;226.213;122.575;129.261;2;1
1743;198408;232.899;104.985;80.34;2;1
1743;198409;208.254;74.784;78.414;2;1
1743;198410;211.884;151.052;132.294;2;1
1743;198411;193.126;140.562;161.342;2;1
1743;198412;213.906;143.821;115.804;2;1
1743;198501;185.889;132.2;156.782;2;1
1743;198502;210.471;162.272;158.15;2;1
1743;198503;206.349;107.501;97.063;2;1
1743;198504;195.911;52.213;82.987;2;1
1743;198505;226.685;78.555;35.08;2;1
1743;198506;183.21;85.886;79.696;2;1
1743;198507;177.02;99.004;136.492;2;1
1743;198508;214.508;76.482;61.411;2;1
1743;198509;199.437;97.657;64.032;2;1
1743;198510;165.812;79.767;20.541;2;1
1743;198511;106.586;21.355;44.153;2;1
1743;198512;129.384;58.343;77.739;2;1
1743;198601;148.78;50.274;92.414;2;1
1743;198602;190.92;64.093;105.428;2;1
1743;198603;232.255;88.896;85.224;2;1
1743;198604;228.583;86.098;67.986;2;1
1743;198605;210.471;69.927;74.115;2;1
1743;198606;214.659;84.208;75.46;2;1
1743;198607;205.911;75.58;88.584;2;1
1743;198608;218.915;30.598;19.203;2;1
1743;198609;207.52;38.652;50.047;2;1
1743;198610;218.915;103.016;44.373;2;1
1743;198611;160.272;119.196;141.735;2;1
1743;198612;182.811;110.426;49.186;2;1
1743;198701;121.571;29.342;45.453;2;1
1743;198702;137.682;54.211;75.951;2;1
1743;198703;159.422;69.648;49.001;2;1
1743;198704;138.775;43.804;69.227;2;1
1743;198705;164.198;54.388;61.927;2;1
1743;198706;171.737;0.468;13.814;2;1
1743;198707;185.083;6.036;16.514;2;1
1743;198708;195.561;8.54;4.634;2;1
1743;198709;191.655;59.683;66.331;2;1
1743;198710;198.303;115.923;136.382;2;1
1743;198711;218.762;135.535;91.977;2;1
1743;198712;175.204;92.728;114.839;2;1
1743;198801;197.315;144.039;167.639;2;1
1743;198802;220.915;219.497;197.168;2;1
1743;198803;198.586;124.411;110.505;2;1
1743;198804;184.68;38.062;76;2;1
1743;198805;222.618;70.395;57.507;2;1
1743;198806;209.73;62.904;67.682;2;1
1743;198807;214.508;72.328;70.676;2;1
1743;198808;212.856;12.754;22.516;2;1
1743;198809;222.618;68.985;30.244;2;1
1743;198810;183.877;83.137;50.243;2;1
1743;198811;150.983;83.323;74.653;2;1
1743;198812;142.313;45.109;43.553;2;1
1743;198901;140.757;50.061;53.975;2;1
1743;198902;144.671;41.82;55.604;2;1
1743;198903;158.455;9.049;42.749;2;1
1743;198904;192.155;35.202;62.934;2;1
1743;198905;219.887;61.575;29.441;2;1
1743;198906;187.753;32.869;37.132;2;1
1743;198907;192.016;87.313;66.246;2;1
1743;198908;170.949;45.08;8.92;2;1
1743;198909;134.789;60.662;31.127;2;1
1743;198910;105.254;3.78;16.422;2;1
1743;198911;117.896;6.913;52.517;2;1
1743;198912;163.5;135.515;185.832;2;1
1743;199001;213.817;140.243;118.304;2;1
1743;199002;191.878;102.257;104.764;2;1
1743;199003;194.385;116.028;122.544;2;1
1743;199004;200.901;61.618;53.011;2;1
1743;199005;192.294;61.441;61.719;2;1
1743;199006;192.572;37.622;41.825;2;1
1743;199007;196.775;41.77;22.854;2;1
1743;199008;177.859;0.683;4.213;2;1
1743;199009;181.389;52.723;21.698;2;1
1743;199010;147.376;59.62;55.239;1;1
1743;199011;136.075;75.9;64.599;1;1
1743;199012;115.684;77.476;57.085;1;1
1743;199101;149.901;61.917;96.134;1;1
1743;199102;151.874;79.23;81.203;1;1
1743;199103;186.121;93.739;127.986;1;1
1743;199104;181.689;50.789;46.357;1;1
1743;199105;189.532;43.588;51.431;1;1
1743;199106;203.278;6.707;20.453;1;1
1743;199107;205.748;24.884;27.354;1;1
1743;199108;204.147;29.213;27.612;1;1
1743;199109;167.727;70.259;33.839;1;1
1743;199110;143.535;82.283;58.091;1;1
1743;199111;146.466;58.775;61.706;1;1
1743;199112;140.869;89.8;84.203;1;1
1743;199201;133.194;77.916;70.241;1;1
1743;199202;120.335;44.394;31.535;1;1
1743;199203;113.597;34.571;27.833;1;1
1743;199204;135.968;20.301;42.672;1;1
1743;199205;143.535;9.373;16.94;1;1
1743;199206;157.668;2.21;16.343;1;1
1743;199207;149.728;12.941;5.001;1;1
1743;199208;145.672;7.965;3.909;1;1
1743;199209;133.724;27.944;15.996;1;1
1743;199210;139.549;10.709;16.534;1;1
1743;199211;138.13;22.355;20.936;1;1
1743;199212;152.575;57.871;72.316;1;1
1743;199301;152.458;59.51;59.393;1;1
1743;199302;161.661;46.714;55.917;1;1
1743;199303;129.526;67.757;35.622;1;1
1743;199304;130.358;20.476;21.308;1;1
1743;199305;167.978;16.319;53.939;1;1
1743;199306;206.113;12.942;51.077;1;1
1743;199307;197.907;44.356;36.15;1;1
1743;199308;190.909;46.937;39.939;1;1
1743;199309;178.383;23.391;10.865;1;1
1743;199310;197.623;80.293;99.533;1;1
1743;199311;188.299;128.831;119.507;1;1
1743;199312;188.572;86.602;86.875;1;1
1743;199401;188.162;140.559;140.149;1;1
1743;199402;183.694;106.972;102.504;1;1
1743;199403;181.822;95.681;93.809;1;1
1743;199404;195.788;76.479;90.445;1;1
1743;199405;208.314;84.639;97.165;1;1
1743;199406;188.983;46.543;27.212;1;1
1743;199407;165.107;45.365;21.489;1;1
1743;199408;150.422;28.956;14.271;1;1
1743;199409;99.744;62.549;11.871;1;1
1743;199410;130.566;37.488;68.31;1;1
1743;199411;137.371;63.425;70.23;1;1
1743;199412;162.763;67.115;92.507;1;1
1743;199501;194.245;71.96;103.442;1;1
1743;199502;208.756;62.616;77.127;1;1
1743;199503;196.351;98.863;86.458;1;1
1743;199504;196.21;90.566;90.425;1;1
1743;199505;192.85;67.911;64.551;1;1
1743;199506;191.186;66.704;65.04;1;1
1743;199507;201.907;53.681;64.402;1;1
1743;199508;179.832;39.452;17.377;1;1
1743;199509;146.239;59.094;25.501;1;1
1743;199510;122.512;67.634;43.907;1;1
1743;199511;161.783;26.409;65.68;1;1
1743;199512;193.826;113.566;145.609;1;1
1743;199601;196.351;255.561;258.086;1;1
1743;199602;168.859;205.935;178.443;1;1
1743;199603;189.12;84.457;104.718;1;1
1743;199604;198.048;59.652;68.58;1;1
1743;199605;175.511;69.072;46.535;1;1
1743;199606;145.785;72.618;42.892;1;1
1743;199607;115.017;88.255;57.487;1;1
1743;199608;104.986;20.001;9.97;1;1
1743;199609;195.331;0.649;90.994;1;1
1743;199610;152.692;77.665;35.026;1;1
1743;199611;154.929;67.901;70.138;1;1
1743;199612;176.943;62.847;84.861;1;1
1743;199701;167.601;101.383;92.041;1;1
1743;199702;153.513;70.125;56.037;1;1
1743;199703;122.015;67.522;36.024;1;1
1743;199704;122.911;69.859;70.755;1;1
1743;199705;144.713;23.74;45.542;1;1
1743;199706;188.572;5.821;49.68;1;1
1743;199707;189.12;19.636;20.184;1;1
1743;199708;128.801;73.779;13.46;1;1
1743;199709;125.983;20.787;17.969;1;1
1743;199710;145.559;51.274;70.85;1;1
1743;199711;184.366;82.783;121.59;1;1
1743;199712;188.436;112.168;116.238;1;1
1743;199801;198.475;134.635;144.674;1;1
1743;199802;141.532;124.936;67.993;1;1
1743;199803;137.804;77.065;73.337;1;1
1743;199804;221.732;28.606;112.534;1;1
1743;199805;230.338;92.046;100.652;1;1
1743;199806;218.205;96.829;84.696;1;1
1743;199807;227.102;108.006;116.903;1;1
1743;199808;191.601;89.76;54.259;1;1
1743;199809;132.771;74.894;16.064;1;1
1743;199810;103.834;42.812;13.875;1;1
1743;199811;110.241;3.195;9.602;1;1
1743;199812;120.237;9.474;19.47;1;1
1743;199901;131.508;18.208;29.479;1;1
1743;199902;138.022;19.103;25.617;1;1
1743;199903;168.481;10.49;40.949;1;1
1743;199904;199.471;41.027;72.017;1;1
1743;199905;218.358;43.619;62.506;1;1
1743;199906;201.979;81.737;65.358;1;1
1743;199907;187.004;114.341;99.366;1;1
1743;199908;196.986;91.888;101.87;1;1
1743;199909;198.332;89.044;90.39;1;1
1743;199910;169.997;102.356;74.021;1;1
1743;199911;169.49;105.324;104.817;1;1
1743;199912;183.962;87.66;102.132;1;1
1743;200001;167.978;93.873;77.889;1;1
1743;200002;165.977;88.711;86.71;1;1
1743;200003;193.128;61.898;89.049;1;1
1743;200004;212.319;89.501;108.692;1;1
1743;200005;191.601;105.505;84.787;1;1
1743;200006;177.335;82.336;68.07;1;1
1743;200007;162.028;71.163;55.856;1;1
1743;200008;118.381;106.641;62.994;1;1
1743;200009;150.972;50.418;83.009;1;1
1743;200010;207.285;9.969;66.282;1;1
1743;200011;198.901;97.911;89.527;1;1
1743;200012;212.469;352.772;366.34;1;1
1743;200101;221.424;404.408;413.363;1;1
1743;200102;223.9;253.792;256.268;1;1
1743;200103;222.504;456.123;454.727;1;1
1743;200104;192.572;130.855;100.923;1;1
1743;200105;204.51;69.786;81.724;1;1
1743;200106;217.596;50.203;63.289;1;1
1743;200107;174.605;51.977;8.986;1;1
1743;200108;180.229;69.238;74.862;1;1
1743;200109;188.162;51.608;59.541;1;1
1743;200110;162.947;97.651;72.436;1;1
1743;200111;135.646;116.862;89.561;1;1
1743;200112;120.335;118.42;103.109;1;1
1743;200201;121.025;93.076;93.766;1;1
1743;200202;147.148;48.188;74.311;1;1
1743;200203;173.83;80.901;107.583;1;1
1743;200204;140.428;86.661;53.259;1;1
1743;200205;142.977;68.405;70.954;1;1
1743;200206;156.711;70.933;84.667;1;1
1743;200207;127.771;86.823;57.883;1;1
1743;200208;120.041;72.064;64.334;1;1
1743;200209;132.56;61.115;73.634;1;1
1743;200210;141.532;60.046;69.018;1;1
1743;200211;178.777;59.836;97.081;1;1
1743;200212;216.685;166.606;204.514;1;1
1743;200301;;;;1;1
1743;200302;178.909;88.318;;1;1
1743;200303;213.817;44.047;78.955;1;1
1743;200304;223.434;80.981;90.598;1;1
1743;200305;207.872;97.42;81.858;1;1
1743;200306;213.067;62.756;67.951;1;1
1743;200307;205.311;56.707;48.951;1;1
1743;200308;171.778;74.508;40.975;1;1
1743;200309;193.826;42.239;64.287;1;1
1743;200310;191.462;74.971;72.607;1;1
1743;200311;199.899;93.638;102.075;1;1
1743;200312;170.377;118.264;88.742;1;1
1743;200401;208.756;27.569;65.948;1;1
1743;200402;182.89;113.06;87.194;1;1
1743;200403;174.993;89.716;81.819;1;1
1743;200404;123.861;89.849;38.717;1;1
1743;200405;166.913;46.359;89.411;1;1
1743;200406;122.562;61.104;16.753;1;1
1743;200407;138.076;44.957;60.471;1;1
1743;200408;159.776;55.431;77.131;1;1
1743;200409;207.065;13.14;60.429;1;1
1743;200410;164.921;89.58;47.436;1;1
1743;200411;157.89;113.309;106.278;1;1
1743;200412;138.293;98.354;78.757;1;1
1743;200501;131.56;48.863;42.13;1;1
1743;200502;129.785;81.19;79.415;1;1
1743;200503;127.105;74.415;71.735;1;1
1743;200504;166.538;60.224;99.657;1;1
1743;200505;185.377;59.676;78.515;1;1
1743;200506;172.098;57.85;44.571;1;1
1743;200507;147.547;60.264;35.713;1;1
1743;200508;159.051;9.376;20.88;1;1
1743;200509;168.041;17.232;26.222;1;1
1743;200510;163.562;38.054;33.575;1;1
1743;200511;136.884;55.003;28.325;1;1
1743;200512;147.319;55.775;66.21;1;1
1743;200601;162.824;29.042;44.547;1;1
1743;200602;170.568;25.414;33.158;1;1
1743;200603;208.83;55.458;93.72;1;1
1743;200604;207.946;73.244;72.36;1;1
1743;200605;211.275;52.399;55.728;1;1
1743;200606;212.02;50.065;50.81;1;1
1743;200607;201.475;48.225;37.68;1;1
1743;200608;198.617;45.859;43.001;1;1
1743;200609;173.444;72.001;46.828;1;1
1743;200610;189.945;68.9;85.401;1;1
1743;200611;186.936;160.167;157.158;1;1
1743;200612;170.504;174.008;157.576;1;1
1743;200701;187.344;73.459;90.299;1;1
1743;200702;209.791;67.885;90.332;1;1
1743;200703;206.113;120.493;116.815;1;1
1743;200704;186.528;90.122;70.537;1;1
1743;200705;186.393;68.891;68.756;1;1
1743;200706;182.356;47.718;43.681;1;1
1743;200707;204.365;82.563;104.572;1;1
1743;200708;200.185;120.287;116.107;1;1
1743;200709;186.664;71.286;57.765;1;1
1743;200710;111.259;107.826;32.421;1;1
1743;200711;101.818;98.363;88.922;1;1
1743;200712;140.648;81.642;120.472;1;1
1743;200801;153.513;39.417;52.282;1;1
1743;200802;159.232;33.698;39.417;1;1
1743;200803;158.509;29.488;28.765;1;1
1743;200804;201.332;41.989;84.812;1;1
1743;200805;206.406;76.924;81.998;1;1
1743;200806;178.909;79.086;51.589;1;1
1743;200807;157.07;47.75;25.911;1;1
1743;200808;161.051;100.749;104.73;1;1
1743;200809;178.777;55.098;72.824;1;1
1743;200810;141.976;71.286;34.485;1;1
1743;200811;124.314;70.651;52.989;1;1
1743;200812;120.433;42.474;38.593;1;1
1743;200901;154.574;47.64;81.781;1;1
1743;200902;169.49;78.843;93.759;1;1
1743;200903;175.122;56.207;61.839;1;1
1743;200904;166.725;35.37;26.973;1;1
1743;200905;175.511;55.933;64.719;1;1
1743;200906;163.623;66.007;54.119;1;1
1743;200907;156.592;55.024;47.993;1;1
1743;200908;201.188;30.998;75.594;1;1
1743;200909;178.646;78.289;55.747;1;1
1743;200910;152.926;100.676;74.956;1;1
1743;200911;161.173;71.63;79.877;1;1
1743;200912;201.619;117.69;158.136;1;1
1743;201001;188.846;213.59;200.817;1;1
1743;201002;216.23;137.104;164.488;1;1
1743;201003;198.617;194.902;177.289;1;1
1743;201004;188.846;140.817;131.046;1;1
1743;201005;222.969;45.592;79.715;1;1
1743;201006;218.815;41.48;37.326;1;1
1743;201007;209.939;71.387;62.511;1;1
1743;201008;176.682;108.048;74.791;1;1
1743;201009;132.454;70.932;26.704;1;1
1743;201010;135.97;54.206;57.722;1;1
1743;201011;178.12;53.491;95.641;1;1
1743;201012;185.58;114.801;122.261;1;1
1743;201101;182.09;172.194;168.704;1;1
1743;201102;204.07;67.17;89.15;1;1
1743;201103;204.65;76.287;76.867;1;1
1743;201104;208.02;52.367;55.737;1;1
1743;201105;215.78;42.615;50.375;1;1
1743;201106;226.08;19.947;30.247;1;1
1743;201107;208.61;35.198;17.728;1;1
1743;201108;192.29;52.962;36.642;1;1
1743;201109;167.85;56.074;31.634;1;1
1743;201110;160.2;36.49;28.84;1;1
1743;201111;184.231;105.262;129.293;1;1
1743;201112;173.702;130.763;120.234;1;1
1743;201201;159.595;96.051;81.944;1;1
1743;201202;180.361;84.347;105.113;1;1
1743;201203;172.289;95.923;87.851;1;1
1743;201204;160.2;87.562;75.473;1;1
1743;201205;224.211;36.559;100.57;1;1
1743;201206;216.381;23.59;15.76;1;1
1743;201207;171.778;53.232;8.629;1;1
1743;201208;127.463;57.895;13.58;1;1
1743;201209;101.557;43.952;18.046;1;1
1743;201210;74.341;45.465;18.249;1;1
1743;201211;160.2;53.581;139.44;1;1
1743;201212;197.623;164.615;202.038;1;1
1743;201301;195.647;119.492;117.516;1;1
1743;201302;191.186;97.097;92.636;1;1
1743;201303;218.51;138.06;165.384;1;1
1743;201304;222.041;178.966;182.497;1;1
1743;201305;204.22;97.126;79.305;1;1
1743;201306;186.528;94.473;76.781;1;1
1743;201307;159.353;85.552;58.377;1;1
1743;201308;186.997;37.834;65.478;1;1
1743;201309;186.936;83.786;83.725;1;1
1743;201310;157.668;55.524;26.256;1;1
1743;201311;185.31;77.16;104.802;1;1
1743;201312;199.899;107.06;121.649;1;1
1743;201401;205.821;193.471;199.393;1;1
1743;201402;212.469;265.259;271.907;1;1
1743;201403;214.72;188.217;190.468;1;1
1743;201404;194.665;172.749;152.694;1;1
1743;201405;166.351;78.549;50.235;1;1
1743;201406;145.22;60.582;39.451;1;1
1743;201407;156.741;0.821;12.342;1;1
1743;201408;171.399;2.006;16.664;1;1
1743;201409;200.758;20.575;49.934;1;1
1743;201410;198.76;54.871;52.873;1;1
1743;201411;198.05;142.236;141.526;1;1
1743;201412;180.1;144.753;126.803;1;1
1743;201501;185.72;103.066;108.686;1;1
1743;201502;191.6;75.786;81.666;1;1
1743;201503;205.38;92.614;106.394;1;1
1743;201504;196.07;42.275;32.965;1;1
1743;201505;219.73;51.239;74.899;1;1
1743;201506;192.02;64.157;36.447;1;1
1743;201507;189.26;33.043;30.283;1;1
1743;201508;177.32;25.271;13.331;1;1
1743;201509;187.48;45.998;56.158;1;1
1743;201510;158.27;101.825;72.615;1;1
1743;201511;170.76;78.3;90.79;1;1
1743;201512;152.93;79.318;61.488;1;1
1743;201601;211.13;142.296;200.496;1;1
1743;201602;212.47;223.343;224.683;1;1
1743;201603;206.7;154.681;148.911;1;1
1743;201604;212.02;218.531;223.851;1;1
1743;201605;222.2;144.554;154.734;1;1
1743;201606;199.61;80.125;57.535;1;1
1743;201607;151.99;74.788;27.168;1;1
1743;201608;121.82;88.05;57.88;1;1
1743;201609;108.5;52.823;39.503;1;1
1743;201610;103.66;24.679;19.839;1;1
1743;201611;112.28;49.18;57.8;1;1
1743;201612;169.11;83.98;140.81;1;1
1743;201701;160.81;153.86;145.56;1;1
1743;201702;162.27;63.97;65.43;1;1
1743;201703;134.79;83.29;55.81;1;1
1743;201704;125.53;30.93;21.67;1;1
1743;201705;122.02;25.35;21.84;1;1
1743;201706;135.75;22.26;35.99;1;1
1743;201707;118.14;29.02;11.41;1;1
1743;201708;105.97;46.52;34.35;1;1
1743;201709;69.98;107.49;71.5;1;1
1743;201710;87.78;20.269;38.069;1;1
1743;201711;105.25;30.695;48.165;1;1
1743;201712;113.79;41.882;50.422;1;1
1743;201801;161.29;52.869;100.369;1;1
1743;201802;194.38;62.088;95.178;1;1
1743;201803;174.35;152.212;132.182;1;1
1743;201804;214.27;74.366;114.286;1;1
1743;201805;203.78;68.322;57.832;1;1
1743;201806;204.07;69.671;69.961;1;1
1743;201807;157.31;126.287;79.527;1;1
1743;201808;223.9;8.465;75.055;1;1
1743;201809;183.69;83.254;43.044;1;1
1743;201810;139.44;112.076;67.826;1;1
1743;201811;164.74;83.172;108.472;1;1
1743;201812;194.24;87.247;116.747;1;1
1743;201901;171.78;126.557;104.097;1;1
1743;201902;181.29;78.006;87.516;1;1
1743;201903;165.73;113.92;98.36;1;1
1743;201904;196.92;82.744;113.934;1;1
1743;201905;187.89;60.255;51.225;1;1
1743;201906;180.76;23.758;16.628;1;1
1743;201907;182.89;18.354;20.484;1;1
1743;201908;172.16;20.551;9.821;1;1
1743;201909;158.39;38.729;24.959;1;1
1743;201910;160.57;35.996;38.176;1;1
1743;201911;195.65;72.474;107.554;1;1
1743;201912;218.05;212.828;235.228;1;1
1743;202001;195.79;160.446;138.186;1;1
1743;202002;204.07;116.576;124.856;1;1
1743;202003;206.11;93.127;95.167;1;1
1743;202004;205.38;97.417;96.687;1;1
1743;202005;219.73;64.635;78.985;1;1
1743;202006;190.91;76.726;47.906;1;1
1743;202007;190.08;55.372;54.542;1;1
1743;202008;212.92;63.458;86.298;1;1
1743;202009;137.59;102.54;27.21;1;1
1743;202010;166.23;68.641;97.281;1;1
1743;202011;174.86;133.263;141.893;1;1
1743;202012;159.84;130.716;115.696;1;1
1743;202101;183.43;203.631;227.221;1;1
1743;202102;197.77;147.415;161.755;1;1
1743;202103;224.68;134.134;161.044;1;1
1743;202104;214.27;153.072;142.662;1;1
1743;202105;182.22;135.388;103.338;1;1
1743;202106;175.51;115.782;109.072;1;1
1743;202107;166.85;177.919;169.259;1;1
1743;202108;122.61;70.305;26.065;1;1
1743;202109;111.91;21.614;10.914;1;1
1744;195810;10.02;130.11;129.83;2;1
1744;195811;9.74;82.382;82.632;2;1
1744;195812;9.99;260.963;261.413;2;1
1744;195901;10.44;275.409;275.369;2;1
1744;195902;10.4;188.006;186.356;2;1
1744;195903;8.75;292.827;294.477;2;1
1744;195904;10.4;308.604;308.604;2;1
1744;195905;10.4;261.662;261.662;2;1
1744;195906;10.4;204.733;204.203;2;1
1744;195907;9.87;115.309;115.459;2;1
1744;195908;10.02;87.653;87.973;2;1
1744;195909;10.34;117.616;117.296;2;1
1744;195910;10.02;183.548;182.768;2;1
1744;195911;9.24;322.704;323.784;2;1
1744;195912;10.32;686.828;685.928;2;1
1744;196001;9.42;420.578;420.898;2;1
1744;196002;9.74;428.388;428.388;2;1
1744;196003;9.74;392.662;393.022;2;1
1744;196004;10.1;263.079;261.859;2;1
1744;196005;8.88;226.61;227.05;2;1
1744;196006;9.32;177.552;178.152;2;1
1744;196007;9.92;152.876;152.456;2;1
1744;196008;9.5;132.443;133.093;2;1
1744;196009;10.15;68.895;68.025;2;1
1744;196010;9.28;231.077;231.437;2;1
1744;196011;9.64;349.929;350.689;2;1
1744;196012;10.4;359.709;359.709;2;1
1744;196101;10.4;365.973;365.973;2;1
1744;196102;10.4;257.887;256.807;2;1
1744;196103;9.32;319.602;319.732;2;1
1744;196104;9.45;234.541;235.371;2;1
1744;196105;10.28;223.836;222.006;2;1
1744;196106;8.45;225.763;227.063;2;1
1744;196107;9.75;171.193;171.273;2;1
1744;196108;9.83;160.903;160.893;2;1
1744;196109;9.82;152.721;152.351;2;1
1744;196110;9.45;207.395;206.325;2;1
1744;196111;8.38;257.999;257.679;2;1
1744;196112;8.06;356.599;358.639;2;1
1744;196201;10.1;386.83;385.44;2;1
1744;196202;8.71;312.526;313.836;2;1
1744;196203;10.02;416.932;416.652;2;1
1744;196204;9.74;311.93;310.9;2;1
1744;196205;8.71;251.528;252.758;2;1
1744;196206;9.94;163.408;163.788;2;1
1744;196207;10.32;162.086;161.346;2;1
1744;196208;9.58;120.761;121.201;2;1
1744;196209;10.02;145.765;146.145;2;1
1744;196210;10.4;120.269;119.569;2;1
1744;196211;9.7;96.379;96.679;2;1
1744;196212;10;162.086;159.386;2;1
1744;196301;7.3;294.78;296.58;2;1
1744;196302;9.1;300.992;301.492;2;1
1744;196303;9.6;408.931;408.931;2;1
1744;196304;9.6;281.759;277.159;2;1
1744;196305;5;260.142;263.642;2;1
1744;196306;8.5;235.786;237.486;2;1
1744;196307;10.2;220.337;219.837;2;1
1744;196308;9.7;234.55;234.55;2;1
1744;196309;9.7;195.281;194.541;2;1
1744;196310;8.96;208.526;207.706;2;1
1744;196311;8.14;280.653;281.223;2;1
1744;196312;8.71;333.893;333.863;2;1
1744;196401;8.68;314.487;314.637;2;1
1744;196402;8.83;366.215;366.515;2;1
1744;196403;9.13;428.043;428.783;2;1
1744;196404;9.87;259.632;259.522;2;1
1744;196405;9.76;224.148;224.218;2;1
1744;196406;9.83;204.276;204.546;2;1
1744;196407;10.1;135.605;132.955;2;1
1744;196408;7.45;121.833;124.083;2;1
1744;196409;9.7;172.333;171.633;2;1
1744;196410;9;206.479;207.079;2;1
1744;196411;9.6;168.532;168.732;2;1
1744;196412;9.8;187.488;187.888;2;1
1744;196501;10.2;212.743;211.243;2;1
1744;196502;8.7;237.652;239.152;2;1
1744;196503;10.2;300.007;300.207;2;1
1744;196504;10.4;265.568;263.968;2;1
1744;196505;8.8;187.704;188.904;2;1
1744;196506;10;109.158;109.158;2;1
1744;196507;10;98.937;99.037;2;1
1744;196508;10.1;72.412;72.612;2;1
1744;196509;10.3;106.168;104.578;2;1
1744;196510;8.71;166.726;168.206;2;1
1744;196511;10.19;234.757;233.787;2;1
1744;196512;9.22;346.343;346.783;2;1
1744;196601;9.66;518.512;519.252;2;1
1744;196602;10.4;795.493;794.833;2;1
1744;196603;9.74;338.748;338.798;2;1
1744;196604;9.79;454.257;453.177;2;1
1744;196605;8.71;280.584;281.444;2;1
1744;196606;9.57;251.666;251.736;2;1
1744;196607;9.64;192.888;191.948;2;1
1744;196608;8.7;157.568;159.008;2;1
1744;196609;10.14;184.274;183.974;2;1
1744;196610;9.84;223.983;222.523;2;1
1744;196611;8.38;318.635;318.595;2;1
1744;196612;8.34;342.3;342.34;2;1
1744;196701;8.38;290.762;291.092;2;1
1744;196702;8.71;247.329;247.329;2;1
1744;196703;8.71;258.604;258.604;2;1
1744;196704;8.71;270.104;271.464;2;1
1744;196705;10.07;211.196;209.836;2;1
1744;196706;8.71;187.825;189.215;2;1
1744;196707;10.1;166.596;166.536;2;1
1744;196708;10.04;127.129;126.359;2;1
1744;196709;9.27;171.392;171.582;2;1
1744;196710;9.46;175.09;174.95;2;1
1744;196711;9.32;176.792;177.182;2;1
1744;196712;9.71;213.849;213.909;2;1
1744;196801;9.77;252.461;251.401;2;1
1744;196802;8.71;251.744;251.744;2;1
1744;196803;8.71;260.747;261.637;2;1
1744;196804;9.6;280.161;279.951;2;1
1744;196805;9.39;318.635;317.955;2;1
1744;196806;8.71;206.245;207.785;2;1
1744;196807;10.25;177.267;176.407;2;1
1744;196808;9.39;119.534;119.644;2;1
1744;196809;9.5;217.918;217.128;2;1
1744;196810;8.71;282.995;282.995;2;1
1744;196811;8.71;276.428;276.438;2;1
1744;196812;8.72;319.291;319.281;2;1
1744;196901;8.71;412.785;414.015;2;1
1744;196902;9.94;335.69;335.15;2;1
1744;196903;9.4;507.946;508.356;2;1
1744;196904;9.81;299.1;298;2;1
1744;196905;8.71;323.853;325.403;2;1
1744;196906;10.26;275.616;274.066;2;1
1744;196907;8.71;243.838;243.378;2;1
1744;196908;8.25;268.16;268.62;2;1
1744;196909;8.71;182.771;180.101;2;1
1744;196910;6.04;284.429;287.099;2;1
1744;196911;8.71;249.515;250.545;2;1
1744;196912;9.74;242.369;241.339;2;1
1744;197001;8.71;381.534;383.004;2;1
1744;197002;10.18;327.11;326.31;2;1
1744;197003;9.38;293.82;293.15;2;1
1744;197004;8.71;205.796;206.946;2;1
1744;197005;9.86;234.351;233.201;2;1
1744;197006;8.71;275.599;275.599;2;1
1744;197007;8.71;190.607;190.607;2;1
1744;197008;8.71;212.198;212.198;2;1
1744;197009;8.71;35.77;37.38;2;1
1744;197010;10.32;158.708;158.638;2;1
1744;197011;10.25;131.492;129.952;2;1
1744;197012;8.71;223.422;224.102;2;1
1744;197101;9.39;179.366;178.686;2;1
1744;197102;8.71;223.102;222.522;2;1
1744;197103;8.13;286.995;287.575;2;1
1744;197104;8.71;287.781;288.671;2;1
1744;197105;9.6;320.069;320.699;2;1
1744;197106;10.23;319.412;317.892;2;1
1744;197107;8.71;361.8;361.81;2;1
1744;197108;8.72;341.582;341.572;2;1
1744;197109;8.71;203.61;203.61;2;1
1744;197110;8.71;174.468;175.578;2;1
1744;197111;9.82;176.42;175.31;2;1
1744;197112;8.71;200.439;200.439;2;1
1744;197201;8.71;218.428;218.428;2;1
1744;197202;8.71;327.482;328.712;2;1
1744;197203;9.94;338.93;337.7;2;1
1744;197204;8.71;314.176;314.606;2;1
1744;197205;9.14;253.282;252.852;2;1
1744;197206;8.71;242.594;243.274;2;1
1744;197207;9.39;249.54;248.86;2;1
1744;197208;8.71;170.562;172.062;2;1
1744;197209;10.21;190.279;190.189;2;1
1744;197210;10.12;196.413;195.343;2;1
1744;197211;9.05;222.86;222.52;2;1
1744;197212;8.71;299.748;299.798;2;1
1744;197301;8.76;336.433;336.383;2;1
1744;197302;8.71;282.468;282.738;2;1
1744;197303;8.98;243.389;243.439;2;1
1744;197304;9.03;149.999;149.189;2;1
1744;197305;8.22;360.945;361.435;2;1
1744;197306;8.71;247.069;248.459;2;1
1744;197307;10.1;257.377;255.987;2;1
1744;197308;8.71;185.613;183.773;2;1
1744;197309;6.87;136.642;138.822;2;1
1744;197310;9.05;203.619;203.819;2;1
1744;197311;9.25;147.053;147.123;2;1
1744;197312;9.32;136.521;136.071;2;1
1744;197401;8.87;333.305;334.495;2;1
1744;197402;10.06;339.163;337.813;2;1
1744;197403;8.71;301.89;301.89;2;1
1744;197404;8.71;241.652;242.362;2;1
1744;197405;9.42;188.179;189.079;2;1
1744;197406;10.32;169.137;167.527;2;1
1744;197407;8.71;294.987;295.027;2;1
1744;197408;8.75;79.065;80.215;2;1
1744;197409;9.9;29.143;28.903;2;1
1744;197410;9.66;19.63;15.48;2;1
1744;197411;5.51;43.934;48.014;2;1
1744;197412;9.59;23.613;24.073;2;1
1744;197501;10.05;42.466;42.276;2;1
1744;197502;9.86;85.32;85.43;2;1
1744;197503;9.97;167.227;166.047;2;1
1744;197504;8.79;252.772;252.692;2;1
1744;197505;8.71;127.691;127.691;2;1
1744;197506;8.71;121.548;121.888;2;1
1744;197507;9.05;178.857;179.557;2;1
1744;197508;9.75;96.708;97.038;2;1
1744;197509;10.08;200.189;198.819;2;1
1744;197510;8.71;207.196;198.486;2;1
1744;197511;0;242.844;251.554;2;1
1744;197512;8.71;300.629;300.629;2;1
1744;197601;8.71;91.048;91.718;2;1
1744;197602;9.38;185.751;185.991;2;1
1744;197603;9.62;204.466;203.556;2;1
1744;197604;8.71;200.483;200.483;2;1
1744;197605;8.71;115.629;116.049;2;1
1744;197606;9.13;139.882;139.982;2;1
1744;197607;9.23;94.02;93.63;2;1
1744;197608;8.84;79.194;79.194;2;1
1744;197609;8.84;134.965;134.965;2;1
1744;197610;8.84;211.265;211.135;2;1
1744;197611;8.71;340.442;339.722;2;1
1744;197612;7.99;343.578;344.298;2;1
1744;197701;8.71;356.124;357.624;2;1
1744;197702;10.21;353.964;353.984;2;1
1744;197703;10.23;322.998;322.888;2;1
1744;197704;10.12;273.482;272.952;2;1
1744;197705;9.59;179.349;178.469;2;1
1744;197706;8.71;221.348;221.348;2;1
1744;197707;8.71;241.626;241.576;2;1
1744;197708;8.66;173.742;173.552;2;1
1744;197709;8.47;187.013;187.253;2;1
1744;197710;8.71;275.201;275.201;2;1
1744;197711;8.71;255.312;255.892;2;1
1744;197712;9.29;294.926;295.136;2;1
1744;197801;9.5;316.872;317.652;2;1
1744;197802;10.28;454.343;453.803;2;1
1744;197803;9.74;384.394;384.424;2;1
1744;197804;9.77;306.564;305.844;2;1
1744;197805;9.05;294.529;294.739;2;1
1744;197806;9.26;226.61;226.06;2;1
1744;197807;8.71;219.853;220.193;2;1
1744;197808;9.05;167.875;168.475;2;1
1744;197809;9.65;200.137;200.227;2;1
1744;197810;9.74;171.547;171.237;2;1
1744;197811;9.43;134.844;135.304;2;1
1744;197812;9.89;349.86;349.93;2;1
1744;197901;9.96;348.581;347.911;2;1
1744;197902;9.29;493.664;493.624;2;1
1744;197903;9.25;300.404;301.254;2;1
1744;197904;10.1;316.958;315.568;2;1
1744;197905;8.71;300.663;300.533;2;1
1744;197906;8.58;285.716;286.186;2;1
1744;197907;9.05;252.979;253.449;2;1
1744;197908;9.52;139.743;135.863;2;1
1744;197909;5.64;235.466;239.786;2;1
1744;197910;9.96;198.729;198.549;2;1
1744;197911;9.78;293.224;292.244;2;1
1744;197912;8.8;293.095;284.375;2;1
1744;198001;0.08;15.18;15.18;2;1
1744;198002;0.08;13.712;13.722;2;1
1744;198003;0.09;16.183;16.173;2;1
1744;198004;0.08;16.528;16.528;2;1
1744;198005;0.08;17.945;17.945;2;1
1744;198006;0.08;17.081;17.081;2;1
1744;198007;0.08;16.623;16.623;2;1
1744;198008;0.08;12.372;12.382;2;1
1744;198009;0.09;12.623;22.713;2;1
1744;198010;10.18;254.284;252.824;2;1
1744;198011;8.72;225.331;226.711;2;1
1744;198012;10.1;231.889;230.669;2;1
1744;198101;8.88;214.212;214.222;2;1
1744;198102;8.89;150.785;150.605;2;1
1744;198103;8.71;206.729;206.729;2;1
1744;198104;8.71;201.658;201.528;2;1
1744;198105;8.58;199.86;200.57;2;1
1744;198106;9.29;209.252;208.672;2;1
1744;198107;8.71;175.608;176.008;2;1
1744;198108;9.11;171.02;171.67;2;1
1744;198109;9.76;131.82;131.8;2;1
1744;198110;9.74;220.743;219.713;2;1
1744;198111;8.71;201.191;201.391;2;1
1744;198112;8.91;206.366;206.196;2;1
1744;198201;8.74;317.779;317.289;2;1
1744;198202;8.25;282.165;282.625;2;1
1744;198203;8.71;302.737;302.627;2;1
1744;198204;8.6;231.751;233.181;2;1
1744;198205;10.03;149.921;149.731;2;1
1744;198206;9.84;175.349;174.349;2;1
1744;198207;8.84;209.84;210.76;2;1
1744;198208;9.76;121.116;121.306;2;1
1744;198209;9.95;50.293;50.425;2;1
1744;198210;10.082;235.119;235.177;2;1
1744;198211;10.14;289.672;288.177;2;1
1744;198212;8.645;273.372;273.438;2;1
1744;198301;8.711;279.122;279.128;2;1
1744;198302;8.717;255.635;255.635;2;1
1744;198303;8.717;249.285;250.085;2;1
1744;198304;9.517;213.88;213.074;2;1
1744;198305;8.711;254.871;254.673;2;1
1744;198306;8.513;268.883;268.529;2;1
1744;198307;8.159;256.027;257.259;2;1
1744;198308;9.391;202.485;201.805;2;1
1744;198309;8.711;210.598;211.831;2;1
1744;198310;9.944;225.538;224.305;2;1
1744;198311;8.711;202.388;201.609;2;1
1744;198312;7.932;228.934;229.713;2;1
1744;198401;8.711;292.208;292.208;2;1
1744;198402;8.711;264.914;264.651;2;1
1744;198403;8.448;298.605;298.888;2;1
1744;198404;8.731;239.604;239.584;2;1
1744;198405;8.711;246.801;246.801;2;1
1744;198406;8.711;224.599;224.599;2;1
1744;198407;8.711;295.456;295.724;2;1
1744;198408;8.979;249.861;250.497;2;1
1744;198409;9.615;120.372;120.579;2;1
1744;198410;9.822;331.548;330.584;2;1
1744;198411;8.858;312.372;312.476;2;1
1744;198412;8.962;328.005;327.674;2;1
1744;198501;8.631;339.471;339.432;2;1
1744;198502;8.592;315.654;315.839;2;1
1744;198503;8.777;299.438;299.372;2;1
1744;198504;8.711;271.148;270.456;2;1
1744;198505;8.019;272.063;272.59;2;1
1744;198506;8.546;262.711;264.196;2;1
1744;198507;10.031;238.276;238.131;2;1
1744;198508;9.886;200.033;190.292;2;1
1744;198509;0.145;137.78;145.934;2;1
1744;198510;8.299;168.236;168.45;2;1
1744;198511;8.513;120.253;121.462;2;1
1744;198512;9.722;134.184;133.193;2;1
1744;198601;8.731;245.829;245.809;2;1
1744;198602;8.711;257.098;257.995;2;1
1744;198603;9.608;319.869;319.038;2;1
1744;198604;8.777;303.454;303.028;2;1
1744;198605;8.351;274.517;274.903;2;1
1744;198606;8.737;246.44;247.045;2;1
1744;198607;9.342;209.171;209.694;2;1
1744;198608;9.865;116.516;111.001;2;1
1744;198609;4.35;82.889;83.993;2;1
1744;198610;5.454;224.515;228.327;2;1
1744;198611;9.266;229.764;227.472;2;1
1744;198612;6.974;255.524;257.261;2;1
1744;198701;8.711;144.056;143.99;2;1
1744;198702;8.645;231.512;231.551;2;1
1744;198703;8.684;240.95;240.977;2;1
1744;198704;8.711;231.349;231.382;2;1
1744;198705;8.744;146.546;147.782;2;1
1744;198706;9.98;107.956;106.78;2;1
1744;198707;8.804;124.364;124.634;2;1
1744;198708;9.074;89.817;80.743;2;1
1744;198709;0;81.278;90.407;2;1
1744;198710;9.129;227.469;226.985;2;1
1744;198711;8.645;317.824;318.05;2;1
1744;198712;8.871;286.076;285.85;2;1
1744;198801;8.645;358.511;359.63;2;1
1744;198802;9.764;364.816;364.201;2;1
1744;198803;9.149;313.366;313.298;2;1
1744;198804;9.081;222.12;221.717;2;1
1744;198805;8.678;262.643;262.663;2;1
1744;198806;8.698;251.764;251.724;2;1
1744;198807;8.658;244.592;245.613;2;1
1744;198808;9.679;93.229;83.55;2;1
1744;198809;0;106.23;115.994;2;1
1744;198810;9.764;210.481;209.428;2;1
1744;198811;8.711;138.767;139.813;2;1
1744;198812;9.757;99.252;99.547;2;1
1744;198901;10.052;92.533;92.295;2;1
1744;198902;9.814;92.853;91.703;2;1
1744;198903;8.664;161.936;162.871;2;1
1744;198904;9.599;200.948;199.863;2;1
1744;198905;8.514;198.234;198.657;2;1
1744;198906;8.937;177.097;177.328;2;1
1744;198907;9.168;218.859;219.29;2;1
1744;198908;9.599;146.215;146.926;2;1
1744;198909;10.31;88.852;87.758;2;1
1744;198910;9.216;88.466;87.947;2;1
1744;198911;8.697;150.842;150.995;2;1
1744;198912;8.85;242.081;241.693;2;1
1744;199001;8.462;308.017;308.587;2;1
1744;199002;9.032;271.028;271.15;2;1
1744;199003;9.154;252.683;253.683;2;1
1744;199004;10.154;171.476;170.422;2;1
1744;199005;9.1;143.778;144.094;2;1
1744;199006;9.416;137.481;138.345;2;1
1744;199007;10.28;145.924;145.335;2;1
1744;199008;9.691;19.883;15.585;2;1
1744;199009;5.393;67.277;71.841;2;1
1744;199010;8.566;174.779;173.043;1;1
1744;199011;9.727;250.585;251.746;1;1
1744;199012;8.625;217.785;216.683;1;1
1744;199101;8.704;237.462;237.541;1;1
1744;199102;8.704;248.648;248.648;1;1
1744;199103;8.717;242.54;242.553;1;1
1744;199104;8.527;231.549;231.359;1;1
1744;199105;8.179;203.317;202.969;1;1
1744;199106;8.717;154.512;155.05;1;1
1744;199107;9.899;150.512;151.694;1;1
1744;199108;9.928;62.284;62.313;1;1
1744;199109;9.382;133.741;133.195;1;1
1744;199110;9.216;198.962;198.796;1;1
1744;199111;8.605;227.297;226.686;1;1
1744;199112;8.52;221.975;221.89;1;1
1744;199201;9.67;191.899;193.049;1;1
1744;199202;9.942;96.811;97.083;1;1
1744;199203;8.378;91.3;89.736;1;1
1744;199204;8.658;189.421;189.701;1;1
1744;199205;9.748;125.252;126.342;1;1
1744;199206;9.182;139.647;139.081;1;1
1744;199207;9.935;132.959;133.712;1;1
1744;199208;4.465;59.259;53.789;1;1
1744;199209;8.41;131.347;135.292;1;1
1744;199210;8.605;138.127;138.322;1;1
1744;199211;9.223;160.372;160.99;1;1
1744;199212;8.704;193.288;192.769;1;1
1744;199301;9.045;239.005;239.346;1;1
1744;199302;9.354;140.15;140.459;1;1
1744;199303;9.663;132.434;132.743;1;1
1744;199304;8.32;104.391;103.048;1;1
1744;199305;8.843;135.143;135.666;1;1
1744;199306;8.572;173.554;173.283;1;1
1744;199307;8.592;188.977;188.997;1;1
1744;199308;0;119.775;111.183;1;1
1744;199309;8.998;21.891;30.889;1;1
1744;199310;8.612;262.743;262.357;1;1
1744;199311;8.664;319.307;319.359;1;1
1744;199312;8.658;296.711;296.705;1;1
1744;199401;8.704;321.816;321.862;1;1
1744;199402;8.737;289.091;289.124;1;1
1744;199403;8.691;291.402;291.356;1;1
1744;199404;8.81;222.719;222.838;1;1
1744;199405;10.008;201.767;202.965;1;1
1744;199406;9.368;185.603;184.963;1;1
1744;199407;8.783;141.794;141.209;1;1
1744;199408;10.206;80.873;82.296;1;1
1744;199409;6.361;98.399;94.554;1;1
1744;199410;9.285;144.91;147.834;1;1
1744;199411;9.486;208.905;209.106;1;1
1744;199412;8.533;235.111;234.158;1;1
1744;199501;8.41;261.286;261.163;1;1
1744;199502;8.488;231.1;231.178;1;1
1744;199503;8.572;314.303;314.387;1;1
1744;199504;9.82;245.098;246.346;1;1
1744;199505;9.25;169.678;169.108;1;1
1744;199506;9.347;191.901;191.998;1;1
1744;199507;8.797;157.001;156.451;1;1
1744;199508;8.224;125.322;124.749;1;1
1744;199509;9.066;123.335;124.177;1;1
1744;199510;8.455;147.431;146.82;1;1
1744;199511;8.605;175.291;175.441;1;1
1744;199512;9.705;266.033;267.133;1;1
1744;199601;9.486;399.806;399.587;1;1
1744;199602;9.521;331.32;331.355;1;1
1744;199603;8.501;269.424;268.404;1;1
1744;199604;8.481;248.653;248.633;1;1
1744;199605;8.691;255.615;255.825;1;1
1744;199606;8.684;237.25;237.243;1;1
1744;199607;9.877;196.522;197.715;1;1
1744;199608;7.56;73.087;70.77;1;1
1744;199609;0.778;8.564;1.782;1;1
1744;199610;9.877;146.777;155.876;1;1
1744;199611;8.423;218.295;216.841;1;1
1744;199612;8.592;261.881;262.05;1;1
1744;199701;8.501;309.373;309.282;1;1
1744;199702;9.032;244.782;245.313;1;1
1744;199703;8.592;241.572;241.132;1;1
1744;199704;9.986;162.208;163.602;1;1
1744;199705;9.486;111.604;111.104;1;1
1744;199706;8.724;146.71;145.948;1;1
1744;199707;8.475;177.793;177.544;1;1
1744;199708;8.455;127.181;127.161;1;1
1744;199709;8.724;70.383;70.652;1;1
1744;199710;8.384;185.614;185.274;1;1
1744;199711;8.326;289.235;289.177;1;1
1744;199712;7.947;327.875;327.496;1;1
1744;199801;8.154;338.629;338.836;1;1
1744;199802;8.612;307.817;308.275;1;1
1744;199803;8.645;243.399;243.432;1;1
1744;199804;10;235.337;236.692;1;1
1744;199805;8.41;232.554;230.964;1;1
1744;199806;9.899;228.52;230.009;1;1
1744;199807;9.82;184.287;184.208;1;1
1744;199808;9.113;160.593;159.886;1;1
1744;199809;8.345;179.075;178.307;1;1
1744;199810;8.527;216.556;216.738;1;1
1744;199811;9.451;145.744;146.668;1;1
1744;199812;9.079;99.993;99.621;1;1
1744;199901;8.651;125.81;125.382;1;1
1744;199902;9.168;100.605;101.122;1;1
1744;199903;8.533;175.529;174.894;1;1
1744;199904;8.857;167.641;167.965;1;1
1744;199905;9.086;184.217;184.446;1;1
1744;199906;9.257;207.129;207.3;1;1
1744;199907;8.931;201.684;201.358;1;1
1744;199908;8.638;178.835;178.542;1;1
1744;199909;8.944;168.548;168.854;1;1
1744;199910;8.205;203.094;202.355;1;1
1744;199911;8.737;263.152;263.684;1;1
1744;199912;8.559;272.04;271.862;1;1
1744;200001;8.711;283.725;283.877;1;1
1744;200002;9.557;206.515;207.361;1;1
1744;200003;9.663;127.642;127.748;1;1
1744;200004;8.73;188.481;187.548;1;1
1744;200005;9.202;228.566;229.038;1;1
1744;200006;8.262;192.03;191.09;1;1
1744;200007;9.599;165.103;166.44;1;1
1744;200008;9.403;179.979;179.783;1;1
1744;200009;9.935;108.674;109.206;1;1
1744;200010;8.684;107.105;105.854;1;1
1744;200011;8.777;215.904;215.997;1;1
1744;200012;9.627;561.202;562.052;1;1
1744;200101;9.458;639.894;639.725;1;1
1744;200102;8.85;437.567;436.959;1;1
1744;200103;10.008;694.196;695.354;1;1
1744;200104;8.671;300.181;298.844;1;1
1744;200105;9.209;249.569;250.107;1;1
1744;200106;9.032;184.608;184.431;1;1
1744;200107;9.292;163.602;163.862;1;1
1744;200108;8.924;126.533;126.165;1;1
1744;200109;8.937;101.965;101.978;1;1
1744;200110;9.264;213.094;213.421;1;1
1744;200111;9.55;197.972;198.258;1;1
1744;200112;8.85;139.122;138.422;1;1
1744;200201;9.182;106.438;106.77;1;1
1744;200202;10.139;101.344;102.301;1;1
1744;200203;10.044;141.486;141.391;1;1
1744;200204;9.663;105.443;105.062;1;1
1744;200205;9.62;74.07;74.027;1;1
1744;200206;9.648;87.258;87.286;1;1
1744;200207;9.382;64.186;63.92;1;1
1744;200208;9.613;31.794;32.025;1;1
1744;200209;9.507;41.287;41.181;1;1
1744;200210;8.797;133.629;132.919;1;1
1744;200211;8.141;208.223;207.567;1;1
1744;200212;9.507;379.421;380.787;1;1
1744;200301;9.599;448.675;448.767;1;1
1744;200302;8.397;257.962;256.76;1;1
1744;200303;8.507;222.893;223.003;1;1
1744;200304;8.256;264.419;264.168;1;1
1744;200305;9.285;239.142;240.171;1;1
1744;200306;8.75;140.775;140.24;1;1
1744;200307;8.651;160.419;160.32;1;1
1744;200308;5.611;138.307;135.267;1;1
1744;200309;9.521;34.712;38.622;1;1
1744;200310;8.618;140.588;139.685;1;1
1744;200311;8.737;248.406;248.525;1;1
1744;200312;8.41;304.558;304.231;1;1
1744;200401;8.423;229.211;229.224;1;1
1744;200402;8.783;290.934;291.294;1;1
1744;200403;8.631;258.289;258.137;1;1
1744;200404;8.711;227.969;228.049;1;1
1744;200405;8.744;191.468;191.501;1;1
1744;200406;9.216;149.187;149.659;1;1
1744;200407;9.403;87.5;87.687;1;1
1744;200408;10.31;122.455;123.362;1;1
1744;200409;4.002;52.179;45.871;1;1
1744;200410;8.103;156.511;160.612;1;1
1744;200411;8.468;266.04;266.405;1;1
1744;200412;9.134;212.353;213.019;1;1
1744;200501;9.141;162.786;162.793;1;1
1744;200502;9.188;122.457;122.504;1;1
1744;200503;9.942;106.143;106.897;1;1
1744;200504;9.389;153.877;153.324;1;1
1744;200505;8.717;161.774;161.102;1;1
1744;200506;9.154;83.388;83.825;1;1
1744;200507;9.292;88.582;88.72;1;1
1744;200508;9.77;29.296;29.774;1;1
1744;200509;9.34;57.41;56.98;1;1
1744;200510;9.12;108.977;108.757;1;1
1744;200511;9.382;130.586;130.848;1;1
1744;200512;9.079;147.936;147.633;1;1
1744;200601;9.444;123.334;123.699;1;1
1744;200602;9.134;89.322;89.012;1;1
1744;200603;8.697;211.389;210.952;1;1
1744;200604;8.711;233.789;233.803;1;1
1744;200605;8.837;179.494;179.62;1;1
1744;200606;8.971;113.896;114.03;1;1
1744;200607;9.113;131.433;131.575;1;1
1744;200608;9.848;31.112;31.847;1;1
1744;200609;9.127;111.495;110.774;1;1
1744;200610;8.618;218.145;217.636;1;1
1744;200611;8.612;338.911;338.905;1;1
1744;200612;9.705;356.857;357.95;1;1
1744;200701;8.664;249.781;248.74;1;1
1744;200702;8.249;237.216;236.801;1;1
1744;200703;8.397;315.179;315.327;1;1
1744;200704;8.533;244.959;245.095;1;1
1744;200705;8.237;164.83;164.534;1;1
1744;200706;8.494;150.745;151.002;1;1
1744;200707;9.182;188.332;189.02;1;1
1744;200708;7.718;109.485;108.021;1;1
1744;200709;8.904;81.572;82.758;1;1
1744;200710;9.312;192.275;192.683;1;1
1744;200711;9.514;141.334;141.536;1;1
1744;200712;9.465;83.438;83.389;1;1
1744;200801;9.34;112.943;112.818;1;1
1744;200802;9.684;68.606;68.95;1;1
1744;200803;8.767;76.049;75.132;1;1
1744;200804;8.543;179.993;179.769;1;1
1744;200805;8.426;220.356;220.239;1;1
1744;200806;8.954;201.485;202.013;1;1
1744;200807;9.164;111.536;111.746;1;1
1744;200808;10.041;112.052;112.929;1;1
1744;200809;9.441;124.154;123.554;1;1
1744;200810;9.267;120.059;119.885;1;1
1744;200811;9.364;111.639;111.736;1;1
1744;200812;8.694;191.646;190.976;1;1
1744;200901;8.74;179.196;179.242;1;1
1744;200902;8.86;191.735;191.855;1;1
1744;200903;8.635;206.617;206.392;1;1
1744;200904;8.497;182.026;181.888;1;1
1744;200905;9.343;154.429;155.275;1;1
1744;200906;8.701;109.079;108.437;1;1
1744;200907;9.852;102.818;103.969;1;1
1744;200908;9.716;32.972;32.836;1;1
1744;200909;9.13;47.624;47.038;1;1
1744;200910;9.385;176.194;176.449;1;1
1744;200911;7.894;227.972;226.481;1;1
1744;200912;9.511;303.715;305.332;1;1
1744;201001;9.42;377.464;377.373;1;1
1744;201002;9.888;327.312;327.78;1;1
1744;201003;8.84;370.73;369.682;1;1
1744;201004;9.448;297.266;297.874;1;1
1744;201005;9.206;198.704;198.462;1;1
1744;201006;9.022;195.617;195.433;1;1
1744;201007;9.254;196.52;196.752;1;1
1744;201008;9.96;129.601;130.307;1;1
1744;201009;9.103;161.194;160.337;1;1
1744;201010;8.81;183.056;182.763;1;1
1744;201011;8.37;233.401;232.961;1;1
1744;201012;8.19;301.275;301.095;1;1
1744;201101;8.13;326.978;326.918;1;1
1744;201102;8.19;242.713;242.773;1;1
1744;201103;8.49;254.775;255.075;1;1
1744;201104;8.46;228.274;228.244;1;1
1744;201105;8.81;177.575;177.925;1;1
1744;201106;5.12;46.792;43.102;1;1
1744;201107;9.36;41.888;46.128;1;1
1744;201108;9.3;67.344;67.284;1;1
1744;201109;9.98;85.082;85.762;1;1
1744;201110;9.946;119.889;119.855;1;1
1744;201111;10.173;179.017;179.244;1;1
1744;201112;9.759;231.931;231.517;1;1
1744;201201;10.165;190.148;190.554;1;1
1744;201202;10.224;101.177;101.236;1;1
1744;201203;10.351;92.313;92.44;1;1
1744;201204;9.385;121.626;120.66;1;1
1744;201205;3.036;27.445;21.096;1;1
1744;201206;5.821;4.661;7.446;1;1
1744;201207;10.328;93.082;97.589;1;1
1744;201208;10.209;85.409;85.29;1;1
1744;201209;10.321;123.842;123.954;1;1
1744;201210;10.139;120.973;120.791;1;1
1744;201211;10.125;139.501;139.487;1;1
1744;201212;8.572;257.018;255.465;1;1
1744;201301;9.154;234.607;235.189;1;1
1744;201302;8.984;222.478;222.308;1;1
1744;201303;9.045;292.264;292.325;1;1
1744;201304;8.73;317.308;316.993;1;1
1744;201305;9.052;258.838;259.16;1;1
1744;201306;9.913;183.675;184.536;1;1
1744;201307;8.003;158.343;156.433;1;1
1744;201308;9.841;34.825;36.663;1;1
1744;201309;8.631;105.741;104.531;1;1
1744;201310;8.157;200.948;200.474;1;1
1744;201311;8.884;226.158;226.885;1;1
1744;201312;8.52;287.434;287.07;1;1
1744;201401;9.312;322.653;323.445;1;1
1744;201402;9.175;353.234;353.097;1;1
1744;201403;9.147;340.396;340.368;1;1
1744;201404;9.634;284.344;284.831;1;1
1744;201405;8.256;218.577;217.199;1;1
1744;201406;8.991;177.575;178.31;1;1
1744;201407;9.209;108.403;108.621;1;1
1744;201408;8.803;102.709;102.303;1;1
1744;201409;9.319;42.442;42.958;1;1
1744;201410;8.84;107.648;107.169;1;1
1744;201411;8.42;267.94;267.52;1;1
1744;201412;8.58;290.099;290.259;1;1
1744;201501;8.91;233.392;233.722;1;1
1744;201502;8.76;216.766;216.616;1;1
1744;201503;8.81;247.938;247.988;1;1
1744;201504;8.84;171.302;171.332;1;1
1744;201505;8.59;187.764;187.514;1;1
1744;201506;8.95;164.263;164.623;1;1
1744;201507;9.83;101.065;101.945;1;1
1744;201508;10.32;36.475;36.965;1;1
1744;201509;8.88;99.86;98.42;1;1
1744;201510;9.25;173.875;174.245;1;1
1744;201511;9.11;189.005;188.865;1;1
1744;201512;8.89;156.026;155.806;1;1
1744;201601;8.67;281.815;281.595;1;1
1744;201602;8.75;361.438;361.518;1;1
1744;201603;8.79;297.567;297.607;1;1
1744;201604;9.23;323.101;323.541;1;1
1744;201605;8.67;290.46;289.9;1;1
1744;201606;9.66;224.98;225.97;1;1
1744;201607;10.01;170.062;170.412;1;1
1744;201608;5.46;99.883;95.333;1;1
1744;201609;9.68;144.731;148.951;1;1
1744;201610;9.89;121.43;121.64;1;1
1744;201611;10;86.8;86.91;1;1
1744;201612;9.95;113.87;113.82;1;1
1744;201701;9.94;145.02;145.01;1;1
1744;201702;9.95;138.87;138.88;1;1
1744;201703;9.96;160.99;161;1;1
1744;201704;9.92;83.51;83.47;1;1
1744;201705;9.91;77.4;77.39;1;1
1744;201706;9.9;38.71;38.7;1;1
1744;201707;10.32;37.87;38.29;1;1
1744;201708;10.22;50.43;50.33;1;1
1744;201709;10.22;176.48;176.48;1;1
1744;201710;10.34;48.021;48.141;1;1
1744;201711;10.32;58.539;58.519;1;1
1744;201712;8.29;113.412;111.382;1;1
1744;201801;9.27;192.729;193.709;1;1
1744;201802;8.69;207.24;206.66;1;1
1744;201803;8.32;291.813;291.443;1;1
1744;201804;8.75;247.397;247.827;1;1
1744;201805;9.41;187.211;187.871;1;1
1744;201806;9.57;204.788;204.948;1;1
1744;201807;9.96;199.589;199.979;1;1
1744;201808;9.6;50.72;50.36;1;1
1744;201809;9.74;166.364;166.504;1;1
1744;201810;10.01;181.16;181.43;1;1
1744;201811;8.95;204.172;203.112;1;1
1744;201812;8.97;237.14;237.16;1;1
1744;201901;9;211.7;211.73;1;1
1744;201902;9.41;209.047;209.457;1;1
1744;201903;10.09;196.402;197.082;1;1
1744;201904;8.5;199.511;197.921;1;1
1744;201905;8.93;175.849;176.279;1;1
1744;201906;9.23;95.099;95.399;1;1
1744;201907;9.6;78.037;78.407;1;1
1744;201908;9.73;43.761;43.891;1;1
1744;201909;8.89;88.84;88;1;1
1744;201910;9.04;110.924;111.074;1;1
1744;201911;8.83;216.118;215.908;1;1
1744;201912;9.47;417.433;418.073;1;1
1744;202001;8.91;299.479;298.919;1;1
1744;202002;9.8;258.628;259.518;1;1
1744;202003;9.79;245.831;245.821;1;1
1744;202004;9.92;183.993;184.123;1;1
1744;202005;9.95;185.336;185.366;1;1
1744;202006;10.16;143.38;143.59;1;1
1744;202007;9.9;106.675;106.415;1;1
1744;202008;7.13;82.767;79.997;1;1
1744;202009;7.26;206.995;207.125;1;1
1744;202010;9.87;126.606;129.216;1;1
1744;202011;10;205.523;205.653;1;1
1744;202012;8.77;254.764;253.534;1;1
1744;202101;8.85;308.355;308.435;1;1
1744;202102;8.4;253.287;252.837;1;1
1744;202103;9.38;278.749;279.729;1;1
1744;202104;9.7;213.328;213.648;1;1
1744;202105;9.8;158.851;158.951;1;1
1744;202106;9.9;175.214;175.314;1;1
1744;202107;10.28;205.949;206.329;1;1
1744;202108;9.47;102.057;101.247;1;1
1744;202109;8.79;91.54;90.86;1;1
1745;196110;1.51;19.025;17.515;2;1
1745;196111;0;16.295;16.735;2;1
1745;196112;0.44;34.534;36.194;2;1
1745;196201;2.1;39.865;38.825;2;1
1745;196202;1.06;23.181;23.511;2;1
1745;196203;1.39;27.251;27.171;2;1
1745;196204;1.31;26.585;26.515;2;1
1745;196205;1.24;8.338;10.928;2;1
1745;196206;3.83;13.582;12.672;2;1
1745;196207;2.92;19.742;16.822;2;1
1745;196208;0;0.717;0.717;2;1
1745;196209;0;0.311;0.311;2;1
1745;196210;0;;;2;1
1745;196211;0;0.201;0.201;2;1
1745;196212;0;4.107;5.827;2;1
1745;196301;1.72;25.124;27.624;2;1
1745;196302;4.22;17.794;19.634;2;1
1745;196303;6.06;23.628;24.828;2;1
1745;196304;7.26;33.909;32.479;2;1
1745;196305;5.83;26.919;25.889;2;1
1745;196306;4.8;21.344;19.084;2;1
1745;196307;2.54;5.67;3.13;2;1
1745;196308;0;7.102;9.352;2;1
1745;196309;2.25;16.275;21.375;2;1
1745;196310;7.35;6.019;1.474;2;1
1745;196311;2.805;18.179;22.173;2;1
1745;196312;6.799;18.867;19.659;2;1
1745;196401;7.591;25.739;24.81;2;1
1745;196402;6.662;29.724;29.639;2;1
1745;196403;6.577;25.941;25.915;2;1
1745;196404;6.551;23.816;24.077;2;1
1745;196405;6.812;14.635;13.851;2;1
1745;196406;6.028;14.839;11.766;2;1
1745;196407;2.955;5.809;2.854;2;1
1745;196408;0;1.293;1.515;2;1
1745;196409;0.222;9.966;12.144;2;1
1745;196410;2.4;12.511;14.711;2;1
1745;196411;4.6;4.458;4.958;2;1
1745;196412;5.1;4.303;3.403;2;1
1745;196501;4.2;1.979;4.679;2;1
1745;196502;6.9;16.891;15.591;2;1
1745;196503;5.6;26.577;26.477;2;1
1745;196504;5.5;20.287;20.587;2;1
1745;196505;5.8;19.207;19.307;2;1
1745;196506;5.9;4.242;4.042;2;1
1745;196507;5.7;7.62;7.92;2;1
1745;196508;6;1.892;1.092;2;1
1745;196509;5.2;2.255;3.175;2;1
1745;196510;6.12;1.682;1.532;2;1
1745;196511;5.97;16.8;16.75;2;1
1745;196512;5.92;32.298;33.268;2;1
1745;196601;6.89;52.714;53.104;2;1
1745;196602;7.28;70.677;71.377;2;1
1745;196603;7.98;27.218;24.628;2;1
1745;196604;5.39;42.045;43.735;2;1
1745;196605;7.08;13.018;13.748;2;1
1745;196606;7.81;9.254;9.024;2;1
1745;196607;7.58;26.929;19.349;2;1
1745;196608;0;2.453;6.973;2;1
1745;196609;4.52;4.278;4.018;2;1
1745;196610;4.26;17.391;19.161;2;1
1745;196611;6.03;18.043;17.833;2;1
1745;196612;5.82;27.727;27.857;2;1
1745;196701;5.95;8.791;8.731;2;1
1745;196702;5.89;13.941;13.841;2;1
1745;196703;5.79;8.37;8.46;2;1
1745;196704;5.88;5.854;6.024;2;1
1745;196705;6.05;14.63;15.47;2;1
1745;196706;6.89;11.484;11.534;2;1
1745;196707;6.94;11.281;7.701;2;1
1745;196708;3.36;4.193;1.323;2;1
1745;196709;0.49;10.875;16.415;2;1
1745;196710;6.03;7.026;6.886;2;1
1745;196711;5.89;6.598;7.218;2;1
1745;196712;6.51;7.158;7.528;2;1
1745;196801;6.88;12.713;13.103;2;1
1745;196802;7.27;16.931;16.341;2;1
1745;196803;6.68;18.878;18.868;2;1
1745;196804;6.67;11.119;10.589;2;1
1745;196805;6.14;23.045;23.405;2;1
1745;196806;6.5;11.215;8.865;2;1
1745;196807;4.15;4.468;6.728;2;1
1745;196808;6.41;3.853;4.283;2;1
1745;196809;6.84;11.68;11.89;2;1
1745;196810;7.05;20.036;20.116;2;1
1745;196811;7.13;31.742;30.812;2;1
1745;196812;6.2;22.707;22.957;2;1
1745;196901;6.45;22.491;22.121;2;1
1745;196902;6.08;25.084;25.004;2;1
1745;196903;6;37.795;38.775;2;1
1745;196904;6.98;33.943;33.373;2;1
1745;196905;6.41;31.767;32.897;2;1
1745;196906;7.54;30.778;30.238;2;1
1745;196907;7;25.801;23.661;2;1
1745;196908;4.86;1.749;2.019;2;1
1745;196909;5.13;5.662;5.952;2;1
1745;196910;5.42;5.509;5.619;2;1
1745;196911;5.53;6.72;7.61;2;1
1745;196912;6.42;9.934;9.014;2;1
1745;197001;5.5;26.577;28.067;2;1
1745;197002;6.99;27.005;26.745;2;1
1745;197003;6.73;29.143;28.523;2;1
1745;197004;6.11;9.492;9.982;2;1
1745;197005;6.6;8.103;8.283;2;1
1745;197006;6.78;16.996;17.006;2;1
1745;197007;6.79;12.098;5.408;2;1
1745;197008;0.1;0.044;;2;1
1745;197009;0;1.719;7.719;2;1
1745;197010;6;0.007;;2;1
1745;197011;5.9;0.853;1.443;2;1
1745;197012;6.49;5.266;5.366;2;1
1745;197101;6.59;14.074;13.674;2;1
1745;197102;6.19;8.338;8.288;2;1
1745;197103;6.14;15.136;15.376;2;1
1745;197104;6.38;26.702;26.772;2;1
1745;197105;6.45;34.533;34.773;2;1
1745;197106;6.69;19.703;19.763;2;1
1745;197107;6.75;21.725;21.995;2;1
1745;197108;7.02;6.573;6.433;2;1
1745;197109;6.88;0;0.04;2;1
1745;197110;6.92;7.582;7.192;2;1
1745;197111;6.53;18.758;15.648;2;1
1745;197112;3.42;5.113;3.103;2;1
1745;197201;1.41;9.095;13.395;2;1
1745;197202;5.71;16.545;15.645;2;1
1745;197203;4.81;14.495;17.305;2;1
1745;197204;7.62;32.629;30.469;2;1
1745;197205;5.46;19.235;19.275;2;1
1745;197206;5.5;29.611;30.831;2;1
1745;197207;6.72;15.986;13.036;2;1
1745;197208;3.77;0.507;2.297;2;1
1745;197209;5.56;4.091;1.021;2;1
1745;197210;2.49;4.747;7.197;2;1
1745;197211;4.94;12.944;12.984;2;1
1745;197212;4.98;19.037;19.797;2;1
1745;197301;5.74;22.289;22.499;2;1
1745;197302;5.95;17.569;18.059;2;1
1745;197303;6.44;3.036;3.136;2;1
1745;197304;6.54;6.359;7.679;2;1
1745;197305;7.86;34.914;33.644;2;1
1745;197306;6.59;15.561;15.041;2;1
1745;197307;6.07;12.194;12.124;2;1
1745;197308;6;6.239;5.709;2;1
1745;197309;5.47;1.492;0.882;2;1
1745;197310;4.86;0.643;1.003;2;1
1745;197311;5.22;6.911;7.691;2;1
1745;197312;6;5.89;6.68;2;1
1745;197401;6.79;29.095;28.135;2;1
1745;197402;5.83;27.01;27.49;2;1
1745;197403;6.31;23.904;23.704;2;1
1745;197404;6.11;21.2;20.93;2;1
1745;197405;5.84;5.027;5.917;2;1
1745;197406;6.73;2.658;2.728;2;1
1745;197407;6.8;5.423;4.683;2;1
1745;197408;6.06;0.287;0.437;2;1
1745;197409;6.21;6.076;6.036;2;1
1745;197410;6.17;3.882;3.692;2;1
1745;197411;5.98;12.38;13.47;2;1
1745;197412;7.07;15.606;14.536;2;1
1745;197501;6;15.757;16.177;2;1
1745;197502;6.42;23.992;23.002;2;1
1745;197503;5.43;26.872;25.632;2;1
1745;197504;4.19;17.68;18.63;2;1
1745;197505;5.14;14.35;14.91;2;1
1745;197506;5.7;5.89;4.93;2;1
1745;197507;4.74;0;0.11;2;1
1745;197508;4.85;0;;2;1
1745;197509;4.82;0.479;0.449;2;1
1745;197510;4.79;0.15;0.57;2;1
1745;197511;5.21;2.576;3.816;2;1
1745;197512;6.45;16.184;13.574;2;1
1745;197601;3.84;11.768;12.328;2;1
1745;197602;4.4;8.209;9.249;2;1
1745;197603;5.44;4.485;4.325;2;1
1745;197604;5.28;14.239;12.839;2;1
1745;197605;3.88;10.018;11.308;2;1
1745;197606;5.17;7.906;7.356;2;1
1745;197607;4.62;5.911;7.641;2;1
1745;197608;6.35;0.274;0.324;2;1
1745;197609;6.4;0.285;0.465;2;1
1745;197610;6.58;4.154;3.844;2;1
1745;197611;6.27;31.222;30.092;2;1
1745;197612;5.14;30.219;30.639;2;1
1745;197701;5.56;24.826;23.756;2;1
1745;197702;4.49;46.913;46.853;2;1
1745;197703;4.43;40.512;40.362;2;1
1745;197704;4.28;3.705;4.405;2;1
1745;197705;4.98;2.018;1.758;2;1
1745;197706;4.72;8.9;9.11;2;1
1745;197707;4.93;7.185;6.955;2;1
1745;197708;4.7;0.927;1.037;2;1
1745;197709;4.81;8.052;7.912;2;1
1745;197710;4.67;20.339;20.549;2;1
1745;197711;4.88;17.476;17.456;2;1
1745;197712;4.86;22.763;22.593;2;1
1745;197801;4.69;26.092;25.402;2;1
1745;197802;4;45.399;46.479;2;1
1745;197803;5.08;45.639;45.199;2;1
1745;197804;4.64;28.868;28.828;2;1
1745;197805;4.6;17.153;18.003;2;1
1745;197806;5.45;10.401;11.061;2;1
1745;197807;6.11;7.982;8.032;2;1
1745;197808;6.16;0.186;0.056;2;1
1745;197809;6.03;6.407;6.197;2;1
1745;197810;5.82;6.887;7.097;2;1
1745;197811;6.03;4.202;3.032;2;1
1745;197812;4.86;43.295;44.035;2;1
1745;197901;5.6;47.345;44.795;2;1
1745;197902;3.05;61.095;63.035;2;1
1745;197903;4.99;27.222;28.312;2;1
1745;197904;6.08;35.644;34.894;2;1
1745;197905;5.33;18.533;18.983;2;1
1745;197906;5.78;11.801;11.751;2;1
1745;197907;5.73;5.043;4.543;2;1
1745;197908;5.23;7.773;8.143;2;1
1745;197909;5.6;5.619;5.379;2;1
1745;197910;5.36;7.521;7.541;2;1
1745;197911;5.38;14.952;14.542;2;1
1745;197912;4.97;17.583;17.633;2;1
1745;198001;5.02;28.789;28.459;2;1
1745;198002;4.69;12.5;12.7;2;1
1745;198003;4.89;14.434;14.714;2;1
1745;198004;5.17;13.23;12.63;2;1
1745;198005;4.57;10.621;11.221;2;1
1745;198006;5.17;4.31;5.01;2;1
1745;198007;5.87;1.895;1.645;2;1
1745;198008;5.62;1.964;2.454;2;1
1745;198009;6.11;2.602;2.272;2;1
1745;198010;5.78;7.231;7.241;2;1
1745;198011;5.79;19.662;18.672;2;1
1745;198012;4.8;16.891;17.371;2;1
1745;198101;5.28;6.132;6.562;2;1
1745;198102;5.71;10.707;10.427;2;1
1745;198103;5.43;10.233;10.203;2;1
1745;198104;5.4;15.398;15.498;2;1
1745;198105;5.5;14.734;14.864;2;1
1745;198106;5.63;12.135;12.295;2;1
1745;198107;5.79;3.82;2.43;2;1
1745;198108;4.4;0;1.11;2;1
1745;198109;5.51;1.61;1.99;2;1
1745;198110;5.89;11.797;11.087;2;1
1745;198111;5.18;12.037;13.007;2;1
1745;198112;6.15;28.128;27.418;2;1
1745;198201;5.44;36.177;36.247;2;1
1745;198202;5.51;13.675;13.715;2;1
1745;198203;5.55;22.359;22.479;2;1
1745;198204;5.67;9.471;9.371;2;1
1745;198205;5.57;3.687;3.517;2;1
1745;198206;5.4;1.857;2.087;2;1
1745;198207;5.63;1.085;0.965;2;1
1745;198208;5.51;0.646;0.466;2;1
1745;198209;5.33;5.588;5.954;2;1
1745;198210;5.696;5.039;4.879;2;1
1745;198211;5.536;22.668;22.545;2;1
1745;198212;5.413;36.195;35.831;2;1
1745;198301;5.049;12.555;12.638;2;1
1745;198302;5.132;10.213;9.892;2;1
1745;198303;4.811;14.511;14.737;2;1
1745;198304;5.037;16.386;16.267;2;1
1745;198305;4.918;34.173;34.233;2;1
1745;198306;4.978;14.462;15.081;2;1
1745;198307;5.597;11.79;10.826;2;1
1745;198308;4.633;2.384;2.717;2;1
1745;198309;4.966;6.932;7.379;2;1
1745;198310;5.413;4.146;3.842;2;1
1745;198311;5.109;3.794;4.086;2;1
1745;198312;5.401;16.187;14.983;2;1
1745;198401;4.197;19.718;19.969;2;1
1745;198402;4.448;25.041;24.893;2;1
1745;198403;4.3;16.735;17.151;2;1
1745;198404;4.716;18.958;18.946;2;1
1745;198405;4.704;20.416;20.595;2;1
1745;198406;4.883;13.629;13.367;2;1
1745;198407;4.621;13.941;14.795;2;1
1745;198408;5.475;13.962;13.5;2;1
1745;198409;5.013;3.891;4.23;2;1
1745;198410;5.352;9.912;9.169;2;1
1745;198411;4.609;19.388;19.959;2;1
1745;198412;5.18;32.628;32.438;2;1
1745;198501;4.99;24.035;23.55;2;1
1745;198502;4.505;28.175;28.41;2;1
1745;198503;4.74;31.906;32.073;2;1
1745;198504;4.907;27.789;27.848;2;1
1745;198505;4.966;11.725;10.644;2;1
1745;198506;3.885;14.106;10.473;2;1
1745;198507;0.252;1.457;1.205;2;1
1745;198508;0;0;0;2;1
1745;198509;0;1.985;4.949;2;1
1745;198510;2.964;0.018;2.247;2;1
1745;198511;5.193;6.442;7.22;2;1
1745;198512;5.971;10.635;10.445;2;1
1745;198601;5.781;13.845;12.757;2;1
1745;198602;4.693;23.246;23.115;2;1
1745;198603;4.562;24.977;25.841;2;1
1745;198604;5.426;15.411;14.513;2;1
1745;198605;4.528;11.014;11.357;2;1
1745;198606;4.871;6.224;5.195;2;1
1745;198607;3.842;0.996;1.104;2;1
1745;198608;3.95;0.433;0.954;2;1
1745;198609;4.471;5.275;5.161;2;1
1745;198610;4.357;0.83;0.978;2;1
1745;198611;4.505;14.298;13.292;2;1
1745;198612;3.499;22.595;22.906;2;1
1745;198701;3.81;17.405;17.815;2;1
1745;198702;4.22;27.455;26.895;2;1
1745;198703;3.66;13.981;13.416;2;1
1745;198704;3.095;15.035;15.196;2;1
1745;198705;3.256;2.073;2.923;2;1
1745;198706;4.106;3.214;4.313;2;1
1745;198707;5.205;4.36;4.014;2;1
1745;198708;4.859;2.089;2.148;2;1
1745;198709;4.918;2.064;2.064;2;1
1745;198710;4.918;29.647;28.604;2;1
1745;198711;3.875;28.022;27.312;2;1
1745;198712;3.165;32.304;31.208;2;1
1745;198801;2.069;29.499;32.684;2;1
1745;198802;5.254;40.601;38.352;2;1
1745;198803;3.005;8.184;8.234;2;1
1745;198804;3.055;13.957;14.68;2;1
1745;198805;3.778;16.4;15.502;2;1
1745;198806;2.88;17.876;20.904;2;1
1745;198807;5.908;7.092;6.843;2;1
1745;198808;5.659;14.238;12.131;2;1
1745;198809;3.552;4.206;3.271;2;1
1745;198810;2.674;0.882;0.957;1;1
1745;198811;2.608;3.925;3.859;1;1
1745;198812;2.964;2.101;2.457;1;1
1745;198901;;2.35;;1;1
1745;198902;2.889;2.501;;1;1
1745;198903;2.65;13.25;13.011;1;1
1745;198904;2.49;18.55;18.39;1;1
1745;198905;2.77;7.14;7.42;1;1
1745;198906;2.6;11.98;11.81;1;1
1745;198907;3.28;0.9;1.58;1;1
1745;198908;2.94;3.33;2.99;1;1
1745;198909;3.03;12.81;12.9;1;1
1745;198910;2.96;2.31;2.24;1;1
1745;198911;2.35;13.71;13.1;1;1
1745;198912;4.52;53.57;55.74;1;1
1745;199001;4.3;31.46;31.24;1;1
1745;199002;2.62;28.47;26.79;1;1
1745;199003;2.76;5.05;5.19;1;1
1745;199004;2.72;3.82;3.78;1;1
1745;199005;3.06;12.13;12.47;1;1
1745;199006;2.34;5.92;5.2;1;1
1745;199007;2.33;0.01;0;1;1
1745;199008;2.45;0.05;0.17;1;1
1745;199009;2.48;0;0.03;1;1
1745;199010;2.65;1.23;1.4;1;1
1745;199011;2.92;18.27;18.54;1;1
1745;199012;2.29;15.76;15.13;1;1
1745;199101;2.22;31.92;31.85;1;1
1745;199102;2.73;10.5;11.01;1;1
1745;199103;3.44;34.13;34.84;1;1
1745;199104;2.23;15.9;14.69;1;1
1745;199105;2.43;11.8;12;1;1
1745;199106;2.29;0.59;0.45;1;1
1745;199107;2.32;0;0.03;1;1
1745;199108;4.92;2.89;5.49;1;1
1745;199109;2.64;2.43;0.15;1;1
1745;199110;2.32;5.8;5.48;1;1
1745;199111;3.18;19.24;20.1;1;1
1745;199112;2.29;15.86;14.97;1;1
1745;199201;2.76;11.77;12.24;1;1
1745;199202;2.79;2.39;2.42;1;1
1745;199203;2.72;0.7;0.63;1;1
1745;199204;3.17;9.5;9.95;1;1
1745;199205;2.65;5.48;4.96;1;1
1745;199206;2.21;3.67;3.23;1;1
1745;199207;2.35;0;0.14;1;1
1745;199208;3.09;0.25;0.99;1;1
1745;199209;3.67;5.24;5.82;1;1
1745;199210;4.59;9.12;10.04;1;1
1745;199211;3.26;9.92;8.59;1;1
1745;199212;4.41;28.17;29.32;1;1
1745;199301;3.3;17.54;16.43;1;1
1745;199302;2.37;11.64;10.71;1;1
1745;199303;3.34;2.54;3.51;1;1
1745;199304;4.8;2.34;3.8;1;1
1745;199305;3.87;11.39;10.46;1;1
1745;199306;2.2;17.64;15.97;1;1
1745;199307;2.51;0;0.31;1;1
1745;199308;2.16;1.95;1.6;1;1
1745;199309;2.7;6.33;6.87;1;1
1745;199310;3.67;31.88;32.85;1;1
1745;199311;4.27;27.11;27.71;1;1
1745;199312;4.59;13.13;13.45;1;1
1745;199401;2.65;38.69;36.75;1;1
1745;199402;3.72;17.86;18.93;1;1
1745;199403;2.96;19.33;18.57;1;1
1745;199404;3.63;7.17;7.84;1;1
1745;199405;3.45;19.38;19.2;1;1
1745;199406;5.17;9.36;11.08;1;1
1745;199407;3.07;4.06;1.96;1;1
1745;199408;5.13;4.54;6.6;1;1
1745;199409;2.13;6.85;3.85;1;1
1745;199410;2.07;1.99;1.93;1;1
1745;199411;2.42;12.75;13.1;1;1
1745;199412;4.28;11.86;13.72;1;1
1745;199501;3.46;31.74;30.92;1;1
1745;199502;3.17;19.48;19.19;1;1
1745;199503;3.29;22.61;22.73;1;1
1745;199504;4.31;6.71;7.73;1;1
1745;199505;2.69;5.61;3.99;1;1
1745;199506;3.01;2.31;2.63;1;1
1745;199507;3.38;2.95;3.32;1;1
1745;199508;3.26;3.21;3.09;1;1
1745;199509;2.09;2.28;1.11;1;1
1745;199510;2.74;0.53;1.18;1;1
1745;199511;4.22;18.35;19.83;1;1
1745;199512;5.46;41.31;42.55;1;1
1745;199601;4.04;69.4;67.98;1;1
1745;199602;2.55;33.2;31.71;1;1
1745;199603;3.45;14.56;15.46;1;1
1745;199604;3.82;24.99;25.36;1;1
1745;199605;2.36;15.29;13.83;1;1
1745;199606;2.05;7.79;7.48;1;1
1745;199607;3.26;2.91;4.12;1;1
1745;199608;3.4;5.38;5.52;1;1
1745;199609;2.16;2.72;1.48;1;1
1745;199610;2.2;1.71;1.75;1;1
1745;199611;2.81;8.05;8.66;1;1
1745;199612;3.83;29.34;30.36;1;1
1745;199701;2.83;29.71;28.71;1;1
1745;199702;2.83;13.26;13.26;1;1
1745;199703;2.71;5.55;5.43;1;1
1745;199704;2.91;1.42;1.62;1;1
1745;199705;3.82;12.13;13.04;1;1
1745;199706;2.2;20.53;18.91;1;1
1745;199707;2.57;0;0.37;1;1
1745;199708;2.19;1.86;1.48;1;1
1745;199709;2.96;3.81;4.58;1;1
1745;199710;3.42;7.3;7.76;1;1
1745;199711;3.9;35.14;35.62;1;1
1745;199712;4.51;37.68;38.29;1;1
1745;199801;3.64;37.16;36.29;1;1
1745;199802;3.6;9.83;9.79;1;1
1745;199803;3.72;6.55;6.67;1;1
1745;199804;3.94;30.98;31.2;1;1
1745;199805;3.42;27.53;27.01;1;1
1745;199806;2.52;12.04;11.14;1;1
1745;199807;2.55;0.46;0.49;1;1
1745;199808;3.62;5.5;6.57;1;1
1745;199809;3.05;4.37;3.8;1;1
1745;199810;3.09;4.91;4.95;1;1
1745;199811;3.47;1.06;1.44;1;1
1745;199812;2.98;3.33;2.84;1;1
1745;199901;3.34;7.35;7.71;1;1
1745;199902;3.6;9.3;9.56;1;1
1745;199903;4.37;13.32;14.09;1;1
1745;199904;4.29;13.74;13.66;1;1
1745;199905;3.24;20.34;19.29;1;1
1745;199906;4.57;3.86;5.19;1;1
1745;199907;4.6;5.53;5.56;1;1
1745;199908;4.49;7.01;6.9;1;1
1745;199909;3.6;8.17;7.28;1;1
1745;199910;4.12;15.14;15.66;1;1
1745;199911;3.06;24.03;22.97;1;1
1745;199912;4.18;17.33;18.45;1;1
1745;200001;4.32;8.95;9.09;1;1
1745;200002;4.32;9.4;9.4;1;1
1745;200003;3.51;5.62;4.81;1;1
1745;200004;4.15;16.96;17.6;1;1
1745;200005;3.85;19.29;18.99;1;1
1745;200006;3.55;1.93;1.63;1;1
1745;200007;3.89;6.98;7.32;1;1
1745;200008;3.95;4.49;4.55;1;1
1745;200009;3.85;4.35;4.25;1;1
1745;200010;2.67;3.06;1.88;1;1
1745;200011;4.05;21.04;22.42;1;1
1745;200012;5.45;78.42;79.82;1;1
1745;200101;5.35;62.05;61.95;1;1
1745;200102;4.38;47.53;46.56;1;1
1745;200103;5.14;87.09;87.85;1;1
1745;200104;4.35;25.34;24.55;1;1
1745;200105;3.7;13.29;12.64;1;1
1745;200106;4.25;1.09;1.64;1;1
1745;200107;5.74;1.55;3.04;1;1
1745;200108;7.63;0.1;1.99;1;1
1745;200109;2.15;11.4;5.92;1;1
1745;200110;2.91;2.62;3.38;1;1
1745;200111;2.33;5.56;4.98;1;1
1745;200112;2.14;0.79;0.6;1;1
1745;200201;3.18;4.14;5.18;1;1
1745;200202;4.57;7.16;8.55;1;1
1745;200203;3.85;15.57;14.85;1;1
1745;200204;3.5;8.86;8.51;1;1
1745;200205;3.6;4.03;4.13;1;1
1745;200206;4.41;5.18;5.99;1;1
1745;200207;4.28;6.14;6.01;1;1
1745;200208;3.07;1.82;0.61;1;1
1745;200209;4.02;5.99;6.94;1;1
1745;200210;4.41;12.43;12.82;1;1
1745;200211;3.91;25.14;24.64;1;1
1745;200212;4.78;49.86;50.73;1;1
1745;200301;3.51;45.24;43.97;1;1
1745;200302;4;17.7;18.19;1;1
1745;200303;3.9;17.31;17.21;1;1
1745;200304;4.02;19.34;19.46;1;1
1745;200305;3.72;12.39;12.09;1;1
1745;200306;3.16;2.18;1.62;1;1
1745;200307;3.49;2.09;2.42;1;1
1745;200308;2.93;1.93;1.37;1;1
1745;200309;3.55;5.28;5.9;1;1
1745;200310;3.76;2.27;2.48;1;1
1745;200311;4.73;15.91;16.88;1;1
1745;200312;4.52;27.82;27.61;1;1
1745;200401;4.15;26.56;26.19;1;1
1745;200402;3.62;12.43;11.9;1;1
1745;200403;4.29;10.07;10.74;1;1
1745;200404;4.6;5.08;5.39;1;1
1745;200405;4;6.51;5.91;1;1
1745;200406;4.98;6.4;7.38;1;1
1745;200407;3.3;1.86;0.18;1;1
1745;200408;3.39;3.85;3.94;1;1
1745;200409;3.77;4.86;5.24;1;1
1745;200410;4.31;6.26;6.8;1;1
1745;200411;3.38;18.34;17.41;1;1
1745;200412;4.03;10;10.65;1;1
1745;200501;3.87;10.1;9.94;1;1
1745;200502;3.27;3.71;3.11;1;1
1745;200503;3.85;2.56;3.14;1;1
1745;200504;4.15;14.22;14.52;1;1
1745;200505;5.34;23.42;24.61;1;1
1745;200506;2.56;2.64;;1;1
1745;200507;2.27;0.01;;1;1
1745;200508;1.96;0.01;;1;1
1745;200509;1.73;0;;1;1
1745;200510;1.95;0.01;0.23;1;1
1745;200511;2.2;0.57;0.82;1;1
1745;200512;3.72;8.42;9.94;1;1
1745;200601;3.68;9.73;9.69;1;1
1745;200602;4.07;3.57;3.96;1;1
1745;200603;4.42;28.81;29.16;1;1
1745;200604;5.14;18.91;19.63;1;1
1745;200605;6.58;7.76;9.2;1;1
1745;200606;3.35;3.25;0.02;1;1
1745;200607;3.3;2.22;2.17;1;1
1745;200608;3.58;2.3;2.58;1;1
1745;200609;3.51;5.51;5.44;1;1
1745;200610;6.49;16.41;19.39;1;1
1745;200611;6.34;35.54;35.39;1;1
1745;200612;5.45;33.76;32.87;1;1
1745;200701;5.09;15.31;14.95;1;1
1745;200702;5.54;24.71;25.16;1;1
1745;200703;5.29;18.28;18.03;1;1
1745;200704;5.47;2.89;3.07;1;1
1745;200705;4.65;6.31;5.49;1;1
1745;200706;3.7;6.31;5.36;1;1
1745;200707;5.22;6.54;8.06;1;1
1745;200708;4.85;0.96;0.59;1;1
1745;200709;3.8;5.2;4.15;1;1
1745;200710;3.31;1.18;0.69;1;1
1745;200711;2.91;0.48;0.08;1;1
1745;200712;2.88;0.84;0.81;1;1
1745;200801;3.34;7.24;7.7;1;1
1745;200802;4.62;10.3;11.58;1;1
1745;200803;5.22;5.39;5.99;1;1
1745;200804;5.44;27.48;27.7;1;1
1745;200805;2.98;41.98;39.52;1;1
1745;200806;0;11.65;8.67;1;1
1745;200807;0;0;0;1;1
1745;200808;0;0;0;1;1
1745;200809;0;0;0;1;1
1745;200810;0;0;0;1;1
1745;200811;0;0;0;1;1
1745;200812;0.52;0;0.52;1;1
1745;200901;6.32;11.44;17.24;1;1
1745;200902;5.65;33.1;32.43;1;1
1745;200903;5.39;18.7;18.44;1;1
1745;200904;5.84;6.91;7.36;1;1
1745;200905;5.44;3.65;3.25;1;1
1745;200906;5.87;6.37;6.8;1;1
1745;200907;5.44;1.879;1.449;1;1
1745;200908;4.94;1.659;1.159;1;1
1745;200909;4.39;0.989;0.439;1;1
1745;200910;4.99;4.11;4.71;1;1
1745;200911;4.64;23.77;23.42;1;1
1745;200912;6.57;40.59;42.52;1;1
1745;201001;3.22;43.47;40.12;1;1
1745;201002;6.64;22.22;25.64;1;1
1745;201003;5.95;38.83;38.14;1;1
1745;201004;5.85;26.47;26.37;1;1
1745;201005;5.42;16.07;15.64;1;1
1745;201006;3.45;14.06;12.09;1;1
1745;201007;4.3;4.82;5.67;1;1
1745;201008;4.53;3.889;4.119;1;1
1745;201009;3.93;5.09;4.49;1;1
1745;201010;4.72;5.257;6.047;1;1
1745;201011;5.58;24.368;25.228;1;1
1745;201012;4.87;30.16;29.45;1;1
1745;201101;4.83;33.573;33.533;1;1
1745;201102;5.73;14.081;14.981;1;1
1745;201103;5.18;16.33;15.78;1;1
1745;201104;4.76;16.738;16.318;1;1
1745;201105;4.79;7.479;7.509;1;1
1745;201106;3.91;6.331;5.451;1;1
1745;201107;4.83;1.136;2.056;1;1
1745;201108;3.98;5.569;4.719;1;1
1745;201109;3.22;2.958;2.198;1;1
1745;201110;3.06;1.309;1.149;1;1
1745;201111;4.91;8.35;10.2;1;1
1745;201112;5.76;13.27;14.12;1;1
1745;201201;5.52;9.49;9.25;1;1
1745;201202;5;2.729;2.209;1;1
1745;201203;5.08;1.109;1.189;1;1
1745;201204;5.27;9.219;9.409;1;1
1745;201205;4.7;23.62;23.05;1;1
1745;201206;4.45;4.48;4.23;1;1
1745;201207;4.16;3.66;3.37;1;1
1745;201208;3.65;5.01;4.5;1;1
1745;201209;2.87;3.449;2.669;1;1
1745;201210;2.94;3.25;3.32;1;1
1745;201211;4.83;3.529;5.419;1;1
1745;201212;5.29;21.37;21.83;1;1
1745;201301;6.49;29.69;30.89;1;1
1745;201302;5.67;30.62;29.8;1;1
1745;201303;6.67;34.35;35.35;1;1
1745;201304;5.39;31.99;30.71;1;1
1745;201305;6.1;10.28;10.99;1;1
1745;201306;3.76;6.29;3.95;1;1
1745;201307;4.32;1.559;2.119;1;1
1745;201308;5.08;3.139;3.899;1;1
1745;201309;4.58;6.85;6.35;1;1
1745;201310;6.07;5.42;6.91;1;1
1745;201311;5.28;14.67;13.88;1;1
1745;201312;5.71;18.13;18.56;1;1
1745;201401;5.59;42.61;42.49;1;1
1745;201402;5.52;39.98;39.91;1;1
1745;201403;5.28;35.26;35.02;1;1
1745;201404;5.55;36.92;37.19;1;1
1745;201405;5.76;11.32;11.53;1;1
1745;201406;4.05;3.719;2.009;1;1
1745;201407;4.97;1.799;2.719;1;1
1745;201408;4.88;6.15;6.06;1;1
1745;201409;3.85;9.79;8.76;1;1
1745;201410;4.66;10.22;11.03;1;1
1745;201411;5.4;19.69;20.43;1;1
1745;201412;5.39;18.12;18.11;1;1
1745;201501;5.24;12.67;12.52;1;1
1745;201502;5.52;18.91;19.19;1;1
1745;201503;5.33;19.7;19.51;1;1
1745;201504;5.7;8.66;9.03;1;1
1745;201505;5.5;8.75;8.55;1;1
1745;201506;3.38;5.33;3.21;1;1
1745;201507;4.47;4.349;5.439;1;1
1745;201508;4.27;2.459;2.259;1;1
1745;201509;3.93;3.729;3.389;1;1
1745;201510;5.7;8.78;10.55;1;1
1745;201511;5.33;16.33;15.96;1;1
1745;201512;5.57;4.329;4.569;1;1
1745;201601;5.9;42.18;42.51;1;1
1745;201602;6.21;37.59;37.9;1;1
1745;201603;5.7;27.9;27.39;1;1
1745;201604;5.73;37.65;37.68;1;1
1745;201605;5.7;29.51;29.48;1;1
1745;201606;3.08;11.91;9.29;1;1
1745;201607;2.23;2.239;1.389;1;1
1745;201608;2.43;1.659;1.859;1;1
1745;201609;3.19;4.83;5.59;1;1
1745;201610;3.47;6.32;6.6;1;1
1745;201611;3.93;3.159;3.619;1;1
1745;201612;3.87;3.21;3.15;1;1
1745;201701;3.32;5.32;4.77;1;1
1745;201702;5.48;7.89;10.05;1;1
1745;201703;4.07;14.01;12.6;1;1
1745;201704;3.11;7.49;6.53;1;1
1745;201705;4.76;2.449;4.099;1;1
1745;201706;1.98;4.52;1.74;1;1
1745;201707;4.06;0.829;2.909;1;1
1745;201708;5.11;9.47;10.52;1;1
1745;201709;2.19;13.17;10.25;1;1
1745;201710;1.94;0.739;0.489;1;1
1745;201711;1.84;0.599;0.499;1;1
1745;201712;2.55;5.629;6.339;1;1
1745;201801;4.77;12.145;14.365;1;1
1745;201802;3.91;15.832;14.972;1;1
1745;201803;5.41;28.89;30.39;1;1
1745;201804;5.62;31.477;31.687;1;1
1745;201805;4.06;13.325;11.765;1;1
1745;201806;4.31;5.072;5.322;1;1
1745;201807;5.17;15.416;16.276;1;1
1745;201808;4.69;7.335;6.855;1;1
1745;201809;5.52;4.088;4.918;1;1
1745;201810;4.26;3.366;2.106;1;1
1745;201811;6.58;5.103;7.423;1;1
1745;201812;4.46;28.642;26.522;1;1
1745;201901;5.59;4.389;5.519;1;1
1745;201902;4.82;20.888;20.118;1;1
1745;201903;5.17;9.06;9.41;1;1
1745;201904;5.91;11.142;11.882;1;1
1745;201905;4.58;9.654;8.324;1;1
1745;201906;4.64;1.562;1.622;1;1
1745;201907;4.6;4.526;4.486;1;1
1745;201908;7.77;0.879;4.049;1;1
1745;201909;7.61;6.041;5.881;1;1
1745;201910;5.126;4.391;1.907;1;1
1745;201911;6.72;25.459;27.053;1;1
1745;201912;5.469;66.584;65.333;1;1
1745;202001;5.055;20.655;20.241;1;1
1745;202002;5.06;18.564;18.569;1;1
1745;202003;5.444;13.258;13.642;1;1
1745;202004;5.825;11.35;11.731;1;1
1745;202005;3.633;16.055;13.863;1;1
1745;202006;3.999;6.752;7.118;1;1
1745;202007;4.734;5.166;5.901;1;1
1745;202008;4.847;3.131;3.244;1;1
1745;202009;4.432;2.873;2.458;1;1
1745;202010;4.73;6.019;6.317;1;1
1745;202011;5.68;16.961;17.911;1;1
1745;202012;6.05;26.447;26.817;1;1
1745;202101;6.31;28.691;28.951;1;1
1745;202102;6.34;40.608;40.638;1;1
1745;202103;5.06;26.678;25.398;1;1
1745;202104;2.17;13.805;10.915;1;1
1745;202105;3.03;0.536;1.396;1;1
1745;202106;3.01;1.738;1.718;1;1
1745;202107;3.89;4.992;5.872;1;1
1745;202108;4.38;1.903;2.393;1;1
1745;202109;2.98;4.812;3.412;1;1
1748;195810;4.64;23.218;23.298;2;1
1748;195811;4.72;13.26;12.94;2;1
1748;195812;4.4;19.465;19.795;2;1
1748;195901;4.73;44.3;44.27;2;1
1748;195902;4.7;16.591;16.551;2;1
1748;195903;4.66;33.18;33.16;2;1
1748;195904;4.64;52.925;52.655;2;1
1748;195905;4.37;26.984;27.314;2;1
1748;195906;4.7;13.357;13.017;2;1
1748;195907;4.36;18.015;18.235;2;1
1748;195908;4.58;18.673;18.473;2;1
1748;195909;4.38;17.39;17.71;2;1
1748;195910;4.7;12.798;12.828;2;1
1748;195911;4.73;25.828;25.658;2;1
1748;195912;4.56;179.288;178.988;2;1
1748;196001;4.26;50.541;50.371;2;1
1748;196002;4.09;87.719;87.819;2;1
1748;196003;4.19;62.539;62.609;2;1
1748;196004;4.26;26.918;27.258;2;1
1748;196005;4.6;8.806;8.756;2;1
1748;196006;4.55;11.736;11.546;2;1
1748;196007;4.36;14.859;14.819;2;1
1748;196008;4.32;15.218;15.518;2;1
1748;196009;4.62;12.321;12.381;2;1
1748;196010;4.68;17.16;17.21;2;1
1748;196011;4.73;82.337;82.087;2;1
1748;196012;4.48;72.835;72.035;2;1
1748;196101;3.68;65.142;65.622;2;1
1748;196102;4.16;29.428;29.968;2;1
1748;196103;4.7;21.517;21.047;2;1
1748;196104;4.23;12.515;12.005;2;1
1748;196105;3.72;18.486;19.376;2;1
1748;196106;4.61;13.66;13.62;2;1
1748;196107;4.57;12.178;12.148;2;1
1748;196108;4.54;19.824;19.614;2;1
1748;196109;4.33;15.229;15.199;2;1
1748;196110;4.3;12.528;12.428;2;1
1748;196111;4.2;19.103;19.603;2;1
1748;196112;4.7;50.069;49.869;2;1
1748;196201;4.5;65.025;65.025;2;1
1748;196202;4.5;22.101;21.901;2;1
1748;196203;4.3;62.251;62.351;2;1
1748;196204;4.4;60.108;60.308;2;1
1748;196205;4.6;17.211;17.211;2;1
1748;196206;4.6;7.309;7.309;2;1
1748;196207;4.6;5.927;5.827;2;1
1748;196208;4.5;2.843;2.343;2;1
1748;196209;4;7.379;7.779;2;1
1748;196210;4.4;7.793;7.593;2;1
1748;196211;4.2;4.432;4.832;2;1
1748;196212;4.6;8.908;8.508;2;1
1748;196301;4.2;52.98;52.68;2;1
1748;196302;3.9;50.224;50.824;2;1
1748;196303;4.5;81.994;81.994;2;1
1748;196304;4.5;45.066;44.766;2;1
1748;196305;4.2;13.833;13.633;2;1
1748;196306;4;13.254;13.054;2;1
1748;196307;3.8;4.562;4.962;2;1
1748;196308;4.2;11.076;10.376;2;1
1748;196309;3.5;15.898;16.939;2;1
1748;196310;4.541;13.47;13.142;2;1
1748;196311;4.213;51.209;51.321;2;1
1748;196312;4.325;42.561;42.861;2;1
1748;196401;4.625;24.987;23.12;2;1
1748;196402;2.758;36.608;38.165;2;1
1748;196403;4.315;76.343;76.761;2;1
1748;196404;4.733;26.819;22.935;2;1
1748;196405;0.849;11.094;14.768;2;1
1748;196406;4.523;11.31;11.365;2;1
1748;196407;4.578;14.93;14.652;2;1
1748;196408;4.3;11.776;11.787;2;1
1748;196409;4.311;20.52;19.909;2;1
1748;196410;3.7;16.978;17.378;2;1
1748;196411;4.1;14.939;13.239;2;1
1748;196412;2.4;5.538;7.638;2;1
1748;196501;4.5;17.98;17.98;2;1
1748;196502;4.5;18.222;18.322;2;1
1748;196503;4.6;25.021;25.121;2;1
1748;196504;4.7;20.364;20.164;2;1
1748;196505;4.5;17.496;17.696;2;1
1748;196506;4.7;7.802;7.602;2;1
1748;196507;4.5;5.962;6.062;2;1
1748;196508;4.6;7.456;7.556;2;1
1748;196509;4.7;4.441;4.181;2;1
1748;196510;4.44;9.46;9.52;2;1
1748;196511;4.5;14.974;15.034;2;1
1748;196512;4.56;60.236;60.146;2;1
1748;196601;4.47;85.463;85.453;2;1
1748;196602;4.46;146.722;146.712;2;1
1748;196603;4.45;29.272;29.192;2;1
1748;196604;4.37;61.089;61.449;2;1
1748;196605;4.73;12.593;12.493;2;1
1748;196606;4.63;18.471;18.381;2;1
1748;196607;4.54;16.604;16.554;2;1
1748;196608;4.49;15.837;15.907;2;1
1748;196609;4.56;16.341;14.051;2;1
1748;196610;2.27;1.608;2.078;2;1
1748;196611;2.74;17.838;19.828;2;1
1748;196612;4.73;26.912;26.262;2;1
1748;196701;4.08;24.627;24.957;2;1
1748;196702;4.41;24.463;24.413;2;1
1748;196703;4.36;35.698;35.518;2;1
1748;196704;4.18;23.115;23.455;2;1
1748;196705;4.52;13.152;13.182;2;1
1748;196706;4.55;13.572;12.872;2;1
1748;196707;3.85;20.331;19.411;2;1
1748;196708;2.93;14.414;15.484;2;1
1748;196709;4;12.559;12.449;2;1
1748;196710;3.89;6.84;6.77;2;1
1748;196711;3.82;3.323;3.583;2;1
1748;196712;4.08;11.693;11.843;2;1
1748;196801;4.23;17.128;16.988;2;1
1748;196802;4.09;34.461;35.051;2;1
1748;196803;4.68;25.997;25.787;2;1
1748;196804;4.47;45.777;45.857;2;1
1748;196805;4.55;37.58;37.51;2;1
1748;196806;4.48;16.241;15.731;2;1
1748;196807;3.97;14.899;15.119;2;1
1748;196808;4.19;16.234;16.354;2;1
1748;196809;4.31;16.127;16.007;2;1
1748;196810;4.19;5.742;5.722;2;1
1748;196811;4.17;21.821;22.011;2;1
1748;196812;4.36;44.133;44.233;2;1
1748;196901;4.46;82.164;82.234;2;1
1748;196902;4.53;36.726;36.646;2;1
1748;196903;4.45;83.929;83.939;2;1
1748;196904;4.46;25.176;24.756;2;1
1748;196905;4.04;39.539;39.849;2;1
1748;196906;4.35;20.251;19.531;2;1
1748;196907;3.63;20.15;19.89;2;1
1748;196908;3.37;15.047;15.577;2;1
1748;196909;3.9;12.327;12.517;2;1
1748;196910;4.09;23.065;21.695;2;1
1748;196911;2.72;18.332;18.862;2;1
1748;196912;3.25;24.551;24.911;2;1
1748;197001;3.61;73.787;74.497;2;1
1748;197002;4.32;33.133;33.343;2;1
1748;197003;4.53;20.45;20.5;2;1
1748;197004;4.58;14.942;13.582;2;1
1748;197005;3.22;17.525;18.915;2;1
1748;197006;4.61;22.106;20.626;2;1
1748;197007;3.13;20.752;21.272;2;1
1748;197008;3.65;20.513;19.243;2;1
1748;197009;2.38;2.891;4.941;2;1
1748;197010;4.43;5.377;1.767;2;1
1748;197011;0.82;3.637;5.637;2;1
1748;197012;2.82;15.019;14.669;2;1
1748;197101;2.47;22.325;22.815;2;1
1748;197102;2.96;24.555;24.285;2;1
1748;197103;2.69;24.897;25.327;2;1
1748;197104;3.12;19.053;19.533;2;1
1748;197105;3.6;11.536;12.516;2;1
1748;197106;4.58;25.383;25.263;2;1
1748;197107;4.46;22.036;21.956;2;1
1748;197108;4.38;21.874;21.984;2;1
1748;197109;4.49;20.543;20.533;2;1
1748;197110;4.48;17.487;17.327;2;1
1748;197111;4.32;8.495;7.205;2;1
1748;197112;3.03;9.615;10.505;2;1
1748;197201;3.92;15.282;15.832;2;1
1748;197202;4.47;38.032;37.992;2;1
1748;197203;4.43;44.27;44.39;2;1
1748;197204;4.55;26.705;26.235;2;1
1748;197205;4.08;23.282;22.862;2;1
1748;197206;3.66;12.052;12.712;2;1
1748;197207;4.32;20.638;20.538;2;1
1748;197208;4.22;13.026;12.286;2;1
1748;197209;3.48;15.188;15.668;2;1
1748;197210;3.96;3.947;1.907;2;1
1748;197211;1.92;11.318;12.968;2;1
1748;197212;3.57;25.757;26.637;2;1
1748;197301;4.45;28.592;28.432;2;1
1748;197302;4.29;25.377;25.197;2;1
1748;197303;4.11;21.514;21.224;2;1
1748;197304;3.82;2.815;2.975;2;1
1748;197305;3.98;43.388;43.498;2;1
1748;197306;4.09;11.292;11.322;2;1
1748;197307;4.12;8.098;8.488;2;1
1748;197308;4.51;22.564;21.874;2;1
1748;197309;3.82;18.61;19.23;2;1
1748;197310;4.44;19.709;19.409;2;1
1748;197311;4.14;10.579;9.889;2;1
1748;197312;3.45;4.672;5.522;2;1
1748;197401;4.3;31.293;31.153;2;1
1748;197402;4.16;47.955;48.145;2;1
1748;197403;4.35;25.575;25.565;2;1
1748;197404;4.34;25.008;24.888;2;1
1748;197405;4.22;11.603;11.693;2;1
1748;197406;4.31;6.495;6.755;2;1
1748;197407;4.57;22.457;21.957;2;1
1748;197408;4.07;21.457;21.187;2;1
1748;197409;3.8;17.448;18.188;2;1
1748;197410;4.54;12.177;8.477;2;1
1748;197411;0.84;5.344;8.324;2;1
1748;197412;3.82;14.646;15.066;2;1
1748;197501;4.24;21.087;19.957;2;1
1748;197502;3.11;16.538;15.918;2;1
1748;197503;2.49;27.709;29.759;2;1
1748;197504;4.54;20.132;19.692;2;1
1748;197505;4.1;18.794;18.914;2;1
1748;197506;4.22;12.58;12.96;2;1
1748;197507;4.6;14.054;14.044;2;1
1748;197508;4.59;2.779;2.829;2;1
1748;197509;4.64;18.092;17.472;2;1
1748;197510;4.02;18.446;18.416;2;1
1748;197511;3.99;19.562;18.682;2;1
1748;197512;3.11;18.37;17.67;2;1
1748;197601;2.41;3.922;4.962;2;1
1748;197602;3.45;9.061;9.541;2;1
1748;197603;3.93;5.516;5.526;2;1
1748;197604;3.94;8.965;8.835;2;1
1748;197605;3.81;13.663;14.323;2;1
1748;197606;4.47;9.571;9.711;2;1
1748;197607;4.61;6.655;6.615;2;1
1748;197608;4.57;0.965;0.855;2;1
1748;197609;4.46;9.63;9.18;2;1
1748;197610;4.01;21.909;22.299;2;1
1748;197611;4.4;29.26;28.65;2;1
1748;197612;3.79;43.724;44.514;2;1
1748;197701;4.58;48.552;48.502;2;1
1748;197702;4.53;78.879;78.809;2;1
1748;197703;4.46;30.329;30.509;2;1
1748;197704;4.64;27.952;26.802;2;1
1748;197705;3.49;22.035;22.795;2;1
1748;197706;4.25;20.345;20.175;2;1
1748;197707;4.08;16.79;16.43;2;1
1748;197708;3.72;13.546;13.696;2;1
1748;197709;3.87;11.185;9.645;2;1
1748;197710;2.33;16.796;18.886;2;1
1748;197711;4.42;19.182;18.602;2;1
1748;197712;3.84;28.547;28.937;2;1
1748;197801;4.23;31.901;32.171;2;1
1748;197802;4.5;83.909;83.699;2;1
1748;197803;4.29;49.118;48.598;2;1
1748;197804;3.77;26.586;26.986;2;1
1748;197805;4.17;32.628;32.218;2;1
1748;197806;3.76;11.936;12.036;2;1
1748;197807;3.86;16.116;16.526;2;1
1748;197808;4.27;8.556;8.496;2;1
1748;197809;4.21;15.498;14.938;2;1
1748;197810;3.65;17.232;17.062;2;1
1748;197811;3.48;2.816;0.606;2;1
1748;197812;1.27;55.793;59.003;2;1
1748;197901;4.48;62.712;62.682;2;1
1748;197902;4.45;110.66;110.8;2;1
1748;197903;4.59;57.974;57.894;2;1
1748;197904;4.51;55.007;54.787;2;1
1748;197905;4.29;14.319;14.709;2;1
1748;197906;4.68;23.736;22.436;2;1
1748;197907;3.38;21.412;22.022;2;1
1748;197908;3.99;8.15;4.93;2;1
1748;197909;0.77;12.635;16.415;2;1
1748;197910;4.55;16.984;15.364;2;1
1748;197911;2.93;23.522;23.432;2;1
1748;197912;2.84;26.178;26.858;2;1
1748;198001;3.52;28.548;28.428;2;1
1748;198002;3.4;26.305;25.635;2;1
1748;198003;2.73;22.537;23.267;2;1
1748;198004;3.46;14.026;14.476;2;1
1748;198005;3.91;24.397;22.777;2;1
1748;198006;2.29;10.655;12.235;2;1
1748;198007;3.87;22.075;19.675;2;1
1748;198008;1.47;1.369;2.819;2;1
1748;198009;2.92;14.696;15.506;2;1
1748;198010;3.73;14.741;14.311;2;1
1748;198011;3.3;10.435;10.945;2;1
1748;198012;3.81;18.948;18.408;2;1
1748;198101;3.27;11.384;10.964;2;1
1748;198102;2.85;6.846;7.046;2;1
1748;198103;3.05;14.64;15.02;2;1
1748;198104;3.43;13.427;13.357;2;1
1748;198105;3.36;9.324;9.504;2;1
1748;198106;3.54;13.719;14.249;2;1
1748;198107;4.07;15.323;15.803;2;1
1748;198108;4.55;6.269;4.889;2;1
1748;198109;3.17;14.723;14.933;2;1
1748;198110;3.38;20.269;20.679;2;1
1748;198111;3.79;17.37;16.43;2;1
1748;198112;2.85;27.647;29.287;2;1
1748;198201;4.49;43.422;42.522;2;1
1748;198202;3.59;23.271;23.911;2;1
1748;198203;4.23;27.962;25.942;2;1
1748;198204;2.21;14.711;16.251;2;1
1748;198205;3.75;11.718;11.358;2;1
1748;198206;3.39;10.991;11.721;2;1
1748;198207;4.12;12.887;12.607;2;1
1748;198208;3.84;11.505;8.885;2;1
1748;198209;1.22;0.499;0.082;2;1
1748;198210;0.803;1.743;4.661;2;1
1748;198211;3.721;24.657;24.18;2;1
1748;198212;3.244;45.346;46.79;2;1
1748;198301;4.688;27.418;26.062;2;1
1748;198302;3.332;22.38;22.546;2;1
1748;198303;3.498;21.371;20.712;2;1
1748;198304;2.839;15.308;16.116;2;1
1748;198305;3.647;70.146;71.161;2;1
1748;198306;4.662;19.966;18.451;2;1
1748;198307;3.147;17.774;18.942;2;1
1748;198308;4.315;16.87;16.761;2;1
1748;198309;4.206;20.786;19.405;2;1
1748;198310;2.825;5.922;4.059;2;1
1748;198311;0.962;9.349;11.367;2;1
1748;198312;2.98;23.372;23.797;2;1
1748;198401;3.405;28.864;30.084;2;1
1748;198402;4.625;28.103;28.166;2;1
1748;198403;4.688;29.26;29.231;2;1
1748;198404;4.659;36.343;35.412;2;1
1748;198405;3.728;25.329;25.417;2;1
1748;198406;3.816;24.08;23.946;2;1
1748;198407;3.682;22.219;22.184;2;1
1748;198408;3.647;19.469;19.951;2;1
1748;198409;4.129;14.322;10.976;2;1
1748;198410;0.783;1.588;5.198;2;1
1748;198411;4.393;26.002;26.045;2;1
1748;198412;4.436;30.356;30.263;2;1
1748;198501;4.343;32.442;32.817;2;1
1748;198502;4.718;63.854;63.832;2;1
1748;198503;4.696;42.206;42.187;2;1
1748;198504;4.677;41.923;41.65;2;1
1748;198505;4.404;25.756;24.766;2;1
1748;198506;3.414;11.597;11.933;2;1
1748;198507;3.75;12.534;12.232;2;1
1748;198508;3.448;14.321;15.349;2;1
1748;198509;4.476;8.525;4.871;2;1
1748;198510;0.822;3.796;5.871;2;1
1748;198511;2.897;6.81;6.57;2;1
1748;198512;2.657;13.078;13.093;2;1
1748;198601;2.672;30.101;31.134;2;1
1748;198602;3.705;43.782;44.474;2;1
1748;198603;4.397;32.726;31.884;2;1
1748;198604;3.555;27.274;26.81;2;1
1748;198605;3.091;21.102;21.306;2;1
1748;198606;3.295;18.145;19.011;2;1
1748;198607;4.161;19.137;19.255;2;1
1748;198608;4.279;15.738;12.285;2;1
1748;198609;0.826;0.02;0.158;2;1
1748;198610;0.964;0.278;1.339;2;1
1748;198611;2.025;6.556;7.562;2;1
1748;198612;3.031;17.663;17.529;2;1
1748;198701;2.897;14.543;14.954;2;1
1748;198702;3.308;23.797;23.358;2;1
1748;198703;2.869;23.548;23.648;2;1
1748;198704;2.969;25.272;24.75;2;1
1748;198705;2.447;11.465;13.603;2;1
1748;198706;4.585;7.725;6.666;2;1
1748;198707;3.526;3.734;0.975;2;1
1748;198708;0.767;0;0;2;1
1748;198709;0.767;0;0.005;2;1
1748;198710;0.772;23.785;25.915;2;1
1748;198711;2.902;26.137;25.99;2;1
1748;198712;2.755;29.511;29.617;2;1
1748;198801;2.861;54.57;56.01;2;1
1748;198802;4.301;68.881;67.419;2;1
1748;198803;2.839;25.602;25.635;2;1
1748;198804;2.872;23.642;23.344;2;1
1748;198805;2.574;24.463;25.233;2;1
1748;198806;3.344;23.302;23.32;2;1
1748;198807;3.362;22.928;23.187;2;1
1748;198808;3.621;7.194;5.323;2;1
1748;198809;1.75;13.399;15.178;2;1
1748;198810;3.529;5.18;5.276;2;1
1748;198811;3.625;1.286;0.336;2;1
1748;198812;2.675;4.287;4.575;2;1
1748;198901;2.963;3.77;3.687;2;1
1748;198902;2.88;4.828;5.493;2;1
1748;198903;3.545;17.978;17.735;2;1
1748;198904;3.302;21.578;21.268;2;1
1748;198905;2.992;14.2;14.558;2;1
1748;198906;3.35;17.516;18.278;2;1
1748;198907;4.112;18.077;18.046;2;1
1748;198908;4.081;14.433;13.44;2;1
1748;198909;3.088;2.146;0.031;2;1
1748;198910;0.973;0.34;1.395;2;1
1748;198911;2.028;6.27;7.206;2;1
1748;198912;2.964;32.742;34.001;2;1
1748;199001;4.223;28.252;27.456;2;1
1748;199002;3.427;29.459;28.906;2;1
1748;199003;2.874;23.717;23.855;2;1
1748;199004;3.012;19.975;20.7;2;1
1748;199005;3.737;16.082;16.011;2;1
1748;199006;3.666;8.829;8.453;2;1
1748;199007;3.29;9.12;9.574;2;1
1748;199008;3.744;2.541;0.903;2;1
1748;199009;2.106;1.246;0.027;2;1
1748;199010;2.632;1.456;3.201;1;1
1748;199011;3.275;16.85;17.493;1;1
1748;199012;2.822;18.326;17.873;1;1
1748;199101;3.335;27.383;27.896;1;1
1748;199102;2.863;23.825;23.353;1;1
1748;199103;4.034;34.565;35.736;1;1
1748;199104;3.552;25.782;25.3;1;1
1748;199105;3.836;21.633;21.917;1;1
1748;199106;3.095;17.088;16.347;1;1
1748;199107;4.188;8.708;9.801;1;1
1748;199108;4.092;0.324;0.228;1;1
1748;199109;0.911;3.299;0.118;1;1
1748;199110;3.083;5.515;7.687;1;1
1748;199111;2.55;21.829;21.296;1;1
1748;199112;2.847;20.915;21.212;1;1
1748;199201;4.382;13.325;14.86;1;1
1748;199202;3.689;5.955;5.262;1;1
1748;199203;2.409;2.788;1.508;1;1
1748;199204;3.483;15.381;16.455;1;1
1748;199205;3.885;5.605;6.007;1;1
1748;199206;3.708;13.764;13.587;1;1
1748;199207;3.882;11.944;12.118;1;1
1748;199208;4.451;8.891;9.46;1;1
1748;199209;3.141;7.034;5.724;1;1
1748;199210;1.473;2.418;0.75;1;1
1748;199211;3.596;10.629;12.752;1;1
1748;199212;2.506;26.906;25.816;1;1
1748;199301;3.369;24.138;25.001;1;1
1748;199302;3.185;19.795;19.611;1;1
1748;199303;2.781;16.824;16.42;1;1
1748;199304;3.375;11.797;12.391;1;1
1748;199305;4.147;8.792;9.564;1;1
1748;199306;2.803;12.401;11.057;1;1
1748;199307;2.825;13.123;13.145;1;1
1748;199308;4.168;7.845;9.188;1;1
1748;199309;2.565;3.44;1.837;1;1
1748;199310;3.577;29.611;30.623;1;1
1748;199311;3.973;28;28.396;1;1
1748;199312;3.942;31.147;31.116;1;1
1748;199401;3.602;61.774;61.434;1;1
1748;199402;3.718;27.34;27.456;1;1
1748;199403;3.734;26.42;26.436;1;1
1748;199404;3.375;23.08;22.721;1;1
1748;199405;3.628;23.431;23.684;1;1
1748;199406;3.028;23.001;22.401;1;1
1748;199407;4.147;19.08;20.199;1;1
1748;199408;1.943;9.378;7.174;1;1
1748;199409;3.492;1.021;2.57;1;1
1748;199410;3.58;14.145;14.233;1;1
1748;199411;3.78;18.411;18.611;1;1
1748;199412;4.35;22.655;23.225;1;1
1748;199501;4.603;31.043;31.296;1;1
1748;199502;4.544;31.397;31.338;1;1
1748;199503;3.098;39.141;37.695;1;1
1748;199504;3.257;21.726;21.885;1;1
1748;199505;3.644;24.532;24.919;1;1
1748;199506;2.57;21.307;20.233;1;1
1748;199507;4.411;2.471;4.312;1;1
1748;199508;0.868;6.311;2.768;1;1
1748;199509;4.241;2.419;5.792;1;1
1748;199510;3.819;7.464;7.042;1;1
1748;199511;3.272;13.123;12.576;1;1
1748;199512;4.393;46.816;47.937;1;1
1748;199601;4.527;111.724;111.858;1;1
1748;199602;4.651;48.881;49.005;1;1
1748;199603;3.511;30.008;28.868;1;1
1748;199604;3.311;28.883;28.683;1;1
1748;199605;2.964;25.858;25.511;1;1
1748;199606;3.902;21.363;22.301;1;1
1748;199607;4.429;4.657;5.184;1;1
1748;199608;1.632;9.412;6.615;1;1
1748;199609;4.614;0.23;3.212;1;1
1748;199610;3.892;10.073;9.351;1;1
1748;199611;3.875;24.123;24.106;1;1
1748;199612;4.505;32.077;32.707;1;1
1748;199701;3.224;33.716;32.435;1;1
1748;199702;4.425;22.819;24.02;1;1
1748;199703;3.922;22.526;22.023;1;1
1748;199704;4.003;16.517;16.598;1;1
1748;199705;4.044;5.579;5.62;1;1
1748;199706;4.099;10.239;10.294;1;1
1748;199707;4.133;14.053;14.087;1;1
1748;199708;4.051;0.436;0.354;1;1
1748;199709;0.841;5.817;2.607;1;1
1748;199710;3.498;9.73;12.387;1;1
1748;199711;4.659;38.778;39.939;1;1
1748;199712;4.523;44.889;44.753;1;1
1748;199801;4.519;60.851;60.847;1;1
1748;199802;2.744;29.145;27.37;1;1
1748;199803;2.696;26.917;26.869;1;1
1748;199804;4.647;32.206;34.157;1;1
1748;199805;3.929;36.328;35.61;1;1
1748;199806;3.095;25.243;24.409;1;1
1748;199807;3.989;0.168;1.062;1;1
1748;199808;4.733;18.183;18.927;1;1
1748;199809;4.23;21.313;20.81;1;1
1748;199810;4.404;11.992;12.166;1;1
1748;199811;4.733;9.389;9.718;1;1
1748;199812;3.695;10.593;9.555;1;1
1748;199901;3.872;15.918;16.095;1;1
1748;199902;4.071;11.949;12.148;1;1
1748;199903;3.378;21.004;20.311;1;1
1748;199904;3.263;8.519;8.404;1;1
1748;199905;3.552;5.189;5.478;1;1
1748;199906;3.29;23.803;23.541;1;1
1748;199907;3.865;13.462;14.037;1;1
1748;199908;2.781;1.614;0.53;1;1
1748;199909;2.514;7.006;6.739;1;1
1748;199910;3.692;27.583;28.761;1;1
1748;199911;3.705;25.989;26.002;1;1
1748;199912;4.487;30.765;31.547;1;1
1748;200001;2.638;29.041;27.192;1;1
1748;200002;2.77;20.419;20.551;1;1
1748;200003;3.15;15.329;15.709;1;1
1748;200004;3.023;18.025;17.898;1;1
1748;200005;2.762;22.606;22.345;1;1
1748;200006;2.947;22.723;22.908;1;1
1748;200007;4.62;20.934;22.607;1;1
1748;200008;2.852;3.874;2.106;1;1
1748;200009;2.824;0.324;0.296;1;1
1748;200010;2.947;0.129;0.252;1;1
1748;200011;4.329;34.832;36.214;1;1
1748;200012;3.952;128.58;128.203;1;1
1748;200101;4.404;127.332;127.784;1;1
1748;200102;4.382;67.555;67.533;1;1
1748;200103;4.269;134.741;134.628;1;1
1748;200104;3.846;32.163;31.74;1;1
1748;200105;2.789;26.793;25.736;1;1
1748;200106;3.77;22.218;23.199;1;1
1748;200107;4.081;11.035;11.346;1;1
1748;200108;2.382;2.213;0.514;1;1
1748;200109;4.126;5.652;7.396;1;1
1748;200110;2.414;18.013;16.301;1;1
1748;200111;2.76;3.4;3.746;1;1
1748;200112;2.852;3.159;3.251;1;1
1748;200201;2.827;3.487;3.462;1;1
1748;200202;3.686;7.117;7.976;1;1
1748;200203;3.679;4.248;4.241;1;1
1748;200204;3.763;8.227;8.311;1;1
1748;200205;4.527;6.708;7.472;1;1
1748;200206;4.003;18.378;17.854;1;1
1748;200207;4.161;15.72;15.878;1;1
1748;200208;1.96;2.65;0.449;1;1
1748;200209;4.45;0.148;2.638;1;1
1748;200210;2.93;19.773;18.253;1;1
1748;200211;4.578;36.596;38.244;1;1
1748;200212;3.686;527.176;526.284;1;1
1748;200301;4.545;77.232;78.091;1;1
1748;200302;3.902;29.147;28.504;1;1
1748;200303;3.112;29.671;28.881;1;1
1748;200304;2.586;23.685;23.159;1;1
1748;200305;3.23;30.795;31.439;1;1
1748;200306;4.301;24.041;25.112;1;1
1748;200307;3.533;13.978;13.21;1;1
1748;200308;2.539;1.221;0.227;1;1
1748;200309;2.83;0.119;0.41;1;1
1748;200310;2.406;14.852;14.428;1;1
1748;200311;4.192;22.698;24.484;1;1
1748;200312;3.599;33.169;32.576;1;1
1748;200401;4.343;30.854;31.598;1;1
1748;200402;2.509;25.531;23.697;1;1
1748;200403;2.916;17.976;18.383;1;1
1748;200404;3.323;16.027;16.434;1;1
1748;200405;4.161;11.912;12.75;1;1
1748;200406;4.136;13.367;13.342;1;1
1748;200407;4.45;1.522;1.836;1;1
1748;200408;2.727;1.952;0.229;1;1
1748;200409;3.057;0.176;0.506;1;1
1748;200410;3.029;17.974;17.946;1;1
1748;200411;3.162;21.26;21.393;1;1
1748;200412;2.762;15.731;15.331;1;1
1748;200501;3.281;12.105;12.624;1;1
1748;200502;3.555;3.967;4.241;1;1
1748;200503;3.979;1.679;2.103;1;1
1748;200504;3.421;5.794;5.236;1;1
1748;200505;4.185;13.568;14.332;1;1
1748;200506;4.49;15.141;15.446;1;1
1748;200507;3.104;2.891;1.505;1;1
1748;200508;3.188;0.59;0.674;1;1
1748;200509;1.445;3.165;1.422;1;1
1748;200510;3.26;6.73;8.545;1;1
1748;200511;2.664;12.462;11.866;1;1
1748;200512;3.59;16.151;17.077;1;1
1748;200601;2.489;16.146;15.045;1;1
1748;200602;2.701;13.461;13.673;1;1
1748;200603;2.902;30.259;30.46;1;1
1748;200604;3.445;21.456;21.999;1;1
1748;200605;4.35;19.445;20.35;1;1
1748;200606;3.046;16.737;15.433;1;1
1748;200607;3.523;5.935;6.412;1;1
1748;200608;3.602;0.644;0.723;1;1
1748;200609;3.634;3.718;3.75;1;1
1748;200610;3.017;22.309;21.692;1;1
1748;200611;4.603;29.078;30.664;1;1
1748;200612;3.136;48.417;46.95;1;1
1748;200701;3.224;27.826;27.914;1;1
1748;200702;4.541;29.547;30.864;1;1
1748;200703;2.656;32.57;30.685;1;1
1748;200704;3.245;19.172;19.761;1;1
1748;200705;3.174;16.152;16.081;1;1
1748;200706;3.341;14.139;14.306;1;1
1748;200707;3.832;7.108;7.599;1;1
1748;200708;4.119;0.535;0.822;1;1
1748;200709;3.311;13.583;12.775;1;1
1748;200710;3.501;13.978;14.168;1;1
1748;200711;3.046;5.468;5.013;1;1
1748;200712;3.757;1.899;2.61;1;1
1748;200801;2.643;9.095;7.981;1;1
1748;200802;3.686;7.621;8.664;1;1
1748;200803;3.933;3.847;4.094;1;1
1748;200804;3.99;14.454;14.511;1;1
1748;200805;4.415;21.139;21.564;1;1
1748;200806;4.112;20.682;20.379;1;1
1748;200807;4;1.413;1.301;1;1
1748;200808;3.892;12.307;12.199;1;1
1748;200809;3.953;16.264;16.325;1;1
1748;200810;3.026;16.869;15.942;1;1
1748;200811;3.387;7.907;8.268;1;1
1748;200812;2.998;25.031;24.642;1;1
1748;200901;4.379;31.322;32.703;1;1
1748;200902;3.565;36.139;35.325;1;1
1748;200903;3.209;28.525;28.169;1;1
1748;200904;2.404;21.352;20.547;1;1
1748;200905;2.961;21.879;22.436;1;1
1748;200906;4.078;0.722;1.839;1;1
1748;200907;4.541;0.528;0.991;1;1
1748;200908;3.803;1.779;1.041;1;1
1748;200909;4.556;6.244;6.997;1;1
1748;200910;2.604;20.771;18.819;1;1
1748;200911;4.574;23.754;25.724;1;1
1748;200912;4.119;54.371;53.916;1;1
1748;201001;4.516;70.702;71.099;1;1
1748;201002;4.312;56.532;56.328;1;1
1748;201003;4.498;51.961;52.147;1;1
1748;201004;3.212;36.971;35.685;1;1
1748;201005;3.511;19.582;19.881;1;1
1748;201006;4.057;5.714;6.26;1;1
1748;201007;4.04;2.163;2.146;1;1
1748;201008;3.351;10.643;9.954;1;1
1748;201009;1.816;21.715;20.18;1;1
1748;201010;2.87;20.955;22.009;1;1
1748;201011;4.11;29.142;30.382;1;1
1748;201012;3.71;31.997;31.597;1;1
1748;201101;3.7;42.683;42.673;1;1
1748;201102;4.35;26.527;27.177;1;1
1748;201103;3.59;28.172;27.412;1;1
1748;201104;2.72;23.751;22.881;1;1
1748;201105;3.21;22.559;23.049;1;1
1748;201106;3.34;7.379;7.509;1;1
1748;201107;3.94;0.536;1.136;1;1
1748;201108;4.35;0.536;0.946;1;1
1748;201109;2.47;7.723;5.843;1;1
1748;201110;4.259;13.946;15.735;1;1
1748;201111;3.218;18.42;17.379;1;1
1748;201112;3.269;19.878;19.929;1;1
1748;201201;3.009;13.686;13.426;1;1
1748;201202;3.82;2.206;3.017;1;1
1748;201203;3.446;4.707;4.333;1;1
1748;201204;2.407;10.362;9.323;1;1
1748;201205;1.518;27.112;26.223;1;1
1748;201206;1.951;7.338;7.771;1;1
1748;201207;2.409;0.565;1.023;1;1
1748;201208;3.653;10.372;11.616;1;1
1748;201209;3.183;21.716;21.246;1;1
1748;201210;2.83;20.411;20.058;1;1
1748;201211;2.659;17.227;17.056;1;1
1748;201212;3.856;25.722;26.919;1;1
1748;201301;4.276;54.962;55.382;1;1
1748;201302;3.816;39.143;38.683;1;1
1748;201303;4.279;82.949;83.412;1;1
1748;201304;4;50.659;50.38;1;1
1748;201305;2.744;27.211;25.955;1;1
1748;201306;2.781;15.942;15.979;1;1
1748;201307;3.275;0.726;1.22;1;1
1748;201308;3.381;0.536;0.642;1;1
1748;201309;3.311;2.979;2.909;1;1
1748;201310;2.225;19.143;18.057;1;1
1748;201311;2.617;18.719;19.111;1;1
1748;201312;4.372;26.441;28.196;1;1
1748;201401;4.487;69.887;70.002;1;1
1748;201402;4.386;99.674;99.573;1;1
1748;201403;4;55.346;54.96;1;1
1748;201404;3.663;37.983;37.646;1;1
1748;201405;2.849;22.792;21.978;1;1
1748;201406;3.679;10.053;10.883;1;1
1748;201407;4.279;0.536;1.136;1;1
1748;201408;4.494;0.613;0.828;1;1
1748;201409;4.622;0.75;0.878;1;1
1748;201410;1.5;21.135;18.013;1;1
1748;201411;3.1;26.018;27.618;1;1
1748;201412;3.86;27.104;27.864;1;1
1748;201501;4.48;24.874;25.494;1;1
1748;201502;4.53;43.565;43.615;1;1
1748;201503;2.91;32.221;30.601;1;1
1748;201504;2.84;21.418;21.348;1;1
1748;201505;4.33;15.374;16.864;1;1
1748;201506;2.96;9.61;8.24;1;1
1748;201507;3.49;0.536;1.066;1;1
1748;201508;3.91;0.536;0.956;1;1
1748;201509;4.38;0.518;0.988;1;1
1748;201510;1.34;11.522;8.482;1;1
1748;201511;3.63;10.293;12.583;1;1
1748;201512;2.76;22.214;21.344;1;1
1748;201601;3.31;61.689;62.239;1;1
1748;201602;4.17;82.702;83.562;1;1
1748;201603;4.46;54.701;54.991;1;1
1748;201604;4.17;65.466;65.176;1;1
1748;201605;3.61;38.635;38.075;1;1
1748;201606;2.62;25.687;24.697;1;1
1748;201607;2.57;4.382;4.332;1;1
1748;201608;4.42;5.941;7.791;1;1
1748;201609;2.99;20.712;19.282;1;1
1748;201610;2.29;13.06;12.36;1;1
1748;201611;3.26;1.969;2.939;1;1
1748;201612;3.51;7.08;7.33;1;1
1748;201701;3.19;2.989;2.669;1;1
1748;201702;4.23;18.97;20.01;1;1
1748;201703;3.19;23.51;22.47;1;1
1748;201704;3.53;12.8;13.14;1;1
1748;201705;3.54;10.82;10.83;1;1
1748;201706;2.55;4.589;3.599;1;1
1748;201707;2.55;0.53;0.53;1;1
1748;201708;2.55;0.311;0.311;1;1
1748;201709;2.55;0.301;0.301;1;1
1748;201710;2.21;1.174;0.834;1;1
1748;201711;2.19;1.032;1.012;1;1
1748;201712;3.81;8.48;10.1;1;1
1748;201801;3.96;29.881;30.031;1;1
1748;201802;3.27;28.237;27.547;1;1
1748;201803;4.22;78.871;79.821;1;1
1748;201804;3.55;71.802;71.132;1;1
1748;201805;3.16;25.198;24.808;1;1
1748;201806;2.38;21.978;21.198;1;1
1748;201807;3.78;1.202;2.602;1;1
1748;201808;4.02;1.189;1.429;1;1
1748;201809;4.15;1.172;1.302;1;1
1748;201810;2.74;23.393;21.983;1;1
1748;201811;3.01;20.957;21.227;1;1
1748;201812;2.9;27.523;27.413;1;1
1748;201901;4.41;28.511;30.021;1;1
1748;201902;2.89;31.181;29.661;1;1
1748;201903;2.99;27.615;27.715;1;1
1748;201904;3.07;26.893;26.973;1;1
1748;201905;2.59;25.051;24.571;1;1
1748;201906;3.09;3.3;3.8;1;1
1748;201907;3.46;1.238;1.608;1;1
1748;201908;3.6;1.216;1.356;1;1
1748;201909;2.63;8.776;7.806;1;1
1748;201910;3.18;13.561;14.111;1;1
1748;201911;3.85;34.907;35.577;1;1
1748;201912;4.38;91.011;91.541;1;1
1748;202001;2.42;28.038;26.078;1;1
1748;202002;3.21;25.778;26.568;1;1
1748;202003;3.24;30.21;30.24;1;1
1748;202004;3.07;20.673;20.503;1;1
1748;202005;2.94;24.42;24.29;1;1
1748;202006;2.33;16.436;15.826;1;1
1748;202007;2.5;1.227;1.397;1;1
1748;202008;2.44;1.53;1.47;1;1
1748;202009;3.02;14.857;15.437;1;1
1748;202010;2.58;2.458;2.018;1;1
1748;202011;2.86;14.579;14.859;1;1
1748;202012;3.53;31.807;32.477;1;1
1748;202101;4.44;36.665;37.575;1;1
1748;202102;4.38;77.941;77.881;1;1
1748;202103;3.39;29.561;28.571;1;1
1748;202104;3.16;21.638;21.408;1;1
1748;202105;1.13;9.292;7.262;1;1
1748;202106;2.07;12.022;12.962;1;1
1748;202107;2.41;3.833;4.173;1;1
1748;202108;2.41;3.849;3.849;1;1
1748;202109;3.62;12.899;14.109;1;1
1751;195810;10.32;131.501;130.881;2;1
1751;195811;9.7;82.253;82.873;2;1
1751;195812;10.32;773.885;774.115;2;1
1751;195901;10.55;873.072;873.122;2;1
1751;195902;10.6;281.664;281.394;2;1
1751;195903;10.33;496.627;496.897;2;1
1751;195904;10.6;760.666;760.666;2;1
1751;195905;10.6;489.715;489.715;2;1
1751;195906;10.6;211.766;211.286;2;1
1751;195907;10.12;117.504;117.254;2;1
1751;195908;9.87;90.979;91.409;2;1
1751;195909;10.3;119.318;119.118;2;1
1751;195910;10.1;191.756;192.256;2;1
1751;195911;10.6;531.973;531.973;2;1
1751;195912;10.6;2666.796;2666.696;2;1
1751;196001;10.5;1218.776;1218.876;2;1
1751;196002;10.6;1410.333;1410.233;2;1
1751;196003;10.5;1427.751;1427.851;2;1
1751;196004;10.6;561.669;561.669;2;1
1751;196005;10.6;256.677;256.077;2;1
1751;196006;10;177.155;177.755;2;1
1751;196007;10.6;153.282;153.182;2;1
1751;196008;10.5;134.827;132.627;2;1
1751;196009;8.3;67.159;69.259;2;1
1751;196010;10.4;450.662;450.662;2;1
1751;196011;10.4;1243.382;1243.582;2;1
1751;196012;10.6;922.406;922.306;2;1
1751;196101;10.5;1167.782;1167.882;2;1
1751;196102;10.6;677.117;677.117;2;1
1751;196103;10.6;380.246;380.046;2;1
1751;196104;10.4;305.338;305.438;2;1
1751;196105;10.5;270.086;270.086;2;1
1751;196106;10.5;239.155;238.955;2;1
1751;196107;10.3;171.85;171.95;2;1
1751;196108;10.4;161.05;160.75;2;1
1751;196109;10.1;152.928;153.168;2;1
1751;196110;10.34;308.966;309.156;2;1
1751;196111;10.53;616.637;616.707;2;1
1751;196112;10.6;844.301;844.181;2;1
1751;196201;10.48;1046.995;1047.115;2;1
1751;196202;10.6;324;323.92;2;1
1751;196203;10.52;855.36;854.04;2;1
1751;196204;9.2;1008.115;1009.515;2;1
1751;196205;10.6;;;2;1
1751;196206;10.48;164.506;164.506;2;1
1751;196207;10.48;162.864;162.864;2;1
1751;196208;10.48;123.811;123.631;2;1
1751;196209;10.3;146.016;145.916;2;1
1751;196210;10.2;121.046;121.146;2;1
1751;196211;10.3;98.073;98.173;2;1
1751;196212;10.4;175.478;174.878;2;1
1751;196301;9.8;482.077;482.777;2;1
1751;196302;10.5;539.404;539.404;2;1
1751;196303;10.5;1198.143;1198.243;2;1
1751;196304;10.6;740.88;740.88;2;1
1751;196305;10.6;419.377;419.077;2;1
1751;196306;10.3;270.596;270.696;2;1
1751;196307;10.4;220.735;220.835;2;1
1751;196308;10.5;235.172;235.172;2;1
1751;196309;10.5;196.482;195.992;2;1
1751;196310;10.01;211.334;211.274;2;1
1751;196311;9.95;539.136;539.786;2;1
1751;196312;10.6;599.616;599.616;2;1
1751;196401;10.6;328.925;328.925;2;1
1751;196402;10.6;625.795;625.675;2;1
1751;196403;10.48;1052.438;1052.558;2;1
1751;196404;10.6;472.781;472.781;2;1
1751;196405;10.6;239.414;239.284;2;1
1751;196406;10.47;234.144;234.154;2;1
1751;196407;10.48;135.475;135.475;2;1
1751;196408;10.48;121.565;121.565;2;1
1751;196409;10.48;172.022;172.042;2;1
1751;196410;10.5;216.225;216.225;2;1
1751;196411;10.5;168.8;168.8;2;1
1751;196412;10.5;188.162;188.162;2;1
1751;196501;10.5;347.881;347.981;2;1
1751;196502;10.6;290.218;290.118;2;1
1751;196503;10.5;578.871;578.971;2;1
1751;196504;10.6;340.2;340.1;2;1
1751;196505;10.5;188.084;188.084;2;1
1751;196506;10.5;109.408;109.408;2;1
1751;196507;10.5;98.85;98.85;2;1
1751;196508;10.5;71.755;71.755;2;1
1751;196509;10.5;106.523;106.503;2;1
1751;196510;10.48;166.847;166.797;2;1
1751;196511;10.43;342.732;342.902;2;1
1751;196512;10.6;847.662;847.662;2;1
1751;196601;10.6;1493.994;1493.874;2;1
1751;196602;10.48;2246.875;2246.875;2;1
1751;196603;10.48;722.278;722.398;2;1
1751;196604;10.6;848.059;848.059;2;1
1751;196605;10.6;332.467;332.347;2;1
1751;196606;10.48;255.113;255.113;2;1
1751;196607;10.48;193.916;193.916;2;1
1751;196608;10.48;157.231;157.231;2;1
1751;196609;10.48;184.473;184.473;2;1
1751;196610;10.48;248.443;248.353;2;1
1751;196611;10.39;488.22;488.31;2;1
1751;196612;10.48;397.777;397.777;2;1
1751;196701;10.48;323.577;323.577;2;1
1751;196702;10.48;350.49;350.61;2;1
1751;196703;10.6;412.033;412.033;2;1
1751;196704;10.6;301.752;301.632;2;1
1751;196705;10.48;258.198;257.708;2;1
1751;196706;9.99;187.618;188.108;2;1
1751;196707;10.48;167.642;167.012;2;1
1751;196708;9.85;131.829;132.369;2;1
1751;196709;10.39;171.495;171.585;2;1
1751;196710;10.48;175.789;175.789;2;1
1751;196711;10.48;178.165;178.165;2;1
1751;196712;10.48;214.678;214.678;2;1
1751;196801;10.48;271.979;271.399;2;1
1751;196802;9.9;384.713;385.293;2;1
1751;196803;10.48;292.248;291.668;2;1
1751;196804;9.9;352.443;353.023;2;1
1751;196805;10.48;467.891;468.011;2;1
1751;196806;10.6;216.527;208.927;2;1
1751;196807;3;178.433;177.803;2;1
1751;196808;2.37;119.975;119.895;2;1
1751;196809;2.29;263.416;265.386;2;1
1751;196810;4.26;293.777;299.997;2;1
1751;196811;10.48;403.946;404.066;2;1
1751;196812;10.6;705.084;705.084;2;1
1751;196901;10.6;1082.004;1082.004;2;1
1751;196902;10.6;722.019;721.899;2;1
1751;196903;10.48;1492.517;1492.637;2;1
1751;196904;10.6;571.856;571.856;2;1
1751;196905;10.6;653.314;653.314;2;1
1751;196906;10.6;419.308;419.308;2;1
1751;196907;10.6;252.158;251.918;2;1
1751;196908;10.36;268.773;268.243;2;1
1751;196909;9.83;184.231;183.941;2;1
1751;196910;9.54;283.98;284.76;2;1
1751;196911;10.32;250.612;250.652;2;1
1751;196912;10.36;223.188;223.238;2;1
1751;197001;10.41;1076.639;1076.829;2;1
1751;197002;10.6;696.194;696.194;2;1
1751;197003;10.6;417.243;417.243;2;1
1751;197004;10.6;191.298;191.178;2;1
1751;197005;10.48;277.957;277.677;2;1
1751;197006;10.2;258.889;258.909;2;1
1751;197007;10.22;190.547;190.717;2;1
1751;197008;10.39;208.777;208.807;2;1
1751;197009;10.42;46.613;46.583;2;1
1751;197010;10.39;158.924;158.774;2;1
1751;197011;10.24;131.881;132.001;2;1
1751;197012;10.36;223.94;224;2;1
1751;197101;10.42;374.44;373.35;2;1
1751;197102;9.33;292.62;293.72;2;1
1751;197103;10.43;320.881;320.881;2;1
1751;197104;10.43;439.335;439.505;2;1
1751;197105;10.6;568.21;568.21;2;1
1751;197106;10.6;493.525;493.385;2;1
1751;197107;10.46;394.883;394.813;2;1
1751;197108;10.39;350.266;350.246;2;1
1751;197109;10.37;206.902;206.922;2;1
1751;197110;10.39;174.563;174.593;2;1
1751;197111;10.42;176.584;176.584;2;1
1751;197112;10.42;199.653;199.653;2;1
1751;197201;10.42;222.359;222.339;2;1
1751;197202;10.4;804.997;805.057;2;1
1751;197203;10.46;584.099;584.029;2;1
1751;197204;10.39;509.345;509.345;2;1
1751;197205;10.39;291.859;291.759;2;1
1751;197206;10.29;257.351;257.421;2;1
1751;197207;10.36;249.679;249.649;2;1
1751;197208;10.33;170.839;170.879;2;1
1751;197209;10.37;190.633;190.403;2;1
1751;197210;10.14;193.787;193.247;2;1
1751;197211;9.6;265.55;266.31;2;1
1751;197212;10.36;398.14;398.2;2;1
1751;197301;10.42;420.06;420.07;2;1
1751;197302;10.43;325.106;324.826;2;1
1751;197303;10.15;279.452;279.702;2;1
1751;197304;10.4;157.473;157.473;2;1
1751;197305;10.4;550.558;550.498;2;1
1751;197306;10.34;248.633;248.593;2;1
1751;197307;10.3;251.044;251.104;2;1
1751;197308;10.36;182.14;182.2;2;1
1751;197309;10.42;137.808;137.798;2;1
1751;197310;10.41;212.967;212.947;2;1
1751;197311;10.39;148.383;148.123;2;1
1751;197312;10.13;140.219;140.309;2;1
1751;197401;10.22;606.606;606.986;2;1
1751;197402;10.6;754.764;754.664;2;1
1751;197403;10.5;445.548;445.458;2;1
1751;197404;10.41;268.471;268.481;2;1
1751;197405;10.42;189.363;189.303;2;1
1751;197406;10.36;184.879;184.809;2;1
1751;197407;10.29;306.012;305.472;2;1
1751;197408;9.75;174.2;174.81;2;1
1751;197409;10.36;195.705;195.715;2;1
1751;197410;10.37;99.593;99.653;2;1
1751;197411;10.43;208.561;208.521;2;1
1751;197412;10.39;178.649;178.649;2;1
1751;197501;10.39;230.844;230.814;2;1
1751;197502;10.36;261.196;261.226;2;1
1751;197503;10.39;427.153;427.153;2;1
1751;197504;10.39;254.059;253.569;2;1
1751;197505;9.9;127.112;127.292;2;1
1751;197506;10.08;115.871;116.111;2;1
1751;197507;10.32;147.727;147.707;2;1
1751;197508;10.3;105.892;105.732;2;1
1751;197509;10.14;192.681;192.881;2;1
1751;197510;10.34;216.181;214.301;2;1
1751;197511;8.46;269.991;271.891;2;1
1751;197512;10.36;327.387;327.127;2;1
1751;197601;10.1;85.977;86.067;2;1
1751;197602;10.19;177.094;177.204;2;1
1751;197603;10.3;198.089;198.149;2;1
1751;197604;10.36;184.706;184.496;2;1
1751;197605;10.15;99.49;99.66;2;1
1751;197606;10.32;123.483;123.483;2;1
1751;197607;10.32;73.172;73.092;2;1
1751;197608;10.24;40.211;40.271;2;1
1751;197609;10.3;117.556;117.576;2;1
1751;197610;10.32;202.522;202.592;2;1
1751;197611;10.39;585.619;585.529;2;1
1751;197612;10.3;811.754;811.234;2;1
1751;197701;9.78;699.624;700.324;2;1
1751;197702;10.48;1357.914;1357.914;2;1
1751;197703;10.48;694.794;694.514;2;1
1751;197704;10.2;342.386;341.816;2;1
1751;197705;9.63;181.984;182.634;2;1
1751;197706;10.28;241.834;241.824;2;1
1751;197707;10.27;244.901;245.031;2;1
1751;197708;10.4;184.74;184.74;2;1
1751;197709;10.4;187.186;187.146;2;1
1751;197710;10.36;291.159;291.159;2;1
1751;197711;10.36;257.308;257.378;2;1
1751;197712;10.43;529.088;528.948;2;1
1751;197801;10.29;551.828;552.098;2;1
1751;197802;10.56;1204.883;1204.453;2;1
1751;197803;10.13;1134.726;1135.126;2;1
1751;197804;10.53;462.033;461.913;2;1
1751;197805;10.41;440.484;440.354;2;1
1751;197806;10.28;263.58;263.62;2;1
1751;197807;10.32;219.948;220.048;2;1
1751;197808;10.42;168.636;168.286;2;1
1751;197809;10.07;200.059;200.189;2;1
1751;197810;10.2;170.998;171.098;2;1
1751;197811;10.3;128.62;127.46;2;1
1751;197812;9.14;808.86;809.94;2;1
1751;197901;10.22;1174.983;1175.303;2;1
1751;197902;10.54;2001.688;2001.688;2;1
1751;197903;10.54;770.921;770.921;2;1
1751;197904;10.54;889.099;888.749;2;1
1751;197905;10.19;390.721;390.401;2;1
1751;197906;9.87;343.708;344.238;2;1
1751;197907;10.4;253.193;253.273;2;1
1751;197908;10.48;142.713;142.513;2;1
1751;197909;10.28;236.561;236.581;2;1
1751;197910;10.3;207.278;207.368;2;1
1751;197911;10.39;430.683;430.683;2;1
1751;197912;10.39;393.037;393.227;2;1
1751;198001;10.58;562.443;562.143;2;1
1751;198002;10.28;607.758;607.518;2;1
1751;198003;10.04;394.406;394.906;2;1
1751;198004;10.54;298.008;297.818;2;1
1751;198005;10.35;273.158;273.208;2;1
1751;198006;10.4;237.997;237.957;2;1
1751;198007;10.36;220.626;220.176;2;1
1751;198008;9.91;112.937;113.387;2;1
1751;198009;10.36;174.211;174.141;2;1
1751;198010;10.29;255.615;255.655;2;1
1751;198011;10.33;241.768;241.578;2;1
1751;198012;10.14;300.777;300.937;2;1
1751;198101;10.3;212.574;212.594;2;1
1751;198102;10.32;143.201;143.171;2;1
1751;198103;10.29;204.517;204.527;2;1
1751;198104;10.3;212.17;212.23;2;1
1751;198105;10.36;201.772;201.812;2;1
1751;198106;10.4;203.594;203.554;2;1
1751;198107;10.36;167.556;167.466;2;1
1751;198108;10.27;170.002;170.032;2;1
1751;198109;10.3;128.167;128.167;2;1
1751;198110;10.3;232;231.94;2;1
1751;198111;10.24;171.235;171.235;2;1
1751;198112;10.24;770.754;770.994;2;1
1751;198201;10.48;665.7;665.62;2;1
1751;198202;10.4;366.598;366.258;2;1
1751;198203;10.06;354.997;355.207;2;1
1751;198204;10.27;231.195;231.285;2;1
1751;198205;10.36;144.707;144.677;2;1
1751;198206;10.33;172.11;172.11;2;1
1751;198207;10.33;209.901;209.961;2;1
1751;198208;10.39;120.607;120.577;2;1
1751;198209;10.36;39.765;39.697;2;1
1751;198210;10.292;255.955;256.05;2;1
1751;198211;10.387;356.315;356.35;2;1
1751;198212;10.422;624.02;623.657;2;1
1751;198301;10.059;352.894;353.233;2;1
1751;198302;10.398;305.317;305.306;2;1
1751;198303;10.387;280.972;280.972;2;1
1751;198304;10.387;347.669;347.787;2;1
1751;198305;10.505;640.003;639.837;2;1
1751;198306;10.339;352.037;352.061;2;1
1751;198307;10.363;271.296;271.296;2;1
1751;198308;10.363;203.533;203.533;2;1
1751;198309;10.363;210.647;210.682;2;1
1751;198310;10.398;225.256;225.197;2;1
1751;198311;10.339;203.016;203.04;2;1
1751;198312;10.363;349.789;349.789;2;1
1751;198401;10.363;402.755;402.873;2;1
1751;198402;10.481;410.908;410.743;2;1
1751;198403;10.316;384.049;384.333;2;1
1751;198404;10.6;495.454;495.158;2;1
1751;198405;10.304;331.251;331.31;2;1
1751;198406;10.363;358.993;358.993;2;1
1751;198407;10.363;320.747;320.747;2;1
1751;198408;10.363;252.957;252.957;2;1
1751;198409;10.363;133.48;133.468;2;1
1751;198410;10.351;399.293;399.305;2;1
1751;198411;10.363;613.929;614.13;2;1
1751;198412;10.564;583.38;583.179;2;1
1751;198501;10.363;586.24;586.358;2;1
1751;198502;10.481;1117.281;1117.376;2;1
1751;198503;10.576;663.989;663.717;2;1
1751;198504;10.304;624.821;624.833;2;1
1751;198505;10.316;315.712;315.818;2;1
1751;198506;10.422;298.266;298.207;2;1
1751;198507;10.363;238.421;238.421;2;1
1751;198508;10.363;203.935;203.806;2;1
1751;198509;10.234;143.474;143.603;2;1
1751;198510;10.363;168.662;168.323;2;1
1751;198511;10.024;116.867;117.1;2;1
1751;198512;10.257;180.389;180.389;2;1
1751;198601;10.257;412.673;412.779;2;1
1751;198602;10.363;565.053;565.231;2;1
1751;198603;10.541;604.953;604.775;2;1
1751;198604;10.363;387.901;387.901;2;1
1751;198605;10.363;323.592;323.545;2;1
1751;198606;10.316;251.256;251.303;2;1
1751;198607;10.363;209.122;209.134;2;1
1751;198608;10.375;138.775;138.657;2;1
1751;198609;10.257;114.759;114.865;2;1
1751;198610;10.363;224.967;225.038;2;1
1751;198611;10.434;232.438;232.367;2;1
1751;198612;10.363;258.108;258.226;2;1
1751;198701;10.481;153.875;153.816;2;1
1751;198702;10.422;299.988;299.894;2;1
1751;198703;10.328;263.075;263.11;2;1
1751;198704;10.363;274.01;274.069;2;1
1751;198705;10.422;146.875;146.91;2;1
1751;198706;10.457;108.249;108.108;2;1
1751;198707;10.316;124.35;124.397;2;1
1751;198708;10.363;107.932;107.908;2;1
1751;198709;10.339;90.572;90.561;2;1
1751;198710;10.328;416.998;417.033;2;1
1751;198711;10.363;457.492;457.527;2;1
1751;198712;10.398;509.937;509.902;2;1
1751;198801;10.363;775.575;775.622;2;1
1751;198802;10.41;1170.27;1170.105;2;1
1751;198803;10.245;373.211;373.376;2;1
1751;198804;10.41;330.223;330.2;2;1
1751;198805;10.387;466.492;466.374;2;1
1751;198806;10.269;325.401;325.507;2;1
1751;198807;10.375;310.208;310.29;2;1
1751;198808;10.457;175.991;176.134;2;1
1751;198809;10.6;129.464;129.262;2;1
1751;198810;10.398;218.333;218.298;2;1
1751;198811;10.363;139.313;139.289;2;1
1751;198812;10.339;99.734;99.652;2;1
1751;198901;10.257;92.723;92.77;2;1
1751;198902;10.304;110.746;110.793;2;1
1751;198903;10.351;240.626;240.558;2;1
1751;198904;10.283;291.314;291.396;2;1
1751;198905;10.365;206.587;206.634;2;1
1751;198906;10.412;181.089;181.066;2;1
1751;198907;10.389;219.078;218.937;2;1
1751;198908;10.248;150.344;150.461;2;1
1751;198909;10.365;88.808;88.891;2;1
1751;198910;10.448;88.531;88.531;2;1
1751;198911;10.448;165.348;165.383;2;1
1751;198912;10.483;696.067;696.162;2;1
1751;199001;10.578;474.131;474.095;2;1
1751;199002;10.542;497.441;497.311;2;1
1751;199003;10.412;261.277;261.313;2;1
1751;199004;10.448;172.083;171.965;2;1
1751;199005;10.33;144.264;144.382;2;1
1751;199006;10.448;138.76;138.642;2;1
1751;199007;10.33;146.347;146.382;2;1
1751;199008;10.365;37.545;35.298;2;1
1751;199009;8.118;65.419;67.212;2;1
1751;199010;10.436;191.577;192.218;1;1
1751;199011;10.365;271.141;271.07;1;1
1751;199012;10.436;240.554;240.625;1;1
1751;199101;10.424;451.02;451.008;1;1
1751;199102;10.46;343.181;343.217;1;1
1751;199103;10.389;631.911;631.84;1;1
1751;199104;10.354;371.233;371.198;1;1
1751;199105;10.33;228.15;228.126;1;1
1751;199106;10.401;159.665;159.736;1;1
1751;199107;10.354;152.592;152.545;1;1
1751;199108;10.33;62.355;62.331;1;1
1751;199109;10.448;133.687;133.805;1;1
1751;199110;10.471;209.377;209.4;1;1
1751;199111;10.471;348.741;348.741;1;1
1751;199112;10.389;223.635;223.553;1;1
1751;199201;10.283;198.224;198.118;1;1
1751;199202;10.283;97.646;97.646;1;1
1751;199203;10.554;91.288;91.559;1;1
1751;199204;10.389;261.724;261.559;1;1
1751;199205;10.495;126.915;127.021;1;1
1751;199206;10.471;140.427;140.403;1;1
1751;199207;10.365;133.42;133.314;1;1
1751;199208;8.365;61.343;59.343;1;1
1751;199209;10.354;129.449;131.438;1;1
1751;199210;10.412;152.395;152.453;1;1
1751;199211;10.318;163.212;163.118;1;1
1751;199212;10.389;547.241;547.312;1;1
1751;199301;10.436;282.197;282.244;1;1
1751;199302;10.342;146.326;146.232;1;1
1751;199303;10.389;132.61;132.657;1;1
1751;199304;10.377;105.263;105.251;1;1
1751;199305;10.448;170.444;170.515;1;1
1751;199306;10.401;239.325;239.278;1;1
1751;199307;10.33;192.662;192.591;1;1
1751;199308;10.131;130.933;130.734;1;1
1751;199309;10.412;70.305;70.586;1;1
1751;199310;10.342;481.118;481.048;1;1
1751;199311;10.354;393.721;393.733;1;1
1751;199312;10.424;445.154;445.224;1;1
1751;199401;10.448;982.454;982.478;1;1
1751;199402;10.566;487.538;487.656;1;1
1751;199403;10.26;439.798;439.492;1;1
1751;199404;10.436;263.002;263.178;1;1
1751;199405;10.46;277.49;277.514;1;1
1751;199406;10.448;197.078;197.066;1;1
1751;199407;10.354;142.262;142.168;1;1
1751;199408;10.424;80.721;80.791;1;1
1751;199409;10.342;;;1;1
1751;199410;10.342;152.879;152.879;1;1
1751;199411;10.283;245.996;245.937;1;1
1751;199412;9.429;261.277;260.423;1;1
1751;199501;9.992;435.092;435.655;1;1
1751;199502;10.307;517.746;518.061;1;1
1751;199503;10.424;665.292;665.409;1;1
1751;199504;10.436;257.86;257.872;1;1
1751;199505;10.412;216.391;216.367;1;1
1751;199506;10.295;192.779;192.662;1;1
1751;199507;10.412;159.683;159.8;1;1
1751;199508;10.412;125.667;125.667;1;1
1751;199509;10.342;124.091;124.021;1;1
1751;199510;10.377;148.718;148.753;1;1
1751;199511;10.365;232.431;232.419;1;1
1751;199512;10.412;770.933;770.98;1;1
1751;199601;10.271;1728.119;1727.978;1;1
1751;199602;10.342;810.046;810.117;1;1
1751;199603;10.26;387.23;387.148;1;1
1751;199604;10.365;411.357;411.462;1;1
1751;199605;10.295;356.135;356.065;1;1
1751;199606;10.354;266.513;266.572;1;1
1751;199607;10.389;197.109;197.144;1;1
1751;199608;10.554;78.888;79.053;1;1
1751;199609;5.363;80.839;75.648;1;1
1751;199610;10.471;164.784;169.892;1;1
1751;199611;10.401;368.357;368.287;1;1
1751;199612;10.389;405.322;405.31;1;1
1751;199701;10.33;506.726;506.667;1;1
1751;199702;10.495;336.727;336.892;1;1
1751;199703;10.436;278.856;278.797;1;1
1751;199704;10.401;162.928;162.893;1;1
1751;199705;10.495;112.639;112.733;1;1
1751;199706;10.412;151.619;151.536;1;1
1751;199707;10.318;180.473;180.379;1;1
1751;199708;5.597;132.6;127.879;1;1
1751;199709;10.436;66.128;70.967;1;1
1751;199710;10.354;203.604;203.522;1;1
1751;199711;10.401;475.876;475.923;1;1
1751;199712;10.542;683.995;684.136;1;1
1751;199801;10.436;670.416;670.31;1;1
1751;199802;10.377;364.735;364.676;1;1
1751;199803;10.342;245.877;245.842;1;1
1751;199804;10.354;635.662;635.674;1;1
1751;199805;10.26;636.938;636.844;1;1
1751;199806;10.365;348.242;348.347;1;1
1751;199807;10.46;191.503;191.598;1;1
1751;199808;10.424;160.815;160.779;1;1
1751;199809;10.401;179.896;179.873;1;1
1751;199810;10.389;252.598;252.586;1;1
1751;199811;10.318;151.652;151.581;1;1
1751;199812;10.342;101.098;101.122;1;1
1751;199901;10.365;127.932;127.955;1;1
1751;199902;10.318;101.718;101.671;1;1
1751;199903;10.283;200.051;200.016;1;1
1751;199904;10.412;210.964;211.093;1;1
1751;199905;10.295;262.289;262.172;1;1
1751;199906;10.342;209.701;209.748;1;1
1751;199907;10.342;209.328;209.328;1;1
1751;199908;10.283;186.996;186.937;1;1
1751;199909;10.448;186.983;187.148;1;1
1751;199910;10.365;340.835;340.752;1;1
1751;199911;10.201;415.598;415.434;1;1
1751;199912;10.131;455.107;455.037;1;1
1751;200001;10.412;396.646;396.927;1;1
1751;200002;10.295;216.304;216.187;1;1
1751;200003;10.354;136.39;136.449;1;1
1751;200004;9.384;335.589;334.619;1;1
1751;200005;10.389;395.985;396.99;1;1
1751;200006;10.342;209.074;209.027;1;1
1751;200007;10.448;174.871;174.977;1;1
1751;200008;10.354;188.138;188.044;1;1
1751;200009;10.307;117.529;117.482;1;1
1751;200010;10.201;115.919;115.813;1;1
1751;200011;10.436;605.448;605.683;1;1
1751;200012;10.248;1677.762;1677.574;1;1
1751;200101;10.389;1936.705;1936.846;1;1
1751;200102;9.957;1280.23;1279.798;1;1
1751;200103;10.412;2112.753;2113.208;1;1
1751;200104;10.389;735.227;735.204;1;1
1751;200105;10.213;360.636;360.46;1;1
1751;200106;10.354;204.303;204.444;1;1
1751;200107;10.354;179.771;179.771;1;1
1751;200108;10.377;143.988;144.011;1;1
1751;200109;10.389;117.801;117.813;1;1
1751;200110;10.248;229.557;229.416;1;1
1751;200111;10.412;214.297;214.461;1;1
1751;200112;10.283;156.598;156.469;1;1
1751;200201;10.342;123.62;123.679;1;1
1751;200202;10.471;129.227;129.356;1;1
1751;200203;10.377;174.347;174.253;1;1
1751;200204;10.471;123.258;123.352;1;1
1751;200205;10.085;98.264;97.878;1;1
1751;200206;10.225;109.201;109.341;1;1
1751;200207;10.389;86.117;86.281;1;1
1751;200208;9.125;40.828;39.564;1;1
1751;200209;9.248;45.185;45.308;1;1
1751;200210;10.436;165.874;167.062;1;1
1751;200211;10.283;369.576;369.423;1;1
1751;200212;10.271;848.133;848.121;1;1
1751;200301;10.225;1384.944;1384.898;1;1
1751;200302;10.471;474.549;474.795;1;1
1751;200303;10.412;450.074;450.015;1;1
1751;200304;10.401;396.787;396.776;1;1
1751;200305;10.354;282.656;282.609;1;1
1751;200306;10.436;166.161;166.243;1;1
1751;200307;10.342;181.086;180.992;1;1
1751;200308;10.354;162.012;162.024;1;1
1751;200309;1.923;65.091;56.66;1;1
1751;200310;10.354;160.038;168.469;1;1
1751;200311;10.519;343.982;344.147;1;1
1751;200312;10.354;486.635;486.47;1;1
1751;200401;9.957;449.035;448.638;1;1
1751;200402;10.389;373.003;373.435;1;1
1751;200403;10.307;303.992;303.91;1;1
1751;200404;10.389;252.688;252.77;1;1
1751;200405;10.377;219.273;219.261;1;1
1751;200406;6.984;169.946;166.553;1;1
1751;200407;10.401;97.518;100.935;1;1
1751;200408;10.542;144.579;144.72;1;1
1751;200409;10.166;78.082;77.706;1;1
1751;200410;9.715;243.922;243.471;1;1
1751;200411;10.283;316.919;317.487;1;1
1751;200412;10.389;236.267;236.373;1;1
1751;200501;10.436;187.69;187.737;1;1
1751;200502;10.365;135;134.929;1;1
1751;200503;10.401;126.179;126.215;1;1
1751;200504;10.354;185.497;185.45;1;1
1751;200505;10.354;186.143;186.143;1;1
1751;200506;10.424;97.227;97.297;1;1
1751;200507;10.389;91.907;91.872;1;1
1751;200508;10.401;30.564;30.576;1;1
1751;200509;10.389;61.407;61.395;1;1
1751;200510;10.377;114.442;114.43;1;1
1751;200511;10.33;141.66;141.613;1;1
1751;200512;10.436;173.455;173.561;1;1
1751;200601;10.424;140.145;140.133;1;1
1751;200602;10.354;105.858;105.788;1;1
1751;200603;10.201;417.96;417.807;1;1
1751;200604;10.436;377.746;377.981;1;1
1751;200605;10.178;202.188;201.93;1;1
1751;200606;10.377;122.766;122.965;1;1
1751;200607;10.471;147.625;147.719;1;1
1751;200608;10.318;46.308;46.155;1;1
1751;200609;10.389;127.592;127.663;1;1
1751;200610;10.342;372.69;372.643;1;1
1751;200611;10.354;555.106;555.118;1;1
1751;200612;10.248;792.104;791.998;1;1
1751;200701;10.33;364.37;364.452;1;1
1751;200702;10.213;474.664;474.547;1;1
1751;200703;10.295;563.65;563.732;1;1
1751;200704;10.377;309.058;309.14;1;1
1751;200705;10.389;186.331;186.343;1;1
1751;200706;10.377;173.843;173.831;1;1
1751;200707;10.365;208.877;208.865;1;1
1751;200708;9.761;122.239;121.635;1;1
1751;200709;10.318;98.659;99.216;1;1
1751;200710;10.389;202.606;202.677;1;1
1751;200711;10.377;147.486;147.474;1;1
1751;200712;10.236;95.032;94.891;1;1
1751;200801;10.389;129.593;129.746;1;1
1751;200802;10.401;82.328;82.34;1;1
1751;200803;10.389;99.515;99.503;1;1
1751;200804;10.096;282.531;282.238;1;1
1751;200805;10.365;285.261;285.53;1;1
1751;200806;10.365;259.285;259.285;1;1
1751;200807;10.318;130.91;130.863;1;1
1751;200808;10.342;131.632;131.656;1;1
1751;200809;10.33;139.122;139.11;1;1
1751;200810;10.412;133.979;134.061;1;1
1751;200811;10.436;136.648;136.672;1;1
1751;200812;10.271;255.9;255.735;1;1
1751;200901;10.26;448.208;448.197;1;1
1751;200902;10.46;533.181;533.381;1;1
1751;200903;10.354;388.892;388.786;1;1
1751;200904;10.365;238.612;238.623;1;1
1751;200905;10.354;171.132;171.121;1;1
1751;200906;10.342;125.901;125.889;1;1
1751;200907;10.377;109.646;109.681;1;1
1751;200908;10.507;41.558;41.688;1;1
1751;200909;10.377;63.814;63.684;1;1
1751;200910;10.424;192.493;192.54;1;1
1751;200911;10.307;344.512;344.395;1;1
1751;200912;10.003;789.038;788.734;1;1
1751;201001;10.213;1076.571;1076.781;1;1
1751;201002;10.318;678.985;679.09;1;1
1751;201003;10.389;864.392;864.463;1;1
1751;201004;10.412;607.439;607.462;1;1
1751;201005;10.436;300.216;300.24;1;1
1751;201006;10.424;263.928;263.916;1;1
1751;201007;10.424;221.382;221.382;1;1
1751;201008;10.377;147.919;147.872;1;1
1751;201009;10.377;182.05;182.05;1;1
1751;201010;10.36;216.223;216.206;1;1
1751;201011;10.23;417.128;416.998;1;1
1751;201012;10.24;533.801;533.811;1;1
1751;201101;10.42;729.531;729.711;1;1
1751;201102;10.2;369.755;369.535;1;1
1751;201103;10.33;389.828;389.958;1;1
1751;201104;10.34;331.847;331.857;1;1
1751;201105;10.33;194.263;194.253;1;1
1751;201106;10.41;89.674;89.754;1;1
1751;201107;10.35;60.796;60.736;1;1
1751;201108;10.39;78.392;78.432;1;1
1751;201109;10.35;117.2;117.16;1;1
1751;201110;10.365;145.93;145.945;1;1
1751;201111;10.365;199.439;199.439;1;1
1751;201112;10.295;256.705;256.635;1;1
1751;201201;10.26;206.901;206.866;1;1
1751;201202;10.236;113.752;113.728;1;1
1751;201203;10.401;107.066;107.231;1;1
1751;201204;10.271;165.674;165.544;1;1
1751;201205;10.448;237.141;237.318;1;1
1751;201206;10.33;99.993;99.875;1;1
1751;201207;10.412;111.974;112.056;1;1
1751;201208;10.354;103.995;103.937;1;1
1751;201209;10.307;139.253;139.206;1;1
1751;201210;10.377;140.778;140.848;1;1
1751;201211;10.318;157.622;157.563;1;1
1751;201212;10.318;349.24;349.24;1;1
1751;201301;10.05;562.119;561.851;1;1
1751;201302;10.085;529.223;529.258;1;1
1751;201303;10.248;799.43;799.593;1;1
1751;201304;10.201;957.331;957.284;1;1
1751;201305;10.307;341.88;341.986;1;1
1751;201306;10.354;207.313;207.36;1;1
1751;201307;10.318;177.83;177.794;1;1
1751;201308;10.342;55.489;55.513;1;1
1751;201309;10.271;124.095;124.024;1;1
1751;201310;10.342;234.088;234.159;1;1
1751;201311;10.33;346.981;346.969;1;1
1751;201312;10.096;409.459;409.225;1;1
1751;201401;10.365;998.555;998.824;1;1
1751;201402;10.412;1393.989;1394.036;1;1
1751;201403;10.354;983.797;983.739;1;1
1751;201404;10.26;694.057;693.963;1;1
1751;201405;10.33;293.736;293.806;1;1
1751;201406;10.33;197.915;197.915;1;1
1751;201407;10.377;126.314;126.361;1;1
1751;201408;10.365;122.863;122.851;1;1
1751;201409;10.354;61.43;61.419;1;1
1751;201410;10.35;140.493;140.489;1;1
1751;201411;10.3;363.953;363.903;1;1
1751;201412;10.35;338.916;338.966;1;1
1751;201501;10.23;343.252;343.132;1;1
1751;201502;10.27;548.321;548.361;1;1
1751;201503;10.39;447.643;447.763;1;1
1751;201504;10.32;216.97;216.9;1;1
1751;201505;10.37;266.514;266.564;1;1
1751;201506;10.37;186.494;186.494;1;1
1751;201507;10.45;130.372;130.452;1;1
1751;201508;10.37;58.614;58.534;1;1
1751;201509;10.38;118.329;118.339;1;1
1751;201510;10.31;194.181;194.111;1;1
1751;201511;9.96;213.411;213.061;1;1
1751;201512;10.33;165.313;165.683;1;1
1751;201601;10.3;923.236;923.206;1;1
1751;201602;10.4;1250.196;1250.296;1;1
1751;201603;10.35;704.118;704.068;1;1
1751;201604;10.34;966.707;966.697;1;1
1751;201605;10.28;580.172;580.112;1;1
1751;201606;10.38;301.729;301.829;1;1
1751;201607;10.34;229.305;229.265;1;1
1751;201608;10.45;147.663;147.773;1;1
1751;201609;10.42;172.213;172.183;1;1
1751;201610;10.44;162.78;162.8;1;1
1751;201611;10.42;118.1;118.08;1;1
1751;201612;10.5;148.93;149.01;1;1
1751;201701;10.39;178.52;178.41;1;1
1751;201702;10.45;215.58;215.64;1;1
1751;201703;10.45;195.3;195.3;1;1
1751;201704;10.48;111.72;111.75;1;1
1751;201705;10.42;109.89;109.83;1;1
1751;201706;10.38;67.05;67.01;1;1
1751;201707;10.4;66.31;66.33;1;1
1751;201708;10.38;88.38;88.36;1;1
1751;201709;10.41;211.2;211.23;1;1
1751;201710;10.4;82.458;82.448;1;1
1751;201711;10.41;96.227;96.237;1;1
1751;201712;10.4;169.169;169.159;1;1
1751;201801;10.4;281.565;281.565;1;1
1751;201802;10.19;290.72;290.51;1;1
1751;201803;10.29;619.629;619.729;1;1
1751;201804;10.06;716.515;716.285;1;1
1751;201805;10.33;308.9;309.17;1;1
1751;201806;10.37;333.998;334.038;1;1
1751;201807;10.44;287.531;287.601;1;1
1751;201808;10.46;66.292;66.312;1;1
1751;201809;10.32;;;1;1
1751;201810;10.38;222.364;222.424;1;1
1751;201811;10.33;258.38;258.33;1;1
1751;201812;10.41;343.816;343.896;1;1
1751;201901;10.21;278.242;278.042;1;1
1751;201902;10.28;402.353;402.423;1;1
1751;201903;10.39;239.006;239.116;1;1
1751;201904;10.35;239.895;239.855;1;1
1751;201905;10.38;184.471;184.501;1;1
1751;201906;10.38;102.254;102.254;1;1
1751;201907;10.22;87.612;87.452;1;1
1751;201908;10.37;54.912;55.062;1;1
1751;201909;10.28;95.594;95.504;1;1
1751;201910;10.38;129.836;129.936;1;1
1751;201911;10.26;551.714;551.594;1;1
1751;201912;10.29;1572.835;1572.865;1;1
1751;202001;10.35;552.332;552.392;1;1
1751;202002;10.39;392.383;392.423;1;1
1751;202003;10.21;421.576;421.396;1;1
1751;202004;10.31;267.258;267.358;1;1
1751;202005;10.34;245.094;245.124;1;1
1751;202006;10.37;175.301;175.331;1;1
1751;202007;10.33;128.081;128.041;1;1
1751;202008;10.34;111.155;111.165;1;1
1751;202009;10.37;234.192;234.222;1;1
1751;202010;10.34;162.502;162.472;1;1
1751;202011;10.4;250.016;250.076;1;1
1751;202012;10.33;519.405;519.335;1;1
1751;202101;10.34;676.438;676.448;1;1
1751;202102;10.17;905.406;905.236;1;1
1751;202103;10.18;450.953;450.963;1;1
1751;202104;10.38;302.489;302.689;1;1
1751;202105;10.37;185.775;185.765;1;1
1751;202106;10.33;224.844;224.804;1;1
1751;202107;10.37;230.207;230.247;1;1
1751;202108;10.37;111.581;111.581;1;1
1751;202109;10.34;111.881;111.851;1;1
1768;195810;211.47;240.745;171.005;2;1
1768;195811;141.73;;;2;1
1768;195812;115.76;855.991;952.731;2;1
1768;195901;212.5;1029.093;1026.603;2;1
1768;195902;210.01;434.195;363.095;2;1
1768;195903;138.91;597.897;665.087;2;1
1768;195904;206.1;973.322;970.882;2;1
1768;195905;203.66;645.27;653.96;2;1
1768;195906;212.35;279.642;271.952;2;1
1768;195907;204.66;142.18;143.9;2;1
1768;195908;206.38;99.308;102.788;2;1
1768;195909;209.86;145.489;138.629;2;1
1768;195910;203;281.146;228.146;2;1
1768;195911;150;638.496;699.496;2;1
1768;195912;211;3194.381;3161.381;2;1
1768;196001;178;1464.221;1491.221;2;1
1768;196002;205;1712.448;1690.448;2;1
1768;196003;183;1744.416;1740.416;2;1
1768;196004;179;740.275;725.275;2;1
1768;196005;164;305.078;312.078;2;1
1768;196006;171;220.32;214.32;2;1
1768;196007;165;159.235;171.235;2;1
1768;196008;177;155.002;157.002;2;1
1768;196009;179;77.587;78.587;2;1
1768;196010;180;643.594;634.594;2;1
1768;196011;171;1512.173;1509.173;2;1
1768;196012;168;1237.939;1250.939;2;1
1768;196101;181;1485.734;1487.734;2;1
1768;196102;183;865.642;864.642;2;1
1768;196103;182;501.898;481.898;2;1
1768;196104;162;347.242;383.242;2;1
1768;196105;198;346.118;339.118;2;1
1768;196106;191;281.923;297.923;2;1
1768;196107;207;200.534;203.534;2;1
1768;196108;210;179.539;180.539;2;1
1768;196109;211;179.539;174.539;2;1
1768;196110;206;407.03;409.03;2;1
1768;196111;208;875.146;873.146;2;1
1768;196112;206;1246.234;1229.234;2;1
1768;196201;189;1535.501;1553.501;2;1
1768;196202;207;453.341;445.341;2;1
1768;196203;199;1129.939;1134.939;2;1
1768;196204;204;1360.282;1369.282;2;1
1768;196205;213;366.768;366.768;2;1
1768;196206;213;208.656;200.656;2;1
1768;196207;205;178.07;183.07;2;1
1768;196208;210;188.784;139.784;2;1
1768;196209;161;180.576;166.776;2;1
1768;196210;147.2;116.666;136.166;2;1
1768;196211;166.7;129.514;130.914;2;1
1768;196212;168.1;243.147;243.347;2;1
1768;196301;168.3;691.779;698.779;2;1
1768;196302;175.3;791.061;827.761;2;1
1768;196303;212;1702.572;1694.772;2;1
1768;196304;204.2;1068.206;1071.006;2;1
1768;196305;207;524.578;522.278;2;1
1768;196306;204.7;368.712;363.612;2;1
1768;196307;199.6;253.463;256.263;2;1
1768;196308;202.4;264.972;268.672;2;1
1768;196309;206.1;227.301;229.021;2;1
1768;196310;207.82;244.339;238.759;2;1
1768;196311;202.24;846.979;857.239;2;1
1768;196312;212.5;873.245;860.025;2;1
1768;196401;199.28;461.29;429.61;2;1
1768;196402;167.6;829.699;866.619;2;1
1768;196403;204.52;1510.013;1516.663;2;1
1768;196404;211.17;691.373;692.113;2;1
1768;196405;211.91;321.926;319.296;2;1
1768;196406;209.28;323.136;319.236;2;1
1768;196407;205.38;160.618;166.848;2;1
1768;196408;211.61;143.165;142.295;2;1
1768;196409;210.74;211.766;197.926;2;1
1768;196410;196.9;313.995;273.595;2;1
1768;196411;156.5;245.298;204.598;2;1
1768;196412;115.8;237.185;236.685;2;1
1768;196501;115.3;398.028;489.528;2;1
1768;196502;206.8;435.076;388.276;2;1
1768;196503;160;817.318;869.618;2;1
1768;196504;212.3;478.345;468.245;2;1
1768;196505;202.2;235.112;242.312;2;1
1768;196506;209.4;136.408;136.708;2;1
1768;196507;209.7;128.529;120.529;2;1
1768;196508;201.7;76.559;84.159;2;1
1768;196509;209.3;125.928;127.828;2;1
1768;196510;211.2;270.596;199.996;2;1
1768;196511;140.6;427.317;490.517;2;1
1768;196512;203.8;1244.229;1222.329;2;1
1768;196601;181.9;1891.305;1882.205;2;1
1768;196602;172.8;2930.826;2949.026;2;1
1768;196603;191;1004.409;989.209;2;1
1768;196604;175.8;1236.963;1272.463;2;1
1768;196605;211.3;461.86;452.26;2;1
1768;196606;201.7;338.291;342.991;2;1
1768;196607;206.4;228.554;233.954;2;1
1768;196608;211.8;176.99;176.09;2;1
1768;196609;210.9;209.321;206.221;2;1
1768;196610;207.8;354.18;316.78;2;1
1768;196611;170.4;661.617;669.017;2;1
1768;196612;177.8;549.487;533.587;2;1
1768;196701;161.9;417.433;439.133;2;1
1768;196702;183.6;447.241;474.641;2;1
1768;196703;211;574.517;548.717;2;1
1768;196704;185.2;392.291;392.791;2;1
1768;196705;185.7;328.527;343.827;2;1
1768;196706;201;224.64;230.44;2;1
1768;196707;206.8;187.497;190.897;2;1
1768;196708;210.2;149.723;149.823;2;1
1768;196709;210.3;262.518;193.718;2;1
1768;196710;141.5;200.526;198.426;2;1
1768;196711;139.4;208.958;239.358;2;1
1768;196712;169.8;274.104;271.804;2;1
1768;196801;167.5;366.906;364.406;2;1
1768;196802;165;547.655;590.955;2;1
1768;196803;208.3;1171.886;1132.786;2;1
1768;196804;169.2;492.713;529.213;2;1
1768;196805;205.7;704.004;698.704;2;1
1768;196806;200.4;251.493;260.193;2;1
1768;196807;209.1;206.47;202.57;2;1
1768;196808;205.2;142.24;139.14;2;1
1768;196809;202.1;327.603;332.203;2;1
1768;196810;206.7;390.701;349.001;2;1
1768;196811;165;547.327;516.927;2;1
1768;196812;134.6;867.205;937.505;2;1
1768;196901;204.9;1474.485;1477.085;2;1
1768;196902;207.5;917.162;921.862;2;1
1768;196903;212.2;2017.691;2014.091;2;1
1768;196904;208.6;706.916;698.716;2;1
1768;196905;200.4;836.542;847.342;2;1
1768;196906;211.2;528.042;519.742;2;1
1768;196907;202.9;304.914;300.614;2;1
1768;196908;198.6;291.194;296.394;2;1
1768;196909;203.8;386.294;246.494;2;1
1768;196910;64;199.549;323.049;2;1
1768;196911;187.5;350.188;329.588;2;1
1768;196912;166.9;316.405;323.305;2;1
1768;197001;173.8;1563.192;1599.292;2;1
1768;197002;209.9;883.155;884.855;2;1
1768;197003;211.6;563.475;492.575;2;1
1768;197004;140.7;225.098;246.798;2;1
1768;197005;162.4;343.138;371.438;2;1
1768;197006;190.7;301.571;314.271;2;1
1768;197007;203.4;218.644;222.944;2;1
1768;197008;207.7;226.031;228.031;2;1
1768;197009;209.7;238.084;72.284;2;1
1768;197010;43.9;10.67;163.77;2;1
1768;197011;197;198.53;159.53;2;1
1768;197012;158;270.467;255.167;2;1
1768;197101;142.7;481.438;544.538;2;1
1768;197102;205.8;486.579;401.479;2;1
1768;197103;120.7;409.925;427.225;2;1
1768;197104;138;499.185;555.585;2;1
1768;197105;194.4;749.226;761.026;2;1
1768;197106;206.2;651.024;657.124;2;1
1768;197107;212.3;513.665;494.265;2;1
1768;197108;192.9;393.345;410.045;2;1
1768;197109;209.6;291.228;233.828;2;1
1768;197110;152.2;150.025;195.525;2;1
1768;197111;197.7;204.751;205.751;2;1
1768;197112;198.7;290.209;243.609;2;1
1768;197201;152.1;302.46;336.06;2;1
1768;197202;185.7;1143.971;1144.671;2;1
1768;197203;186.4;841.432;834.732;2;1
1768;197204;179.7;657.668;654.468;2;1
1768;197205;176.5;341.703;361.703;2;1
1768;197206;196.5;298.521;304.421;2;1
1768;197207;202.4;279.357;280.357;2;1
1768;197208;203.4;236.028;192.428;2;1
1768;197209;159.8;168.255;209.855;2;1
1768;197210;201.4;228.407;221.007;2;1
1768;197211;194;387.824;343.224;2;1
1768;197212;149.4;532.189;524.989;2;1
1768;197301;142.2;551.102;583.102;2;1
1768;197302;174.2;457.816;453.016;2;1
1768;197303;169.4;414.158;378.958;2;1
1768;197304;134.2;173.673;211.673;2;1
1768;197305;172.2;686.267;713.667;2;1
1768;197306;199.6;333.098;306.898;2;1
1768;197307;173.4;254.586;286.086;2;1
1768;197308;204.9;211.239;212.839;2;1
1768;197309;206.5;152.988;151.288;2;1
1768;197310;204.8;290.883;269.683;2;1
1768;197311;183.6;220.346;177.146;2;1
1768;197312;140.4;148.427;181.427;2;1
1768;197401;173.4;841.588;878.188;2;1
1768;197402;210;1170.971;1160.671;2;1
1768;197403;199.7;623.333;603.333;2;1
1768;197404;179.7;354.335;347.035;2;1
1768;197405;172.4;225.236;256.236;2;1
1768;197406;203.4;225.651;233.151;2;1
1768;197407;210.9;356.556;355.256;2;1
1768;197408;209.6;205.347;196.547;2;1
1768;197409;200.8;277.413;222.813;2;1
1768;197410;146.2;64.428;119.228;2;1
1768;197411;201;301.847;282.547;2;1
1768;197412;181.7;258.828;237.828;2;1
1768;197501;160.7;300.724;334.724;2;1
1768;197502;194.7;390.822;360.922;2;1
1768;197503;164.8;567.268;609.168;2;1
1768;197504;206.7;344.805;324.905;2;1
1768;197505;186.8;151.217;169.317;2;1
1768;197506;204.9;142.456;142.456;2;1
1768;197507;204.9;163.253;167.353;2;1
1768;197508;209;176.144;114.944;2;1
1768;197509;147.8;160.082;215.082;2;1
1768;197510;202.8;274.614;258.714;2;1
1768;197511;186.9;328.812;337.312;2;1
1768;197512;195.4;432.76;412.96;2;1
1768;197601;175.6;130.179;124.379;2;1
1768;197602;169.8;257.023;261.923;2;1
1768;197603;174.7;259.597;273.897;2;1
1768;197604;189;256.288;238.388;2;1
1768;197605;171.1;97.468;127.768;2;1
1768;197606;201.4;132.9;140.5;2;1
1768;197607;209;103.905;88.205;2;1
1768;197608;193.3;97.425;47.125;2;1
1768;197609;143;115.949;131.449;2;1
1768;197610;158.5;264.228;285.328;2;1
1768;197611;179.6;846.02;846.22;2;1
1768;197612;179.8;1114.456;1134.956;2;1
1768;197701;200.3;935.677;937.077;2;1
1768;197702;201.7;1909.475;1912.475;2;1
1768;197703;204.7;952.75;949.55;2;1
1768;197704;201.5;505.708;479.208;2;1
1768;197705;175;233.824;255.024;2;1
1768;197706;196.2;322.834;316.134;2;1
1768;197707;189.5;298.227;304.927;2;1
1768;197708;196.2;221.452;222.952;2;1
1768;197709;197.7;219.534;218.634;2;1
1768;197710;196.8;377.585;365.085;2;1
1768;197711;184.3;344.658;313.758;2;1
1768;197712;153.4;702.009;737.809;2;1
1768;197801;189.2;791.329;804.129;2;1
1768;197802;202;1786.13;1777.13;2;1
1768;197803;193;1577.483;1575.583;2;1
1768;197804;191.1;630.755;623.655;2;1
1768;197805;184;624.188;624.888;2;1
1768;197806;184.7;327.577;328.077;2;1
1768;197807;185.2;238.015;253.515;2;1
1768;197808;200.7;183.237;185.737;2;1
1768;197809;203.2;232.995;218.095;2;1
1768;197810;188.3;181.552;191.652;2;1
1768;197811;198.4;198.444;151.944;2;1
1768;197812;151.9;1122.448;1162.248;2;1
1768;197901;191.7;1716.785;1731.785;2;1
1768;197902;206.7;2916.225;2917.325;2;1
1768;197903;207.8;1075.982;1075.582;2;1
1768;197904;207.4;1275.618;1269.018;2;1
1768;197905;200.8;503.885;509.485;2;1
1768;197906;206.4;451.57;426.57;2;1
1768;197907;181.4;258.552;283.352;2;1
1768;197908;206.2;189.432;157.632;2;1
1768;197909;174.4;232.243;252.643;2;1
1768;197910;194.8;262.164;249.264;2;1
1768;197911;181.9;546.264;566.064;2;1
1768;197912;201.7;560.693;533.793;2;1
1768;198001;174.8;765.469;798.169;2;1
1768;198002;207.5;634.193;614.793;2;1
1768;198003;188.1;527.014;549.814;2;1
1768;198004;210.9;497.638;463.238;2;1
1768;198005;176.5;368.124;374.124;2;1
1768;198006;182.5;313.243;307.843;2;1
1768;198007;177.1;232.451;262.151;2;1
1768;198008;206.8;174.459;134.159;2;1
1768;198009;166.5;156.505;145.405;2;1
1768;198010;155.4;288.913;306.213;2;1
1768;198011;172.7;319.732;302.232;2;1
1768;198012;155.2;386.839;407.339;2;1
1768;198101;175.7;284.852;286.352;2;1
1768;198102;177.2;192.041;190.041;2;1
1768;198103;175.2;297.276;303.176;2;1
1768;198104;181.1;333.15;313.65;2;1
1768;198105;161.6;237.41;277.61;2;1
1768;198106;201.8;288.922;255.922;2;1
1768;198107;168.8;224.649;195.249;2;1
1768;198108;139.4;178.744;185.744;2;1
1768;198109;146.4;105.633;159.533;2;1
1768;198110;200.3;320.7;296.8;2;1
1768;198111;176.4;250.465;226.765;2;1
1768;198112;152.7;1089.668;1132.468;2;1
1768;198201;195.5;977.244;967.844;2;1
1768;198202;186.1;480.367;464.467;2;1
1768;198203;170.2;487.27;468.07;2;1
1768;198204;151;283.211;283.511;2;1
1768;198205;151.3;130.965;181.765;2;1
1768;198206;202.1;212.985;195.685;2;1
1768;198207;184.8;219.387;226.787;2;1
1768;198208;192.2;155.114;129.614;2;1
1768;198209;166.7;26.525;48.378;2;1
1768;198210;188.553;340.608;312.327;2;1
1768;198211;160.272;462.519;471.94;2;1
1768;198212;169.693;909.614;937.798;2;1
1768;198301;197.877;481.091;469.49;2;1
1768;198302;186.276;379.536;384.657;2;1
1768;198303;191.397;389.955;368.994;2;1
1768;198304;170.436;469.243;505.768;2;1
1768;198305;206.961;955.967;957.413;2;1
1768;198306;208.407;453.137;447.964;2;1
1768;198307;203.234;319.761;324.499;2;1
1768;198308;207.972;258.719;236.357;2;1
1768;198309;185.61;237.519;242.354;2;1
1768;198310;190.445;269.145;249.136;2;1
1768;198311;170.436;237.121;232.457;2;1
1768;198312;165.772;447.13;477.426;2;1
1768;198401;196.068;582.864;591.171;2;1
1768;198402;204.375;608.813;590.98;2;1
1768;198403;186.542;488.424;513.937;2;1
1768;198404;212.055;731.877;712.721;2;1
1768;198405;192.899;458.468;461.776;2;1
1768;198406;196.207;503.038;495.384;2;1
1768;198407;188.553;370.667;379.294;2;1
1768;198408;197.18;265.781;270.415;2;1
1768;198409;201.814;170.778;150.878;2;1
1768;198410;181.914;444.285;449.314;2;1
1768;198411;186.943;800.249;822.584;2;1
1768;198412;209.278;831.69;802.891;2;1
1768;198501;180.479;771.732;804.485;2;1
1768;198502;213.232;1446.383;1445.069;2;1
1768;198503;211.918;927.502;925.882;2;1
1768;198504;210.298;856.504;833.819;2;1
1768;198505;187.613;388.835;395.356;2;1
1768;198506;194.134;350.646;342.788;2;1
1768;198507;186.276;256.725;256.192;2;1
1768;198508;185.743;229.681;215.12;2;1
1768;198509;171.182;126.807;149.484;2;1
1768;198510;193.859;185.567;177.583;2;1
1768;198511;185.875;143.537;141.813;2;1
1768;198512;184.151;247.034;259.506;2;1
1768;198601;196.623;624.138;609.168;2;1
1768;198602;181.653;845.638;869.794;2;1
1768;198603;205.809;743.464;721.41;2;1
1768;198604;183.755;506.916;515.649;2;1
1768;198605;192.488;411.199;416.588;2;1
1768;198606;197.877;288.996;292.226;2;1
1768;198607;201.107;225.827;227.243;2;1
1768;198608;202.523;202.49;148.694;2;1
1768;198609;148.727;100.997;137.614;2;1
1768;198610;185.344;241.118;246.898;2;1
1768;198611;191.124;277.435;270.859;2;1
1768;198612;184.548;314.468;311.704;2;1
1768;198701;181.784;213.382;214.299;2;1
1768;198702;182.701;405.789;409.097;2;1
1768;198703;186.009;354.298;343.751;2;1
1768;198704;175.462;365.793;379.964;2;1
1768;198705;189.633;258.455;191.427;2;1
1768;198706;122.605;228.727;142.963;2;1
1768;198707;36.841;157.078;152.601;2;1
1768;198708;32.364;127.858;126.049;2;1
1768;198709;30.555;31.327;100.472;2;1
1768;198710;99.7;475.614;580.004;2;1
1768;198711;204.09;591.698;570.835;2;1
1768;198712;183.227;645.231;642.874;2;1
1768;198801;180.87;1006.46;1031.974;2;1
1768;198802;206.384;1529.135;1528.273;2;1
1768;198803;205.522;471.874;449.974;2;1
1768;198804;183.622;417.505;423.651;2;1
1768;198805;189.768;597.113;594.288;2;1
1768;198806;186.943;384.835;399.706;2;1
1768;198807;201.814;379.887;376.928;2;1
1768;198808;198.855;213.873;202.899;2;1
1768;198809;187.881;152.57;146.996;2;1
1768;198810;182.307;239.159;245.271;2;1
1768;198811;188.419;180.664;162.185;2;1
1768;198812;169.94;118.046;125.484;2;1
1768;198901;177.378;104.551;114.92;2;1
1768;198902;187.747;140.992;142.068;2;1
1768;198903;188.823;326.431;325.642;2;1
1768;198904;188.034;403.298;402.357;2;1
1768;198905;187.093;257.407;276.028;2;1
1768;198906;205.714;225.771;227.677;2;1
1768;198907;207.62;247.507;245.164;2;1
1768;198908;205.277;177.757;166.945;2;1
1768;198909;194.465;169.075;99.722;2;1
1768;198910;125.112;105.865;104.647;2;1
1768;198911;123.894;160.421;208.117;2;1
1768;198912;171.59;864.49;899.053;2;1
1768;199001;206.153;636.392;615.461;2;1
1768;199002;185.222;672.806;667.165;2;1
1768;199003;179.581;326.675;334.994;2;1
1768;199004;187.9;215.397;221.823;2;1
1768;199005;194.326;165.488;174.119;2;1
1768;199006;202.957;155.6;158.942;2;1
1768;199007;206.299;166.513;163.316;2;1
1768;199008;203.102;121.801;48.209;2;1
1768;199009;129.51;73.236;71.116;2;1
1768;199010;187.63;167.468;228.566;1;1
1768;199011;177.265;344.208;333.843;1;1
1768;199012;173.966;316.357;313.058;1;1
1768;199101;175.735;615.805;617.574;1;1
1768;199102;180.619;463.112;467.996;1;1
1768;199103;184.029;875.23;878.64;1;1
1768;199104;187.227;457.691;460.889;1;1
1768;199105;199.806;265.137;277.716;1;1
1768;199106;204.404;185.399;189.997;1;1
1768;199107;150.351;236.729;182.676;1;1
1768;199108;209.244;16.388;75.281;1;1
1768;199109;194.465;166.961;152.182;1;1
1768;199110;186.691;252.695;244.921;1;1
1768;199111;175.102;489.164;477.575;1;1
1768;199112;171.341;285.764;282.003;1;1
1768;199201;177.137;239.287;245.083;1;1
1768;199202;183.764;122.052;128.679;1;1
1768;199203;172.587;134.177;123;1;1
1768;199204;183.105;367.107;377.625;1;1
1768;199205;190.338;156.63;163.863;1;1
1768;199206;197.119;181.931;188.712;1;1
1768;199207;188.709;169.714;161.304;1;1
1768;199208;193.772;69.951;75.014;1;1
1768;199209;207.179;139.955;153.362;1;1
1768;199210;193.357;213.908;200.086;1;1
1768;199211;179.71;267.111;253.464;1;1
1768;199212;177.393;640.136;637.819;1;1
1768;199301;178.034;342.849;343.49;1;1
1768;199302;169.242;192.428;183.636;1;1
1768;199303;172.462;161.102;164.322;1;1
1768;199304;185.755;152.5;165.793;1;1
1768;199305;193.772;255.81;263.827;1;1
1768;199306;205.86;310.921;323.009;1;1
1768;199307;199.096;246.669;239.905;1;1
1768;199308;206.153;149.256;156.313;1;1
1768;199309;209.986;89.115;92.948;1;1
1768;199310;194.743;683.31;668.067;1;1
1768;199311;183.632;517.987;506.876;1;1
1768;199312;186.691;590.35;593.409;1;1
1768;199401;183.105;1379.79;1376.204;1;1
1768;199402;187.361;656.268;660.524;1;1
1768;199403;177.521;561.375;551.535;1;1
1768;199404;179.193;318.366;320.038;1;1
1768;199405;182.579;356.077;359.463;1;1
1768;199406;202.381;230.453;250.255;1;1
1768;199407;203.824;167.491;168.934;1;1
1768;199408;193.91;111.1;101.186;1;1
1768;199409;198.954;115.075;120.119;1;1
1768;199410;200.091;191.472;192.609;1;1
1768;199411;196.698;343.556;340.163;1;1
1768;199412;199.664;360.429;363.395;1;1
1768;199501;187.496;659.726;647.558;1;1
1768;199502;195.998;761.008;769.51;1;1
1768;199503;180.749;898.709;883.46;1;1
1768;199504;186.423;310.748;316.422;1;1
1768;199505;195.579;265.122;274.278;1;1
1768;199506;208.652;215.011;228.084;1;1
1768;199507;200.59;195.792;187.73;1;1
1768;199508;113.857;234.813;148.08;1;1
1768;199509;190.884;69.989;147.016;1;1
1768;199510;184.824;187.736;181.676;1;1
1768;199511;167.045;347.201;329.422;1;1
1768;199512;191.979;1012.137;1037.071;1;1
1768;199601;206.885;2155.967;2170.873;1;1
1768;199602;209.986;1051.453;1054.554;1;1
1768;199603;203.969;519.145;513.128;1;1
1768;199604;176.307;562.425;534.763;1;1
1768;199605;204.259;409.173;437.125;1;1
1768;199606;202.813;314.753;313.307;1;1
1768;199607;145.017;285.192;227.396;1;1
1768;199608;80.593;159.106;94.682;1;1
1768;199609;168.14;4.086;91.633;1;1
1768;199610;185.355;174.687;191.902;1;1
1768;199611;194.049;547.813;556.507;1;1
1768;199612;174.722;596.028;576.701;1;1
1768;199701;169.488;683.298;678.064;1;1
1768;199702;175.989;418.273;424.774;1;1
1768;199703;177.777;336.728;338.516;1;1
1768;199704;175.355;197.214;194.792;1;1
1768;199705;193.91;141.124;159.679;1;1
1768;199706;170.969;239.421;216.48;1;1
1768;199707;178.548;209.659;217.238;1;1
1768;199708;168.507;168.27;158.229;1;1
1768;199709;125.112;129.443;86.048;1;1
1768;199710;154.834;204.169;233.891;1;1
1768;199711;199.238;632.839;677.243;1;1
1768;199712;209.392;952.23;962.384;1;1
1768;199801;198.954;958.155;947.717;1;1
1768;199802;184.558;464.219;449.823;1;1
1768;199803;190.202;293.26;298.904;1;1
1768;199804;207.914;925.509;943.221;1;1
1768;199805;202.669;877.142;871.897;1;1
1768;199806;205.131;409.975;412.437;1;1
1768;199807;202.957;221.939;219.765;1;1
1768;199808;201.806;178.842;177.691;1;1
1768;199809;194.743;211.407;204.344;1;1
1768;199810;200.804;292.33;298.391;1;1
1768;199811;184.691;211.338;195.225;1;1
1768;199812;180.099;154.394;149.802;1;1
1768;199901;194.049;192.911;206.861;1;1
1768;199902;184.161;165.192;155.304;1;1
1768;199903;184.824;282.882;283.545;1;1
1768;199904;207.767;271.578;294.521;1;1
1768;199905;188.574;378.048;358.855;1;1
1768;199906;194.465;253.775;259.666;1;1
1768;199907;175.608;253.582;234.725;1;1
1768;199908;161.189;220.839;206.42;1;1
1768;199909;183.105;213.435;235.351;1;1
1768;199910;189.115;482.136;488.146;1;1
1768;199911;177.649;550.892;539.426;1;1
1768;199912;207.767;571.516;601.634;1;1
1768;200001;160.72;562.508;515.461;1;1
1768;200002;162.369;274.675;276.324;1;1
1768;200003;151.796;192.864;182.291;1;1
1768;200004;188.845;470.838;507.887;1;1
1768;200005;194.049;520.442;525.646;1;1
1768;200006;192.048;260.442;258.441;1;1
1768;200007;192.392;209.943;210.287;1;1
1768;200008;196.698;203.414;207.72;1;1
1768;200009;207.032;121.466;131.8;1;1
1768;200010;166.681;179.587;139.236;1;1
1768;200011;206.445;900.278;940.042;1;1
1768;200012;192.392;2243.218;2229.165;1;1
1768;200101;196.418;2411.025;2415.051;1;1
1768;200102;206.592;1593.059;1603.233;1;1
1768;200103;195.439;2668.833;2657.68;1;1
1768;200104;193.91;942.45;940.921;1;1
1768;200105;192.529;438.995;437.614;1;1
1768;200106;196.839;226.103;230.413;1;1
1768;200107;200.091;193.924;197.176;1;1
1768;200108;189.387;163.464;152.76;1;1
1768;200109;182.186;130.073;122.872;1;1
1768;200110;172.587;262.098;252.499;1;1
1768;200111;182.973;248.272;258.658;1;1
1768;200112;148.591;199.725;165.343;1;1
1768;200201;182.186;110.469;144.064;1;1
1768;200202;178.935;172.103;168.852;1;1
1768;200203;196.558;191.288;208.911;1;1
1768;200204;191.568;153.68;148.69;1;1
1768;200205;210.582;100.629;119.643;1;1
1768;200206;187.093;164.292;140.803;1;1
1768;200207;191.842;84.961;89.71;1;1
1768;200208;123.521;111.211;42.89;1;1
1768;200209;126.722;49.924;53.125;1;1
1768;200210;183.764;145.835;202.877;1;1
1768;200211;209.986;506.063;532.285;1;1
1768;200212;197.119;1138.385;1125.518;1;1
1768;200301;207.767;1774.189;1784.837;1;1
1768;200302;203.824;631.627;627.684;1;1
1768;200303;186.691;579.377;562.244;1;1
1768;200304;191.705;466.417;471.431;1;1
1768;200305;180.749;340.002;329.046;1;1
1768;200306;205.277;157.305;181.833;1;1
1768;200307;195.021;206.242;195.986;1;1
1768;200308;208.209;158.287;171.475;1;1
1768;200309;211.029;68.973;71.793;1;1
1768;200310;197.26;194.537;180.768;1;1
1768;200311;202.525;402.179;407.444;1;1
1768;200312;202.525;629.137;629.137;1;1
1768;200401;199.238;648.072;644.785;1;1
1768;200402;165.955;513.808;480.525;1;1
1768;200403;182.842;329.893;346.78;1;1
1768;200404;185.422;289.702;292.282;1;1
1768;200405;171.031;268.029;253.638;1;1
1768;200406;179.84;179.005;187.814;1;1
1768;200407;174.722;108.545;103.427;1;1
1768;200408;141.256;182.661;149.195;1;1
1768;200409;177.521;47.764;84.029;1;1
1768;200410;173.84;307.646;303.965;1;1
1768;200411;154.267;396.528;376.955;1;1
1768;200412;180.749;254.721;281.203;1;1
1768;200501;179.84;239.695;238.786;1;1
1768;200502;160.72;183.477;164.357;1;1
1768;200503;163.975;143.612;146.867;1;1
1768;200504;199.096;197.239;232.36;1;1
1768;200505;197.119;234.908;232.931;1;1
1768;200506;158.446;154.489;115.816;1;1
1768;200507;165.774;100.575;107.903;1;1
1768;200508;158.273;49.496;41.995;1;1
1768;200509;198.756;30.259;70.742;1;1
1768;200510;178.625;147.248;127.117;1;1
1768;200511;165.594;178.608;165.577;1;1
1768;200512;201.52;196.255;232.181;1;1
1768;200601;179.581;219.506;197.567;1;1
1768;200602;181.27;157.823;159.512;1;1
1768;200603;207.914;551.698;578.342;1;1
1768;200604;191.568;495.848;479.502;1;1
1768;200605;176.817;254.47;239.719;1;1
1768;200606;189.862;133.366;146.411;1;1
1768;200607;198.247;151.361;159.746;1;1
1768;200608;184.293;67.805;53.851;1;1
1768;200609;180.359;137.412;133.478;1;1
1768;200610;206.299;406.755;432.695;1;1
1768;200611;212.602;676.408;682.711;1;1
1768;200612;191.363;1094.115;1072.876;1;1
1768;200701;190.884;437.623;437.144;1;1
1768;200702;210.135;639.01;658.261;1;1
1768;200703;185.289;750.485;725.639;1;1
1768;200704;181.662;360.923;357.296;1;1
1768;200705;194.396;208.917;221.651;1;1
1768;200706;191.637;212.338;209.579;1;1
1768;200707;173.338;254.315;236.016;1;1
1768;200708;170.722;141.059;138.443;1;1
1768;200709;188.709;86.591;104.578;1;1
1768;200710;181.466;223.235;215.992;1;1
1768;200711;189.183;151.756;159.473;1;1
1768;200712;180.294;115.882;106.993;1;1
1768;200801;189.319;173.431;182.456;1;1
1768;200802;181.924;117.47;110.075;1;1
1768;200803;191.65;136.033;145.759;1;1
1768;200804;195.383;408.079;411.812;1;1
1768;200805;195.383;373.495;373.495;1;1
1768;200806;187.98;325.348;317.945;1;1
1768;200807;200.675;137.212;149.907;1;1
1768;200808;132.553;210.44;142.318;1;1
1768;200809;190.829;93.811;152.087;1;1
1768;200810;162.5;177.533;149.204;1;1
1768;200811;179.27;128.648;145.418;1;1
1768;200812;193.786;343.257;357.773;1;1
1768;200901;201.893;589.705;597.812;1;1
1768;200902;182.395;727.015;707.517;1;1
1768;200903;199.963;470.027;487.595;1;1
1768;200904;188.588;290.13;278.755;1;1
1768;200905;180.632;219.274;211.318;1;1
1768;200906;129.854;222.461;171.683;1;1
1768;200907;133.099;133.788;137.033;1;1
1768;200908;161.672;28.627;57.2;1;1
1768;200909;202.036;28.939;69.303;1;1
1768;200910;206.167;202.778;206.909;1;1
1768;200911;175.748;473.66;443.241;1;1
1768;200912;191.239;1085.689;1101.18;1;1
1768;201001;209.704;1423.298;1441.763;1;1
1768;201002;191.239;872.18;853.715;1;1
1768;201003;209.407;1099.801;1117.969;1;1
1768;201004;129.078;868.645;788.316;1;1
1768;201005;65.786;406.694;343.402;1;1
1768;201006;65.704;301.927;301.845;1;1
1768;201007;65.134;228.925;228.355;1;1
1768;201008;65.215;159.138;159.219;1;1
1768;201009;65.215;199.354;199.354;1;1
1768;201010;147.99;158.401;241.176;1;1
1768;201011;192.06;507.596;551.666;1;1
1768;201012;182.85;690.177;680.967;1;1
1768;201101;205.66;961.4;984.21;1;1
1768;201102;197.27;497.35;488.96;1;1
1768;201103;192.03;503.652;498.412;1;1
1768;201104;173.13;429.264;410.364;1;1
1768;201105;205.35;203.483;235.703;1;1
1768;201106;205.02;117.932;117.602;1;1
1768;201107;205.86;80.217;81.057;1;1
1768;201108;203.9;99.275;97.315;1;1
1768;201109;204.67;132.435;133.205;1;1
1768;201110;161.867;202.297;159.494;1;1
1768;201111;194.854;185.955;218.942;1;1
1768;201112;198.897;300.498;304.541;1;1
1768;201201;194.201;250.302;245.606;1;1
1768;201202;196.292;134.088;136.179;1;1
1768;201203;198.049;121.258;123.015;1;1
1768;201204;187.576;245.452;234.979;1;1
1768;201205;199.891;304.285;316.6;1;1
1768;201206;196.642;142.925;139.676;1;1
1768;201207;198.544;139.091;140.993;1;1
1768;201208;200.39;120.414;122.26;1;1
1768;201209;165.786;187.98;153.376;1;1
1768;201210;186.691;136.336;157.241;1;1
1768;201211;182.579;192.361;188.249;1;1
1768;201212;201.448;450.48;469.349;1;1
1768;201301;167.105;861.646;827.303;1;1
1768;201302;181.989;728.802;743.686;1;1
1768;201303;197.401;1039.765;1055.177;1;1
1768;201304;197.894;1182.748;1183.241;1;1
1768;201305;201.233;427.767;431.106;1;1
1768;201306;200.875;249.14;248.782;1;1
1768;201307;207.841;194.254;201.22;1;1
1768;201308;187.9;84.581;64.64;1;1
1768;201309;149.139;175.292;136.531;1;1
1768;201310;165.847;242.587;259.295;1;1
1768;201311;170.412;433.566;438.131;1;1
1768;201312;160.896;498.8;489.284;1;1
1768;201401;195.928;1185.086;1220.118;1;1
1768;201402;204.549;1673.503;1682.124;1;1
1768;201403;178.226;1216.622;1190.299;1;1
1768;201404;199.167;801.078;822.019;1;1
1768;201405;191.499;385.955;378.287;1;1
1768;201406;130.679;310.332;249.512;1;1
1768;201407;202.022;83.35;154.693;1;1
1768;201408;160.72;183.791;142.489;1;1
1768;201409;153.477;89.435;82.192;1;1
1768;201410;184.76;145.127;176.41;1;1
1768;201411;175.67;503.861;494.771;1;1
1768;201412;177.01;414.903;416.243;1;1
1768;201501;191.84;419.9;434.73;1;1
1768;201502;165.11;752.893;726.163;1;1
1768;201503;181.27;569.219;585.379;1;1
1768;201504;193.22;255.122;267.072;1;1
1768;201505;200.88;335.074;342.734;1;1
1768;201506;188.71;239.503;227.333;1;1
1768;201507;152.75;178.853;142.893;1;1
1768;201508;159.26;61.468;67.978;1;1
1768;201509;126.25;168.929;135.919;1;1
1768;201510;187.09;167.318;228.158;1;1
1768;201511;182.05;270.458;265.418;1;1
1768;201512;186.36;193.693;198.003;1;1
1768;201601;185.55;1128.888;1128.078;1;1
1768;201602;194.19;1530.608;1539.248;1;1
1768;201603;205.57;865;876.38;1;1
1768;201604;208.13;1163.509;1166.069;1;1
1768;201605;179.77;751.513;723.153;1;1
1768;201606;195.72;352.737;368.687;1;1
1768;201607;191.77;259.299;255.349;1;1
1768;201608;187.56;158.323;154.113;1;1
1768;201609;155.12;212.103;179.663;1;1
1768;201610;182.65;148.29;175.82;1;1
1768;201611;183.17;139.34;139.86;1;1
1768;201612;172.34;174.52;163.69;1;1
1768;201701;175.67;185.82;189.15;1;1
1768;201702;183.43;299.92;307.68;1;1
1768;201703;182.05;260.86;259.48;1;1
1768;201704;186.89;140.78;145.62;1;1
1768;201705;182.51;140.1;135.72;1;1
1768;201706;163.08;101.96;82.53;1;1
1768;201707;138.66;98.21;73.79;1;1
1768;201708;129.22;100.6;91.16;1;1
1768;201709;126.77;225.01;222.56;1;1
1768;201710;128.4;92.856;94.486;1;1
1768;201711;131.71;96.498;99.808;1;1
1768;201712;194.88;159.716;222.886;1;1
1768;201801;196.84;403.509;405.469;1;1
1768;201802;175.93;414.936;394.026;1;1
1768;201803;179.9;877.089;881.059;1;1
1768;201804;199.73;901.805;921.635;1;1
1768;201805;197.82;382.562;380.652;1;1
1768;201806;193.91;397.395;393.485;1;1
1768;201807;170.78;356.723;333.593;1;1
1768;201808;192.87;67.486;89.576;1;1
1768;201809;198.03;229.973;235.133;1;1
1768;201810;183.37;260.305;245.645;1;1
1768;201811;178.03;328.25;322.91;1;1
1768;201812;166.98;445.651;434.601;1;1
1768;201901;183.63;356.268;372.918;1;1
1768;201902;174.78;552.573;543.723;1;1
1768;201903;175.35;328.914;329.484;1;1
1768;201904;190.06;331.147;345.857;1;1
1768;201905;182.97;262.886;255.796;1;1
1768;201906;188.44;132.212;137.682;1;1
1768;201907;183.17;123.166;117.896;1;1
1768;201908;192.18;69.949;78.959;1;1
1768;201909;156.03;158.278;122.128;1;1
1768;201910;164.81;152.174;160.954;1;1
1768;201911;189.79;748.578;773.558;1;1
1768;201912;197.82;1917.055;1925.085;1;1
1768;202001;180.16;702.283;684.623;1;1
1768;202002;168.14;505.869;493.849;1;1
1768;202003;183.04;537.226;552.126;1;1
1768;202004;174.78;335.784;327.524;1;1
1768;202005;197.61;291.752;314.582;1;1
1768;202006;197.61;222.572;222.572;1;1
1768;202007;201.17;151.365;154.925;1;1
1768;202008;185.17;144.574;128.574;1;1
1768;202009;166.02;277.374;258.224;1;1
1768;202010;175.18;194.91;204.07;1;1
1768;202011;171.04;297.989;293.849;1;1
1768;202012;168.64;679.333;676.933;1;1
1768;202101;198.31;849.499;879.169;1;1
1768;202102;159.61;1215.027;1176.327;1;1
1768;202103;179.58;536.36;556.33;1;1
1768;202104;178.68;358.295;357.395;1;1
1768;202105;193.08;227.842;242.242;1;1
1768;202106;190.95;277.658;275.528;1;1
1768;202107;174.91;292.256;276.216;1;1
1768;202108;171.53;143.442;140.062;1;1
1768;202109;182.97;123.192;134.632;1;1
1769;195910;;;;2;1
1769;195911;;;;2;1
1769;195912;;;;2;1
1769;196001;;;;2;1
1769;196002;;;;2;1
1769;196003;;;;2;1
1769;196004;;;;2;1
1769;196005;;;;2;1
1769;196006;;;;2;1
1769;196007;;;;2;1
1769;196008;;;;2;1
1769;196009;5.47;82.123;81.003;2;1
1769;196010;4.35;670.982;670.802;2;1
1769;196011;4.17;1580.861;1582.431;2;1
1769;196012;5.74;1447.2;1446.71;2;1
1769;196101;5.25;1582.243;1582.673;2;1
1769;196102;5.68;923.53;923.53;2;1
1769;196103;5.68;519.696;518.186;2;1
1769;196104;4.17;359.77;361.34;2;1
1769;196105;5.74;361.498;361.318;2;1
1769;196106;5.56;290.909;290.379;2;1
1769;196107;5.03;205.114;205.434;2;1
1769;196108;5.35;182.045;182.045;2;1
1769;196109;5.35;183.341;182.111;2;1
1769;196110;4.12;419.645;417.555;2;1
1769;196111;2.03;898.387;898.407;2;1
1769;196112;2.05;1270.685;1274.375;2;1
1769;196201;5.74;1587.514;1587.354;2;1
1769;196202;5.58;467.77;467.65;2;1
1769;196203;5.46;1173.139;1173.139;2;1
1769;196204;5.46;1388.362;1388.042;2;1
1769;196205;5.14;363.83;364.29;2;1
1769;196206;5.6;;;2;1
1769;196207;5.35;181.181;180.941;2;1
1769;196208;5.11;188.179;188.529;2;1
1769;196209;5.46;187.315;181.855;2;1
1769;196210;0;118.904;124.104;2;1
1769;196211;5.2;134.153;134.453;2;1
1769;196212;5.5;253.921;253.821;2;1
1769;196301;5.4;698.458;698.758;2;1
1769;196302;5.7;844.335;844.335;2;1
1769;196303;5.7;1778.604;1778.604;2;1
1769;196304;5.7;1113.903;1113.603;2;1
1769;196305;5.4;537.201;537.401;2;1
1769;196306;5.6;377.438;377.138;2;1
1769;196307;5.3;259.019;258.719;2;1
1769;196308;5;267.935;267.935;2;1
1769;196309;5;232.667;232.033;2;1
1769;196310;4.366;247.19;248.313;2;1
1769;196311;5.489;907.027;906.413;2;1
1769;196312;4.875;909.792;910.379;2;1
1769;196401;5.462;474.768;474.768;2;1
1769;196402;5.462;877.91;878.185;2;1
1769;196403;5.737;1581.466;1581.467;2;1
1769;196404;5.738;720.576;720.465;2;1
1769;196405;5.627;324.518;324.584;2;1
1769;196406;5.693;337.478;336.739;2;1
1769;196407;4.954;165.974;166.217;2;1
1769;196408;5.197;146.621;145.74;2;1
1769;196409;4.316;214.358;214.242;2;1
1769;196410;4.2;321.46;322.66;2;1
1769;196411;5.4;250.284;250.384;2;1
1769;196412;5.5;244.227;243.927;2;1
1769;196501;5.2;420.301;420.801;2;1
1769;196502;5.7;452.546;452.146;2;1
1769;196503;5.3;859.283;859.683;2;1
1769;196504;5.7;498.148;498.048;2;1
1769;196505;5.6;243.181;243.081;2;1
1769;196506;5.5;139.83;139.83;2;1
1769;196507;5.5;131.44;130.84;2;1
1769;196508;4.9;77.544;77.644;2;1
1769;196509;5;128.045;128.785;2;1
1769;196510;5.74;278.502;277.792;2;1
1769;196511;5.03;453.695;454.405;2;1
1769;196512;5.74;1297.322;1297.322;2;1
1769;196601;5.74;1967.216;1967.216;2;1
1769;196602;5.74;3052.823;3052.823;2;1
1769;196603;5.74;1044.827;1043.257;2;1
1769;196604;4.17;1288.449;1290.019;2;1
1769;196605;5.74;486.683;486.403;2;1
1769;196606;5.46;352.961;352.961;2;1
1769;196607;5.46;238.084;236.634;2;1
1769;196608;4.01;177.552;178.922;2;1
1769;196609;5.38;211.447;211.547;2;1
1769;196610;5.48;368.41;368.61;2;1
1769;196611;5.68;689.161;688.941;2;1
1769;196612;5.46;559.699;559.699;2;1
1769;196701;5.46;443.249;442.979;2;1
1769;196702;5.19;472.219;472.219;2;1
1769;196703;5.19;600.618;600.888;2;1
1769;196704;5.46;408.076;407.266;2;1
1769;196705;4.65;349.479;350.349;2;1
1769;196706;5.52;231.656;231.716;2;1
1769;196707;5.58;190.996;190.966;2;1
1769;196708;5.55;151.995;151.795;2;1
1769;196709;5.35;264.557;264.397;2;1
1769;196710;5.19;204.241;203.471;2;1
1769;196711;4.42;219.637;220.627;2;1
1769;196712;5.41;285.293;285.073;2;1
1769;196801;5.19;397.129;397.349;2;1
1769;196802;5.41;684.806;685.076;2;1
1769;196803;5.68;502.019;501.529;2;1
1769;196804;5.19;673.488;673.838;2;1
1769;196805;5.54;990.187;988.817;2;1
1769;196806;4.17;258.016;259.106;2;1
1769;196807;5.26;209.252;209.292;2;1
1769;196808;5.3;146.569;144.539;2;1
1769;196809;3.27;357.8;359.95;2;1
1769;196810;5.42;397.898;398.018;2;1
1769;196811;5.54;572.547;572.637;2;1
1769;196812;5.63;916.678;916.788;2;1
1769;196901;5.74;1550.897;1550.897;2;1
1769;196902;5.74;953.407;953.407;2;1
1769;196903;5.74;2102.069;2102.069;2;1
1769;196904;5.74;736.43;736.43;2;1
1769;196905;5.74;864.527;864.527;2;1
1769;196906;5.74;547.862;547.472;2;1
1769;196907;5.35;311.351;311.631;2;1
1769;196908;5.63;293.717;293.567;2;1
1769;196909;5.48;394.027;394.177;2;1
1769;196910;5.63;205.407;204.497;2;1
1769;196911;4.72;370.898;370.718;2;1
1769;196912;4.54;338.325;338.305;2;1
1769;197001;4.52;1688.679;1689.899;2;1
1769;197002;5.74;927.253;927.253;2;1
1769;197003;5.74;587.701;587.291;2;1
1769;197004;5.33;236.65;236.59;2;1
1769;197005;5.27;365.852;366.222;2;1
1769;197006;5.64;316.224;316.214;2;1
1769;197007;5.63;229.53;228.47;2;1
1769;197008;4.57;229.098;230.158;2;1
1769;197009;5.63;247.7;243.48;2;1
1769;197010;1.41;11.742;15.472;2;1
1769;197011;5.14;206.289;206.609;2;1
1769;197012;5.46;278.329;278.549;2;1
1769;197101;5.68;523.428;523.488;2;1
1769;197102;5.74;512.274;512.274;2;1
1769;197103;5.74;438.273;438.273;2;1
1769;197104;5.74;534.453;534.453;2;1
1769;197105;5.74;785.013;785.013;2;1
1769;197106;5.74;685.912;685.912;2;1
1769;197107;5.74;530.565;530.455;2;1
1769;197108;5.63;402.676;402.676;2;1
1769;197109;5.63;301.139;296.899;2;1
1769;197110;1.39;152.764;155.884;2;1
1769;197111;4.51;211.421;212.651;2;1
1769;197112;5.74;307.403;306.783;2;1
1769;197201;5.12;330.964;331.584;2;1
1769;197202;5.74;1274.322;1274.322;2;1
1769;197203;5.74;919.598;919.598;2;1
1769;197204;5.74;681.178;681.178;2;1
1769;197205;5.74;356.443;356.443;2;1
1769;197206;5.74;310.427;310.347;2;1
1769;197207;5.66;295.315;295.335;2;1
1769;197208;5.68;246.862;241.762;2;1
1769;197209;0.58;171.132;175.882;2;1
1769;197210;5.33;248.737;249.147;2;1
1769;197211;5.74;388.117;387.227;2;1
1769;197212;4.85;551.837;552.727;2;1
1769;197301;5.74;584.608;584.328;2;1
1769;197302;5.46;492.204;492.074;2;1
1769;197303;5.33;436.743;437.153;2;1
1769;197304;5.74;175.91;175.91;2;1
1769;197305;5.74;700.341;700.341;2;1
1769;197306;5.74;348.036;348.036;2;1
1769;197307;5.74;274.432;274.432;2;1
1769;197308;5.74;215.499;215.499;2;1
1769;197309;5.74;160.116;160.116;2;1
1769;197310;5.74;304.716;304.306;2;1
1769;197311;5.33;227.241;227.541;2;1
1769;197312;5.63;159.373;158.503;2;1
1769;197401;4.76;892.823;893.803;2;1
1769;197402;5.74;1260.369;1260.369;2;1
1769;197403;5.74;658.437;658.157;2;1
1769;197404;5.46;365.593;365.873;2;1
1769;197405;5.74;246.041;245.901;2;1
1769;197406;5.6;237.082;237.222;2;1
1769;197407;5.74;363.217;363.217;2;1
1769;197408;5.74;211.196;210.976;2;1
1769;197409;5.52;287.22;282.45;2;1
1769;197410;0.75;66.433;70.873;2;1
1769;197411;5.19;311.956;312.506;2;1
1769;197412;5.74;268.488;268.078;2;1
1769;197501;5.33;318.142;318.552;2;1
1769;197502;5.74;412.698;412.698;2;1
1769;197503;5.74;623.013;623.013;2;1
1769;197504;5.74;363.718;363.078;2;1
1769;197505;5.1;162.026;161.856;2;1
1769;197506;4.93;150.025;150.745;2;1
1769;197507;5.65;169.18;169.08;2;1
1769;197508;5.55;183.237;183.037;2;1
1769;197509;5.35;165.318;165.568;2;1
1769;197510;5.6;282.528;282.668;2;1
1769;197511;5.74;340.442;340.162;2;1
1769;197512;5.46;446.576;446.226;2;1
1769;197601;5.11;142.171;141.751;2;1
1769;197602;4.69;268.6;269.19;2;1
1769;197603;5.28;269.032;269.382;2;1
1769;197604;5.63;268.281;267.841;2;1
1769;197605;5.19;103.974;104.464;2;1
1769;197606;5.68;138.663;138.663;2;1
1769;197607;5.68;108.864;108.724;2;1
1769;197608;5.54;102.479;102.399;2;1
1769;197609;5.46;119.56;119.56;2;1
1769;197610;5.46;282.182;282.052;2;1
1769;197611;5.33;889.842;890.142;2;1
1769;197612;5.63;1172.508;1172.618;2;1
1769;197701;5.74;992.2;992.2;2;1
1769;197702;5.74;2036.197;2036.197;2;1
1769;197703;5.74;1018.371;1018.371;2;1
1769;197704;5.74;553.729;552.929;2;1
1769;197705;4.94;258.319;258.979;2;1
1769;197706;5.6;344.537;344.537;2;1
1769;197707;5.6;316.241;315.851;2;1
1769;197708;5.21;230.126;230.566;2;1
1769;197709;5.65;225.132;225.162;2;1
1769;197710;5.68;385.724;385.644;2;1
1769;197711;5.6;353.488;353.628;2;1
1769;197712;5.74;743.628;743.618;2;1
1769;197801;5.73;851.662;851.672;2;1
1769;197802;5.74;1884.773;1884.743;2;1
1769;197803;5.71;1686.303;1686.333;2;1
1769;197804;5.74;665.747;665.747;2;1
1769;197805;5.74;656.96;656.96;2;1
1769;197806;5.74;339.656;339.646;2;1
1769;197807;5.73;245.169;245.179;2;1
1769;197808;5.74;191.048;190.908;2;1
1769;197809;5.6;238.576;238.256;2;1
1769;197810;5.28;184.075;184.245;2;1
1769;197811;5.45;197.052;196.422;2;1
1769;197812;4.82;1212.399;1213.319;2;1
1769;197901;5.74;1854.611;1854.611;2;1
1769;197902;5.74;3120.993;3120.993;2;1
1769;197903;5.74;1153.708;1153.708;2;1
1769;197904;5.74;1332.755;1332.115;2;1
1769;197905;5.1;526.781;527.421;2;1
1769;197906;5.74;465.324;464.294;2;1
1769;197907;4.71;263.814;264.694;2;1
1769;197908;5.59;198.962;199.052;2;1
1769;197909;5.68;243.112;242.962;2;1
1769;197910;5.53;272.592;272.692;2;1
1769;197911;5.63;564.252;564.302;2;1
1769;197912;5.68;570.119;570.179;2;1
1769;198001;5.74;791.104;791.104;2;1
1769;198002;5.74;672.062;672.062;2;1
1769;198003;5.74;562.084;562.084;2;1
1769;198004;5.74;508.62;507.68;2;1
1769;198005;4.8;395.634;395.524;2;1
1769;198006;4.69;332.182;332.822;2;1
1769;198007;5.33;245.445;245.785;2;1
1769;198008;5.67;180.636;179.736;2;1
1769;198009;4.77;158.095;158.625;2;1
1769;198010;5.3;296.473;295.843;2;1
1769;198011;4.67;325.987;326.527;2;1
1769;198012;5.21;405.112;405.092;2;1
1769;198101;5.19;300.551;300.091;2;1
1769;198102;4.73;204.25;204.61;2;1
1769;198103;5.09;326.022;325.862;2;1
1769;198104;4.93;360.288;361.038;2;1
1769;198105;5.68;255.174;254.814;2;1
1769;198106;5.32;294.408;294.658;2;1
1769;198107;5.57;227.362;227.422;2;1
1769;198108;5.63;187.134;187.114;2;1
1769;198109;5.61;104.25;103.44;2;1
1769;198110;4.8;335.56;335.95;2;1
1769;198111;5.19;260.928;260.938;2;1
1769;198112;5.2;1159.842;1160.322;2;1
1769;198201;5.68;1020.54;1020.46;2;1
1769;198202;5.6;524.102;524.242;2;1
1769;198203;5.74;505.017;505.017;2;1
1769;198204;5.74;287.358;287.078;2;1
1769;198205;5.46;138.551;138.801;2;1
1769;198206;5.71;218.074;217.774;2;1
1769;198207;5.41;223.94;223.72;2;1
1769;198208;5.19;161.706;161.946;2;1
1769;198209;5.43;34.75;34.782;2;1
1769;198210;5.462;345.718;345.718;2;1
1769;198211;5.462;504.756;504.932;2;1
1769;198212;5.638;974.797;974.869;2;1
1769;198301;5.71;491.397;491.122;2;1
1769;198302;5.435;407.55;407.791;2;1
1769;198303;5.676;420.142;419.83;2;1
1769;198304;5.364;531.79;531.985;2;1
1769;198305;5.559;1024.787;1024.921;2;1
1769;198306;5.693;486.067;485.302;2;1
1769;198307;4.928;330.927;331.245;2;1
1769;198308;5.246;268.443;268.659;2;1
1769;198309;5.462;243.601;243.843;2;1
1769;198310;5.704;274.764;274.604;2;1
1769;198311;5.544;242.564;242.559;2;1
1769;198312;5.539;473.668;473.215;2;1
1769;198401;5.086;612.411;613.063;2;1
1769;198402;5.738;636.093;636.093;2;1
1769;198403;5.738;515.005;514.966;2;1
1769;198404;5.699;773.637;773.024;2;1
1769;198405;5.086;489.217;489.174;2;1
1769;198406;5.043;529.365;529.182;2;1
1769;198407;4.86;385.444;385.776;2;1
1769;198408;5.192;277.712;277.133;2;1
1769;198409;4.613;178.554;178.559;2;1
1769;198410;4.618;455.415;456.518;2;1
1769;198411;5.721;847.307;847.296;2;1
1769;198412;5.71;874.305;874.277;2;1
1769;198501;5.682;830.847;830.875;2;1
1769;198502;5.71;1545.754;1545.726;2;1
1769;198503;5.682;995.992;996.02;2;1
1769;198504;5.71;902.467;901.711;2;1
1769;198505;4.954;403.714;404.403;2;1
1769;198506;5.643;360.295;360.279;2;1
1769;198507;5.627;265.751;265.3;2;1
1769;198508;5.176;236.675;236.712;2;1
1769;198509;5.213;133.132;132.649;2;1
1769;198510;4.73;189.195;189.657;2;1
1769;198511;5.192;157.013;152.199;2;1
1769;198512;0.378;257.411;262.252;2;1
1769;198601;5.219;660.165;660.518;2;1
1769;198602;5.572;910.019;909.676;2;1
1769;198603;5.229;761.65;761.485;2;1
1769;198604;5.064;526.912;527.201;2;1
1769;198605;5.353;426.968;426.674;2;1
1769;198606;5.059;297.075;297.533;2;1
1769;198607;5.517;233.751;232.903;2;1
1769;198608;4.669;211.129;208.691;2;1
1769;198609;2.231;104.643;107.701;2;1
1769;198610;5.289;247.902;247.307;2;1
1769;198611;4.694;289.712;290.426;2;1
1769;198612;5.408;330.375;330.159;2;1
1769;198701;5.192;235.684;235.609;2;1
1769;198702;5.117;455.896;456.019;2;1
1769;198703;5.24;387.484;387.706;2;1
1769;198704;5.462;407.636;407.647;2;1
1769;198705;5.473;280.621;280.659;2;1
1769;198706;5.511;242.261;242.141;2;1
1769;198707;5.391;168.698;168.606;2;1
1769;198708;5.299;139.214;139.323;2;1
1769;198709;5.408;43.129;43.254;2;1
1769;198710;5.533;548.518;548.447;2;1
1769;198711;5.462;629.429;629.539;2;1
1769;198712;5.572;691.77;691.66;2;1
1769;198801;5.462;1081.566;1081.769;2;1
1769;198802;5.665;1613.129;1613.091;2;1
1769;198803;5.627;500.416;500.377;2;1
1769;198804;5.588;453.733;453.284;2;1
1769;198805;5.139;638.355;638.826;2;1
1769;198806;5.61;412.784;412.691;2;1
1769;198807;5.517;397.951;393.92;2;1
1769;198808;1.486;214.183;217.991;2;1
1769;198809;5.294;157.673;157.956;2;1
1769;198810;5.577;249.319;249.117;2;1
1769;198811;5.375;185.858;185.569;2;1
1769;198812;5.086;123.515;123.573;2;1
1769;198901;5.144;109.034;109.352;2;1
1769;198902;5.462;145.943;145.998;2;1
1769;198903;5.517;338.223;338.168;2;1
1769;198904;5.462;420.143;419.873;2;1
1769;198905;5.192;270.336;270.716;2;1
1769;198906;5.572;236.08;235.557;2;1
1769;198907;5.049;251.305;251.577;2;1
1769;198908;5.321;184.501;182.965;2;1
1769;198909;3.785;169.966;171.518;2;1
1769;198910;5.337;109.061;109.002;2;1
1769;198911;5.278;169.488;169.623;2;1
1769;198912;5.413;911.48;911.693;2;1
1769;199001;5.626;658.09;657.672;2;1
1769;199002;5.208;700.893;701.317;2;1
1769;199003;5.632;343.17;342.968;2;1
1769;199004;5.43;230.118;230.052;2;1
1769;199005;5.364;178.098;178.234;2;1
1769;199006;5.5;165.43;165.322;2;1
1769;199007;5.392;166.272;166.468;2;1
1769;199008;5.588;130.011;124.677;2;1
1769;199009;0.254;69.082;74.252;2;1
1769;199010;5.44;60.909;60.903;1;1
1769;199011;4.787;359.565;358.912;1;1
1769;199012;4.897;333.356;333.466;1;1
1769;199101;5.381;657.143;657.627;1;1
1769;199102;5.577;498.873;499.069;1;1
1769;199103;5.638;933.501;933.562;1;1
1769;199104;5.251;480.805;480.418;1;1
1769;199105;5.413;279.27;279.432;1;1
1769;199106;5.446;196.395;196.428;1;1
1769;199107;5.381;239.604;239.539;1;1
1769;199108;4.371;19.903;18.893;1;1
1769;199109;4.649;169.546;169.824;1;1
1769;199110;5.381;254.881;255.613;1;1
1769;199111;4.592;506.51;505.721;1;1
1769;199112;5.198;301.558;302.164;1;1
1769;199201;5.337;256.349;256.488;1;1
1769;199202;5.343;133.986;133.992;1;1
1769;199203;5.273;144.352;144.282;1;1
1769;199204;4.839;391.456;391.022;1;1
1769;199205;5.192;164.012;164.365;1;1
1769;199206;4.628;191.101;190.537;1;1
1769;199207;5.107;172.851;173.33;1;1
1769;199208;5.086;75.159;75.138;1;1
1769;199209;5.462;144.376;144.752;1;1
1769;199210;4.725;221.399;220.662;1;1
1769;199211;4.803;274.861;274.939;1;1
1769;199212;5.316;659.684;660.197;1;1
1769;199301;4.819;361.96;361.463;1;1
1769;199302;4.406;199.954;199.541;1;1
1769;199303;4.871;168.191;168.656;1;1
1769;199304;4.928;163.645;163.702;1;1
1769;199305;5.225;273.1;273.397;1;1
1769;199306;4.871;327.394;327.04;1;1
1769;199307;5.225;258.369;258.723;1;1
1769;199308;4.674;157.623;157.072;1;1
1769;199309;4.506;97.315;97.147;1;1
1769;199310;5.284;703.206;703.984;1;1
1769;199311;5.555;540.144;540.415;1;1
1769;199312;5.517;620.389;620.351;1;1
1769;199401;5.473;1495.732;1495.688;1;1
1769;199402;5.5;702.388;702.415;1;1
1769;199403;5.446;591.086;591.032;1;1
1769;199404;5.001;340.58;340.135;1;1
1769;199405;4.834;374.654;374.487;1;1
1769;199406;5.316;248.518;249;1;1
1769;199407;4.97;183.003;182.657;1;1
1769;199408;2.82;126.811;124.661;1;1
1769;199409;4.933;120.55;122.663;1;1
1769;199410;4.664;207.581;207.312;1;1
1769;199411;4.659;365.491;365.486;1;1
1769;199412;5.435;383.948;384.724;1;1
1769;199501;5.479;716.946;716.99;1;1
1769;199502;5.479;843.299;843.299;1;1
1769;199503;4.933;955.788;955.242;1;1
1769;199504;5.348;324.878;325.293;1;1
1769;199505;5.219;278.631;278.502;1;1
1769;199506;4.684;222.012;221.477;1;1
1769;199507;4.871;202.895;203.082;1;1
1769;199508;5.139;239.804;240.072;1;1
1769;199509;4.552;77.292;76.705;1;1
1769;199510;5.698;192.551;193.697;1;1
1769;199511;5.654;369.311;369.267;1;1
1769;199512;4.844;1101.946;1101.136;1;1
1769;199601;5.241;2261.673;2262.07;1;1
1769;199602;5.262;1112.473;1112.494;1;1
1769;199603;4.944;564.479;564.161;1;1
1769;199604;5.278;611.117;611.451;1;1
1769;199605;5.615;442.027;442.364;1;1
1769;199606;4.907;343.726;343.018;1;1
1769;199607;4.736;309.303;309.132;1;1
1769;199608;2.324;170.557;168.145;1;1
1769;199609;4.982;6.34;8.998;1;1
1769;199610;5.251;179.78;180.049;1;1
1769;199611;4.242;563.217;562.208;1;1
1769;199612;5.484;610.314;611.556;1;1
1769;199701;5.364;703.488;703.368;1;1
1769;199702;5.337;427;426.973;1;1
1769;199703;4.346;344.042;343.051;1;1
1769;199704;4.798;202.596;203.048;1;1
1769;199705;4.491;148.067;147.76;1;1
1769;199706;4.959;246.581;247.049;1;1
1769;199707;4.679;220.005;219.725;1;1
1769;199708;5.246;177.717;178.284;1;1
1769;199709;4.134;138.232;137.12;1;1
1769;199710;5.544;214.045;215.455;1;1
1769;199711;5.479;669.127;669.062;1;1
1769;199712;5.462;997.59;997.573;1;1
1769;199801;5.419;986.098;986.055;1;1
1769;199802;5.479;475.183;475.243;1;1
1769;199803;4.705;303.366;302.592;1;1
1769;199804;5.484;973.512;974.291;1;1
1769;199805;5.506;899.297;899.319;1;1
1769;199806;5.462;419.359;419.315;1;1
1769;199807;4.881;228.515;227.934;1;1
1769;199808;4.798;184.627;184.544;1;1
1769;199809;4.346;218.54;218.088;1;1
1769;199810;4.855;299.133;299.642;1;1
1769;199811;3.517;219.541;218.203;1;1
1769;199812;3.654;163.435;163.572;1;1
1769;199901;5.386;208.224;209.956;1;1
1769;199902;5.446;177.236;177.296;1;1
1769;199903;3.761;302.859;301.174;1;1
1769;199904;5.065;285.126;286.43;1;1
1769;199905;5.113;394.711;394.759;1;1
1769;199906;4.881;261.622;261.39;1;1
1769;199907;5.081;258.04;258.24;1;1
1769;199908;4.188;226.911;226.018;1;1
1769;199909;4.386;224.787;224.985;1;1
1769;199910;5.424;526.123;527.161;1;1
1769;199911;4.217;574.354;573.147;1;1
1769;199912;5.305;595.136;596.224;1;1
1769;200001;4.466;580.926;580.087;1;1
1769;200002;5.413;292.854;293.801;1;1
1769;200003;4.173;207.953;206.713;1;1
1769;200004;5.44;509.157;510.424;1;1
1769;200005;5.267;555.263;555.09;1;1
1769;200006;4.944;272.034;271.711;1;1
1769;200007;4.674;218.706;218.436;1;1
1769;200008;4.491;210.16;209.977;1;1
1769;200009;4.173;128.26;127.942;1;1
1769;200010;5.208;185.613;186.648;1;1
1769;200011;5.435;930.651;930.878;1;1
1769;200012;5.267;2445.453;2445.285;1;1
1769;200101;5.364;2607.329;2607.426;1;1
1769;200102;5.241;1710.816;1710.693;1;1
1769;200103;5.37;3008.465;3008.594;1;1
1769;200104;5.343;1020.517;1020.49;1;1
1769;200105;5.348;489.581;489.586;1;1
1769;200106;5.182;251.217;251.051;1;1
1769;200107;5.171;216.64;216.629;1;1
1769;200108;4.902;178.929;178.66;1;1
1769;200109;5.017;134.215;134.33;1;1
1769;200110;5.3;268.285;268.568;1;1
1769;200111;4.674;224.906;224.28;1;1
1769;200112;4.871;204.113;204.31;1;1
1769;200201;5.075;117.053;117.257;1;1
1769;200202;5.182;187.148;187.255;1;1
1769;200203;5.001;205.247;205.066;1;1
1769;200204;5.359;160.828;161.186;1;1
1769;200205;5.402;106.208;106.251;1;1
1769;200206;3.836;173.049;171.483;1;1
1769;200207;4.582;86.632;87.378;1;1
1769;200208;5.155;111.774;112.347;1;1
1769;200209;5.038;52.008;51.891;1;1
1769;200210;5.23;153.297;153.489;1;1
1769;200211;5.397;550.923;551.09;1;1
1769;200212;5.289;1215.157;1215.049;1;1
1769;200301;5.289;1883.638;1883.638;1;1
1769;200302;5.023;668.83;668.564;1;1
1769;200303;4.762;607.843;607.582;1;1
1769;200304;4.85;494.432;494.52;1;1
1769;200305;4.844;371.558;371.552;1;1
1769;200306;5.203;167.653;168.012;1;1
1769;200307;5.397;213.581;213.775;1;1
1769;200308;4.506;165.511;164.62;1;1
1769;200309;0.315;75.486;71.295;1;1
1769;200310;5.128;195.354;200.167;1;1
1769;200311;5.408;419.789;420.069;1;1
1769;200312;5.364;651.817;651.773;1;1
1769;200401;5.424;685.555;685.615;1;1
1769;200402;4.679;544.874;544.129;1;1
1769;200403;5.348;353.696;354.365;1;1
1769;200404;4.669;309.478;308.799;1;1
1769;200405;5.139;281.602;282.072;1;1
1769;200406;5.31;183.571;183.742;1;1
1769;200407;4.829;113.171;112.69;1;1
1769;200408;5.118;185.834;186.123;1;1
1769;200409;0.228;55.534;50.644;1;1
1769;200410;4.547;316.636;320.955;1;1
1769;200411;5.028;413.687;414.168;1;1
1769;200412;5.332;278.732;279.036;1;1
1769;200501;4.461;264.192;263.321;1;1
1769;200502;4.659;199.252;199.45;1;1
1769;200503;4.902;159.56;159.803;1;1
1769;200504;4.839;217.589;217.526;1;1
1769;200505;4.562;250.907;250.63;1;1
1769;200506;4.242;160.412;160.092;1;1
1769;200507;4.346;104.021;104.125;1;1
1769;200508;4.798;52.944;53.396;1;1
1769;200509;5.001;32.548;32.751;1;1
1769;200510;4.441;155.006;154.446;1;1
1769;200511;4.7;189.195;189.454;1;1
1769;200512;5.091;221.586;221.977;1;1
1769;200601;4.813;249.136;248.858;1;1
1769;200602;4.476;188.775;188.438;1;1
1769;200603;5.37;601.913;602.807;1;1
1769;200604;4.684;545.476;544.79;1;1
1769;200605;5.123;284.653;285.092;1;1
1769;200606;5.139;148.483;148.499;1;1
1769;200607;4.855;170.577;170.293;1;1
1769;200608;4.511;85.071;84.727;1;1
1769;200609;4.813;152.292;152.594;1;1
1769;200610;5.15;439.616;439.953;1;1
1769;200611;5.451;732.587;732.888;1;1
1769;200612;5.102;1152.776;1152.427;1;1
1769;200701;5.134;462.213;462.245;1;1
1769;200702;5.219;674.195;674.28;1;1
1769;200703;4.411;796.51;795.702;1;1
1769;200704;4.613;384.617;384.819;1;1
1769;200705;4.986;230.488;230.861;1;1
1769;200706;4.886;229.433;229.333;1;1
1769;200707;4.684;267.706;267.504;1;1
1769;200708;0.26;157.219;152.795;1;1
1769;200709;5.107;83.222;88.069;1;1
1769;200710;5.182;232.698;232.773;1;1
1769;200711;5.033;162.236;162.087;1;1
1769;200712;5.033;127.371;127.371;1;1
1769;200801;5.392;198.471;198.83;1;1
1769;200802;4.139;137.402;136.149;1;1
1769;200803;5.06;157.255;158.176;1;1
1769;200804;4.608;455.039;454.587;1;1
1769;200805;5.002;416.304;416.698;1;1
1769;200806;4.537;354;353.535;1;1
1769;200807;5.071;150.699;151.233;1;1
1769;200808;4.803;221.638;221.37;1;1
1769;200809;4.845;104.461;104.503;1;1
1769;200810;4.752;188.156;188.063;1;1
1769;200811;4.762;141.313;141.323;1;1
1769;200812;4.685;385.324;385.247;1;1
1769;200901;5.118;647.673;648.106;1;1
1769;200902;4.644;823.397;822.923;1;1
1769;200903;4.923;499.812;500.091;1;1
1769;200904;5.14;312.357;312.574;1;1
1769;200905;5.236;238.535;238.631;1;1
1769;200906;1.887;244.533;241.184;1;1
1769;200907;4.955;145.798;148.866;1;1
1769;200908;1.42;45.863;42.328;1;1
1769;200909;5.408;34.49;38.478;1;1
1769;200910;5.145;215.712;215.449;1;1
1769;200911;5.365;499.921;500.141;1;1
1769;200912;5.3;1152.296;1152.231;1;1
1769;201001;5.43;1574.125;1574.255;1;1
1769;201002;5.425;931.848;931.843;1;1
1769;201003;5.43;1177.027;1177.032;1;1
1769;201004;5.452;910.93;910.952;1;1
1769;201005;5.556;433.524;433.628;1;1
1769;201006;4.542;331.642;330.628;1;1
1769;201007;5.145;244.681;245.284;1;1
1769;201008;5.071;172.441;172.367;1;1
1769;201009;5.156;200.935;201.02;1;1
1769;201010;4.46;164.619;163.923;1;1
1769;201011;5.39;545.711;546.641;1;1
1769;201012;5.44;747.369;747.419;1;1
1769;201101;5.22;1021.511;1021.291;1;1
1769;201102;5.13;542.684;542.594;1;1
1769;201103;5.55;555.364;555.784;1;1
1769;201104;3.57;471.754;469.774;1;1
1769;201105;4.47;226.504;227.404;1;1
1769;201106;4.79;136.128;136.448;1;1
1769;201107;5.25;93.487;93.947;1;1
1769;201108;5.12;113.455;113.325;1;1
1769;201109;5.21;144.34;144.43;1;1
1769;201110;5.065;211.609;211.464;1;1
1769;201111;4.955;194.531;194.421;1;1
1769;201112;4.986;318.105;318.136;1;1
1769;201201;5.007;267.06;267.081;1;1
1769;201202;5.023;145.004;145.02;1;1
1769;201203;4.675;128.85;128.502;1;1
1769;201204;5.279;257.518;258.122;1;1
1769;201205;5.22;327.839;327.78;1;1
1769;201206;4.845;170.965;170.59;1;1
1769;201207;4.803;157.989;157.947;1;1
1769;201208;5.013;129.427;129.637;1;1
1769;201209;4.803;190.226;190.016;1;1
1769;201210;5.097;145.525;145.819;1;1
1769;201211;5.402;202.458;202.763;1;1
1769;201212;5.192;475.771;475.561;1;1
1769;201301;5.219;909.642;909.669;1;1
1769;201302;5.435;749.224;749.44;1;1
1769;201303;5.23;1078.874;1078.669;1;1
1769;201304;5.522;1216.447;1216.739;1;1
1769;201305;4.824;437.991;437.293;1;1
1769;201306;4.933;256.741;256.85;1;1
1769;201307;4.222;205.919;205.208;1;1
1769;201308;4.669;94.651;95.098;1;1
1769;201309;5.001;184.272;184.604;1;1
1769;201310;4.213;251.468;250.68;1;1
1769;201311;4.411;448.733;448.931;1;1
1769;201312;5.294;520.915;521.798;1;1
1769;201401;5.081;1230.854;1230.641;1;1
1769;201402;5.392;1760.33;1760.641;1;1
1769;201403;5.208;1244.02;1243.836;1;1
1769;201404;5.316;826.339;826.447;1;1
1769;201405;4.664;406.83;406.178;1;1
1769;201406;1.84;330.258;327.434;1;1
1769;201407;1.764;91.162;91.086;1;1
1769;201408;0.378;187.84;186.454;1;1
1769;201409;0.378;92.23;92.23;1;1
1769;201410;4.16;154.878;158.66;1;1
1769;201411;4.78;527.709;528.329;1;1
1769;201412;4.18;445.062;444.462;1;1
1769;201501;5.11;450.394;451.324;1;1
1769;201502;5.59;781.625;782.105;1;1
1769;201503;4.77;602.312;601.492;1;1
1769;201504;4.22;281.295;280.745;1;1
1769;201505;4.58;360.98;361.34;1;1
1769;201506;3.24;256.75;255.41;1;1
1769;201507;0.35;193.958;191.068;1;1
1769;201508;4.26;62.687;66.597;1;1
1769;201509;4.87;175.305;175.915;1;1
1769;201510;5.35;182.362;182.842;1;1
1769;201511;4.56;289.159;288.369;1;1
1769;201512;4.88;234.303;234.623;1;1
1769;201601;4.87;1209.327;1209.317;1;1
1769;201602;4.94;1608.206;1608.276;1;1
1769;201603;5.17;931.821;932.051;1;1
1769;201604;5.28;1208.269;1208.379;1;1
1769;201605;4.59;789.251;788.561;1;1
1769;201606;5.27;381.453;382.133;1;1
1769;201607;5.49;277.345;277.565;1;1
1769;201608;5.13;175.044;174.684;1;1
1769;201609;5.33;228.182;228.382;1;1
1769;201610;5.53;161.69;161.89;1;1
1769;201611;5.53;154.56;154.56;1;1
1769;201612;5.48;189.59;189.54;1;1
1769;201701;5.39;199.29;199.2;1;1
1769;201702;5.51;321.1;321.22;1;1
1769;201703;4.8;285.71;285;1;1
1769;201704;5.19;160.02;160.41;1;1
1769;201705;5.1;157.83;157.74;1;1
1769;201706;4.97;116.25;116.12;1;1
1769;201707;4.53;111.68;111.24;1;1
1769;201708;5.28;111.5;112.25;1;1
1769;201709;4.79;236.22;235.73;1;1
1769;201710;5.42;103.117;103.747;1;1
1769;201711;5.19;108.071;107.841;1;1
1769;201712;5.5;175.252;175.562;1;1
1769;201801;5.13;414.533;414.163;1;1
1769;201802;4.91;423.18;422.96;1;1
1769;201803;5.61;874.44;875.14;1;1
1769;201804;4.42;949.974;948.784;1;1
1769;201805;4.28;379.657;379.517;1;1
1769;201806;4.81;392.074;392.604;1;1
1769;201807;0.64;355.288;351.118;1;1
1769;201808;4.92;63.267;67.547;1;1
1769;201809;4.75;248.881;248.711;1;1
1769;201810;5.16;278.737;279.147;1;1
1769;201811;4.74;351.057;350.637;1;1
1769;201812;4.4;468.509;468.169;1;1
1769;201901;5.37;389.504;390.474;1;1
1769;201902;5.05;580.815;580.495;1;1
1769;201903;4.23;358.801;357.981;1;1
1769;201904;4.92;363.322;364.012;1;1
1769;201905;5.26;276.281;276.621;1;1
1769;201906;4.74;135.477;134.957;1;1
1769;201907;0.72;133.501;129.481;1;1
1769;201908;0.7;81.004;80.984;1;1
1769;201909;4.85;177.547;181.697;1;1
1769;201910;4.56;154.606;154.316;1;1
1769;201911;5.17;767.945;768.555;1;1
1769;201912;5.21;1850.84;1850.88;1;1
1769;202001;4.98;732.082;731.852;1;1
1769;202002;5.09;530.94;531.05;1;1
1769;202003;5.05;562.158;562.118;1;1
1769;202004;4.44;352.781;352.171;1;1
1769;202005;4.83;307.466;307.856;1;1
1769;202006;5.02;239.321;239.511;1;1
1769;202007;5.34;159.52;159.84;1;1
1769;202008;4.55;150.501;149.711;1;1
1769;202009;4.81;265.198;265.458;1;1
1769;202010;5.03;171.744;171.964;1;1
1769;202011;5.03;278.33;278.33;1;1
1769;202012;4.56;679.41;678.94;1;1
1769;202101;5.05;865.345;865.835;1;1
1769;202102;5.33;1295.102;1295.382;1;1
1769;202103;4.74;564.869;564.279;1;1
1769;202104;4.74;380.204;380.204;1;1
1769;202105;4.82;235.638;235.718;1;1
1769;202106;4.78;269.346;269.306;1;1
1769;202107;3.54;295.703;294.463;1;1
1769;202108;5.02;136.876;138.356;1;1
1769;202109;4.64;115.126;114.746;1;1
1770;197310;;;;2;1
1770;197311;;;;2;1
1770;197312;;;;2;1
1770;197401;;;;2;1
1770;197402;;;;2;1
1770;197403;21.5;1.661;17.061;2;1
1770;197404;36.9;1.721;9.121;2;1
1770;197405;44.3;0.951;10.351;2;1
1770;197406;53.7;0.824;22.324;2;1
1770;197407;75.2;1.056;6.956;2;1
1770;197408;81.1;1.057;1.257;2;1
1770;197409;81.3;1.024;1.824;2;1
1770;197410;82.1;1.086;0.986;2;1
1770;197411;82;0.828;21.328;2;1
1770;197412;102.5;1.067;5.667;2;1
1770;197501;107.1;1.007;29.307;2;1
1770;197502;135.4;0.971;26.371;2;1
1770;197503;160.8;32.144;37.544;2;1
1770;197504;166.2;18.212;7.612;2;1
1770;197505;155.6;1.259;3.959;2;1
1770;197506;158.3;1.062;1.762;2;1
1770;197507;159;1.161;0.561;2;1
1770;197508;158.4;1.072;0.372;2;1
1770;197509;157.7;23.022;2.322;2;1
1770;197510;137;50.352;5.252;2;1
1770;197511;91.9;30.08;11.08;2;1
1770;197512;72.9;9.834;10.434;2;1
1770;197601;73.5;1.622;3.922;2;1
1770;197602;75.8;7.293;19.193;2;1
1770;197603;87.7;6.229;16.429;2;1
1770;197604;97.9;4.943;8.543;2;1
1770;197605;101.5;5.266;2.466;2;1
1770;197606;98.7;3.459;1.459;2;1
1770;197607;96.7;19.269;28.869;2;1
1770;197608;106.3;8.038;73.838;2;1
1770;197609;172.1;72.432;53.932;2;1
1770;197610;153.6;90.129;76.429;2;1
1770;197611;139.9;70.833;57.533;2;1
1770;197612;126.6;35.809;50.609;2;1
1770;197701;141.4;61.891;73.191;2;1
1770;197702;152.7;124.426;139.726;2;1
1770;197703;168;72.628;49.128;2;1
1770;197704;144.5;5.721;23.721;2;1
1770;197705;162.5;10.451;8.351;2;1
1770;197706;160.4;30.85;16.95;2;1
1770;197707;146.5;17.827;5.827;2;1
1770;197708;134.5;1.072;1.772;2;1
1770;197709;135.2;4.111;1.211;2;1
1770;197710;132.3;41.412;29.712;2;1
1770;197711;120.6;25.987;11.687;2;1
1770;197712;106.3;60.073;117.473;2;1
1770;197801;163.7;103.963;80.263;2;1
1770;197802;140;109.402;148.602;2;1
1770;197803;179.2;78.314;74.014;2;1
1770;197804;174.9;54.461;58.461;2;1
1770;197805;178.9;66.953;57.053;2;1
1770;197806;169;11.639;6.239;2;1
1770;197807;163.6;19.97;3.07;2;1
1770;197808;146.7;14.573;1.273;2;1
1770;197809;133.4;41.24;1.44;2;1
1770;197810;93.6;6.527;1.727;2;1
1770;197811;88.8;31.274;5.174;2;1
1770;197812;62.7;78.184;216.784;2;1
1770;197901;201.3;57.887;148.087;2;1
1770;197902;291.5;104.882;169.282;2;1
1770;197903;355.9;55.661;131.061;2;1
1770;197904;431.3;36.583;108.683;2;1
1770;197905;503.4;75.972;28.572;2;1
1770;197906;456;60.006;10.906;2;1
1770;197907;406.9;58.069;5.669;2;1
1770;197908;354.5;3.034;0.034;2;1
1770;197909;351.5;69.265;1.165;2;1
1770;197910;283.4;44.969;28.669;2;1
1770;197911;267.1;48.319;35.319;2;1
1770;197912;254.1;27.654;38.854;2;1
1770;198001;265.3;36.186;58.086;2;1
1770;198002;287.2;49.098;45.998;2;1
1770;198003;284.1;66.302;60.802;2;1
1770;198004;278.6;11.469;82.369;2;1
1770;198005;349.5;64.192;43.892;2;1
1770;198006;329.2;47.043;33.043;2;1
1770;198007;315.2;50.79;29.29;2;1
1770;198008;293.7;5.987;18.387;2;1
1770;198009;306.1;71.743;3.343;2;1
1770;198010;237.7;35.395;11.595;2;1
1770;198011;213.9;73.048;31.748;2;1
1770;198012;172.6;81.337;64.037;2;1
1770;198101;155.3;81.185;58.685;2;1
1770;198102;132.8;69.771;55.271;2;1
1770;198103;118.3;45.563;88.063;2;1
1770;198104;160.8;28.085;69.885;2;1
1770;198105;202.6;9.449;59.549;2;1
1770;198106;252.7;41.941;60.441;2;1
1770;198107;271.2;52.838;30.238;2;1
1770;198108;248.6;69.93;41.93;2;1
1770;198109;220.6;85.255;22.555;2;1
1770;198110;157.9;2.486;65.986;2;1
1770;198111;221.4;50.497;31.797;2;1
1770;198112;202.7;37.929;180.929;2;1
1770;198201;345.7;1.313;114.513;2;1
1770;198202;458.9;55.525;27.325;2;1
1770;198203;430.7;86.263;18.963;2;1
1770;198204;363.4;27.699;9.399;2;1
1770;198205;345.1;82.302;14.902;2;1
1770;198206;277.7;49.816;29.616;2;1
1770;198207;257.5;77.052;4.852;2;1
1770;198208;185.3;40.891;64.091;2;1
1770;198209;208.5;70.896;53.594;2;1
1770;198210;191.198;93.944;37.542;2;1
1770;198211;134.796;48.561;56.765;2;1
1770;198212;143;15.092;151.478;2;1
1770;198301;279.386;84.078;38.793;2;1
1770;198302;234.101;47.623;57.748;2;1
1770;198303;244.226;15.92;32.608;2;1
1770;198304;260.914;13.538;100.575;2;1
1770;198305;347.951;8.388;156.891;2;1
1770;198306;496.454;61.641;34.861;2;1
1770;198307;469.674;81.203;19.601;2;1
1770;198308;408.072;66.381;61.755;2;1
1770;198309;403.446;118.128;6.308;2;1
1770;198310;291.626;76.238;5.729;2;1
1770;198311;221.117;44.765;32.264;2;1
1770;198312;208.616;65.249;90.608;2;1
1770;198401;233.975;14.016;68.107;2;1
1770;198402;288.066;15.759;74.28;2;1
1770;198403;346.587;58.189;39.172;2;1
1770;198404;327.57;3.439;119.259;2;1
1770;198405;443.39;46.512;58.677;2;1
1770;198406;455.555;23.365;55.868;2;1
1770;198407;488.058;110.121;24.182;2;1
1770;198408;402.119;62.979;9.067;2;1
1770;198409;348.207;73.086;14.573;2;1
1770;198410;289.694;111.217;25.379;2;1
1770;198411;203.856;74.293;123.24;2;1
1770;198412;252.803;28.592;94.625;2;1
1770;198501;318.836;70;72.57;2;1
1770;198502;321.406;30.7;122.702;2;1
1770;198503;413.408;11.597;76.664;2;1
1770;198504;478.475;0.061;43.945;2;1
1770;198505;522.359;3.284;9.108;2;1
1770;198506;528.183;51.455;14.631;2;1
1770;198507;491.359;131.06;5.117;2;1
1770;198508;365.416;59.267;0.776;2;1
1770;198509;306.925;60.354;0.928;2;1
1770;198510;247.499;19.209;12.374;2;1
1770;198511;240.664;26.538;17.086;2;1
1770;198512;231.212;16.434;89.437;2;1
1770;198601;304.215;16.338;90.885;2;1
1770;198602;378.762;1.411;109.61;2;1
1770;198603;486.961;11.84;32.109;2;1
1770;198604;507.23;24.832;20.319;2;1
1770;198605;502.717;42.051;18.566;2;1
1770;198606;479.232;63.15;3.742;2;1
1770;198607;419.824;85.625;2.782;2;1
1770;198608;336.981;16.205;7.367;2;1
1770;198609;328.143;40.081;9.046;2;1
1770;198610;297.108;40.119;10.694;2;1
1770;198611;267.683;115.77;28.008;2;1
1770;198612;179.921;9.871;30.364;2;1
1770;198701;200.414;4.403;42.663;2;1
1770;198702;238.674;4.192;60.438;2;1
1770;198703;294.92;7.508;35.608;2;1
1770;198704;323.02;14.407;49.691;2;1
1770;198705;358.304;46.492;6.384;2;1
1770;198706;318.196;4.333;2.41;2;1
1770;198707;316.273;8.243;7.269;2;1
1770;198708;315.299;1.433;8.023;2;1
1770;198709;321.889;60.823;12.81;2;1
1770;198710;273.876;32.46;147.973;2;1
1770;198711;389.389;29.518;46.431;2;1
1770;198712;406.302;22.48;78.436;2;1
1770;198801;462.258;36.527;93.389;2;1
1770;198802;519.12;85.756;53.159;2;1
1770;198803;486.523;85.02;7.851;2;1
1770;198804;409.354;36.142;22.317;2;1
1770;198805;395.529;2.958;39.51;2;1
1770;198806;432.081;26.184;20.417;2;1
1770;198807;426.314;43.191;27.971;2;1
1770;198808;411.094;2.675;1.752;2;1
1770;198809;410.171;22.896;0.359;2;1
1770;198810;387.634;43.715;5.057;2;1
1770;198811;348.976;60.843;8.295;2;1
1770;198812;296.428;31.528;10.328;2;1
1770;198901;275.228;43.487;4.004;2;1
1770;198902;235.745;40.207;17.787;2;1
1770;198903;213.325;3.32;31.584;2;1
1770;198904;241.589;10.899;42.002;2;1
1770;198905;272.692;2.697;14.503;2;1
1770;198906;284.498;11.249;6.526;2;1
1770;198907;279.775;60.991;1.647;2;1
1770;198908;220.431;1.738;0.423;2;1
1770;198909;219.116;14.935;0.115;2;1
1770;198910;204.296;11.802;0.694;2;1
1770;198911;193.188;15.026;31.008;2;1
1770;198912;209.17;8.762;164.098;2;1
1770;199001;364.506;36.411;55.788;2;1
1770;199002;383.883;15.038;56.94;2;1
1770;199003;425.785;98.321;6.818;2;1
1770;199004;334.282;31.204;10.606;2;1
1770;199005;313.684;39.118;4.848;2;1
1770;199006;279.414;33.819;6.555;2;1
1770;199007;252.15;20.91;3.489;2;1
1770;199008;234.729;2.751;0.106;2;1
1770;199009;232.084;19.862;1.511;2;1
1770;199010;191.464;40.058;17.275;1;1
1770;199011;182.837;28.24;19.613;1;1
1770;199012;172.596;24.615;14.374;1;1
1770;199101;248.152;7.742;83.298;1;1
1770;199102;239.774;42.094;33.716;1;1
1770;199103;372.485;0.901;133.612;1;1
1770;199104;378.062;4.585;10.162;1;1
1770;199105;353.037;27.878;2.853;1;1
1770;199106;340.478;14.195;1.636;1;1
1770;199107;316.719;23.891;0.132;1;1
1770;199108;294.322;22.537;0.14;1;1
1770;199109;268.357;26.508;0.543;1;1
1770;199110;223.679;46.269;1.591;1;1
1770;199111;248.948;15.487;40.756;1;1
1770;199112;205.138;53.883;10.073;1;1
1770;199201;181.014;38.155;14.031;1;1
1770;199202;169.71;17.02;5.716;1;1
1770;199203;155.737;17.385;3.412;1;1
1770;199204;204.616;0.484;49.363;1;1
1770;199205;210.94;1.255;7.579;1;1
1770;199206;217.185;1.154;7.399;1;1
1770;199207;217.559;0.946;1.32;1;1
1770;199208;216.914;0.845;0.2;1;1
1770;199209;209.995;7.807;0.888;1;1
1770;199210;216.552;1.895;8.452;1;1
1770;199211;234.004;0.672;18.124;1;1
1770;199212;328.796;1.709;96.501;1;1
1770;199301;318.981;23.269;13.454;1;1
1770;199302;290.094;34.366;5.479;1;1
1770;199303;282.529;23.786;16.221;1;1
1770;199304;310.943;4.15;32.564;1;1
1770;199305;355.619;0.532;45.208;1;1
1770;199306;375.896;2.89;23.167;1;1
1770;199307;354.309;28.13;6.543;1;1
1770;199308;323.177;34.368;3.236;1;1
1770;199309;331.162;0.918;8.903;1;1
1770;199310;422.427;1.559;92.824;1;1
1770;199311;381.51;60.548;19.631;1;1
1770;199312;360.652;46.581;25.723;1;1
1770;199401;463.258;16.68;119.286;1;1
1770;199402;448.84;46.63;32.212;1;1
1770;199403;424.796;40.883;16.839;1;1
1770;199404;366.357;66.389;7.95;1;1
1770;199405;396.105;31.472;61.22;1;1
1770;199406;401.71;0.842;6.447;1;1
1770;199407;391.032;12.263;1.585;1;1
1770;199408;390.42;0.928;0.316;1;1
1770;199409;389.726;0.888;0.194;1;1
1770;199410;341.716;60.01;12;1;1
1770;199411;359.432;25.532;43.248;1;1
1770;199412;330.753;57.158;28.479;1;1
1770;199501;397.23;13.648;80.125;1;1
1770;199502;469.424;1.412;73.606;1;1
1770;199503;473.713;26.142;30.431;1;1
1770;199504;414.607;68.676;9.57;1;1
1770;199505;393.907;41.699;20.999;1;1
1770;199506;358.042;51.912;16.047;1;1
1770;199507;309.541;55.298;6.797;1;1
1770;199508;302.72;7.769;0.948;1;1
1770;199509;284.498;20.174;1.952;1;1
1770;199510;252.955;38.296;6.753;1;1
1770;199511;280.715;16.822;44.582;1;1
1770;199512;402.516;15.715;137.516;1;1
1770;199601;509.142;20.371;126.997;1;1
1770;199602;474.683;83.009;48.55;1;1
1770;199603;449.047;56.604;30.968;1;1
1770;199604;466.652;8.152;25.757;1;1
1770;199605;483.586;4.523;21.457;1;1
1770;199606;465.483;22.743;4.64;1;1
1770;199607;427.174;46.688;8.379;1;1
1770;199608;427.174;0.917;0.917;1;1
1770;199609;355.878;83.847;12.551;1;1
1770;199610;328.308;30.687;3.117;1;1
1770;199611;327.658;44.649;43.999;1;1
1770;199612;397.982;4.477;74.801;1;1
1770;199701;430.561;12.736;45.315;1;1
1770;199702;436.185;15.216;20.84;1;1
1770;199703;428.268;16.077;8.16;1;1
1770;199704;370.791;61.091;3.614;1;1
1770;199705;363.276;20.645;13.13;1;1
1770;199706;382.239;6.459;25.422;1;1
1770;199707;373.113;12.13;3.004;1;1
1770;199708;370.791;3.485;1.163;1;1
1770;199709;363.627;9.906;2.742;1;1
1770;199710;347.575;44.346;28.294;1;1
1770;199711;424.005;14.058;90.488;1;1
1770;199712;495.176;6.268;77.439;1;1
1770;199801;514.63;36.953;56.407;1;1
1770;199802;500.097;33.077;18.544;1;1
1770;199803;457.155;52.33;9.388;1;1
1770;199804;506.869;19.817;69.531;1;1
1770;199805;505.735;28.162;27.028;1;1
1770;199806;471.672;49.987;15.924;1;1
1770;199807;371.281;103.728;3.337;1;1
1770;199808;329.464;43.764;1.947;1;1
1770;199809;334.199;0.989;5.724;1;1
1770;199810;339.502;0.984;6.287;1;1
1770;199811;346.727;2.043;9.268;1;1
1770;199812;346.558;9.097;8.928;1;1
1770;199901;381.874;7.667;42.983;1;1
1770;199902;402.896;5.746;26.768;1;1
1770;199903;424.203;5.934;27.241;1;1
1770;199904;428.168;38.924;42.889;1;1
1770;199905;477.167;9.594;58.593;1;1
1770;199906;442.682;48.276;13.791;1;1
1770;199907;391.441;84.237;32.996;1;1
1770;199908;341.172;90.996;40.727;1;1
1770;199909;324.102;68.401;51.331;1;1
1770;199910;418.503;16.168;110.569;1;1
1770;199911;412.283;45.764;39.544;1;1
1770;199912;428.566;41.357;57.64;1;1
1770;200001;416.551;37.927;25.912;1;1
1770;200002;380.782;58.532;22.763;1;1
1770;200003;339.586;66.512;25.316;1;1
1770;200004;427.77;35.995;124.179;1;1
1770;200005;487.866;35.569;95.665;1;1
1770;200006;465.25;54.728;32.112;1;1
1770;200007;439.627;39.475;13.852;1;1
1770;200008;392.026;49.432;1.831;1;1
1770;200009;322.599;70.809;1.382;1;1
1770;200010;290.243;48.143;15.787;1;1
1770;200011;416.941;24.364;151.062;1;1
1770;200012;517.161;84.171;184.391;1;1
1770;200101;524.347;116.549;123.735;1;1
1770;200102;510.966;84.499;71.118;1;1
1770;200103;514.63;128.312;131.976;1;1
1770;200104;503.926;35.111;24.407;1;1
1770;200105;494.508;36.542;27.124;1;1
1770;200106;447.809;53.305;6.606;1;1
1770;200107;447.604;1.209;1.004;1;1
1770;200108;389.587;63.35;5.333;1;1
1770;200109;352.693;44.854;7.96;1;1
1770;200110;320.974;59.01;27.291;1;1
1770;200111;247.722;81.811;8.559;1;1
1770;200112;179.31;103.51;35.098;1;1
1770;200201;161.931;86.224;68.845;1;1
1770;200202;178.991;52.11;69.17;1;1
1770;200203;199.217;55.81;76.036;1;1
1770;200204;229.961;27.199;57.943;1;1
1770;200205;230.589;66.823;67.451;1;1
1770;200206;234.449;73.547;77.407;1;1
1770;200207;271.842;42.956;80.349;1;1
1770;200208;302.292;40.71;71.16;1;1
1770;200209;302.139;55.004;54.851;1;1
1770;200210;365.21;31.391;94.462;1;1
1770;200211;472.853;16.165;123.808;1;1
1770;200212;510.51;48.343;86;1;1
1770;200301;502.572;79.379;71.441;1;1
1770;200302;487.426;41.918;26.772;1;1
1770;200303;503.474;24.63;40.678;1;1
1770;200304;514.172;30.339;41.037;1;1
1770;200305;486.546;45.604;17.978;1;1
1770;200306;442.682;59.684;15.82;1;1
1770;200307;424.499;41.412;23.229;1;1
1770;200308;422.034;41.403;38.938;1;1
1770;200309;404.608;44.357;26.931;1;1
1770;200310;382.239;60.571;38.202;1;1
1770;200311;389.587;57.429;64.777;1;1
1770;200312;422.428;29.464;62.305;1;1
1770;200401;468.783;6.555;52.91;1;1
1770;200402;450.701;49.309;31.227;1;1
1770;200403;419.09;51.98;20.369;1;1
1770;200404;416.454;20.863;18.227;1;1
1770;200405;359.868;74.156;17.57;1;1
1770;200406;361.412;0.42;1.964;1;1
1770;200407;322.255;51.302;12.145;1;1
1770;200408;286.11;66.238;30.093;1;1
1770;200409;244.023;51.138;9.051;1;1
1770;200410;290.02;29.864;75.861;1;1
1770;200411;265.391;69.181;44.552;1;1
1770;200412;252.821;59.434;46.864;1;1
1770;200501;278.765;23.542;49.486;1;1
1770;200502;247.16;63.244;31.639;1;1
1770;200503;234.959;65.268;53.067;1;1
1770;200504;217.095;68.01;50.146;1;1
1770;200505;242.436;51.681;77.022;1;1
1770;200506;260.351;40.886;58.801;1;1
1770;200507;291.506;27.921;59.076;1;1
1770;200508;291.655;2.355;2.504;1;1
1770;200509;290.688;1.954;0.987;1;1
1770;200510;300.766;1.682;11.76;1;1
1770;200511;306.286;21.978;27.498;1;1
1770;200512;318.107;39.186;51.007;1;1
1770;200601;326.605;26.515;35.013;1;1
1770;200602;338.254;21.179;32.828;1;1
1770;200603;449.666;4.362;115.774;1;1
1770;200604;486.326;16.901;53.561;1;1
1770;200605;478.792;30.227;22.693;1;1
1770;200606;457.365;37.556;16.129;1;1
1770;200607;444.522;26.169;13.326;1;1
1770;200608;436.286;36.234;27.998;1;1
1770;200609;425.785;31.988;21.487;1;1
1770;200610;477.059;31.473;82.747;1;1
1770;200611;491.621;60.23;74.792;1;1
1770;200612;490.514;60.028;58.921;1;1
1770;200701;460.83;57.309;27.625;1;1
1770;200702;511.195;12.284;62.649;1;1
1770;200703;494.619;54.493;37.917;1;1
1770;200704;458.413;52.545;16.339;1;1
1770;200705;437.398;50.941;29.926;1;1
1770;200706;457.365;24.919;44.886;1;1
1770;200707;394.981;86.509;24.125;1;1
1770;200708;334.529;103.137;42.685;1;1
1770;200709;316.126;43.039;24.636;1;1
1770;200710;295.621;22.78;2.275;1;1
1770;200711;225.346;80.769;10.494;1;1
1770;200712;139.387;115.707;29.748;1;1
1770;200801;156.662;33.759;51.034;1;1
1770;200802;167.718;18.785;29.841;1;1
1770;200803;193.3;12.869;38.451;1;1
1770;200804;262.138;16.737;85.575;1;1
1770;200805;319.856;12.145;69.863;1;1
1770;200806;346.474;25.545;52.163;1;1
1770;200807;346.05;23.114;22.69;1;1
1770;200808;277.974;93.809;25.733;1;1
1770;200809;247.755;61.278;31.059;1;1
1770;200810;248.55;29.816;30.611;1;1
1770;200811;224.419;54.152;30.021;1;1
1770;200812;261.656;15.214;52.451;1;1
1770;200901;320.814;25.716;84.874;1;1
1770;200902;416.454;0.898;96.538;1;1
1770;200903;458.832;4.946;47.324;1;1
1770;200904;470.279;4.372;15.819;1;1
1770;200905;442.274;54.64;26.635;1;1
1770;200906;446.369;38.029;42.124;1;1
1770;200907;431.561;36.876;22.068;1;1
1770;200908;404.036;54.84;27.315;1;1
1770;200909;422.132;47.576;65.672;1;1
1770;200910;386.543;66.474;30.885;1;1
1770;200911;431.962;31.32;76.739;1;1
1770;200912;515.205;17.708;100.951;1;1
1770;201001;512.567;76.553;73.915;1;1
1770;201002;524.23;68.342;80.005;1;1
1770;201003;525.98;74.056;75.806;1;1
1770;201004;487.426;70.044;31.49;1;1
1770;201005;485.777;38.606;36.957;1;1
1770;201006;512.223;2.807;29.253;1;1
1770;201007;475.437;50.601;13.815;1;1
1770;201008;426.777;63.59;14.93;1;1
1770;201009;416.844;12.796;2.863;1;1
1770;201010;400.34;48.151;31.647;1;1
1770;201011;427.27;36.757;63.687;1;1
1770;201012;466.76;26.861;66.351;1;1
1770;201101;484.13;57.523;74.893;1;1
1770;201102;482.93;40.536;39.336;1;1
1770;201103;505.51;24.382;46.962;1;1
1770;201104;512.34;18.098;24.928;1;1
1770;201105;497.18;28.849;13.689;1;1
1770;201106;485.89;16.917;5.627;1;1
1770;201107;485.45;15.113;14.673;1;1
1770;201108;465.27;28.417;8.237;1;1
1770;201109;451.95;23.706;10.386;1;1
1770;201110;444.113;15.979;8.142;1;1
1770;201111;396.949;95.999;48.835;1;1
1770;201112;358.737;93.111;54.899;1;1
1770;201201;329.285;69.557;40.105;1;1
1770;201202;263.242;98.242;32.199;1;1
1770;201203;218.122;78.709;33.589;1;1
1770;201204;256.058;47.612;85.548;1;1
1770;201205;288.54;41.164;73.646;1;1
1770;201206;306.363;5.342;23.165;1;1
1770;201207;306.209;1.346;1.192;1;1
1770;201208;305.13;1.841;0.762;1;1
1770;201209;304.976;1.674;1.52;1;1
1770;201210;309.152;1.015;5.191;1;1
1770;201211;216.793;119.781;27.422;1;1
1770;201212;200.929;138.493;122.629;1;1
1770;201301;339.419;22.573;161.063;1;1
1770;201302;425.884;5.637;92.102;1;1
1770;201303;523.299;39.876;137.291;1;1
1770;201304;510.624;84.319;71.644;1;1
1770;201305;497.743;39.271;26.39;1;1
1770;201306;470.386;52.45;25.093;1;1
1770;201307;438.005;45.759;13.378;1;1
1770;201308;406.994;54.019;23.008;1;1
1770;201309;384.34;73.818;51.164;1;1
1770;201310;426.678;1.148;43.486;1;1
1770;201311;412.379;46.892;32.593;1;1
1770;201312;430.961;59.701;78.283;1;1
1770;201401;511.309;61.525;141.873;1;1
1770;201402;515.32;112.714;116.725;1;1
1770;201403;481.402;91.632;57.714;1;1
1770;201404;487.425;50.787;56.81;1;1
1770;201405;487.756;13.664;13.995;1;1
1770;201406;471.565;20.947;4.756;1;1
1770;201407;466.758;5.679;0.872;1;1
1770;201408;460.304;7.512;1.058;1;1
1770;201409;446.369;31.368;17.433;1;1
1770;201410;499.42;18.26;71.311;1;1
1770;201411;509.14;67.044;76.764;1;1
1770;201412;469;64.142;24.002;1;1
1770;201501;457.37;58.925;47.295;1;1
1770;201502;508.46;13.028;64.118;1;1
1770;201503;500.77;43.36;35.67;1;1
1770;201504;519.19;7.749;26.169;1;1
1770;201505;517.16;32.723;30.693;1;1
1770;201506;511.77;9.268;3.878;1;1
1770;201507;494.06;17.748;0.038;1;1
1770;201508;486.88;7.606;0.426;1;1
1770;201509;456.11;43.627;12.857;1;1
1770;201510;456.21;43.053;43.153;1;1
1770;201511;437.4;49.546;30.736;1;1
1770;201512;438.31;38.507;39.417;1;1
1770;201601;519.24;46.774;127.704;1;1
1770;201602;509.14;92.711;82.611;1;1
1770;201603;524.7;59.244;74.804;1;1
1770;201604;519.24;79.896;74.436;1;1
1770;201605;520.86;63.52;65.14;1;1
1770;201606;512.91;22.246;14.296;1;1
1770;201607;501.67;13.49;2.25;1;1
1770;201608;455.17;47.133;0.633;1;1
1770;201609;431.06;26.41;2.3;1;1
1770;201610;430.06;2.36;1.36;1;1
1770;201611;396.39;41.3;7.63;1;1
1770;201612;290.46;121.56;15.63;1;1
1770;201701;199.33;126.85;35.72;1;1
1770;201702;280.21;15.32;96.2;1;1
1770;201703;293.74;20.68;34.21;1;1
1770;201704;301.99;5.97;14.22;1;1
1770;201705;309.39;10.14;17.54;1;1
1770;201706;292.7;26.21;9.52;1;1
1770;201707;301.38;7.34;16.02;1;1
1770;201708;278.27;23.33;0.22;1;1
1770;201709;240.68;37.4;;1;1
1770;201710;210.59;30.092;0.002;1;1
1770;201711;166.45;45.092;0.952;1;1
1770;201712;191.24;31.984;56.774;1;1
1770;201801;184.83;69.349;62.939;1;1
1770;201802;151.83;60.62;27.62;1;1
1770;201803;329.29;8.427;185.887;1;1
1770;201804;439.12;8.414;118.244;1;1
1770;201805;447.09;11.928;19.898;1;1
1770;201806;417.82;38.008;8.738;1;1
1770;201807;379.87;42.842;4.892;1;1
1770;201808;321.21;64.018;5.358;1;1
1770;201809;295.4;26.773;0.963;1;1
1770;201810;274.33;54.702;33.632;1;1
1770;201811;251.88;79.975;57.525;1;1
1770;201812;249.21;57.185;54.515;1;1
1770;201901;238.74;74.81;64.34;1;1
1770;201902;278.62;26.553;66.433;1;1
1770;201903;293.97;52.551;67.901;1;1
1770;201904;281.88;68.428;56.338;1;1
1770;201905;299.78;17.939;35.839;1;1
1770;201906;299.32;5.225;4.765;1;1
1770;201907;296.22;9.65;6.55;1;1
1770;201908;303.29;4.44;11.51;1;1
1770;201909;320.65;12.443;29.803;1;1
1770;201910;330.75;19.208;29.308;1;1
1770;201911;426.48;23.439;119.169;1;1
1770;201912;516.82;29.295;119.635;1;1
1770;202001;494.29;66.408;43.878;1;1
1770;202002;470.07;63.794;39.574;1;1
1770;202003;484.35;43.471;57.751;1;1
1770;202004;498.3;46.922;60.872;1;1
1770;202005;494.84;29.583;26.123;1;1
1770;202006;474.68;24.505;4.345;1;1
1770;202007;444.42;41.719;11.459;1;1
1770;202008;387.37;65.025;7.975;1;1
1770;202009;376.71;15.307;4.647;1;1
1770;202010;331.24;77.398;31.928;1;1
1770;202011;262.69;97.535;28.985;1;1
1770;202012;321.29;46.187;104.787;1;1
1770;202101;299.78;138.891;117.381;1;1
1770;202102;466.86;24.855;191.935;1;1
1770;202103;417.92;86.37;37.43;1;1
1770;202104;345.04;96.062;23.182;1;1
1770;202105;316.84;86.788;58.588;1;1
1770;202106;243.15;88.666;14.976;1;1
1770;202107;95.39;152.017;4.257;1;1
1770;202108;78.67;16.82;0.1;1;1
1770;202109;78.7;1.608;1.638;1;1
1780;198010;3.55;1.349;0.939;2;1
1780;198011;3.14;7.061;4.771;2;1
1780;198012;0.85;7.794;8.904;2;1
1780;198101;1.96;7.838;6.568;2;1
1780;198102;0.69;1.314;3.144;2;1
1780;198103;2.52;7.882;12.472;2;1
1780;198104;7.11;7.758;6.198;2;1
1780;198105;5.55;2.938;6.978;2;1
1780;198106;9.59;3.105;3.285;2;1
1780;198107;9.77;1.627;0.847;2;1
1780;198108;8.99;1.748;0.218;2;1
1780;198109;7.46;5.549;0.179;2;1
1780;198110;2.09;4.583;2.873;2;1
1780;198111;0.38;0.779;1.579;2;1
1780;198112;1.18;24.411;32.631;2;1
1780;198201;9.4;14.24;11.37;2;1
1780;198202;6.53;7.587;3.047;2;1
1780;198203;1.99;4.161;5.761;2;1
1780;198204;3.59;1.448;2.358;2;1
1780;198205;4.5;2.253;1.433;2;1
1780;198206;3.68;1.068;1.638;2;1
1780;198207;4.25;0.351;0.571;2;1
1780;198208;4.47;0;0.16;2;1
1780;198209;4.63;0;0.203;2;1
1780;198210;4.833;3.358;4.702;2;1
1780;198211;6.177;8.183;10.338;2;1
1780;198212;8.332;19.119;19.534;2;1
1780;198301;8.747;9.204;0.95;2;1
1780;198302;0.493;3.043;5.315;2;1
1780;198303;2.765;4.206;3.573;2;1
1780;198304;2.132;7.362;14.366;2;1
1780;198305;9.136;15.38;16.208;2;1
1780;198306;9.964;4.599;3.473;2;1
1780;198307;8.838;4.424;0.854;2;1
1780;198308;5.268;1.341;1.235;2;1
1780;198309;5.162;2.653;0.961;2;1
1780;198310;3.47;1.176;0.318;2;1
1780;198311;2.612;1.452;1.239;2;1
1780;198312;2.399;6.182;12.807;2;1
1780;198401;9.024;11.567;12.311;2;1
1780;198402;9.768;8.209;8.034;2;1
1780;198403;9.593;8.116;8.487;2;1
1780;198404;9.964;12.696;11.315;2;1
1780;198405;8.583;8.04;8.839;2;1
1780;198406;9.382;7.845;6.34;2;1
1780;198407;7.877;6.496;0.108;2;1
1780;198408;1.489;0.893;0.349;2;1
1780;198409;0.945;0;0.242;2;1
1780;198410;1.187;0;2.047;2;1
1780;198411;3.234;0.009;6.998;2;1
1780;198412;10.223;0.013;;2;1
1780;198501;8.655;0.009;1.477;2;1
1780;198502;10.123;0.012;;2;1
1780;198503;9.671;0.008;0.282;2;1
1780;198504;9.945;0.007;;2;1
1780;198505;8.155;0.007;;2;1
1780;198506;4.694;1.665;1.69;2;1
1780;198507;4.719;0;0.089;2;1
1780;198508;4.808;0;0.038;2;1
1780;198509;4.846;0.001;;2;1
1780;198510;3.794;2.789;0.032;2;1
1780;198511;1.037;1.696;1.169;2;1
1780;198512;0.51;3.589;8.92;2;1
1780;198601;5.841;;;2;1
1780;198602;8.784;;;2;1
1780;198603;10.064;9.325;5.664;2;1
1780;198604;6.403;7.078;7.882;2;1
1780;198605;7.207;6.737;5.457;2;1
1780;198606;5.927;2.343;1.366;2;1
1780;198607;4.95;0.431;0.366;2;1
1780;198608;4.885;1.955;0.088;2;1
1780;198609;3.018;0.557;0.586;2;1
1780;198610;3.047;1.909;0.769;2;1
1780;198611;1.907;3.305;2.239;2;1
1780;198612;0.841;4.056;5.347;2;1
1780;198701;2.132;5.176;5.467;2;1
1780;198702;2.423;6.785;11.766;2;1
1780;198703;7.404;7.447;3.62;2;1
1780;198704;3.577;6.468;10.279;2;1
1780;198705;7.388;3.271;2.879;2;1
1780;198706;6.996;2.949;0.812;2;1
1780;198707;4.859;2.844;1.061;2;1
1780;198708;3.076;2.642;0.128;2;1
1780;198709;0.562;1.466;1.436;2;1
1780;198710;0.532;5.464;14.125;2;1
1780;198711;9.193;9.741;4.488;2;1
1780;198712;3.94;9.327;6.511;2;1
1780;198801;1.124;10.568;19.547;2;1
1780;198802;10.103;19.098;17.274;2;1
1780;198803;8.279;5.603;1.589;2;1
1780;198804;4.265;5.202;7.099;2;1
1780;198805;6.162;5.234;7.837;2;1
1780;198806;8.765;5.718;4.744;2;1
1780;198807;7.791;5.557;3.212;2;1
1780;198808;5.446;1.42;0.744;2;1
1780;198809;4.77;2.103;0.017;2;1
1780;198810;2.684;1.763;0.366;2;1
1780;198811;1.287;2.169;1.66;2;1
1780;198812;0.778;1.068;1.755;2;1
1780;198901;1.465;1.66;0.67;2;1
1780;198902;0.475;1.107;2.819;2;1
1780;198903;2.187;4.382;9.143;2;1
1780;198904;6.948;7.845;10.763;2;1
1780;198905;9.866;6.257;6.336;2;1
1780;198906;9.945;5.927;3.304;2;1
1780;198907;7.322;6.908;3.923;2;1
1780;198908;4.337;0.089;0.185;2;1
1780;198909;4.433;0.54;0.069;2;1
1780;198910;3.962;1.24;;2;1
1780;198911;2.693;2.754;2.443;2;1
1780;198912;2.382;9.089;15.806;2;1
1780;199001;9.099;9.331;6.306;2;1
1780;199002;6.074;9.16;12.11;2;1
1780;199003;9.024;7.667;1.71;2;1
1780;199004;3.067;4.418;2.1;2;1
1780;199005;0.749;0.842;1.297;2;1
1780;199006;1.204;0.449;0.532;2;1
1780;199007;1.287;0.363;0.445;2;1
1780;199008;1.369;0.667;0.69;2;1
1780;199009;1.392;0.299;0.144;2;1
1780;199010;1.237;0.947;0.813;2;1
1780;199011;1.103;2.926;3.363;2;1
1780;199012;1.54;4.725;4.304;2;1
1780;199101;1.119;9.397;14.381;2;1
1780;199102;6.103;8.527;9.214;2;1
1780;199103;6.79;14.4;17.242;2;1
1780;199104;9.632;5.833;3.359;2;1
1780;199105;7.158;2.331;0.956;2;1
1780;199106;5.783;1.155;0.681;2;1
1780;199107;5.309;1.51;;2;1
1780;199108;3.761;0.971;;2;1
1780;199109;2.56;0.753;;2;1
1780;199110;1.717;1.254;1.033;2;1
1780;199111;1.496;8.139;8.594;2;1
1780;199112;1.951;4.68;3.523;2;1
1780;199201;0.794;3.707;3.658;2;1
1780;199202;0.745;2.357;2.449;2;1
1780;199203;0.837;1.709;2.076;2;1
1780;199204;1.204;6.727;10.657;2;1
1780;199205;5.134;1.505;1.626;2;1
1780;199206;5.255;4.745;4.691;2;1
1780;199207;5.201;2.41;1.003;2;1
1780;199208;3.794;1.326;0.436;2;1
1780;199209;2.904;1.261;0.6;2;1
1780;199210;2.243;1.947;2.879;2;1
1780;199211;3.175;6.729;4.586;2;1
1780;199212;1.032;12.672;19.228;2;1
1780;199301;7.588;6.032;2.183;2;1
1780;199302;3.739;2.203;0.747;2;1
1780;199303;2.283;1.596;0.834;2;1
1780;199304;1.521;3.463;5.781;2;1
1780;199305;3.839;6.685;10.143;2;1
1780;199306;7.297;5.624;6.084;2;1
1780;199307;7.757;4.692;4.191;2;1
1780;199308;7.256;3.568;0.601;2;1
1780;199309;4.289;3.364;1.041;2;1
1780;199310;1.966;11.084;17.308;2;1
1780;199311;8.19;9.267;4.783;2;1
1780;199312;3.706;8.598;8.686;2;1
1780;199401;3.794;18.556;23.974;2;1
1780;199402;9.212;9.774;9.717;2;1
1780;199403;9.155;9.15;4.026;2;1
1780;199404;4.031;3.614;2.412;2;1
1780;199405;2.829;6.091;8.722;2;1
1780;199406;5.46;4.311;2.734;2;1
1780;199407;3.883;2.289;1.117;2;1
1780;199408;2.711;1.434;0.295;2;1
1780;199409;1.572;1.193;0.639;2;1
1780;199410;1.637;;;1;1
1780;199411;2.449;;;1;1
1780;199412;3.566;;;1;1
1780;199501;10.488;;;1;1
1780;199502;10.046;;;1;1
1780;199503;8.157;;;1;1
1780;199504;5.018;;;1;1
1780;199505;7.095;;;1;1
1780;199506;6.165;;;1;1
1780;199507;5.271;;;1;1
1780;199508;3.379;;;1;1
1780;199509;3.059;;;1;1
1780;199510;1.261;;;1;1
1780;199511;4.608;;;1;1
1780;199512;9.48;;;1;1
1780;199601;9.712;;;1;1
1780;199602;9.195;;;1;1
1780;199603;5.11;9.218;5.133;1;1
1780;199604;3.841;6.273;5.004;1;1
1780;199605;3.976;4.702;4.837;1;1
1780;199606;2.869;2.792;1.685;1;1
1780;199607;1.74;1.933;0.804;1;1
1780;199608;1.035;0.849;0.144;1;1
1780;199609;0.784;0.572;0.321;1;1
1780;199610;0.438;1.161;0.815;1;1
1780;199611;9.442;2.416;11.42;1;1
1780;199612;9.519;7.2;7.277;1;1
1780;199701;7.556;8.847;6.884;1;1
1780;199702;5.097;6.281;3.822;1;1
1780;199703;4.952;2.163;2.018;1;1
1780;199704;4.823;1.121;0.992;1;1
1780;199705;5.973;1.552;2.702;1;1
1780;199706;2.158;7.856;4.041;1;1
1780;199707;3.127;0.434;1.403;1;1
1780;199708;3.328;0.287;0.488;1;1
1780;199709;3.328;0.27;0.27;1;1
1780;199710;4.608;0.279;1.559;1;1
1780;199711;10.106;7.821;13.319;1;1
1780;199712;10.046;12.807;12.747;1;1
1780;199801;9.195;9.634;8.783;1;1
1780;199802;5.325;7.404;3.534;1;1
1780;199803;5.504;2.209;2.388;1;1
1780;199804;10.246;5.703;10.445;1;1
1780;199805;7.423;7.555;4.732;1;1
1780;199806;6.698;2.091;1.366;1;1
1780;199807;5.097;1.798;0.197;1;1
1780;199808;2.944;2.182;0.029;1;1
1780;199809;2.887;0.836;0.779;1;1
1780;199810;1.768;;;1;1
1780;199811;1.975;;;1;1
1780;199812;2.953;;;1;1
1780;199901;2.165;;;1;1
1780;199902;1.423;;;1;1
1780;199903;1.753;;;1;1
1780;199904;3.038;;;1;1
1780;199905;4.356;;;1;1
1780;199906;4.789;;;1;1
1780;199907;3.994;;;1;1
1780;199908;3.543;0.161;;1;1
1780;199909;6.727;;;1;1
1780;199910;9.709;;;1;1
1780;199911;3.759;;;1;1
1780;199912;6.901;;;1;1
1780;200001;4.93;5.564;3.593;1;1
1780;200002;5.409;;;1;1
1780;200003;4.477;;;1;1
1780;200004;10.285;4.018;9.826;1;1
1780;200005;8.545;;;1;1
1780;200006;7.173;;;1;1
1780;200007;4.551;;;1;1
1780;200008;2.812;;;1;1
1780;200009;2.027;;;1;1
1780;200010;1.909;;;1;1
1780;200011;9.67;;;1;1
1780;200012;9.419;;;1;1
1780;200101;10.084;;;1;1
1780;200102;8.3;;;1;1
1780;200103;9.971;;;1;1
1780;200104;6.938;6.447;3.414;1;1
1780;200105;6.009;5.039;4.11;1;1
1780;200106;4.949;1.673;0.613;1;1
1780;200107;3.754;1.484;0.289;1;1
1780;200108;2.911;;;1;1
1780;200109;1.958;;;1;1
1780;200110;2.078;0.646;0.766;1;1
1780;200111;1.973;;;1;1
1780;200112;1.69;;;1;1
1780;200201;2.171;;;1;1
1780;200202;3.044;2.221;3.094;1;1
1780;200203;3.311;;;1;1
1780;200204;2.567;2.484;1.74;1;1
1780;200205;3.19;;;1;1
1780;200206;3.754;;;1;1
1780;200207;3.549;;;1;1
1780;200208;3.01;;;1;1
1780;200209;2.62;;;1;1
1780;200210;1.98;;;1;1
1780;200211;9.99;7.524;15.534;1;1
1780;200212;9.715;;;1;1
1780;200301;9.872;8.332;8.489;1;1
1780;200302;5.98;8.11;4.218;1;1
1780;200303;3.321;7.757;5.098;1;1
1780;200304;2.996;3.931;3.606;1;1
1780;200305;4.423;0.51;1.937;1;1
1780;200306;4.656;;;1;1
1780;200307;4.557;0.069;;1;1
1780;200308;3.732;0.484;;1;1
1780;200309;3.286;;;1;1
1780;200310;3.136;0.588;0.438;1;1
1780;200311;5.152;5.409;7.425;1;1
1780;200312;2.953;8.796;6.597;1;1
1780;200401;6.082;7.137;10.266;1;1
1780;200402;3.097;6.566;3.581;1;1
1780;200403;2.786;3.465;3.154;1;1
1780;200404;2.786;2.773;2.773;1;1
1780;200405;4.173;1.123;2.51;1;1
1780;200406;4.144;0.415;0.386;1;1
1780;200407;3.408;;;1;1
1780;200408;1.849;;;1;1
1780;200409;1.515;;;1;1
1780;200410;4.619;;;1;1
1780;200411;2.572;5.132;3.085;1;1
1780;200412;3.107;2.013;2.548;1;1
1780;200501;2.845;2.393;2.131;1;1
1780;200502;2.537;1.313;1.005;1;1
1780;200503;3.185;0.734;1.382;1;1
1780;200504;3.787;;;1;1
1780;200505;4.619;;;1;1
1780;200506;5.212;0.121;0.714;1;1
1780;200507;4.713;;;1;1
1780;200508;3.848;0.708;;1;1
1780;200509;3.117;;;1;1
1780;200510;3.053;0.095;0.031;1;1
1780;200511;2.948;1.08;0.975;1;1
1780;200512;4.435;2.886;4.373;1;1
1780;200601;2.841;;;1;1
1780;200602;4.594;2.264;4.017;1;1
1780;200603;8.852;5.141;9.399;1;1
1780;200604;6.215;8.545;5.908;1;1
1780;200605;5.936;1.979;1.7;1;1
1780;200606;5.972;0.458;0.494;1;1
1780;200607;3.815;2.074;;1;1
1780;200608;3.398;;;1;1
1780;200609;2.809;0.276;;1;1
1780;200610;6.978;0.899;5.068;1;1
1780;200611;7.509;7.438;7.969;1;1
1780;200612;8.203;7.188;7.882;1;1
1780;200701;3.694;7.619;3.11;1;1
1780;200702;7.89;4.008;8.204;1;1
1780;200703;5.361;8.823;6.294;1;1
1780;200704;4.051;3.498;2.188;1;1
1780;200705;6.163;1.478;3.59;1;1
1780;200706;7.212;2.629;3.678;1;1
1780;200707;4.833;3.414;1.035;1;1
1780;200708;3.943;0.821;;1;1
1780;200709;3.393;0.234;;1;1
1780;200710;2.66;0.51;;1;1
1780;200711;2.55;0.492;0.382;1;1
1780;200712;2.422;0.509;0.381;1;1
1780;200801;3.015;0.509;1.102;1;1
1780;200802;4.575;0.476;2.036;1;1
1780;200803;5.771;0.508;1.704;1;1
1780;200804;8.669;0.501;3.399;1;1
1780;200805;7.864;0.509;;1;1
1780;200806;6.222;0.492;;1;1
1780;200807;4.591;0.509;;1;1
1780;200808;3.035;0.509;;1;1
1780;200809;2.709;0.492;0.166;1;1
1780;200810;2.585;0.51;0.386;1;1
1780;200811;2.958;0.492;0.865;1;1
1780;200812;4.196;0.492;1.73;1;1
1780;200901;10;0.509;6.313;1;1
1780;200902;8.072;0.46;;1;1
1780;200903;3.455;0.509;;1;1
1780;200904;4.273;0.492;1.31;1;1
1780;200905;4.594;0.509;0.83;1;1
1780;200906;4.706;0.492;0.604;1;1
1780;200907;3.87;0.509;;1;1
1780;200908;3.576;0.509;0.215;1;1
1780;200909;3.151;0.492;0.067;1;1
1780;200910;3.001;0.497;0.347;1;1
1780;200911;6.245;0.48;3.724;1;1
1780;200912;9.813;0.496;4.064;1;1
1780;201001;9.882;0.496;0.565;1;1
1780;201002;10.14;0.448;0.706;1;1
1780;201003;10.21;0.496;0.566;1;1
1780;201004;6.804;0.48;;1;1
1780;201005;5.192;0.496;;1;1
1780;201006;5.8;0.48;1.088;1;1
1780;201007;3.932;0.496;;1;1
1780;201008;3.291;0.496;;1;1
1780;201009;2.79;0.486;;1;1
1780;201010;2.96;0.51;0.68;1;1
1780;201011;7.16;0.498;4.698;1;1
1780;201012;3.45;0.514;;1;1
1780;201101;7.16;0.519;4.229;1;1
1780;201102;4.69;0.46;;1;1
1780;201103;4.33;0.492;0.132;1;1
1780;201104;4.1;0.492;0.262;1;1
1780;201105;4.81;0.514;1.224;1;1
1780;201106;4.66;0.492;0.342;1;1
1780;201107;4.05;0.514;;1;1
1780;201108;3.4;0.514;;1;1
1780;201109;2.86;0.492;;1;1
1780;201110;2.422;0.496;0.058;1;1
1780;201111;2.981;0.48;1.039;1;1
1780;201112;3.01;0.496;0.525;1;1
1780;201201;3.382;0.496;0.868;1;1
1780;201202;3.434;0.464;0.516;1;1
1780;201203;3.716;0.496;0.778;1;1
1780;201204;9.131;0.48;5.895;1;1
1780;201205;8.944;0.496;0.309;1;1
1780;201206;7.626;0.48;;1;1
1780;201207;5.693;0.527;;1;1
1780;201208;4.19;0.496;;1;1
1780;201209;3.352;0.48;;1;1
1780;201210;2.397;0.497;;1;1
1780;201211;2.456;0.48;0.539;1;1
1780;201212;9.235;0.496;7.275;1;1
1780;201301;10.08;0.496;1.341;1;1
1780;201302;9.075;0.448;;1;1
1780;201303;9.783;0.48;1.188;1;1
1780;201304;8.651;0.48;;1;1
1780;201305;8.926;0.496;0.771;1;1
1780;201306;8.917;0.48;0.471;1;1
1780;201307;5.574;0.496;;1;1
1780;201308;4.865;0.496;;1;1
1780;201309;2.651;0.486;;1;1
1780;201310;3.943;0.496;1.788;1;1
1780;201311;5.06;0.464;1.581;1;1
1780;201312;7.907;0.502;3.349;1;1
1780;201401;9.862;0.496;2.451;1;1
1780;201402;10.05;0.448;0.636;1;1
1780;201403;8.497;0.496;;1;1
1780;201404;8.309;0.48;0.292;1;1
1780;201405;8.072;0.496;0.259;1;1
1780;201406;7.368;0.48;;1;1
1780;201407;6.986;0.496;0.114;1;1
1780;201408;5.914;0.496;;1;1
1780;201409;2.668;0.48;;1;1
1780;201410;3.93;0.497;1.759;1;1
1780;201411;9.16;0.48;5.71;1;1
1780;201412;4.03;0.496;;1;1
1780;201501;6.16;0.496;2.626;1;1
1780;201502;9.43;0.448;3.718;1;1
1780;201503;7.1;0.496;;1;1
1780;201504;5.85;0.48;;1;1
1780;201505;6.99;0.496;1.636;1;1
1780;201506;5.77;0.48;;1;1
1780;201507;4.88;0.496;;1;1
1780;201508;4.38;0.496;0;1;1
1780;201509;4.21;0.48;0.31;1;1
1780;201510;3.46;1.845;1.095;1;1
1780;201511;2.61;2.883;2.033;1;1
1780;201512;2.73;2.133;2.253;1;1
1780;201601;9.95;10.856;18.076;1;1
1780;201602;9.83;19.231;19.111;1;1
1780;201603;9.91;11.403;11.483;1;1
1780;201604;9.67;11.063;10.823;1;1
1780;201605;7.72;8.706;6.756;1;1
1780;201606;4.23;7.312;3.822;1;1
1780;201607;4.18;0.51;0.46;1;1
1780;201608;3.77;0.495;0.085;1;1
1780;201609;3.49;0.481;0.201;1;1
1780;201610;3.15;0.619;0.279;1;1
1780;201611;3.21;0.969;1.029;1;1
1780;201612;3.26;1.069;1.119;1;1
1780;201701;2.26;2.45;1.45;1;1
1780;201702;3.98;4.75;6.47;1;1
1780;201703;3.4;6.34;5.76;1;1
1780;201704;3.86;1.629;2.089;1;1
1780;201705;2.93;4.01;3.08;1;1
1780;201706;3.07;0.889;1.029;1;1
1780;201707;2.88;0.619;0.429;1;1
1780;201708;2.54;0.619;0.279;1;1
1780;201709;2.07;0.589;0.119;1;1
1780;201710;2.07;0.221;0.221;1;1
1780;201711;2.13;0.34;0.4;1;1
1780;201712;4.88;2.494;5.244;1;1
1780;201801;7.12;8.478;10.718;1;1
1780;201802;7.67;7.601;8.151;1;1
1780;201803;10.02;17.043;19.393;1;1
1780;201804;8.57;14.372;12.922;1;1
1780;201805;7.28;4.361;3.071;1;1
1780;201806;7.29;3.476;3.486;1;1
1780;201807;3.22;7.034;2.964;1;1
1780;201808;2.04;1.593;0.413;1;1
1780;201809;1.98;0.204;0.144;1;1
1780;201810;1.97;0.218;0.208;1;1
1780;201811;2.68;4.168;4.878;1;1
1780;201812;3.98;6.267;7.567;1;1
1780;201901;5.29;5.709;7.019;1;1
1780;201902;4.9;8.019;7.629;1;1
1780;201903;3.86;6.821;5.781;1;1
1780;201904;5.78;6.851;8.771;1;1
1780;201905;5.14;4.403;3.763;1;1
1780;201906;5.24;0.938;1.038;1;1
1780;201907;2.22;4.131;1.111;1;1
1780;201908;2.08;0.457;0.317;1;1
1780;201909;2.15;0.312;0.382;1;1
1780;201910;3.06;1.691;2.601;1;1
1780;201911;9.84;10.538;17.318;1;1
1780;201912;9.93;20.941;21.031;1;1
1780;202001;5.38;13.162;8.612;1;1
1780;202002;3.61;7.839;6.069;1;1
1780;202003;5.04;6.666;8.096;1;1
1780;202004;6.05;2.526;3.536;1;1
1780;202005;6.2;4.342;4.492;1;1
1780;202006;4.78;3.394;1.974;1;1
1780;202007;4.69;0.636;0.546;1;1
1780;202008;4.34;0.968;0.618;1;1
1780;202009;3.54;1.519;0.719;1;1
1780;202010;4.02;1.412;1.892;1;1
1780;202011;2.89;4.544;3.414;1;1
1780;202012;9.55;3.492;10.152;1;1
1780;202101;9.69;13.008;13.148;1;1
1780;202102;9.89;20.524;20.724;1;1
1780;202103;6.35;9.774;6.234;1;1
1780;202104;5.67;2.235;1.555;1;1
1780;202105;6.52;2.18;3.03;1;1
1780;202106;7.63;1.249;2.359;1;1
1780;202107;6.03;2.658;1.058;1;1
1780;202108;6.14;0.533;0.643;1;1
1780;202109;5.66;1.148;0.668;1;1
1781;198010;0.11;1.493;1.513;2;1
1781;198011;0.13;4.332;4.332;2;1
1781;198012;0.13;5.174;5.184;2;1
1781;198101;0.14;2.695;2.685;2;1
1781;198102;0.13;2.888;2.918;2;1
1781;198103;0.16;8.76;8.76;2;1
1781;198104;0.16;7.607;7.587;2;1
1781;198105;0.14;6.884;6.894;2;1
1781;198106;0.15;3.398;3.378;2;1
1781;198107;0.13;1.049;1.039;2;1
1781;198108;0.12;0.802;0.792;2;1
1781;198109;0.11;1.461;1.481;2;1
1781;198110;0.13;7.986;7.996;2;1
1781;198111;0.14;1.538;1.528;2;1
1781;198112;0.13;22.219;22.289;2;1
1781;198201;0.2;15.16;15.1;2;1
1781;198202;0.14;6.216;6.246;2;1
1781;198203;0.17;4.875;4.835;2;1
1781;198204;0.13;2.518;2.518;2;1
1781;198205;0.13;2.462;2.472;2;1
1781;198206;0.14;2.384;2.374;2;1
1781;198207;0.13;1.112;1.102;2;1
1781;198208;0.12;0.803;0.793;2;1
1781;198209;0.11;0.89;0.91;2;1
1781;198210;0.13;6.037;6.042;2;1
1781;198211;0.135;11.572;11.588;2;1
1781;198212;0.151;15.418;15.414;2;1
1781;198301;0.147;3.246;3.233;2;1
1781;198302;0.134;8.147;8.172;2;1
1781;198303;0.159;4.143;4.121;2;1
1781;198304;0.137;8.143;8.201;2;1
1781;198305;0.195;18.512;18.484;2;1
1781;198306;0.167;3.791;3.755;2;1
1781;198307;0.131;1.033;1.014;2;1
1781;198308;0.112;0.833;0.834;2;1
1781;198309;0.113;0.779;0.776;2;1
1781;198310;0.11;0.807;0.809;2;1
1781;198311;0.112;6.328;6.357;2;1
1781;198312;0.141;14.174;14.183;2;1
1781;198401;0.15;10.244;10.261;2;1
1781;198402;0.167;6.66;6.633;2;1
1781;198403;0.14;6.416;6.471;2;1
1781;198404;0.195;7.951;7.892;2;1
1781;198405;0.136;5.138;5.143;2;1
1781;198406;0.141;5.671;5.664;2;1
1781;198407;0.134;1.441;1.422;2;1
1781;198408;0.115;0.806;0.803;2;1
1781;198409;0.112;0.779;0.781;2;1
1781;198410;0.114;4.535;4.559;2;1
1781;198411;0.138;18.677;18.728;2;1
1781;198412;0.189;11.867;11.829;2;1
1781;198501;0.151;12.51;12.514;2;1
1781;198502;0.155;18.822;18.848;2;1
1781;198503;0.181;9.35;9.327;2;1
1781;198504;0.158;10.123;10.103;2;1
1781;198505;0.138;3.429;3.429;2;1
1781;198506;0.138;4.119;4.113;2;1
1781;198507;0.132;1.98;1.978;2;1
1781;198508;0.13;0.923;0.91;2;1
1781;198509;0.117;0.779;0.772;2;1
1781;198510;0.11;0.806;0.805;2;1
1781;198511;0.109;3.725;3.761;2;1
1781;198512;0.145;9.357;9.367;2;1
1781;198601;0.155;10.943;10.935;2;1
1781;198602;0.147;15.037;15.088;2;1
1781;198603;0.198;8.784;8.733;2;1
1781;198604;0.147;5.756;5.759;2;1
1781;198605;0.15;5.37;5.354;2;1
1781;198606;0.134;1.538;1.534;2;1
1781;198607;0.13;0.907;0.885;2;1
1781;198608;0.108;0.805;0.807;2;1
1781;198609;0.11;1.566;1.586;2;1
1781;198610;0.13;0.804;0.797;2;1
1781;198611;0.123;5.105;5.118;2;1
1781;198612;0.136;4.95;4.955;2;1
1781;198701;0.141;5.651;5.674;2;1
1781;198702;0.164;9.541;9.541;2;1
1781;198703;0.164;5.167;5.153;2;1
1781;198704;0.15;9.126;9.12;2;1
1781;198705;0.144;2.462;2.449;2;1
1781;198706;0.131;1.24;1.227;2;1
1781;198707;0.118;0.885;0.879;2;1
1781;198708;0.112;0.806;0.806;2;1
1781;198709;0.112;2.104;2.126;2;1
1781;198710;0.134;25.437;25.492;2;1
1781;198711;0.189;8.103;8.057;2;1
1781;198712;0.143;14.913;14.917;2;1
1781;198801;0.147;19.753;19.804;2;1
1781;198802;0.198;13.341;13.284;2;1
1781;198803;0.141;3.085;3.078;2;1
1781;198804;0.134;5.586;5.596;2;1
1781;198805;0.144;8.157;8.151;2;1
1781;198806;0.138;4.453;4.459;2;1
1781;198807;0.144;5.247;5.237;2;1
1781;198808;0.134;1.346;1.328;2;1
1781;198809;0.116;0.78;0.776;2;1
1781;198810;0.112;1.463;1.486;2;1
1781;198811;0.135;2.572;2.578;2;1
1781;198812;0.141;2.996;2.987;2;1
1781;198901;0.132;1.757;1.756;2;1
1781;198902;0.131;4.321;4.391;2;1
1781;198903;0.201;8.984;8.925;2;1
1781;198904;0.142;8.496;8.499;2;1
1781;198905;0.145;2.975;2.968;2;1
1781;198906;0.138;2.22;2.212;2;1
1781;198907;0.13;0.881;0.866;2;1
1781;198908;0.115;0.804;0.8;2;1
1781;198909;0.111;0.78;0.78;2;1
1781;198910;0.111;0.997;1.008;2;1
1781;198911;0.122;8.504;8.532;2;1
1781;198912;0.15;27.416;27.42;2;1
1781;199001;0.154;7.865;7.89;2;1
1781;199002;0.179;11.444;11.405;2;1
1781;199003;0.14;2.901;2.894;2;1
1781;199004;0.133;3.902;3.904;2;1
1781;199005;0.135;2.394;2.39;2;1
1781;199006;0.131;1.444;1.429;2;1
1781;199007;0.116;0.815;0.807;2;1
1781;199008;0.108;0.806;0.811;2;1
1781;199009;0.113;0.777;0.777;2;1
1781;199010;0.165;5.149;5.201;1;1
1781;199011;0.142;6.231;6.208;1;1
1781;199012;0.16;4.935;4.953;1;1
1781;199101;0.141;13.865;13.846;1;1
1781;199102;0.158;5.488;5.505;1;1
1781;199103;0.143;19.562;19.547;1;1
1781;199104;0.138;4.835;4.83;1;1
1781;199105;0.133;2.686;2.681;1;1
1781;199106;0.125;1.624;1.616;1;1
1781;199107;0.108;0.803;0.786;1;1
1781;199108;0.117;0.807;0.816;1;1
1781;199109;0.134;1.039;1.056;1;1
1781;199110;0.131;1.846;1.843;1;1
1781;199111;0.152;11.538;11.559;1;1
1781;199112;0.132;3.529;3.509;1;1
1781;199201;0.136;5.103;5.107;1;1
1781;199202;0.135;2.664;2.663;1;1
1781;199203;0.137;2.217;2.219;1;1
1781;199204;0.14;9.324;9.327;1;1
1781;199205;0.141;3.355;3.356;1;1
1781;199206;0.133;3.44;3.432;1;1
1781;199207;0.115;1.207;1.189;1;1
1781;199208;0.136;0.876;0.897;1;1
1781;199209;0.115;0.798;0.777;1;1
1781;199210;0.144;1.718;1.747;1;1
1781;199211;0.145;3.818;3.819;1;1
1781;199212;0.14;14.022;14.017;1;1
1781;199301;0.135;3.461;3.456;1;1
1781;199302;0.134;1.786;1.785;1;1
1781;199303;0.131;1.452;1.449;1;1
1781;199304;0.154;4.818;4.841;1;1
1781;199305;0.159;9.69;9.695;1;1
1781;199306;0.137;6.127;6.105;1;1
1781;199307;0.129;1.875;1.867;1;1
1781;199308;0.122;0.986;0.979;1;1
1781;199309;0.169;1.422;1.469;1;1
1781;199310;0.14;19.091;19.062;1;1
1781;199311;0.164;6.075;6.099;1;1
1781;199312;0.161;6.878;6.875;1;1
1781;199401;0.141;18.229;18.209;1;1
1781;199402;0.176;9.044;9.079;1;1
1781;199403;0.136;5.946;5.906;1;1
1781;199404;0.142;3.232;3.238;1;1
1781;199405;0.146;14.105;14.109;1;1
1781;199406;0.131;2.775;2.76;1;1
1781;199407;0.115;1.148;1.132;1;1
1781;199408;0.119;0.837;0.841;1;1
1781;199409;0.115;0.781;0.777;1;1
1781;199410;0.133;2.484;2.502;1;1
1781;199411;0.176;9.516;9.559;1;1
1781;199412;0.213;11.804;11.841;1;1
1781;199501;0.166;16.586;16.539;1;1
1781;199502;0.15;12.337;12.321;1;1
1781;199503;0.136;7.678;7.664;1;1
1781;199504;0.134;2.101;2.099;1;1
1781;199505;0.136;5.167;5.169;1;1
1781;199506;0.133;1.92;1.917;1;1
1781;199507;0.129;1.409;1.405;1;1
1781;199508;0.129;1.178;1.178;1;1
1781;199509;0.129;1.163;1.163;1;1
1781;199510;0.14;2.433;2.444;1;1
1781;199511;0.177;14.58;14.617;1;1
1781;199512;0.204;22.995;23.022;1;1
1781;199601;0.159;26.549;26.504;1;1
1781;199602;0.147;11.588;11.576;1;1
1781;199603;0.195;7.64;7.688;1;1
1781;199604;0.135;6.123;6.063;1;1
1781;199605;0.139;5.75;5.754;1;1
1781;199606;0.121;1.565;1.547;1;1
1781;199607;0.115;0.806;0.8;1;1
1781;199608;0.116;0.804;0.805;1;1
1781;199609;0.12;0.856;0.86;1;1
1781;199610;0.128;1.006;1.014;1;1
1781;199611;0.152;8.761;8.785;1;1
1781;199612;0.153;17.137;17.138;1;1
1781;199701;0.173;13.674;13.694;1;1
1781;199702;0.148;7.656;7.631;1;1
1781;199703;0.129;2.405;2.386;1;1
1781;199704;0.122;0.952;0.945;1;1
1781;199705;0.142;4.086;4.106;1;1
1781;199706;0.134;7.321;7.313;1;1
1781;199707;0.125;1.297;1.288;1;1
1781;199708;0.116;0.803;0.794;1;1
1781;199709;0.115;0.78;0.779;1;1
1781;199710;0.148;7.573;7.606;1;1
1781;199711;0.183;21.965;22;1;1
1781;199712;0.189;23.039;23.045;1;1
1781;199801;0.141;16.77;16.722;1;1
1781;199802;0.135;3.525;3.519;1;1
1781;199803;0.145;2.351;2.361;1;1
1781;199804;0.191;18.679;18.725;1;1
1781;199805;0.151;7.317;7.277;1;1
1781;199806;0.129;4.122;4.1;1;1
1781;199807;0.115;0.965;0.951;1;1
1781;199808;0.121;0.806;0.812;1;1
1781;199809;0.141;1.953;1.973;1;1
1781;199810;0.132;2.217;2.208;1;1
1781;199811;0.133;2.662;2.663;1;1
1781;199812;0.139;2.674;2.68;1;1
1781;199901;0.145;7.427;7.433;1;1
1781;199902;0.138;3.457;3.45;1;1
1781;199903;0.142;6.539;6.543;1;1
1781;199904;0.16;6.222;6.24;1;1
1781;199905;0.141;7.773;7.754;1;1
1781;199906;0.127;2.156;2.142;1;1
1781;199907;0.118;0.81;0.801;1;1
1781;199908;0.116;0.823;0.821;1;1
1781;199909;0.146;5.946;5.976;1;1
1781;199910;0.2;14.396;14.45;1;1
1781;199911;0.134;6.929;6.863;1;1
1781;199912;0.156;8.931;8.953;1;1
1781;200001;0.133;6.439;6.416;1;1
1781;200002;0.136;3.831;3.834;1;1
1781;200003;0.13;2.048;2.042;1;1
1781;200004;0.203;15.039;15.112;1;1
1781;200005;0.139;7.213;7.149;1;1
1781;200006;0.122;1.85;1.833;1;1
1781;200007;0.11;0.795;0.783;1;1
1781;200008;0.108;0.806;0.804;1;1
1781;200009;0.109;0.78;0.781;1;1
1781;200010;0.135;1.059;1.085;1;1
1781;200011;0.221;20.217;20.303;1;1
1781;200012;0.201;35.332;35.312;1;1
1781;200101;0.195;34.902;34.896;1;1
1781;200102;0.14;14.968;14.913;1;1
1781;200103;0.125;36.584;36.569;1;1
1781;200104;0.139;6.99;7.004;1;1
1781;200105;0.152;6.269;6.282;1;1
1781;200106;0.128;2.436;2.412;1;1
1781;200107;0.115;1.008;0.995;1;1
1781;200108;0.108;0.806;0.799;1;1
1781;200109;0.107;0.78;0.779;1;1
1781;200110;0.134;3.121;3.148;1;1
1781;200111;0.12;1.484;1.47;1;1
1781;200112;0.115;0.805;0.8;1;1
1781;200201;0.144;5.098;5.127;1;1
1781;200202;0.136;6.441;6.433;1;1
1781;200203;0.141;8.2;8.205;1;1
1781;200204;0.131;2.813;2.803;1;1
1781;200205;;;;1;1
1781;200206;;;;1;1
1781;200207;;;;1;1
1781;200208;;;;1;1
1781;200209;0.107;;;1;1
1781;200210;0.157;7.215;7.265;1;1
1781;200211;0.182;15.497;15.522;1;1
1781;200212;0.183;16.128;16.129;1;1
1781;200301;0.151;16.208;16.176;1;1
1781;200302;0.142;5.082;5.073;1;1
1781;200303;0.144;10.255;10.257;1;1
1781;200304;0.166;8.805;8.827;1;1
1781;200305;0.133;5.414;5.381;1;1
1781;200306;0.119;1.784;1.77;1;1
1781;200307;0.111;1.334;1.326;1;1
1781;200308;0.108;1.334;1.331;1;1
1781;200309;0.11;1.291;1.293;1;1
1781;200310;0.177;2.828;2.895;1;1
1781;200311;0.16;9.507;9.49;1;1
1781;200312;0.169;10.363;10.372;1;1
1781;200401;0.156;10.307;10.294;1;1
1781;200402;0.133;5.35;5.327;1;1
1781;200403;0.136;5.144;5.147;1;1
1781;200404;0.137;4.22;4.221;1;1
1781;200405;0.134;3.986;3.983;1;1
1781;200406;0.115;1.682;1.663;1;1
1781;200407;0.113;1.372;1.37;1;1
1781;200408;0.122;2.589;2.598;1;1
1781;200409;0.11;1.319;1.307;1;1
1781;200410;0.191;8.923;9.004;1;1
1781;200411;0.133;5.935;5.877;1;1
1781;200412;0.143;3.827;3.837;1;1
1781;200501;0.133;4.056;4.046;1;1
1781;200502;0.129;1.976;1.972;1;1
1781;200503;0.147;4.12;4.138;1;1
1781;200504;0.139;5.222;5.214;1;1
1781;200505;0.134;4.137;4.132;1;1
1781;200506;0.117;1.706;1.689;1;1
1781;200507;0.114;1.363;1.36;1;1
1781;200508;0.108;1.363;1.357;1;1
1781;200509;0.109;1.319;1.32;1;1
1781;200510;0.164;1.651;1.706;1;1
1781;200511;0.137;4.934;4.907;1;1
1781;200512;0.148;8.212;8.223;1;1
1781;200601;0.134;4.576;4.562;1;1
1781;200602;0.137;3.184;3.187;1;1
1781;200603;0.165;18.854;18.882;1;1
1781;200604;0.14;8.007;7.982;1;1
1781;200605;0.127;2.722;2.709;1;1
1781;200606;0.124;1.321;1.318;1;1
1781;200607;0.116;1.373;1.365;1;1
1781;200608;0.12;1.363;1.367;1;1
1781;200609;0.121;1.33;1.331;1;1
1781;200610;0.148;18.834;18.861;1;1
1781;200611;0.173;17.161;17.186;1;1
1781;200612;0.142;14.419;14.388;1;1
1781;200701;0.136;4.056;4.05;1;1
1781;200702;0.159;12.693;12.716;1;1
1781;200703;0.135;8.028;8.004;1;1
1781;200704;0.134;2.342;2.341;1;1
1781;200705;0.137;3.006;3.009;1;1
1781;200706;0.138;5.159;5.16;1;1
1781;200707;0.138;3.967;3.967;1;1
1781;200708;0.115;1.815;1.792;1;1
1781;200709;0.115;1.319;1.319;1;1
1781;200710;0.115;1.363;1.363;1;1
1781;200711;0.115;1.319;1.319;1;1
1781;200712;0.128;1.4;1.413;1;1
1781;200801;0.138;9.697;9.707;1;1
1781;200802;0.137;3.774;3.773;1;1
1781;200803;0.146;4.125;4.134;1;1
1781;200804;0.149;13.806;13.809;1;1
1781;200805;0.156;7.264;7.271;1;1
1781;200806;0.129;3.918;3.891;1;1
1781;200807;0.109;1.441;1.421;1;1
1781;200808;0.107;1.337;1.335;1;1
1781;200809;0.111;1.291;1.295;1;1
1781;200810;0.117;1.335;1.341;1;1
1781;200811;0.13;2.037;2.05;1;1
1781;200812;0.16;6.974;7.004;1;1
1781;200901;0.178;13.875;13.893;1;1
1781;200902;0.143;9.522;9.487;1;1
1781;200903;0.135;7.918;7.91;1;1
1781;200904;0.137;3.429;3.431;1;1
1781;200905;0.13;2.901;2.894;1;1
1781;200906;0.131;3.509;3.51;1;1
1781;200907;0.118;1.704;1.691;1;1
1781;200908;0.111;1.339;1.332;1;1
1781;200909;0.108;1.291;1.288;1;1
1781;200910;0.13;2.036;2.058;1;1
1781;200911;0.162;14.993;15.025;1;1
1781;200912;0.19;23.178;23.206;1;1
1781;201001;0.148;18.676;18.634;1;1
1781;201002;0.196;14.65;14.698;1;1
1781;201003;0.176;13.505;13.485;1;1
1781;201004;0.137;8.32;8.281;1;1
1781;201005;0.134;4.474;4.471;1;1
1781;201006;0.133;3.924;3.923;1;1
1781;201007;0.116;1.684;1.667;1;1
1781;201008;0.12;1.339;1.343;1;1
1781;201009;0.108;1.296;1.284;1;1
1781;201010;0.2;5.466;5.558;1;1
1781;201011;0.14;14.79;14.73;1;1
1781;201012;0.16;14.938;14.958;1;1
1781;201101;0.14;17.285;17.265;1;1
1781;201102;0.15;6.52;6.53;1;1
1781;201103;0.15;7.905;7.905;1;1
1781;201104;0.14;5.028;5.018;1;1
1781;201105;0.13;3.343;3.333;1;1
1781;201106;0.12;1.637;1.627;1;1
1781;201107;0.11;1.339;1.329;1;1
1781;201108;0.11;1.339;1.339;1;1
1781;201109;0.11;1.296;1.296;1;1
1781;201110;0.128;2.417;2.435;1;1
1781;201111;0.137;7.699;7.708;1;1
1781;201112;0.136;5.659;5.658;1;1
1781;201201;0.13;2.787;2.781;1;1
1781;201202;0.128;1.929;1.927;1;1
1781;201203;0.124;1.503;1.499;1;1
1781;201204;0.153;4.34;4.369;1;1
1781;201205;0.134;11.362;11.343;1;1
1781;201206;0.129;2.241;2.236;1;1
1781;201207;0.113;1.454;1.438;1;1
1781;201208;0.118;1.339;1.344;1;1
1781;201209;0.128;1.478;1.488;1;1
1781;201210;0.136;2.822;2.83;1;1
1781;201211;0.14;6.251;6.255;1;1
1781;201212;0.171;15.909;15.94;1;1
1781;201301;0.171;18.511;18.511;1;1
1781;201302;0.146;9.781;9.756;1;1
1781;201303;0.199;20.446;20.499;1;1
1781;201304;0.138;11.654;11.593;1;1
1781;201305;0.135;3.379;3.376;1;1
1781;201306;0.117;2.122;2.104;1;1
1781;201307;0.112;1.339;1.334;1;1
1781;201308;0.108;1.339;1.335;1;1
1781;201309;0.106;1.296;1.294;1;1
1781;201310;0.161;13.752;13.807;1;1
1781;201311;0.135;10.49;10.464;1;1
1781;201312;0.161;9.61;9.636;1;1
1781;201401;0.169;20.816;20.824;1;1
1781;201402;0.164;20.833;20.828;1;1
1781;201403;0.17;10.665;10.671;1;1
1781;201404;0.139;10.652;10.621;1;1
1781;201405;0.137;3.418;3.416;1;1
1781;201406;0.129;2.321;2.313;1;1
1781;201407;0.075;1.419;1.365;1;1
1781;201408;0.042;1.341;1.308;1;1
1781;201409;0.085;1.474;1.517;1;1
1781;201410;0.14;11.08;11.135;1;1
1781;201411;0.15;15.98;15.99;1;1
1781;201412;0.14;5.127;5.117;1;1
1781;201501;0.18;6.164;6.204;1;1
1781;201502;0.16;9.406;9.386;1;1
1781;201503;0.13;5.288;5.258;1;1
1781;201504;0.14;3.693;3.703;1;1
1781;201505;0.13;7.508;7.498;1;1
1781;201506;0.12;1.763;1.753;1;1
1781;201507;0.11;1.343;1.333;1;1
1781;201508;0.11;1.336;1.336;1;1
1781;201509;0.11;2.42;2.42;1;1
1781;201510;0.16;8.2;8.25;1;1
1781;201511;0.14;6.513;6.493;1;1
1781;201512;0.16;6.366;6.386;1;1
1781;201601;0.15;24.36;24.35;1;1
1781;201602;0.15;15.499;15.499;1;1
1781;201603;0.17;12.022;12.042;1;1
1781;201604;0.14;17.086;17.056;1;1
1781;201605;0.14;10.947;10.947;1;1
1781;201606;0.13;2.862;2.852;1;1
1781;201607;0.11;1.046;1.026;1;1
1781;201608;0.11;0.132;0.132;1;1
1781;201609;0.11;0.027;0.027;1;1
1781;201610;0.11;0.02;0.02;1;1
1781;201611;0.13;1.04;1.06;1;1
1781;201612;0.12;2.24;2.23;1;1
1781;201701;0.14;1.65;1.67;1;1
1781;201702;0.14;14.91;14.91;1;1
1781;201703;0.14;4.07;4.07;1;1
1781;201704;0.12;2.23;2.21;1;1
1781;201705;0.13;3.42;3.43;1;1
1781;201706;0.11;1.049;1.029;1;1
1781;201707;0.11;0.43;0.43;1;1
1781;201708;0.11;0.401;0.401;1;1
1781;201709;0.11;0.301;0.301;1;1
1781;201710;0.11;0.343;0.343;1;1
1781;201711;0.11;0.372;0.372;1;1
1781;201712;0.16;7.811;7.861;1;1
1781;201801;0.14;11.452;11.432;1;1
1781;201802;0.14;7.66;7.66;1;1
1781;201803;0.16;24.217;24.237;1;1
1781;201804;0.14;16.715;16.695;1;1
1781;201805;0.11;3.386;3.356;1;1
1781;201806;0.13;3.113;3.133;1;1
1781;201807;0.11;3.019;2.999;1;1
1781;201808;0.11;0.373;0.373;1;1
1781;201809;0.11;0.314;0.314;1;1
1781;201810;0.11;0.349;0.349;1;1
1781;201811;0.15;11.065;11.105;1;1
1781;201812;0.14;10.818;10.808;1;1
1781;201901;0.2;7.86;7.92;1;1
1781;201902;0.13;10.081;10.011;1;1
1781;201903;0.13;;;1;1
1781;201904;0.15;10.207;10.227;1;1
1781;201905;0.13;6.284;6.264;1;1
1781;201906;0.12;1.428;1.418;1;1
1781;201907;0.11;0.48;0.47;1;1
1781;201908;0.11;0.355;0.355;1;1
1781;201909;0.11;0.326;0.326;1;1
1781;201910;0.13;3.994;4.014;1;1
1781;201911;0.18;20.768;20.818;1;1
1781;201912;0.15;26.275;26.245;1;1
1781;202001;0.17;8.922;8.942;1;1
1781;202002;0.14;8.567;8.537;1;1
1781;202003;0.13;10.403;10.393;1;1
1781;202004;0.14;8.758;8.768;1;1
1781;202005;0.13;7.484;7.474;1;1
1781;202006;0.11;1.244;1.224;1;1
1781;202007;0.11;0.371;0.371;1;1
1781;202008;0.11;0.335;0.335;1;1
1781;202009;0.11;0.468;0.468;1;1
1781;202010;0.14;4.109;4.139;1;1
1781;202011;0.14;8.156;8.156;1;1
1781;202012;0.15;16.795;16.805;1;1
1781;202101;0.18;14.135;14.165;1;1
1781;202102;0.15;23.634;23.604;1;1
1781;202103;0.13;6.99;6.97;1;1
1781;202104;0.13;3.223;3.223;1;1
1781;202105;0.13;6.033;6.033;1;1
1781;202106;0.13;3.401;3.401;1;1
1781;202107;0.11;0.897;0.877;1;1
1781;202108;0.11;0.625;0.625;1;1
1781;202109;0.11;0.351;0.351;1;1
1782;199310;;;;1;1
1782;199311;;;;1;1
1782;199312;;;;1;1
1782;199401;;;;1;1
1782;199402;;;;1;1
1782;199403;;;;1;1
1782;199404;;;;1;1
1782;199405;;;;1;1
1782;199406;;;;1;1
1782;199407;18.333;;;1;1
1782;199408;18.973;5.377;6.017;1;1
1782;199409;18.66;0.497;0.184;1;1
1782;199410;18.629;0.454;0.423;1;1
1782;199411;16.503;6.89;4.764;1;1
1782;199412;18.838;3.089;5.424;1;1
1782;199501;24.072;3.325;8.559;1;1
1782;199502;25.343;4.37;5.641;1;1
1782;199503;28.839;0.824;4.32;1;1
1782;199504;23.83;5.586;0.577;1;1
1782;199505;19.818;6.328;2.316;1;1
1782;199506;6.432;14.224;0.838;1;1
1782;199507;3.083;4.101;0.752;1;1
1782;199508;0;3.481;0.398;1;1
1782;199509;0.117;0.446;0.563;1;1
1782;199510;0.897;0.46;1.24;1;1
1782;199511;6.59;0.967;6.66;1;1
1782;199512;24.597;2.965;20.972;1;1
1782;199601;32.167;7.694;15.264;1;1
1782;199602;31.793;7.106;6.732;1;1
1782;199603;30.93;5.863;5;1;1
1782;199604;30.626;3.545;3.241;1;1
1782;199605;32.524;1.351;3.249;1;1
1782;199606;31.032;1.915;0.423;1;1
1782;199607;21.698;9.544;0.21;1;1
1782;199608;21.349;0.563;0.214;1;1
1782;199609;8.755;12.793;0.199;1;1
1782;199610;8.909;0.459;0.613;1;1
1782;199611;12.396;1.893;5.38;1;1
1782;199612;21.164;1.619;10.387;1;1
1782;199701;23.01;4.867;6.713;1;1
1782;199702;24.369;2.049;3.408;1;1
1782;199703;24.055;1.119;0.805;1;1
1782;199704;22.59;1.789;0.324;1;1
1782;199705;25.004;0.456;2.87;1;1
1782;199706;29.113;0.445;4.554;1;1
1782;199707;29.25;0.463;0.6;1;1
1782;199708;28.606;0.876;0.232;1;1
1782;199709;26.582;2.355;0.331;1;1
1782;199710;25.004;5.233;3.655;1;1
1782;199711;33.975;4.229;13.2;1;1
1782;199712;37.602;8.343;11.97;1;1
1782;199801;33.073;14.113;9.584;1;1
1782;199802;33.116;2.55;2.593;1;1
1782;199803;33.116;1.468;1.468;1;1
1782;199804;38.653;6.372;11.909;1;1
1782;199805;35.423;7.936;4.706;1;1
1782;199806;32.566;4.362;1.505;1;1
1782;199807;26.563;6.304;0.301;1;1
1782;199808;26.656;0.509;0.602;1;1
1782;199809;22.539;4.489;0.372;1;1
1782;199810;21.862;1.889;1.212;1;1
1782;199811;21.878;1.115;1.131;1;1
1782;199812;22.141;1.243;1.506;1;1
1782;199901;25.958;1.001;4.818;1;1
1782;199902;27.271;1.042;2.355;1;1
1782;199903;31.073;0.739;4.541;1;1
1782;199904;33.823;1.247;3.997;1;1
1782;199905;36.162;2.086;4.425;1;1
1782;199906;33.223;3.39;0.451;1;1
1782;199907;26.195;7.841;0.813;1;1
1782;199908;23.404;4.735;1.944;1;1
1782;199909;21.116;5.829;3.541;1;1
1782;199910;32.418;1.434;12.736;1;1
1782;199911;33.223;2.863;3.668;1;1
1782;199912;30.042;9.783;6.602;1;1
1782;200001;26.99;6.437;3.385;1;1
1782;200002;17.687;11.2;1.897;1;1
1782;200003;8.561;10.391;1.265;1;1
1782;200004;21.911;4.16;17.51;1;1
1782;200005;39.724;1.85;19.663;1;1
1782;200006;38.712;5.354;4.342;1;1
1782;200007;32.587;12.564;6.439;1;1
1782;200008;28.037;6.887;2.337;1;1
1782;200009;27.422;0.804;0.189;1;1
1782;200010;9.982;19.6;2.16;1;1
1782;200011;20.261;11.011;21.29;1;1
1782;200012;34.628;14.594;28.961;1;1
1782;200101;37.049;16.746;19.167;1;1
1782;200102;26.823;17.502;7.276;1;1
1782;200103;36.14;12.824;22.141;1;1
1782;200104;32.946;6.288;3.094;1;1
1782;200105;28.048;9.304;4.406;1;1
1782;200106;24.915;5.51;2.377;1;1
1782;200107;23.675;1.421;0.181;1;1
1782;200108;14.746;9.151;0.222;1;1
1782;200109;11.576;4.966;1.796;1;1
1782;200110;6.366;9.397;4.187;1;1
1782;200111;5.961;6.189;5.784;1;1
1782;200112;7.976;7.574;9.589;1;1
1782;200201;12.197;10.176;14.397;1;1
1782;200202;16.964;8.357;13.124;1;1
1782;200203;12.455;16.396;11.887;1;1
1782;200204;6.325;10.984;4.854;1;1
1782;200205;13.284;5.711;12.67;1;1
1782;200206;16.255;11.06;14.031;1;1
1782;200207;25.379;6.931;16.055;1;1
1782;200208;23.23;2.289;0.14;1;1
1782;200209;19.154;4.299;0.223;1;1
1782;200210;21.78;1.767;4.393;1;1
1782;200211;29.684;2.318;10.222;1;1
1782;200212;37.072;8.343;15.731;1;1
1782;200301;35.96;13.972;12.86;1;1
1782;200302;36.027;6.545;6.612;1;1
1782;200303;37.648;8.091;9.712;1;1
1782;200304;37.718;7.68;7.75;1;1
1782;200305;33.052;9.346;4.68;1;1
1782;200306;32.188;0.985;0.121;1;1
1782;200307;31.175;1.254;0.241;1;1
1782;200308;35.624;3.013;7.462;1;1
1782;200309;31.298;10.523;6.197;1;1
1782;200310;27.857;6.729;3.288;1;1
1782;200311;29.724;9.321;11.188;1;1
1782;200312;32.377;10.685;13.338;1;1
1782;200401;29.348;9.841;6.812;1;1
1782;200402;5.802;25.749;2.203;1;1
1782;200403;4.899;5.649;4.746;1;1
1782;200404;6.105;1.326;2.532;1;1
1782;200405;7.412;0.466;1.773;1;1
1782;200406;7.025;0.568;0.181;1;1
1782;200407;6.382;0.664;0.021;1;1
1782;200408;6.21;0.593;0.421;1;1
1782;200409;5.67;0.631;0.091;1;1
1782;200410;17.504;2.283;14.117;1;1
1782;200411;9.461;13.417;5.374;1;1
1782;200412;11.261;8.348;10.148;1;1
1782;200501;15.86;6.335;10.934;1;1
1782;200502;7.646;13.235;5.021;1;1
1782;200503;16.6;5.391;14.345;1;1
1782;200504;14.334;13.768;11.502;1;1
1782;200505;23.196;6.095;14.957;1;1
1782;200506;28.898;7.805;13.507;1;1
1782;200507;32.188;10.843;14.133;1;1
1782;200508;25.976;6.859;0.647;1;1
1782;200509;19.108;7.153;0.285;1;1
1782;200510;7.628;13.086;1.606;1;1
1782;200511;12.49;4.062;8.924;1;1
1782;200512;14.941;5.321;7.772;1;1
1782;200601;21.004;4.295;10.358;1;1
1782;200602;26.471;4.051;9.518;1;1
1782;200603;37.81;1.772;13.111;1;1
1782;200604;34.694;9.132;6.016;1;1
1782;200605;28.665;10.395;4.366;1;1
1782;200606;25.075;8.094;4.504;1;1
1782;200607;23.077;6.074;4.076;1;1
1782;200608;22.539;8.903;8.365;1;1
1782;200609;19.641;10.824;7.926;1;1
1782;200610;34.738;3.797;18.894;1;1
1782;200611;37.694;13.545;16.501;1;1
1782;200612;33.629;13.456;9.391;1;1
1782;200701;34.826;7.722;8.919;1;1
1782;200702;35.87;11.256;12.3;1;1
1782;200703;31.689;11.163;6.982;1;1
1782;200704;30.163;8.722;7.196;1;1
1782;200705;32.126;7.876;9.839;1;1
1782;200706;32.251;1.742;1.867;1;1
1782;200707;26.031;7.212;0.992;1;1
1782;200708;17.375;14.971;6.315;1;1
1782;200709;11.161;14.048;7.834;1;1
1782;200710;6.904;13.891;9.634;1;1
1782;200711;6.391;9.413;8.9;1;1
1782;200712;6.009;7.226;6.844;1;1
1782;200801;13.468;5.313;12.772;1;1
1782;200802;15.725;5.709;7.966;1;1
1782;200803;19.718;3.908;7.901;1;1
1782;200804;26.195;5.96;12.437;1;1
1782;200805;25.776;7.119;6.7;1;1
1782;200806;25.704;4.164;4.092;1;1
1782;200807;25.236;2.328;1.86;1;1
1782;200808;16.936;11.796;3.496;1;1
1782;200809;9.289;11.849;4.202;1;1
1782;200810;9.06;0.846;0.617;1;1
1782;200811;15.43;2.365;8.735;1;1
1782;200812;19.473;1.355;5.398;1;1
1782;200901;26.785;1.847;9.159;1;1
1782;200902;31.401;0.446;5.062;1;1
1782;200903;34.018;3.867;6.484;1;1
1782;200904;35.445;1.172;2.599;1;1
1782;200905;36.82;3.124;4.499;1;1
1782;200906;33.845;8.873;5.898;1;1
1782;200907;33.393;7.286;6.834;1;1
1782;200908;21.213;14.681;2.501;1;1
1782;200909;20.027;9.489;8.303;1;1
1782;200910;20.027;7.538;7.538;1;1
1782;200911;28.529;7.351;15.853;1;1
1782;200912;36.683;9.607;17.761;1;1
1782;201001;34.87;12.687;10.874;1;1
1782;201002;38.324;5.76;9.214;1;1
1782;201003;35.49;10.889;8.055;1;1
1782;201004;37.302;2.482;4.294;1;1
1782;201005;30.504;9.106;2.308;1;1
1782;201006;31.627;0.644;1.767;1;1
1782;201007;29.171;3.285;0.829;1;1
1782;201008;23.795;6.673;1.297;1;1
1782;201009;20.074;4.68;0.959;1;1
1782;201010;27.72;5.205;12.851;1;1
1782;201011;30.22;11.661;14.161;1;1
1782;201012;26.21;17.327;13.317;1;1
1782;201101;28.2;10.422;12.412;1;1
1782;201102;30.04;5.165;7.005;1;1
1782;201103;30.18;6.038;6.178;1;1
1782;201104;31.73;1.062;2.612;1;1
1782;201105;31.57;2.654;2.494;1;1
1782;201106;29.55;2.301;0.281;1;1
1782;201107;31.26;1.553;3.263;1;1
1782;201108;30.48;2.585;1.805;1;1
1782;201109;28.53;3.659;1.709;1;1
1782;201110;22.757;9.881;4.108;1;1
1782;201111;14.308;16.865;8.416;1;1
1782;201112;11.474;12.076;9.242;1;1
1782;201201;13.174;7.541;9.241;1;1
1782;201202;14.449;6.627;7.902;1;1
1782;201203;14.863;11.441;11.855;1;1
1782;201204;24.229;6.385;15.751;1;1
1782;201205;19.199;15.976;10.946;1;1
1782;201206;19.534;2.647;2.982;1;1
1782;201207;18.658;1.054;0.178;1;1
1782;201208;14.915;3.993;0.25;1;1
1782;201209;10.7;4.556;0.341;1;1
1782;201210;5.875;5.732;0.907;1;1
1782;201211;5.037;6.445;5.607;1;1
1782;201212;12.632;11.223;18.818;1;1
1782;201301;31.607;4.469;23.444;1;1
1782;201302;24.386;16.405;9.184;1;1
1782;201303;37.997;11.764;25.375;1;1
1782;201304;36.456;13.358;11.817;1;1
1782;201305;33.479;8.444;5.467;1;1
1782;201306;32.272;7.276;6.069;1;1
1782;201307;29.074;3.847;0.649;1;1
1782;201308;24.844;8.349;4.119;1;1
1782;201309;25.921;7.831;8.908;1;1
1782;201310;30.404;0.68;5.163;1;1
1782;201311;19.903;17.806;7.305;1;1
1782;201312;23.4;12.734;16.231;1;1
1782;201401;35.29;12.391;24.281;1;1
1782;201402;38.137;18.738;21.585;1;1
1782;201403;26.104;22.728;10.695;1;1
1782;201404;25.057;14.469;13.422;1;1
1782;201405;24.491;7.014;6.448;1;1
1782;201406;23.094;10.094;8.697;1;1
1782;201407;23.916;1.886;2.708;1;1
1782;201408;22.439;2.51;1.033;1;1
1782;201409;18.673;8.58;4.814;1;1
1782;201410;26.32;5.6;13.247;1;1
1782;201411;36.16;7.82;17.66;1;1
1782;201412;33.54;8.826;6.206;1;1
1782;201501;33.57;9.462;9.492;1;1
1782;201502;37.76;9.423;13.613;1;1
1782;201503;28.66;16.376;7.276;1;1
1782;201504;31.69;1.087;4.117;1;1
1782;201505;25.94;10.026;4.276;1;1
1782;201506;14.3;13.081;1.441;1;1
1782;201507;11.74;3.753;1.193;1;1
1782;201508;12.09;3.369;3.719;1;1
1782;201509;11.6;5.793;5.303;1;1
1782;201510;17.3;6.224;11.924;1;1
1782;201511;17.06;10.247;10.007;1;1
1782;201512;25.13;7.322;15.392;1;1
1782;201601;36.93;12.498;24.298;1;1
1782;201602;38.88;16.222;18.172;1;1
1782;201603;42.53;12.939;16.589;1;1
1782;201604;40.1;13.799;11.369;1;1
1782;201605;41.33;9.467;10.697;1;1
1782;201606;39.08;3.865;1.615;1;1
1782;201607;35.42;4.498;0.838;1;1
1782;201608;30.28;6.327;1.187;1;1
1782;201609;25.91;4.372;0.002;1;1
1782;201610;17.9;8.31;0.3;1;1
1782;201611;16.26;5.65;4.01;1;1
1782;201612;8.21;11.08;3.03;1;1
1782;201701;8.64;6.88;7.31;1;1
1782;201702;21.97;3.6;16.93;1;1
1782;201703;24.9;1.789;4.719;1;1
1782;201704;27.4;1.139;3.639;1;1
1782;201705;34.02;1.29;7.91;1;1
1782;201706;31.02;0.919;;1;1
1782;201707;34.2;1.089;4.269;1;1
1782;201708;35.86;3.63;5.29;1;1
1782;201709;21.05;15.49;0.68;1;1
1782;201710;15.79;9.259;3.999;1;1
1782;201711;16.92;0.887;2.017;1;1
1782;201712;22.97;1.433;7.483;1;1
1782;201801;27.78;2.741;7.551;1;1
1782;201802;28.37;3.317;3.907;1;1
1782;201803;41.26;3.945;16.835;1;1
1782;201804;42.11;11.695;12.545;1;1
1782;201805;32.99;13.523;4.403;1;1
1782;201806;26.18;7.967;1.157;1;1
1782;201807;23.25;4.067;1.137;1;1
1782;201808;20.34;5.446;2.536;1;1
1782;201809;12.18;7.725;;1;1
1782;201810;8.71;3.363;;1;1
1782;201811;12.59;4.685;8.565;1;1
1782;201812;16.99;3.318;7.718;1;1
1782;201901;22.22;2.61;7.84;1;1
1782;201902;28.55;2.952;9.282;1;1
1782;201903;31.33;2.291;5.071;1;1
1782;201904;35.36;5.47;9.5;1;1
1782;201905;40.7;2.378;7.718;1;1
1782;201906;41.75;1.68;2.73;1;1
1782;201907;40.77;1.993;1.013;1;1
1782;201908;40.1;;;1;1
1782;201909;40.4;2.895;3.195;1;1
1782;201910;35.66;7.738;2.998;1;1
1782;201911;39.35;12.259;15.949;1;1
1782;201912;38.76;16.518;15.928;1;1
1782;202001;34.75;13.183;9.173;1;1
1782;202002;32.59;10.889;8.729;1;1
1782;202003;36.28;4.828;8.518;1;1
1782;202004;39.9;9.719;13.339;1;1
1782;202005;34.27;11.257;5.627;1;1
1782;202006;32.11;4.199;2.039;1;1
1782;202007;32.85;6.525;7.265;1;1
1782;202008;18.24;14.123;;1;1
1782;202009;17.27;2.868;1.898;1;1
1782;202010;15.32;8.667;6.717;1;1
1782;202011;10.47;9.463;4.613;1;1
1782;202012;21.08;7.96;18.57;1;1
1782;202101;18.75;20.624;18.294;1;1
1782;202102;38.9;9.223;29.373;1;1
1782;202103;29.38;17.997;8.477;1;1
1782;202104;15.59;16.519;2.729;1;1
1782;202105;12.82;11.675;8.905;1;1
1782;202106;9.82;5.668;2.668;1;1
1782;202107;7.69;3.956;1.826;1;1
1782;202108;6.85;2.566;1.726;1;1
1782;202109;6.47;0.583;0.203;1;1
1790;195810;18.56;19.516;8.486;2;1
1790;195811;7.53;10.307;3.187;2;1
1790;195812;0.41;0.715;49.625;2;1
1790;195901;49.32;29.327;39.327;2;1
1790;195902;59.32;13.065;7.375;2;1
1790;195903;53.63;27.351;33.901;2;1
1790;195904;60.18;40.109;40.289;2;1
1790;195905;60.36;20.932;21.012;2;1
1790;195906;60.44;9.08;8.49;2;1
1790;195907;59.85;16.207;1.797;2;1
1790;195908;45.44;16.717;1.707;2;1
1790;195909;30.43;16.318;2.988;2;1
1790;195910;17.1;10.368;11.768;2;1
1790;195911;18.5;9.003;48.703;2;1
1790;195912;58.2;134.076;134.776;2;1
1790;196001;58.9;39.087;39.787;2;1
1790;196002;59.6;57.603;53.803;2;1
1790;196003;55.8;36.919;36.819;2;1
1790;196004;55.7;17.772;19.272;2;1
1790;196005;57.2;6.316;8.416;2;1
1790;196006;59.3;10.135;3.235;2;1
1790;196007;52.4;13.876;1.076;2;1
1790;196008;39.6;14.705;1.405;2;1
1790;196009;26.3;11.258;1.858;2;1
1790;196010;16.9;9.519;43.319;2;1
1790;196011;50.7;48.171;49.671;2;1
1790;196012;52.2;48.313;47.613;2;1
1790;196101;51.5;49.163;55.163;2;1
1790;196102;57.5;23.641;25.241;2;1
1790;196103;59.1;19.049;8.249;2;1
1790;196104;48.3;8.764;20.864;2;1
1790;196105;60.4;16.65;13.15;2;1
1790;196106;56.9;11.329;11.529;2;1
1790;196107;57.1;11.435;2.635;2;1
1790;196108;48.3;19.095;1.295;2;1
1790;196109;30.5;14.607;1.747;2;1
1790;196110;17.64;11.412;15.892;2;1
1790;196111;22.12;9.744;34.314;2;1
1790;196112;46.69;36.416;48.946;2;1
1790;196201;59.22;50.48;50.12;2;1
1790;196202;58.86;19.296;8.036;2;1
1790;196203;47.6;41.635;53.545;2;1
1790;196204;59.51;29.195;30.115;2;1
1790;196205;60.43;14.138;7.788;2;1
1790;196206;54.08;6.48;2.06;2;1
1790;196207;49.66;5.13;0.62;2;1
1790;196208;45.15;2.1;0.4;2;1
1790;196209;43.45;7.21;0.06;2;1
1790;196210;36.3;5.849;0.949;2;1
1790;196211;31.4;3.396;5.996;2;1
1790;196212;34;3.491;14.891;2;1
1790;196301;45.4;36.279;48.479;2;1
1790;196302;57.6;29.281;29.781;2;1
1790;196303;58.1;61.793;63.093;2;1
1790;196304;59.4;34.508;35.408;2;1
1790;196305;60.3;11.12;7.82;2;1
1790;196306;57;9.564;11.664;2;1
1790;196307;59.1;3.862;1.862;2;1
1790;196308;57.1;9.832;0.632;2;1
1790;196309;47.9;16.589;0.959;2;1
1790;196310;32.27;13.415;1.515;2;1
1790;196311;20.37;31.384;70.224;2;1
1790;196312;59.21;33.051;31.051;2;1
1790;196401;57.21;20.121;10.051;2;1
1790;196402;47.14;26.741;39.281;2;1
1790;196403;59.68;58.762;59.542;2;1
1790;196404;60.46;16.819;16.889;2;1
1790;196405;60.53;12.865;5.225;2;1
1790;196406;52.89;9.101;12.651;2;1
1790;196407;56.44;13.469;2.969;2;1
1790;196408;45.94;11.585;1.185;2;1
1790;196409;35.54;19.64;0.8;2;1
1790;196410;16.7;16.451;9.651;2;1
1790;196411;9.9;12.416;3.416;2;1
1790;196412;0.9;5.659;6.459;2;1
1790;196501;1.7;7.664;33.864;2;1
1790;196502;27.9;14.075;14.675;2;1
1790;196503;28.5;13.297;45.397;2;1
1790;196504;60.6;16.788;10.988;2;1
1790;196505;54.8;15.854;5.154;2;1
1790;196506;44.1;6.826;1.826;2;1
1790;196507;39.1;5.746;0.846;2;1
1790;196508;34.2;7.344;0.544;2;1
1790;196509;27.4;3.845;2.885;2;1
1790;196510;26.44;8.745;6.505;2;1
1790;196511;24.2;7.217;38.947;2;1
1790;196512;55.93;44.52;48.17;2;1
1790;196601;59.58;65.71;65.81;2;1
1790;196602;59.68;104.642;103.002;2;1
1790;196603;58.04;22.753;20.113;2;1
1790;196604;55.4;47.831;53.041;2;1
1790;196605;60.61;9.571;8.931;2;1
1790;196606;59.97;14.321;12.221;2;1
1790;196607;57.87;15.328;2.938;2;1
1790;196608;45.48;15.43;0.87;2;1
1790;196609;30.92;13.621;0.701;2;1
1790;196610;18;0.085;19.835;2;1
1790;196611;37.75;9.226;28.796;2;1
1790;196612;57.32;21.415;20.735;2;1
1790;196701;56.64;19.659;16.459;2;1
1790;196702;53.44;16.831;22.121;2;1
1790;196703;58.73;26.598;25.998;2;1
1790;196704;58.13;18.186;10.676;2;1
1790;196705;50.62;8.815;17.945;2;1
1790;196706;59.75;11.27;5.24;2;1
1790;196707;53.72;18.732;1.042;2;1
1790;196708;36.03;15.055;0.645;2;1
1790;196709;21.62;12.058;1.158;2;1
1790;196710;10.72;6.321;1.601;2;1
1790;196711;6;0.662;18.632;2;1
1790;196712;23.97;7.519;12.539;2;1
1790;196801;28.99;10.617;17.117;2;1
1790;196802;35.49;30.925;54.825;2;1
1790;196803;59.39;23.153;23.323;2;1
1790;196804;59.56;54.571;55.421;2;1
1790;196805;60.41;44.221;43.201;2;1
1790;196806;59.39;14.652;4.922;2;1
1790;196807;49.66;14.589;1.359;2;1
1790;196808;36.43;16.1;1.3;2;1
1790;196809;21.63;14.354;14.394;2;1
1790;196810;21.67;3.766;8.426;2;1
1790;196811;26.33;15.567;29.587;2;1
1790;196812;40.35;40.122;59.422;2;1
1790;196901;59.65;64.5;65.19;2;1
1790;196902;60.34;32.607;31.747;2;1
1790;196903;59.48;65.718;66.668;2;1
1790;196904;60.43;20.942;19.492;2;1
1790;196905;58.98;33.623;35.223;2;1
1790;196906;60.58;15.639;14.859;2;1
1790;196907;59.8;18.48;2.96;2;1
1790;196908;44.28;15.327;1.067;2;1
1790;196909;30.02;10.929;8.029;2;1
1790;196910;27.12;20.561;5.541;2;1
1790;196911;12.1;15.197;18.747;2;1
1790;196912;15.65;19.5;21.47;2;1
1790;197001;17.62;45.565;87.215;2;1
1790;197002;59.27;27.988;26.518;2;1
1790;197003;57.8;17.387;8.647;2;1
1790;197004;49.06;11.858;5.538;2;1
1790;197005;42.74;14.023;28.083;2;1
1790;197006;56.8;19.221;4.571;2;1
1790;197007;42.15;20.661;1.431;2;1
1790;197008;22.92;18.822;1.332;2;1
1790;197009;5.43;4.684;0.794;2;1
1790;197010;1.54;1.682;0.862;2;1
1790;197011;0.72;4.946;10.026;2;1
1790;197012;5.8;13.711;9.301;2;1
1790;197101;1.39;7.406;37.486;2;1
1790;197102;31.47;18.919;18.709;2;1
1790;197103;31.26;18.745;16.355;2;1
1790;197104;28.87;13.857;22.717;2;1
1790;197105;37.73;4.997;27.777;2;1
1790;197106;60.51;21.079;20.779;2;1
1790;197107;60.21;19.437;12.917;2;1
1790;197108;53.69;21.084;5.144;2;1
1790;197109;37.75;19.766;1.606;2;1
1790;197110;19.59;16.774;2.204;2;1
1790;197111;5.02;6.521;3.611;2;1
1790;197112;2.11;9.342;9.272;2;1
1790;197201;2.04;8.088;21.718;2;1
1790;197202;15.67;12.693;52.193;2;1
1790;197203;55.17;33.407;36.417;2;1
1790;197204;58.18;23.789;23.079;2;1
1790;197205;57.47;20.935;12.025;2;1
1790;197206;48.56;11.015;5.945;2;1
1790;197207;43.49;19.497;1.917;2;1
1790;197208;25.91;11.996;0.596;2;1
1790;197209;14.51;14.945;1.655;2;1
1790;197210;1.22;1.073;3.663;2;1
1790;197211;3.81;6.447;22.177;2;1
1790;197212;19.54;19.17;27.28;2;1
1790;197301;27.65;17.969;29.849;2;1
1790;197302;39.53;17.386;19.736;2;1
1790;197303;41.88;16;15.73;2;1
1790;197304;41.61;0.105;9.535;2;1
1790;197305;51.04;32.942;41.722;2;1
1790;197306;59.82;9.088;5.978;2;1
1790;197307;56.71;8.003;2.553;2;1
1790;197308;51.26;21.438;1.048;2;1
1790;197309;30.87;18.804;1.134;2;1
1790;197310;13.2;14.818;7.848;2;1
1790;197311;6.23;8.396;3.956;2;1
1790;197312;1.79;2.633;10.423;2;1
1790;197401;9.58;15.705;53.115;2;1
1790;197402;46.99;32.661;43.471;2;1
1790;197403;57.8;19.957;21.207;2;1
1790;197404;59.05;21.934;11.444;2;1
1790;197405;48.56;8.716;11.116;2;1
1790;197406;50.96;4.688;14.338;2;1
1790;197407;60.61;21.033;5.353;2;1
1790;197408;44.93;20.895;0.985;2;1
1790;197409;25.02;17.737;1.437;2;1
1790;197410;8.72;8.172;1.442;2;1
1790;197411;1.99;4.553;22.013;2;1
1790;197412;19.45;12.672;7.272;2;1
1790;197501;14.05;10.766;28.786;2;1
1790;197502;32.07;9.494;22.074;2;1
1790;197503;44.65;20.029;32.699;2;1
1790;197504;57.32;16.8;9.03;2;1
1790;197505;49.55;8.807;7.137;2;1
1790;197506;47.88;8.727;3.147;2;1
1790;197507;42.3;10.681;0.841;2;1
1790;197508;32.46;2.668;0.428;2;1
1790;197509;30.22;12.614;1.934;2;1
1790;197510;19.54;14.835;4.865;2;1
1790;197511;9.57;12.628;12.828;2;1
1790;197512;9.77;12.718;11.768;2;1
1790;197601;8.82;3.389;3.649;2;1
1790;197602;9.08;3.533;15.633;2;1
1790;197603;21.18;0.065;17.095;2;1
1790;197604;38.21;3.156;9.436;2;1
1790;197605;44.49;10.433;3.403;2;1
1790;197606;37.46;7.578;1.448;2;1
1790;197607;31.33;1.798;0.818;2;1
1790;197608;30.35;0;0.69;2;1
1790;197609;31.04;7.784;1.404;2;1
1790;197610;24.66;16.651;28.071;2;1
1790;197611;36.08;17.985;36.885;2;1
1790;197612;54.98;31.72;34.68;2;1
1790;197701;57.94;37.119;37.509;2;1
1790;197702;58.33;61.011;61.151;2;1
1790;197703;58.47;24.348;25.558;2;1
1790;197704;59.68;23.113;16.763;2;1
1790;197705;53.33;20.193;8.893;2;1
1790;197706;42.03;16.546;14.126;2;1
1790;197707;39.61;13.208;6.748;2;1
1790;197708;33.15;12.789;3.679;2;1
1790;197709;24.04;9.079;2.259;2;1
1790;197710;17.22;17.166;18.066;2;1
1790;197711;18.12;17.331;8.411;2;1
1790;197712;9.2;16.641;42.411;2;1
1790;197801;34.97;18.401;31.821;2;1
1790;197802;48.39;54.784;65.784;2;1
1790;197803;59.39;36.176;35.156;2;1
1790;197804;58.37;21.4;22.9;2;1
1790;197805;59.87;27.621;23.661;2;1
1790;197806;55.91;9.876;5.496;2;1
1790;197807;51.53;15.581;2.451;2;1
1790;197808;38.4;8.189;0.959;2;1
1790;197809;31.17;14.768;1.118;2;1
1790;197810;17.52;17.791;2.371;2;1
1790;197811;2.1;0.388;1.198;2;1
1790;197812;2.91;26.646;82.686;2;1
1790;197901;58.95;45.065;45.895;2;1
1790;197902;59.78;80.689;80.929;2;1
1790;197903;60.02;42.133;41.933;2;1
1790;197904;59.82;40.497;40.457;2;1
1790;197905;59.78;11.762;11.952;2;1
1790;197906;59.97;20.428;7.238;2;1
1790;197907;46.78;21.71;2.58;2;1
1790;197908;27.65;4.733;0.873;2;1
1790;197909;23.79;16.19;1.08;2;1
1790;197910;8.68;13.2;14.63;2;1
1790;197911;10.11;14.919;25.329;2;1
1790;197912;20.52;19.117;25.947;2;1
1790;198001;27.35;18.137;31.557;2;1
1790;198002;40.77;20.273;19.783;2;1
1790;198003;40.28;16.953;22.913;2;1
1790;198004;46.24;9.483;16.933;2;1
1790;198005;53.69;17.984;14.594;2;1
1790;198006;50.3;10.519;5.929;2;1
1790;198007;45.71;19.471;3.121;2;1
1790;198008;29.36;2.343;0.883;2;1
1790;198009;27.9;15.381;1.181;2;1
1790;198010;13.7;19.017;9.137;2;1
1790;198011;3.82;8.815;8.515;2;1
1790;198012;3.52;10.794;16.774;2;1
1790;198101;9.5;8.466;7.846;2;1
1790;198102;8.88;4.127;6.297;2;1
1790;198103;11.05;7.932;22.372;2;1
1790;198104;25.49;7.898;17.758;2;1
1790;198105;35.35;4.673;18.573;2;1
1790;198106;49.25;12.684;8.324;2;1
1790;198107;44.89;15.465;1.685;2;1
1790;198108;31.11;4.488;0.698;2;1
1790;198109;27.32;14.874;4.284;2;1
1790;198110;16.73;20.079;15.999;2;1
1790;198111;12.65;15.299;3.289;2;1
1790;198112;0.64;4.499;61.949;2;1
1790;198201;58.09;34.468;33.468;2;1
1790;198202;57.09;20.321;14.271;2;1
1790;198203;51.04;22.285;12.585;2;1
1790;198204;41.34;14.644;6.324;2;1
1790;198205;33.02;10.282;3.892;2;1
1790;198206;26.63;10.828;3.088;2;1
1790;198207;18.89;12.274;1.774;2;1
1790;198208;8.39;8.508;0.818;2;1
1790;198209;0.7;0;1.294;2;1
1790;198210;1.994;3.55;13.045;2;1
1790;198211;11.489;14.042;34.428;2;1
1790;198212;31.875;21.013;47.464;2;1
1790;198301;58.326;23.685;9.604;2;1
1790;198302;44.245;20.46;15.049;2;1
1790;198303;38.834;18.347;11.163;2;1
1790;198304;31.65;6.657;28.701;2;1
1790;198305;53.694;45.681;52.545;2;1
1790;198306;60.558;15.2;10.04;2;1
1790;198307;55.398;18.155;2.291;2;1
1790;198308;39.534;16.284;1.607;2;1
1790;198309;24.857;19.145;1.538;2;1
1790;198310;7.25;3.742;1.338;2;1
1790;198311;4.846;10.298;12.096;2;1
1790;198312;6.644;11.708;34.947;2;1
1790;198401;29.883;19.112;35.102;2;1
1790;198402;45.873;20.881;22.339;2;1
1790;198403;47.331;22.04;20.912;2;1
1790;198404;46.203;22.738;26.743;2;1
1790;198405;50.208;19.296;21.424;2;1
1790;198406;52.336;18.779;18.242;2;1
1790;198407;51.799;21.731;2.753;2;1
1790;198408;32.821;19.782;1.335;2;1
1790;198409;14.374;10.688;1.169;2;1
1790;198410;4.855;4.444;8.874;2;1
1790;198411;9.285;16.533;40.333;2;1
1790;198412;33.085;20.987;31.309;2;1
1790;198501;43.407;21.83;34.568;2;1
1790;198502;56.145;44.386;47.774;2;1
1790;198503;59.533;30.75;31.677;2;1
1790;198504;60.46;31.588;26.712;2;1
1790;198505;55.584;23.257;6.397;2;1
1790;198506;38.724;10.758;7.177;2;1
1790;198507;35.143;11.748;2.435;2;1
1790;198508;25.83;15.146;0.529;2;1
1790;198509;11.213;4.716;0.428;2;1
1790;198510;6.925;5.779;0.75;2;1
1790;198511;1.896;6.071;5.349;2;1
1790;198512;1.174;6.514;22.24;2;1
1790;198601;16.9;17.462;36.292;2;1
1790;198602;35.73;22.266;45.972;2;1
1790;198603;59.436;26.128;22.136;2;1
1790;198604;55.444;21.265;18.563;2;1
1790;198605;52.742;18.096;13.107;2;1
1790;198606;47.753;18.51;2.956;2;1
1790;198607;32.199;19.072;1.171;2;1
1790;198608;14.298;11.986;0.96;2;1
1790;198609;3.272;0.088;2.549;2;1
1790;198610;5.733;1.178;1.636;2;1
1790;198611;6.191;7.125;11.333;2;1
1790;198612;10.399;15.452;15.345;2;1
1790;198701;10.292;12.435;14.129;2;1
1790;198702;11.986;16.63;28.127;2;1
1790;198703;23.483;20.835;13.147;2;1
1790;198704;15.795;20.228;23.439;2;1
1790;198705;19.006;12.007;5.691;2;1
1790;198706;12.69;6.093;2.843;2;1
1790;198707;9.44;0.765;1.954;2;1
1790;198708;10.629;0;0.86;2;1
1790;198709;11.489;0.003;1.991;2;1
1790;198710;13.477;16.113;38.505;2;1
1790;198711;35.869;21.635;17.641;2;1
1790;198712;31.875;22.432;32.36;2;1
1790;198801;41.803;35.705;53.338;2;1
1790;198802;59.436;45.965;42.721;2;1
1790;198803;56.192;24.192;6.179;2;1
1790;198804;38.179;20.054;18.693;2;1
1790;198805;36.818;21.331;19.897;2;1
1790;198806;35.384;20.63;11.644;2;1
1790;198807;26.398;21.056;13.965;2;1
1790;198808;19.307;4.57;2.614;2;1
1790;198809;17.351;14.959;1.353;2;1
1790;198810;3.745;4.794;2.406;2;1
1790;198811;1.357;0.105;4.095;2;1
1790;198812;5.347;3.676;7.105;2;1
1790;198901;8.776;2.924;3.114;2;1
1790;198902;8.966;3.013;10.735;2;1
1790;198903;16.688;12.752;21.814;2;1
1790;198904;25.75;12.996;29.807;2;1
1790;198905;42.561;11.917;10.026;2;1
1790;198906;40.67;17.081;5.988;2;1
1790;198907;29.577;17.818;1.35;2;1
1790;198908;13.109;13.315;0.919;2;1
1790;198909;0.713;0.017;0.734;2;1
1790;198910;1.43;1.36;1.329;2;1
1790;198911;1.399;6.137;19.23;2;1
1790;198912;14.492;17.402;49.38;2;1
1790;199001;46.47;22.238;20.034;2;1
1790;199002;44.266;20.409;28.703;2;1
1790;199003;52.56;22.147;5.442;2;1
1790;199004;35.855;18.912;8.499;2;1
1790;199005;25.442;15.211;4.979;2;1
1790;199006;15.21;8.633;2.927;2;1
1790;199007;9.504;11.049;2.362;2;1
1790;199008;0.817;0.518;0.642;2;1
1790;199009;0.941;0.038;0.585;2;1
1790;199010;8.62;3.049;10.216;1;1
1790;199011;5.567;16.325;13.272;1;1
1790;199012;4.293;13.388;12.114;1;1
1790;199101;18.592;18.475;32.774;1;1
1790;199102;17.616;17.101;16.125;1;1
1790;199103;49.476;20.996;52.856;1;1
1790;199104;38.249;21.588;10.361;1;1
1790;199105;22.243;20.2;4.194;1;1
1790;199106;9.082;15.77;2.609;1;1
1790;199107;0.808;9.337;1.063;1;1
1790;199108;1.379;0.173;0.744;1;1
1790;199109;2.613;0.102;1.336;1;1
1790;199110;0.691;7.346;5.424;1;1
1790;199111;15.508;16.205;31.022;1;1
1790;199112;4.609;18.137;7.238;1;1
1790;199201;1.135;10.521;7.047;1;1
1790;199202;2.717;3.284;4.866;1;1
1790;199203;6.243;0;3.526;1;1
1790;199204;25.778;7.918;27.453;1;1
1790;199205;26.602;3.85;4.674;1;1
1790;199206;26.948;10.47;10.816;1;1
1790;199207;18.345;11.003;2.4;1;1
1790;199208;10.602;9.245;1.502;1;1
1790;199209;6.651;5.66;1.709;1;1
1790;199210;14.002;0.429;7.78;1;1
1790;199211;16.781;9.991;12.77;1;1
1790;199212;45.482;11.84;40.541;1;1
1790;199301;28.904;22.47;5.892;1;1
1790;199302;13.36;18.264;2.72;1;1
1790;199303;1.474;14.601;2.715;1;1
1790;199304;6.286;8.839;13.651;1;1
1790;199305;24.371;4.281;22.366;1;1
1790;199306;31.335;7.762;14.726;1;1
1790;199307;24.561;11.517;4.743;1;1
1790;199308;17.077;8.92;1.436;1;1
1790;199309;17.747;1.654;2.324;1;1
1790;199310;48.617;17.219;48.089;1;1
1790;199311;38.542;23.04;12.965;1;1
1790;199312;35.995;22.688;20.141;1;1
1790;199401;56.048;34.984;55.037;1;1
1790;199402;58.183;21.518;23.653;1;1
1790;199403;49.088;23.243;14.148;1;1
1790;199404;37.785;21.305;10.002;1;1
1790;199405;47.095;21.835;31.145;1;1
1790;199406;32.896;19.939;5.74;1;1
1790;199407;15.092;19.476;1.672;1;1
1790;199408;9.249;7.032;1.189;1;1
1790;199409;8.009;2.489;1.249;1;1
1790;199410;3.664;13.774;9.429;1;1
1790;199411;10.914;15.885;23.135;1;1
1790;199412;12.896;15.571;17.553;1;1
1790;199501;38.176;17.146;42.426;1;1
1790;199502;53.147;19.046;34.017;1;1
1790;199503;53.737;25.719;26.309;1;1
1790;199504;37.308;19.657;3.228;1;1
1790;199505;26.316;20.783;9.791;1;1
1790;199506;10.961;18.619;3.264;1;1
1790;199507;10.192;3.488;2.719;1;1
1790;199508;8.781;2.477;1.066;1;1
1790;199509;6.403;5.341;2.963;1;1
1790;199510;4.618;6.609;4.824;1;1
1790;199511;20.725;9.377;25.484;1;1
1790;199512;58.858;23.004;61.137;1;1
1790;199601;59.391;68.93;69.463;1;1
1790;199602;56.896;35.952;33.457;1;1
1790;199603;49.866;23.168;16.138;1;1
1790;199604;44.266;22.45;16.85;1;1
1790;199605;39.615;21.804;17.153;1;1
1790;199606;22.679;20.625;3.689;1;1
1790;199607;19.232;4.795;1.348;1;1
1790;199608;13.487;6.48;0.735;1;1
1790;199609;11.637;3.075;1.225;1;1
1790;199610;6.026;9.043;3.432;1;1
1790;199611;25.75;14.419;34.143;1;1
1790;199612;43.825;22.732;40.807;1;1
1790;199701;46.098;24.202;26.475;1;1
1790;199702;38.322;22.002;14.226;1;1
1790;199703;23.7;19.954;5.332;1;1
1790;199704;10.388;15.785;2.473;1;1
1790;199705;16.529;3.991;10.132;1;1
1790;199706;25.722;7.629;16.822;1;1
1790;199707;16.633;12.886;3.797;1;1
1790;199708;18.011;0.168;1.546;1;1
1790;199709;16.717;2.534;1.24;1;1
1790;199710;18.524;10.878;12.685;1;1
1790;199711;46.886;21.225;49.587;1;1
1790;199712;59.635;27.011;39.76;1;1
1790;199801;58.135;34.516;33.016;1;1
1790;199802;44.266;21.759;7.89;1;1
1790;199803;25.47;23.059;4.263;1;1
1790;199804;56.189;16.482;47.201;1;1
1790;199805;52.876;23.566;20.253;1;1
1790;199806;38.469;21.677;7.27;1;1
1790;199807;40.084;0.27;1.885;1;1
1790;199808;22.447;18.479;0.842;1;1
1790;199809;7.297;19.908;4.758;1;1
1790;199810;3.011;11.225;6.939;1;1
1790;199811;4.669;8.122;9.78;1;1
1790;199812;4.933;7.387;7.651;1;1
1790;199901;12.756;11.303;19.126;1;1
1790;199902;12.221;9.445;8.91;1;1
1790;199903;16.197;14.973;18.949;1;1
1790;199904;29.824;3.937;17.564;1;1
1790;199905;48.745;0.334;19.255;1;1
1790;199906;30.385;20.633;2.273;1;1
1790;199907;18.244;12.922;0.781;1;1
1790;199908;19.025;0.22;1.001;1;1
1790;199909;27.561;4.964;13.5;1;1
1790;199910;39.169;20.143;31.751;1;1
1790;199911;32.567;21.079;14.477;1;1
1790;199912;40.065;20.515;28.013;1;1
1790;200001;29.026;21.913;10.874;1;1
1790;200002;19.487;17.168;7.629;1;1
1790;200003;10.215;13.389;4.117;1;1
1790;200004;47.346;7.766;44.897;1;1
1790;200005;48.318;16.241;17.213;1;1
1790;200006;30.937;20.626;3.245;1;1
1790;200007;12.103;19.97;1.136;1;1
1790;200008;10.726;1.782;0.405;1;1
1790;200009;11.008;0.177;0.459;1;1
1790;200010;14.492;4.518;8.002;1;1
1790;200011;59.391;11.656;56.555;1;1
1790;200012;58.979;79.106;78.694;1;1
1790;200101;58.039;75.091;74.151;1;1
1790;200102;54.539;42.186;38.686;1;1
1790;200103;59.148;85.927;90.536;1;1
1790;200104;51.511;24.196;16.559;1;1
1790;200105;46.699;21.319;16.507;1;1
1790;200106;28.063;21.882;3.246;1;1
1790;200107;19.267;10.499;1.703;1;1
1790;200108;19.804;0.152;0.689;1;1
1790;200109;13.569;7.087;0.852;1;1
1790;200110;6.613;14.723;7.767;1;1
1790;200111;6.124;2.817;2.328;1;1
1790;200112;4.969;2.616;1.461;1;1
1790;200201;11.661;1.813;8.505;1;1
1790;200202;27.517;0.171;16.027;1;1
1790;200203;44.467;1.118;18.068;1;1
1790;200204;43.806;6.785;6.124;1;1
1790;200205;44.729;5.966;6.889;1;1
1790;200206;38.031;15.851;9.153;1;1
1790;200207;24.479;15.532;1.98;1;1
1790;200208;25.013;0.157;0.691;1;1
1790;200209;23.74;2.326;1.053;1;1
1790;200210;24.615;13.449;14.324;1;1
1790;200211;45.789;18.696;39.87;1;1
1790;200212;59.318;33.346;46.875;1;1
1790;200301;59.027;47.29;46.999;1;1
1790;200302;52.831;19.935;13.739;1;1
1790;200303;46.719;21.814;15.702;1;1
1790;200304;50.563;16.804;20.648;1;1
1790;200305;38.542;18.341;6.32;1;1
1790;200306;24.021;15.102;0.581;1;1
1790;200307;12.435;12.16;0.574;1;1
1790;200308;12.747;0.171;0.483;1;1
1790;200309;13.118;0.349;0.72;1;1
1790;200310;9.569;13.02;9.471;1;1
1790;200311;24.479;16.189;31.099;1;1
1790;200312;28.798;19.326;23.645;1;1
1790;200401;35.89;19.396;26.488;1;1
1790;200402;26.516;17.302;7.928;1;1
1790;200403;23.094;12.487;9.065;1;1
1790;200404;20.822;12.833;10.561;1;1
1790;200405;23.607;10.37;13.155;1;1
1790;200406;14.887;12.315;3.595;1;1
1790;200407;14.511;1.381;1.005;1;1
1790;200408;17.335;0.123;2.947;1;1
1790;200409;17.967;0.28;0.912;1;1
1790;200410;21.5;15.233;18.766;1;1
1790;200411;13.872;18.58;10.952;1;1
1790;200412;9.648;12.255;8.031;1;1
1790;200501;9.075;9.297;8.724;1;1
1790;200502;9.677;2.666;3.268;1;1
1790;200503;18.289;0.44;9.052;1;1
1790;200504;29.255;2.232;13.198;1;1
1790;200505;28.182;12.058;10.985;1;1
1790;200506;16.918;14.318;3.054;1;1
1790;200507;17.099;1.187;1.368;1;1
1790;200508;17.367;0.619;0.887;1;1
1790;200509;17.508;0.643;0.784;1;1
1790;200510;14.255;8.045;4.792;1;1
1790;200511;10.749;11.096;7.59;1;1
1790;200512;16.571;14.216;20.038;1;1
1790;200601;16.728;12.149;12.306;1;1
1790;200602;15.518;10.492;9.282;1;1
1790;200603;42.639;19.047;46.168;1;1
1790;200604;44.689;17.644;19.694;1;1
1790;200605;31.882;19.008;6.201;1;1
1790;200606;19.581;14.692;2.391;1;1
1790;200607;14.858;6.167;1.444;1;1
1790;200608;15.269;0.712;1.123;1;1
1790;200609;13.162;3.652;1.545;1;1
1790;200610;35.143;16.808;38.789;1;1
1790;200611;46.615;21.928;33.4;1;1
1790;200612;53.737;31.454;38.576;1;1
1790;200701;39.187;22.912;8.362;1;1
1790;200702;51.6;20.247;32.66;1;1
1790;200703;47.662;23.657;19.719;1;1
1790;200704;37.29;16.938;6.566;1;1
1790;200705;33.278;13.707;9.695;1;1
1790;200706;30.873;12.655;10.25;1;1
1790;200707;27.944;6.842;3.913;1;1
1790;200708;28.965;0.683;1.704;1;1
1790;200709;17.464;12.554;1.053;1;1
1790;200710;5.077;13.889;1.502;1;1
1790;200711;2.204;5.001;2.128;1;1
1790;200712;2.494;2.235;2.525;1;1
1790;200801;15.289;6.254;19.049;1;1
1790;200802;15.161;7.261;7.133;1;1
1790;200803;24.994;1.153;10.986;1;1
1790;200804;53.993;6.928;35.927;1;1
1790;200805;57.948;16.744;20.699;1;1
1790;200806;50.524;18.117;10.693;1;1
1790;200807;52.027;0.686;2.189;1;1
1790;200808;40.663;12.198;0.834;1;1
1790;200809;25.174;16.878;1.389;1;1
1790;200810;11.14;16.362;2.328;1;1
1790;200811;9.117;7.395;5.372;1;1
1790;200812;17.738;18.376;26.997;1;1
1790;200901;44.069;16.361;42.692;1;1
1790;200902;49.264;21.642;26.837;1;1
1790;200903;45.547;22.75;19.033;1;1
1790;200904;36.66;18.289;9.402;1;1
1790;200905;23.529;20.89;7.759;1;1
1790;200906;32.593;0.535;9.599;1;1
1790;200907;35.067;0.528;3.002;1;1
1790;200908;35.465;0.871;1.269;1;1
1790;200909;29.342;6.794;0.671;1;1
1790;200910;14.608;18.774;4.04;1;1
1790;200911;27.395;19.099;31.886;1;1
1790;200912;59.226;25.961;57.792;1;1
1790;201001;58.742;45.352;44.868;1;1
1790;201002;58.862;36.135;36.255;1;1
1790;201003;58.959;33.728;33.825;1;1
1790;201004;52.296;26.544;19.881;1;1
1790;201005;43.989;16.972;8.665;1;1
1790;201006;51.604;2.189;9.804;1;1
1790;201007;53.492;0.536;2.424;1;1
1790;201008;44.35;9.722;0.58;1;1
1790;201009;26.654;18.853;1.157;1;1
1790;201010;19.59;20.504;13.44;1;1
1790;201011;37.43;19.679;37.519;1;1
1790;201012;43;22.466;28.036;1;1
1790;201101;56.01;26.35;39.36;1;1
1790;201102;53.99;19.428;17.408;1;1
1790;201103;54.27;18.255;18.535;1;1
1790;201104;46.12;19.185;11.035;1;1
1790;201105;33.34;20.49;7.71;1;1
1790;201106;29.96;6.216;2.836;1;1
1790;201107;30.6;0.536;1.176;1;1
1790;201108;30.63;0.536;0.566;1;1
1790;201109;25.69;5.479;0.539;1;1
1790;201110;18.991;11.581;4.882;1;1
1790;201111;19.652;16.034;16.695;1;1
1790;201112;17.089;17.265;14.702;1;1
1790;201201;12.578;10.783;6.272;1;1
1790;201202;15.599;1.186;4.207;1;1
1790;201203;15.389;2.877;2.667;1;1
1790;201204;36.165;3.545;24.321;1;1
1790;201205;48.195;11.381;23.411;1;1
1790;201206;48.429;2.872;3.106;1;1
1790;201207;48.792;0.696;1.059;1;1
1790;201208;42.116;7.129;0.453;1;1
1790;201209;26.769;16.12;0.773;1;1
1790;201210;10.977;19.397;3.605;1;1
1790;201211;9.583;14.726;13.332;1;1
1790;201212;28.965;15.721;35.103;1;1
1790;201301;58.135;27.437;56.607;1;1
1790;201302;59.124;23.984;24.973;1;1
1790;201303;58.087;54.174;53.137;1;1
1790;201304;56.002;31.267;29.182;1;1
1790;201305;40.329;21.977;6.304;1;1
1790;201306;29.592;13.85;3.113;1;1
1790;201307;30.135;0.664;1.207;1;1
1790;201308;29.716;0.589;0.17;1;1
1790;201309;27.268;2.824;0.376;1;1
1790;201310;25.718;17.316;15.766;1;1
1790;201311;33.228;14.662;22.172;1;1
1790;201312;39.709;18.205;24.686;1;1
1790;201401;58.087;37.587;55.965;1;1
1790;201402;59.197;60.143;61.253;1;1
1790;201403;55.07;37.821;33.694;1;1
1790;201404;53.555;26.92;25.405;1;1
1790;201405;41.976;18.828;7.249;1;1
1790;201406;36.4;8.999;3.423;1;1
1790;201407;37.308;0.589;1.497;1;1
1790;201408;37.346;0.565;0.603;1;1
1790;201409;39.076;0.522;2.252;1;1
1790;201410;42.25;16.434;19.608;1;1
1790;201411;57.42;19.716;34.886;1;1
1790;201412;49.07;21.012;12.662;1;1
1790;201501;55.21;15.508;21.648;1;1
1790;201502;57.73;26.475;28.995;1;1
1790;201503;49.52;22.658;14.448;1;1
1790;201504;37.81;16.551;4.841;1;1
1790;201505;40.01;11.08;13.28;1;1
1790;201506;35.94;5.542;1.472;1;1
1790;201507;35.58;0.537;0.177;1;1
1790;201508;34.99;0.616;0.026;1;1
1790;201509;37.18;0.518;2.708;1;1
1790;201510;41.22;6.644;10.684;1;1
1790;201511;40.78;10.842;10.402;1;1
1790;201512;29.93;18.723;7.873;1;1
1790;201601;58.66;33.487;62.217;1;1
1790;201602;58.35;55.981;55.671;1;1
1790;201603;59.24;36.193;37.083;1;1
1790;201604;58.71;41.844;41.314;1;1
1790;201605;57.7;28.198;27.188;1;1
1790;201606;44.77;21.871;8.941;1;1
1790;201607;43.87;2.608;1.708;1;1
1790;201608;37.15;7.09;0.37;1;1
1790;201609;19.09;18.774;0.714;1;1
1790;201610;8.39;11.49;0.79;1;1
1790;201611;10.56;2.159;4.329;1;1
1790;201612;8.82;6.19;4.45;1;1
1790;201701;9.62;1.919;2.719;1;1
1790;201702;29.89;12.7;32.97;1;1
1790;201703;25.11;18.46;13.68;1;1
1790;201704;20.98;10.91;6.78;1;1
1790;201705;20.09;9.28;8.39;1;1
1790;201706;20;2.859;2.769;1;1
1790;201707;20.27;1.551;1.821;1;1
1790;201708;19.85;1.551;1.131;1;1
1790;201709;19.37;1.501;1.021;1;1
1790;201710;19.01;1.312;0.952;1;1
1790;201711;19.41;1.182;1.582;1;1
1790;201712;36.28;6.943;23.813;1;1
1790;201801;44.49;20.655;28.865;1;1
1790;201802;45.77;19.157;20.437;1;1
1790;201803;59.37;44.559;58.159;1;1
1790;201804;58.52;47.463;46.613;1;1
1790;201805;44.15;21.231;6.861;1;1
1790;201806;36.08;17.017;8.947;1;1
1790;201807;39.83;0.804;4.554;1;1
1790;201808;40;0.79;0.96;1;1
1790;201809;39.7;0.875;0.575;1;1
1790;201810;20.1;20.891;1.291;1;1
1790;201811;27.56;16.947;24.407;1;1
1790;201812;28.33;20.577;21.347;1;1
1790;201901;30.6;20.087;22.357;1;1
1790;201902;33.45;19.785;22.635;1;1
1790;201903;27.59;21.482;15.622;1;1
1790;201904;32.99;19.823;25.223;1;1
1790;201905;22.27;20.3;9.58;1;1
1790;201906;23.24;2.206;3.176;1;1
1790;201907;23.83;0.837;1.427;1;1
1790;201908;23.75;0.849;0.769;1;1
1790;201909;17.48;7.241;0.971;1;1
1790;201910;12.93;13.02;8.47;1;1
1790;201911;48.07;18.269;53.409;1;1
1790;201912;58.93;55.995;66.855;1;1
1790;202001;54.41;20.006;15.486;1;1
1790;202002;46.08;21.132;12.802;1;1
1790;202003;49.44;21.602;24.962;1;1
1790;202004;47.37;16.554;14.484;1;1
1790;202005;37.14;20.616;10.386;1;1
1790;202006;26.45;14.062;3.372;1;1
1790;202007;26.64;0.871;1.061;1;1
1790;202008;26.2;1.034;0.594;1;1
1790;202009;12.89;14.258;0.948;1;1
1790;202010;19.33;1.337;7.777;1;1
1790;202011;17.43;13.359;11.459;1;1
1790;202012;36.02;20.106;38.696;1;1
1790;202101;50.15;21.337;35.467;1;1
1790;202102;59.35;49.007;58.207;1;1
1790;202103;47.12;22.308;10.078;1;1
1790;202104;34.13;18.388;5.398;1;1
1790;202105;37.72;6.21;9.8;1;1
1790;202106;33.13;9.662;5.072;1;1
1790;202107;32.76;1.077;0.707;1;1
1790;202108;32.3;1.343;0.883;1;1
1790;202109;20.22;13.348;1.268;1;1
1791;196010;36.4;3.753;20.653;2;1
1791;196011;53.3;14.163;46.863;2;1
1791;196012;86;32.275;40.575;2;1
1791;196101;94.3;49.818;55.818;2;1
1791;196102;100.3;30.393;27.993;2;1
1791;196103;97.9;25.032;12.032;2;1
1791;196104;84.9;10.038;13.238;2;1
1791;196105;88.1;0;12.6;2;1
1791;196106;100.7;0;10.4;2;1
1791;196107;111.1;22.127;0.227;2;1
1791;196108;89.2;12.323;2.023;2;1
1791;196109;78.9;25.366;3.236;2;1
1791;196110;56.77;29.53;9.06;2;1
1791;196111;36.3;14.564;26.564;2;1
1791;196112;48.3;20.764;35.864;2;1
1791;196201;63.4;30.47;42.03;2;1
1791;196202;74.96;25.231;10.211;2;1
1791;196203;59.94;8.194;47.634;2;1
1791;196204;99.38;22.234;29.394;2;1
1791;196205;106.54;0.52;9.15;2;1
1791;196206;115.17;0;4.02;2;1
1791;196207;119.19;0.06;0.39;2;1
1791;196208;119.52;23.536;;2;1
1791;196209;94.7;38.951;0.351;2;1
1791;196210;56.1;19.241;4.341;2;1
1791;196211;41.2;5.374;3.074;2;1
1791;196212;38.9;11.82;8.42;2;1
1791;196301;35.5;10.86;27.96;2;1
1791;196302;52.6;25.151;22.151;2;1
1791;196303;49.6;8.372;57.072;2;1
1791;196304;98.3;13.055;33.655;2;1
1791;196305;118.9;13.228;13.428;2;1
1791;196306;119.1;14.463;9.163;2;1
1791;196307;113.8;45.93;0.23;2;1
1791;196308;68.1;18.274;2.574;2;1
1791;196309;52.4;11.56;;2;1
1791;196310;40.35;26.107;2.037;2;1
1791;196311;16.28;;;2;1
1791;196312;39.85;43.968;19.758;2;1
1791;196401;15.64;9.238;10.368;2;1
1791;196402;16.77;12.219;24.759;2;1
1791;196403;29.31;0.152;52.412;2;1
1791;196404;81.57;1.544;22.284;2;1
1791;196405;102.31;0.086;9.156;2;1
1791;196406;111.38;9.645;6.835;2;1
1791;196407;108.57;1.223;5.203;2;1
1791;196408;112.55;17.963;;2;1
1791;196409;94.37;25.872;;2;1
1791;196410;67.4;33.134;6.434;2;1
1791;196411;40.7;23.172;2.472;2;1
1791;196412;20;17.496;3.396;2;1
1791;196501;5.9;0;26.6;2;1
1791;196502;32.5;0;15.8;2;1
1791;196503;48.3;0;29.9;2;1
1791;196504;78.2;0;13.3;2;1
1791;196505;91.5;0;6.1;2;1
1791;196506;97.6;16.796;0.796;2;1
1791;196507;81.6;26.836;1.236;2;1
1791;196508;56;13.625;;2;1
1791;196509;41;9.755;1.455;2;1
1791;196510;32.7;0.693;5.293;2;1
1791;196511;37.3;3.225;17.825;2;1
1791;196512;51.9;6.683;45.083;2;1
1791;196601;90.3;41.918;56.918;2;1
1791;196602;105.3;80.213;91.813;2;1
1791;196603;116.9;47.364;31.664;2;1
1791;196604;101.2;26.373;39.473;2;1
1791;196605;114.3;14.89;14.79;2;1
1791;196606;114.2;18.734;13.534;2;1
1791;196607;109;3.268;3.568;2;1
1791;196608;109.3;39.016;0.016;2;1
1791;196609;70.3;6.475;1.775;2;1
1791;196610;65.6;19.998;7.698;2;1
1791;196611;53.3;31.482;17.982;2;1
1791;196612;39.8;27.288;18.788;2;1
1791;196701;31.3;31.252;15.852;2;1
1791;196702;15.9;12.607;19.907;2;1
1791;196703;23.2;1.768;23.868;2;1
1791;196704;45.3;0;14.3;2;1
1791;196705;59.6;0;17.9;2;1
1791;196706;77.5;0.045;4.745;2;1
1791;196707;82.2;17.512;2.112;2;1
1791;196708;66.8;6.607;0.507;2;1
1791;196709;60.7;5.044;0.444;2;1
1791;196710;56.1;7.371;0.971;2;1
1791;196711;49.7;18.97;5.97;2;1
1791;196712;36.7;28.267;8.167;2;1
1791;196801;16.6;10.684;9.284;2;1
1791;196802;15.2;2.413;30.213;2;1
1791;196803;43;0.802;16.402;2;1
1791;196804;58.6;0;30;2;1
1791;196805;88.6;0.1;26;2;1
1791;196806;114.5;11.639;4.739;2;1
1791;196807;107.6;31.406;3.306;2;1
1791;196808;79.5;5.339;0.239;2;1
1791;196809;74.4;29.406;7.306;2;1
1791;196810;52.3;33.123;8.523;2;1
1791;196811;27.7;24.159;23.359;2;1
1791;196812;26.9;27.398;32.798;2;1
1791;196901;32.3;4.407;46.507;2;1
1791;196902;74.4;2.088;32.088;2;1
1791;196903;104.4;50.849;59.949;2;1
1791;196904;113.5;34.848;24.948;2;1
1791;196905;103.6;18.223;30.123;2;1
1791;196906;115.5;31.868;17.368;2;1
1791;196907;101;24.587;6.387;2;1
1791;196908;82.8;16.316;0.816;2;1
1791;196909;67.3;10.302;6.602;2;1
1791;196910;63.6;33.081;2.881;2;1
1791;196911;33.4;25.913;8.813;2;1
1791;196912;16.3;15.381;12.881;2;1
1791;197001;13.8;5.517;59.017;2;1
1791;197002;67.3;16.381;26.681;2;1
1791;197003;77.6;21.921;13.721;2;1
1791;197004;69.4;3.368;9.468;2;1
1791;197005;75.5;5.112;17.412;2;1
1791;197006;87.8;0;6.4;2;1
1791;197007;94.2;0;1.4;2;1
1791;197008;95.6;6.067;;2;1
1791;197009;88.8;10.574;0.274;2;1
1791;197010;78.5;32.129;2.129;2;1
1791;197011;48.5;20.337;4.837;2;1
1791;197012;33;19.6;5.3;2;1
1791;197101;18.7;4.471;22.071;2;1
1791;197102;36.3;0.056;18.256;2;1
1791;197103;54.5;0.203;18.303;2;1
1791;197104;72.6;0.142;27.142;2;1
1791;197105;99.6;11.092;26.292;2;1
1791;197106;114.8;24.068;26.968;2;1
1791;197107;117.7;24.387;21.487;2;1
1791;197108;114.8;28.452;6.852;2;1
1791;197109;93.2;30.538;2.838;2;1
1791;197110;65.5;32.524;2.824;2;1
1791;197111;35.8;27.489;5.189;2;1
1791;197112;13.5;4.817;8.017;2;1
1791;197201;16.7;4.336;15.536;2;1
1791;197202;27.9;0.731;50.131;2;1
1791;197203;77.3;10.761;33.461;2;1
1791;197204;100;36.488;28.688;2;1
1791;197205;92.2;5.031;15.431;2;1
1791;197206;102.6;0.16;7.26;2;1
1791;197207;109.7;7.925;2.525;2;1
1791;197208;104.3;21.645;;2;1
1791;197209;81.6;56.366;2.666;2;1
1791;197210;27.9;16.736;5.136;2;1
1791;197211;16.3;18.821;11.321;2;1
1791;197212;8.8;25.74;19.84;2;1
1791;197301;2.9;0.712;20.512;2;1
1791;197302;22.7;0.06;19.76;2;1
1791;197303;42.4;0;20.6;2;1
1791;197304;63;0.012;13.812;2;1
1791;197305;76.8;0.364;27.464;2;1
1791;197306;103.9;0.556;9.356;2;1
1791;197307;112.7;16.176;2.476;2;1
1791;197308;99;32.437;0.337;2;1
1791;197309;66.9;36.751;2.951;2;1
1791;197310;33.1;0.651;3.751;2;1
1791;197311;36.2;2.019;3.719;2;1
1791;197312;37.9;1.771;5.371;2;1
1791;197401;41.5;0.04;35.54;2;1
1791;197402;77;9.367;36.167;2;1
1791;197403;103.8;22.428;24.528;2;1
1791;197404;105.9;24.282;13.082;2;1
1791;197405;94.7;5.823;15.723;2;1
1791;197406;104.6;2.099;8.599;2;1
1791;197407;111.1;8.397;3.997;2;1
1791;197408;106.7;0;0.4;2;1
1791;197409;107.1;28.349;;2;1
1791;197410;77.5;44.337;2.837;2;1
1791;197411;36;6.366;12.666;2;1
1791;197412;42.3;0.643;6.743;2;1
1791;197501;48.4;0.034;17.634;2;1
1791;197502;66;2.615;16.715;2;1
1791;197503;80.1;2.931;25.231;2;1
1791;197504;102.4;11.518;13.918;2;1
1791;197505;104.8;17.496;7.796;2;1
1791;197506;95.1;26.741;3.441;2;1
1791;197507;71.8;9.826;2.126;2;1
1791;197508;64.1;8.568;;2;1
1791;197509;55;7.627;2.027;2;1
1791;197510;49.4;7.504;3.004;2;1
1791;197511;44.9;10.243;6.343;2;1
1791;197512;41;6.298;8.498;2;1
1791;197601;43.2;4.463;5.463;2;1
1791;197602;44.2;5.531;10.431;2;1
1791;197603;49.1;2.86;15.36;2;1
1791;197604;61.6;8.553;14.753;2;1
1791;197605;67.8;12.562;6.262;2;1
1791;197606;61.5;9.304;2.704;2;1
1791;197607;54.9;2.812;2.012;2;1
1791;197608;54.1;0.23;0.53;2;1
1791;197609;54.4;3.154;0.654;2;1
1791;197610;51.9;5.505;12.805;2;1
1791;197611;59.2;18.666;33.866;2;1
1791;197612;74.4;27.395;29.995;2;1
1791;197701;77;27.642;30.742;2;1
1791;197702;80.1;28.706;50.106;2;1
1791;197703;101.5;33.458;25.758;2;1
1791;197704;93.8;10.76;15.26;2;1
1791;197705;98.3;5.973;9.573;2;1
1791;197706;101.9;7.319;11.619;2;1
1791;197707;106.2;19.193;4.293;2;1
1791;197708;91.3;5.537;2.837;2;1
1791;197709;88.6;22.148;1.748;2;1
1791;197710;68.2;12.162;8.362;2;1
1791;197711;64.4;29.431;5.131;2;1
1791;197712;40.1;16.513;31.713;2;1
1791;197801;55.3;17.049;28.049;2;1
1791;197802;66.3;26.68;71.78;2;1
1791;197803;111.4;60.382;46.582;2;1
1791;197804;97.6;23.754;24.554;2;1
1791;197805;98.4;19.217;20.917;2;1
1791;197806;100.1;17.764;13.964;2;1
1791;197807;96.3;14.755;3.555;2;1
1791;197808;85.1;6.479;0.679;2;1
1791;197809;79.3;23.582;;2;1
1791;197810;55.2;20.536;1.836;2;1
1791;197811;36.5;14.56;1.76;2;1
1791;197812;23.7;4.689;45.289;2;1
1791;197901;64.3;23.585;52.685;2;1
1791;197902;93.4;61.116;75.916;2;1
1791;197903;108.2;40.321;44.721;2;1
1791;197904;112.6;58.863;45.263;2;1
1791;197905;99;16.241;16.141;2;1
1791;197906;98.9;9.922;6.622;2;1
1791;197907;95.6;6.421;2.621;2;1
1791;197908;91.8;9.638;;2;1
1791;197909;81.9;20.536;0.036;2;1
1791;197910;61.4;6.79;4.39;2;1
1791;197911;59;15.849;19.749;2;1
1791;197912;62.9;24.964;20.064;2;1
1791;198001;58;26.083;26.483;2;1
1791;198002;58.4;11.346;18.046;2;1
1791;198003;65.1;8.707;19.507;2;1
1791;198004;75.9;8.684;16.884;2;1
1791;198005;84.1;9.92;17.72;2;1
1791;198006;91.9;8.357;7.357;2;1
1791;198007;90.9;7.951;2.851;2;1
1791;198008;85.8;1.919;0.919;2;1
1791;198009;84.8;4.613;0.313;2;1
1791;198010;80.5;7.705;2.505;2;1
1791;198011;75.3;19.075;5.175;2;1
1791;198012;61.4;24.448;15.948;2;1
1791;198101;52.9;9.589;9.589;2;1
1791;198102;52.9;9.35;8.25;2;1
1791;198103;51.8;3.861;17.161;2;1
1791;198104;65.1;6.663;21.163;2;1
1791;198105;79.6;2.589;18.989;2;1
1791;198106;96;7.48;7.88;2;1
1791;198107;96.4;9.755;1.755;2;1
1791;198108;88.4;6.223;0.223;2;1
1791;198109;82.4;7.437;1.337;2;1
1791;198110;76.3;2.896;10.096;2;1
1791;198111;83.5;32.492;2.192;2;1
1791;198112;53.2;12.564;41.664;2;1
1791;198201;82.3;34.524;31.024;2;1
1791;198202;78.8;6.929;13.529;2;1
1791;198203;85.4;25.338;13.638;2;1
1791;198204;73.7;22.313;8.613;2;1
1791;198205;60;5.118;4.518;2;1
1791;198206;59.4;1.519;3.119;2;1
1791;198207;61;4.418;1.418;2;1
1791;198208;58;7.324;0.824;2;1
1791;198209;51.5;3.103;1.226;2;1
1791;198210;49.623;0;7.333;2;1
1791;198211;56.956;9.922;19.057;2;1
1791;198212;66.091;36.419;38.79;2;1
1791;198301;68.462;25.967;12.808;2;1
1791;198302;55.303;12.887;10.267;2;1
1791;198303;52.683;6.739;10.365;2;1
1791;198304;56.309;11.916;24.396;2;1
1791;198305;68.789;19.536;43.646;2;1
1791;198306;92.899;9.6;12.459;2;1
1791;198307;95.758;20.057;3.427;2;1
1791;198308;79.128;12.776;3.421;2;1
1791;198309;69.773;23.212;2.017;2;1
1791;198310;48.578;9.842;1.003;2;1
1791;198311;39.739;9.247;3.798;2;1
1791;198312;34.29;11.185;15.282;2;1
1791;198401;38.387;11.203;26.526;2;1
1791;198402;53.71;16.847;26.943;2;1
1791;198403;63.806;15.106;21.483;2;1
1791;198404;70.183;12.553;37.513;2;1
1791;198405;95.143;20.179;21.924;2;1
1791;198406;96.888;13.541;20.62;2;1
1791;198407;103.967;19.742;4.707;2;1
1791;198408;88.932;23.968;1.367;2;1
1791;198409;66.331;17.036;0.524;2;1
1791;198410;49.819;19.115;6.026;2;1
1791;198411;36.73;20.757;25.558;2;1
1791;198412;41.531;22.646;24.672;2;1
1791;198501;43.557;22.282;26.045;2;1
1791;198502;47.32;22.51;42.095;2;1
1791;198503;66.905;29.841;32.217;2;1
1791;198504;69.281;24.168;31.176;2;1
1791;198505;76.289;12.607;12.252;2;1
1791;198506;75.934;6.216;8.254;2;1
1791;198507;77.972;6.341;2.293;2;1
1791;198508;73.924;6.254;0.464;2;1
1791;198509;68.134;10.067;0.434;2;1
1791;198510;58.501;7.511;0.267;2;1
1791;198511;51.257;20.435;1.928;2;1
1791;198512;32.75;22.273;7.432;2;1
1791;198601;17.909;0.78;24.682;2;1
1791;198602;41.811;1.34;37.856;2;1
1791;198603;78.327;12.185;29.719;2;1
1791;198604;95.861;14.033;19.153;2;1
1791;198605;100.981;14.072;15.882;2;1
1791;198606;102.791;9.566;4.177;2;1
1791;198607;97.402;13.481;1.164;2;1
1791;198608;85.085;15.855;0.338;2;1
1791;198609;69.568;6.275;2.483;2;1
1791;198610;65.776;2.259;2.179;2;1
1791;198611;65.696;10.222;5.628;2;1
1791;198612;61.102;28.667;11.24;2;1
1791;198701;43.675;9.649;13.294;2;1
1791;198702;47.32;0.512;27.712;2;1
1791;198703;74.52;10.854;17.03;2;1
1791;198704;80.696;6.972;19.473;2;1
1791;198705;93.197;3.153;7.255;2;1
1791;198706;97.299;0.421;3.89;2;1
1791;198707;100.768;9.715;3.164;2;1
1791;198708;94.217;16.357;0.644;2;1
1791;198709;78.504;6.834;1.402;2;1
1791;198710;73.072;6.231;18.819;2;1
1791;198711;85.66;20.693;14.622;2;1
1791;198712;79.589;19.879;23.939;2;1
1791;198801;83.649;25.165;39.226;2;1
1791;198802;97.71;51.529;41.107;2;1
1791;198803;87.288;9.542;12.575;2;1
1791;198804;90.321;16.639;21.973;2;1
1791;198805;95.655;19.807;24.601;2;1
1791;198806;100.449;17.679;13.194;2;1
1791;198807;95.964;17.249;8.956;2;1
1791;198808;87.671;25.453;1.667;2;1
1791;198809;63.885;9.489;1.122;2;1
1791;198810;49.297;8.032;1.883;1;1
1791;198811;46.761;4.286;1.75;1;1
1791;198812;50.734;0.124;4.097;1;1
1791;198901;53.37;0.13;2.766;1;1
1791;198902;52.614;3.329;2.573;1;1
1791;198903;63.49;0.07;10.946;1;1
1791;198904;83;0.98;20.49;1;1
1791;198905;89.13;6.95;13.08;1;1
1791;198906;85.95;11.2;8.02;1;1
1791;198907;72.31;15.1;1.46;1;1
1791;198908;63.41;9.3;0.4;1;1
1791;198909;62.94;0.79;0.32;1;1
1791;198910;58.54;4.99;0.59;1;1
1791;198911;60.88;6.94;9.28;1;1
1791;198912;87.77;12.43;39.32;1;1
1791;199001;85.56;22.07;19.86;1;1
1791;199002;88.34;22.79;25.57;1;1
1791;199003;91.41;6.16;9.23;1;1
1791;199004;94.63;5.69;8.91;1;1
1791;199005;86.33;14.75;6.45;1;1
1791;199006;74.61;14.18;2.46;1;1
1791;199007;61.63;13.6;0.62;1;1
1791;199008;61.78;0;0.15;1;1
1791;199009;56.09;5.82;0.13;1;1
1791;199010;51.39;8.82;4.12;1;1
1791;199011;55.16;3.38;7.15;1;1
1791;199012;63.89;3.65;12.38;1;1
1791;199101;76.47;13.2;25.78;1;1
1791;199102;78.28;12.36;14.17;1;1
1791;199103;107.89;8.9;38.51;1;1
1791;199104;106.78;16.89;15.78;1;1
1791;199105;101.35;13.37;7.94;1;1
1791;199106;96.53;7.89;3.07;1;1
1791;199107;83.74;13.7;0.91;1;1
1791;199108;74.48;9.35;0.09;1;1
1791;199109;75;0;0.52;1;1
1791;199110;63.37;13.77;2.14;1;1
1791;199111;71.33;4.89;12.85;1;1
1791;199112;58.36;18.77;5.8;1;1
1791;199201;56.34;8.47;6.45;1;1
1791;199202;56.63;4.59;4.88;1;1
1791;199203;49.95;10.75;4.07;1;1
1791;199204;68.17;0;18.22;1;1
1791;199205;71.16;3.29;6.28;1;1
1791;199206;78.81;0.48;8.13;1;1
1791;199207;79.96;1.02;2.17;1;1
1791;199208;73.07;7.54;0.65;1;1
1791;199209;74.22;0;1.15;1;1
1791;199210;73.29;5.5;4.57;1;1
1791;199211;75.58;7.46;9.75;1;1
1791;199212;91.06;12.84;28.32;1;1
1791;199301;78.15;22.57;9.66;1;1
1791;199302;60.76;22.11;4.72;1;1
1791;199303;58.36;6.83;4.43;1;1
1791;199304;66.58;1.21;9.43;1;1
1791;199305;81.34;1.65;16.41;1;1
1791;199306;91.71;2.42;12.79;1;1
1791;199307;84.18;11.86;4.33;1;1
1791;199308;83.65;1.3;0.77;1;1
1791;199309;85.52;0;1.87;1;1
1791;199310;83.51;26.24;24.23;1;1
1791;199311;73.54;24.32;14.35;1;1
1791;199312;85.37;12.32;24.15;1;1
1791;199401;89.58;54.37;58.58;1;1
1791;199402;85.09;29.87;25.38;1;1
1791;199403;76.6;27.26;18.77;1;1
1791;199404;77.84;9.44;10.68;1;1
1791;199405;81.53;12.57;16.26;1;1
1791;199406;82.4;5.63;6.5;1;1
1791;199407;75.93;7.75;1.28;1;1
1791;199408;71.33;4.58;;1;1
1791;199409;69.4;2.67;0.74;1;1
1791;199410;53.88;18.02;2.5;1;1
1791;199411;53.27;8.15;7.54;1;1
1791;199412;56.42;6.96;10.11;1;1
1791;199501;80.47;2.7;26.75;1;1
1791;199502;100.5;3.32;23.35;1;1
1791;199503;109.1;23.74;32.34;1;1
1791;199504;113.8;2.98;7.68;1;1
1791;199505;107.23;16.53;9.96;1;1
1791;199506;98.02;14.47;5.26;1;1
1791;199507;87.72;13.68;3.38;1;1
1791;199508;80.74;6.68;;1;1
1791;199509;73.8;7.83;0.89;1;1
1791;199510;57.64;16.97;0.81;1;1
1791;199511;66.78;1.52;10.66;1;1
1791;199512;96.63;13.54;43.39;1;1
1791;199601;99.97;62.2;65.54;1;1
1791;199602;95.4;41.28;36.71;1;1
1791;199603;97.86;15.96;18.42;1;1
1791;199604;107.67;8.6;18.41;1;1
1791;199605;110.82;14.02;17.17;1;1
1791;199606;94.88;20.87;4.93;1;1
1791;199607;78.55;17.3;0.97;1;1
1791;199608;75.36;3.59;0.4;1;1
1791;199609;60.23;16.02;0.89;1;1
1791;199610;48.58;13.46;1.81;1;1
1791;199611;63.22;3.19;17.83;1;1
1791;199612;83.42;3.25;23.45;1;1
1791;199701;91.86;13.65;22.09;1;1
1791;199702;87.34;17.86;13.34;1;1
1791;199703;73.8;19.91;6.37;1;1
1791;199704;65.97;11.38;3.55;1;1
1791;199705;72.35;1.28;7.66;1;1
1791;199706;81.39;0.77;9.81;1;1
1791;199707;85.23;0;3.84;1;1
1791;199708;82.5;3.62;0.89;1;1
1791;199709;69.9;13.22;0.62;1;1
1791;199710;67.52;7.4;5.02;1;1
1791;199711;97.35;1.11;30.94;1;1
1791;199712;101.99;34.73;39.37;1;1
1791;199801;102.1;30.85;30.96;1;1
1791;199802;92.65;21.08;11.63;1;1
1791;199803;94.37;6.28;8;1;1
1791;199804;107.23;26.97;39.83;1;1
1791;199805;103.06;36.2;32.03;1;1
1791;199806;105.79;8.65;11.38;1;1
1791;199807;93.05;15.19;2.45;1;1
1791;199808;80;13.13;0.08;1;1
1791;199809;55.48;25.55;1.03;1;1
1791;199810;49.72;9.03;3.27;1;1
1791;199811;51.29;2.34;3.91;1;1
1791;199812;51.42;4.21;4.34;1;1
1791;199901;59.25;1.12;8.95;1;1
1791;199902;60.61;5.86;7.22;1;1
1791;199903;70.06;7.82;17.27;1;1
1791;199904;78.64;6.84;15.42;1;1
1791;199905;100.08;0;21.44;1;1
1791;199906;106.23;0.58;6.73;1;1
1791;199907;89.38;17.84;0.99;1;1
1791;199908;65.89;23.56;0.07;1;1
1791;199909;50.05;17.76;1.92;1;1
1791;199910;54.29;6.04;10.28;1;1
1791;199911;49.39;14.47;9.57;1;1
1791;199912;56.13;9.64;16.38;1;1
1791;200001;64.08;4.61;12.56;1;1
1791;200002;70.31;2.13;8.36;1;1
1791;200003;71.58;4.02;5.29;1;1
1791;200004;91.66;3.18;23.26;1;1
1791;200005;108.88;1.09;18.31;1;1
1791;200006;113.11;1.87;6.1;1;1
1791;200007;96.73;17.57;1.19;1;1
1791;200008;86.28;9.82;;1;1
1791;200009;73.88;12.06;;1;1
1791;200010;67.77;7.35;1.24;1;1
1791;200011;86.86;12.96;32.05;1;1
1791;200012;99.86;56.07;69.07;1;1
1791;200101;116.25;57.11;73.5;1;1
1791;200102;109.1;69.98;62.83;1;1
1791;200103;119.58;85.71;96.19;1;1
1791;200104;107;40.78;28.2;1;1
1791;200105;107.45;15.64;16.09;1;1
1791;200106;103.06;9.13;4.74;1;1
1791;200107;95.6;8.84;1.38;1;1
1791;200108;91.56;3.67;;1;1
1791;200109;71.24;19.39;;1;1
1791;200110;62.2;9.89;0.85;1;1
1791;200111;52.79;9.73;0.32;1;1
1791;200112;40.75;11.76;;1;1
1791;200201;43.32;0.79;3.36;1;1
1791;200202;49.53;0.98;7.19;1;1
1791;200203;56.85;0.77;8.09;1;1
1791;200204;57.78;3.75;4.68;1;1
1791;200205;56.92;5.28;4.42;1;1
1791;200206;55.55;6.5;5.13;1;1
1791;200207;50.96;5.44;0.85;1;1
1791;200208;50.73;0;;1;1
1791;200209;50.64;0;;1;1
1791;200210;57.46;0;6.82;1;1
1791;200211;81.02;0;23.56;1;1
1791;200212;117.14;10.89;47.01;1;1
1791;200301;118.22;48.299;49.379;1;1
1791;200302;112.42;29.94;24.14;1;1
1791;200303;105.84;25.03;18.45;1;1
1791;200304;111.73;11.22;17.11;1;1
1791;200305;104.3;17.19;9.76;1;1
1791;200306;103.11;3.69;2.5;1;1
1791;200307;90.32;13.2;0.41;1;1
1791;200308;78.15;11.29;;1;1
1791;200309;64.36;13.37;;1;1
1791;200310;55.66;11.05;2.35;1;1
1791;200311;63.33;5.59;13.26;1;1
1791;200312;70.18;13.67;20.52;1;1
1791;200401;78.86;14.05;22.73;1;1
1791;200402;83.46;7.54;12.14;1;1
1791;200403;84.8;10.29;11.63;1;1
1791;200404;88.29;5.21;8.7;1;1
1791;200405;93.35;5.86;10.92;1;1
1791;200406;91.76;5.13;3.54;1;1
1791;200407;87.67;4.16;0.07;1;1
1791;200408;76.51;10.7;;1;1
1791;200409;65.19;10.95;;1;1
1791;200410;62.01;8.66;5.48;1;1
1791;200411;59.93;7.36;5.28;1;1
1791;200412;58.07;7.31;5.45;1;1
1791;200501;56.49;10.24;8.66;1;1
1791;200502;54.33;6.32;4.16;1;1
1791;200503;59.1;1.6;6.37;1;1
1791;200504;70.14;0.7;11.74;1;1
1791;200505;79.77;0.42;10.05;1;1
1791;200506;79.77;2.45;2.45;1;1
1791;200507;63.92;14.78;;1;1
1791;200508;56.02;6.95;;1;1
1791;200509;48.22;6.8;;1;1
1791;200510;48.48;0;0.26;1;1
1791;200511;50.41;0.31;2.24;1;1
1791;200512;56.81;2.14;8.54;1;1
1791;200601;56.42;7.88;7.49;1;1
1791;200602;60.95;0.98;5.51;1;1
1791;200603;89.28;3.78;32.11;1;1
1791;200604;101.73;4.07;16.52;1;1
1791;200605;105.68;3.35;7.3;1;1
1791;200606;104.46;3.36;2.14;1;1
1791;200607;85.23;18.34;;1;1
1791;200608;82.54;1.93;;1;1
1791;200609;69.12;12.68;;1;1
1791;200610;75.09;4.92;10.89;1;1
1791;200611;90.42;5.44;20.77;1;1
1791;200612;93.2;26.19;28.97;1;1
1791;200701;80.51;21.55;8.86;1;1
1791;200702;91.86;15.41;26.76;1;1
1791;200703;86.38;24.16;18.68;1;1
1791;200704;88.68;6.19;8.49;1;1
1791;200705;99.33;0.86;11.51;1;1
1791;200706;102.79;3.7;7.16;1;1
1791;200707;86.62;17.86;1.69;1;1
1791;200708;85.28;1.69;0.35;1;1
1791;200709;75.89;8.81;;1;1
1791;200710;72.48;3.26;;1;1
1791;200711;69.69;2.96;0.17;1;1
1791;200712;65.93;4.2;0.44;1;1
1791;200801;65.22;5.14;4.43;1;1
1791;200802;66.58;2.52;3.88;1;1
1791;200803;73.71;0.7;7.83;1;1
1791;200804;95.35;4.25;25.89;1;1
1791;200805;107.17;4.96;16.78;1;1
1791;200806;103.54;13.7;10.07;1;1
1791;200807;87.19;16.96;0.61;1;1
1791;200808;83.37;3.5;;1;1
1791;200809;79.54;3.68;;1;1
1791;200810;77.22;2.35;0.03;1;1
1791;200811;76.47;2.35;1.6;1;1
1791;200812;83.7;2.39;9.62;1;1
1791;200901;98.12;12.45;26.87;1;1
1791;200902;98.69;26.71;27.28;1;1
1791;200903;101.94;17.32;20.57;1;1
1791;200904;104.63;8.46;11.15;1;1
1791;200905;106.45;5.78;7.6;1;1
1791;200906;103.43;7.08;4.06;1;1
1791;200907;85.47;18.61;0.65;1;1
1791;200908;80.65;5.4;0.58;1;1
1791;200909;79.04;2;0.39;1;1
1791;200910;79.27;1.64;1.87;1;1
1791;200911;80.83;11.91;13.47;1;1
1791;200912;112.42;10.76;42.35;1;1
1791;201001;108.72;48.89;45.19;1;1
1791;201002;117.56;29.82;38.66;1;1
1791;201003;108.11;47.26;37.81;1;1
1791;201004;112.25;19.61;23.75;1;1
1791;201005;113.28;13.21;14.24;1;1
1791;201006;102.26;24.08;13.06;1;1
1791;201007;84.42;20.78;2.94;1;1
1791;201008;81.11;3.89;0.58;1;1
1791;201009;79.96;1.95;0.8;1;1
1791;201010;75.62;7.946;3.606;1;1
1791;201011;75.54;17.538;17.458;1;1
1791;201012;80.19;18.971;23.621;1;1
1791;201101;86.23;24.182;30.222;1;1
1791;201102;96.84;8.637;19.247;1;1
1791;201103;103.59;15.141;21.891;1;1
1791;201104;101.57;16.57;14.55;1;1
1791;201105;106.45;4.205;9.085;1;1
1791;201106;105.73;5.322;4.602;1;1
1791;201107;103.8;4.685;2.755;1;1
1791;201108;103.7;1.889;1.789;1;1
1791;201109;103.43;1.788;1.518;1;1
1791;201110;103.48;1.859;1.909;1;1
1791;201111;107.12;1.799;5.439;1;1
1791;201112;108.33;5.939;7.149;1;1
1791;201201;60.27;51.52;3.46;1;1
1791;201202;54.33;8.6;2.66;1;1
1791;201203;55.37;1.3;2.34;1;1
1791;201204;71.37;1.2;17.2;1;1
1791;201205;89.13;2.19;19.95;1;1
1791;201206;86.52;6.85;4.24;1;1
1791;201207;82.91;4.84;1.23;1;1
1791;201208;71.96;10.81;;1;1
1791;201209;51.39;19.45;;1;1
1791;201210;51.32;1.24;1.17;1;1
1791;201211;53.98;1.21;3.87;1;1
1791;201212;67.31;1.24;14.57;1;1
1791;201301;109.38;1.24;43.31;1;1
1791;201302;101.3;36.68;28.6;1;1
1791;201303;116.49;24.89;40.08;1;1
1791;201304;107.89;41.29;32.69;1;1
1791;201305;106.84;15.25;14.2;1;1
1791;201306;108.22;6.71;8.09;1;1
1791;201307;100.24;10.18;2.2;1;1
1791;201308;96.27;4.6;0.63;1;1
1791;201309;89.08;7.92;0.73;1;1
1791;201310;84.46;7.48;2.86;1;1
1791;201311;88.25;5.53;9.32;1;1
1791;201312;88.39;14.2;14.34;1;1
1791;201401;102.15;27.7;41.46;1;1
1791;201402;110.53;49.44;57.82;1;1
1791;201403;111.45;47.38;48.3;1;1
1791;201404;109.38;31.699;29.629;1;1
1791;201405;104.74;15.15;10.51;1;1
1791;201406;107.28;2.58;5.12;1;1
1791;201407;98.85;10.1;1.67;1;1
1791;201408;87.1;12.06;0.31;1;1
1791;201409;69.04;18.24;0.18;1;1
1791;201410;65.42;8.85;5.23;1;1
1791;201411;70.43;9.32;14.33;1;1
1791;201412;71.45;8.39;9.41;1;1
1791;201501;77.62;12.14;18.31;1;1
1791;201502;93.5;17.92;33.8;1;1
1791;201503;92.65;24.42;23.57;1;1
1791;201504;91.61;11.85;10.81;1;1
1791;201505;95.96;9.13;13.48;1;1
1791;201506;91.71;8.87;4.62;1;1
1791;201507;91.76;1.25;1.3;1;1
1791;201508;91.41;1.24;0.89;1;1
1791;201509;83.37;8.96;0.92;1;1
1791;201510;75.31;11.05;2.99;1;1
1791;201511;69.32;9.92;3.93;1;1
1791;201512;70.9;2.25;3.83;1;1
1791;201601;92.16;18.99;40.25;1;1
1791;201602;105.02;30.24;43.1;1;1
1791;201603;101.83;36.36;33.17;1;1
1791;201604;107.06;36.07;41.3;1;1
1791;201605;109.16;26.38;28.48;1;1
1791;201606;100.98;19.37;11.19;1;1
1791;201607;100.29;3.62;2.93;1;1
1791;201608;93.96;6.64;0.31;1;1
1791;201609;87.14;7.24;0.42;1;1
1791;201610;79.68;8.3;0.84;1;1
1791;201611;74.87;6.65;1.84;1;1
1791;201612;65.19;11.49;1.81;1;1
1791;201701;52;14.46;1.27;1;1
1791;201702;60.84;3.89;12.73;1;1
1791;201703;66.54;3.91;9.61;1;1
1791;201704;66.9;5.42;5.78;1;1
1791;201705;71.07;2.43;6.6;1;1
1791;201706;68.71;4.83;2.47;1;1
1791;201707;68.34;1.42;1.05;1;1
1791;201708;65.22;3.52;0.4;1;1
1791;201709;51.59;13.6;;1;1
1791;201710;51.13;1.27;0.81;1;1
1791;201711;51;1.2;1.07;1;1
1791;201712;55.84;1.85;6.69;1;1
1791;201801;66.62;2.62;13.4;1;1
1791;201802;72.99;5.7;12.07;1;1
1791;201803;106.18;8.931;42.121;1;1
1791;201804;111.04;31.24;36.1;1;1
1791;201805;110.3;12.984;12.244;1;1
1791;201806;108.39;16.519;14.609;1;1
1791;201807;106.78;10.426;8.816;1;1
1791;201808;85.13;23.043;1.393;1;1
1791;201809;78.86;7.992;1.722;1;1
1791;201810;76.07;4.579;1.789;1;1
1791;201811;78.11;6.833;8.873;1;1
1791;201812;54.53;34.365;10.785;1;1
1791;201901;65.7;3.929;15.099;1;1
1791;201902;83.19;4.905;22.395;1;1
1791;201903;95.14;2.982;14.932;1;1
1791;201904;105.73;6.86;17.45;1;1
1791;201905;106.18;10.731;11.181;1;1
1791;201906;105.24;16.679;15.739;1;1
1791;201907;100.45;12.56;7.77;1;1
1791;201908;99.33;2.17;1.05;1;1
1791;201909;95.04;4.897;0.607;1;1
1791;201910;91.511;5.483;1.954;1;1
1791;201911;108.552;14.849;31.89;1;1
1791;201912;113.79;57.865;63.103;1;1
1791;202001;106.563;25.668;18.441;1;1
1791;202002;99.97;19.786;13.193;1;1
1791;202003;106.452;14.14;20.622;1;1
1791;202004;113.455;8.242;15.245;1;1
1791;202005;103.164;20.506;10.215;1;1
1791;202006;96.889;11.573;5.298;1;1
1791;202007;96.015;2.729;1.855;1;1
1791;202008;91.759;5.21;0.954;1;1
1791;202009;84.511;8.138;0.89;1;1
1791;202010;85.18;3.929;4.598;1;1
1791;202011;81.53;9.034;5.384;1;1
1791;202012;104.08;10.046;32.596;1;1
1791;202101;108.22;27.37;31.51;1;1
1791;202102;112.37;42.126;46.276;1;1
1791;202103;100.34;29.319;17.289;1;1
1791;202104;92.01;18.083;9.753;1;1
1791;202105;96.53;3.197;7.717;1;1
1791;202106;96.02;7.05;6.54;1;1
1791;202107;96.37;2.792;3.142;1;1
1791;202108;89.83;7.76;1.22;1;1
1791;202109;79.04;11.903;1.113;1;1
1792;196910;9.16;39.148;36.338;2;1
1792;196911;6.35;29.92;28.8;2;1
1792;196912;5.23;18.222;22.042;2;1
1792;197001;9.05;33.756;30.256;2;1
1792;197002;5.55;32.763;36.333;2;1
1792;197003;9.12;33.644;32.674;2;1
1792;197004;8.15;7.932;5.142;2;1
1792;197005;5.36;4.415;7.785;2;1
1792;197006;8.73;2.229;1.449;2;1
1792;197007;7.95;1.106;0.606;2;1
1792;197008;7.45;9.815;7.165;2;1
1792;197009;4.8;6.454;10.954;2;1
1792;197010;9.3;34.396;34.366;2;1
1792;197011;9.27;23.769;21.959;2;1
1792;197012;7.46;21.954;21.034;2;1
1792;197101;6.54;7.413;9.673;2;1
1792;197102;8.8;3.11;3.37;2;1
1792;197103;9.06;3.836;3.176;2;1
1792;197104;8.4;2.134;3.104;2;1
1792;197105;9.37;14.964;14.954;2;1
1792;197106;9.36;27.89;27.91;2;1
1792;197107;9.38;28.46;28.68;2;1
1792;197108;9.6;31.346;31.296;2;1
1792;197109;9.55;32.573;31.383;2;1
1792;197110;8.36;32.97;33.8;2;1
1792;197111;9.19;29.799;28.449;2;1
1792;197112;7.84;6.333;5.923;2;1
1792;197201;7.43;4.89;6.38;2;1
1792;197202;8.92;11.915;10.405;2;1
1792;197203;7.41;17.401;18.301;2;1
1792;197204;8.31;43.381;43.271;2;1
1792;197205;8.2;5.927;7.147;2;1
1792;197206;9.42;3.499;1.899;2;1
1792;197207;7.82;11.232;9.372;2;1
1792;197208;5.96;18.982;22.482;2;1
1792;197209;9.46;58.147;57.747;2;1
1792;197210;9.06;18.645;18.385;2;1
1792;197211;8.8;20.226;20.886;2;1
1792;197212;9.46;28.78;28.85;2;1
1792;197301;9.53;7.966;6.056;2;1
1792;197302;7.62;10.619;12.269;2;1
1792;197303;9.27;3.067;3.297;2;1
1792;197304;9.5;1.884;1.614;2;1
1792;197305;9.23;9.78;9.3;2;1
1792;197306;8.75;2.592;1.832;2;1
1792;197307;7.99;17.194;17.124;2;1
1792;197308;7.92;31.821;32.651;2;1
1792;197309;8.75;36.841;37.401;2;1
1792;197310;9.31;1.979;1.049;2;1
1792;197311;8.38;2.851;2.511;2;1
1792;197312;8.04;1.02;2.42;2;1
1792;197401;9.44;5.348;3.418;2;1
1792;197402;7.51;22.412;23.132;2;1
1792;197403;8.23;28.227;26.387;2;1
1792;197404;6.39;25.609;26.669;2;1
1792;197405;7.45;7.344;7.674;2;1
1792;197406;7.78;1.313;3.173;2;1
1792;197407;9.64;11.396;9.426;2;1
1792;197408;7.67;0.458;0.398;2;1
1792;197409;7.61;29.73;29.68;2;1
1792;197410;7.56;44.289;44.959;2;1
1792;197411;8.23;5.46;6.82;2;1
1792;197412;9.59;2.022;1.492;2;1
1792;197501;9.06;1.339;1.629;2;1
1792;197502;9.35;4.519;4.669;2;1
1792;197503;9.5;6.212;6.272;2;1
1792;197504;9.56;13.703;13.573;2;1
1792;197505;9.43;18.982;18.862;2;1
1792;197506;9.31;29.004;28.554;2;1
1792;197507;8.86;10.221;10.571;2;1
1792;197508;9.21;8.865;9.535;2;1
1792;197509;9.88;8.51;8.57;2;1
1792;197510;9.94;11.664;8.384;2;1
1792;197511;6.66;8.078;10.838;2;1
1792;197512;9.42;9.288;7.508;2;1
1792;197601;7.64;7.292;7.272;2;1
1792;197602;7.62;18.472;17.622;2;1
1792;197603;6.77;10.204;11.924;2;1
1792;197604;8.49;16.969;14.609;2;1
1792;197605;6.13;17.315;17.315;2;1
1792;197606;6.13;15.759;17.589;2;1
1792;197607;7.96;24.106;23.746;2;1
1792;197608;7.6;12.649;12.929;2;1
1792;197609;7.88;20.192;20.872;2;1
1792;197610;8.56;17.358;17.378;2;1
1792;197611;8.58;23.147;24.327;2;1
1792;197612;9.76;34.033;32.563;2;1
1792;197701;8.29;32.219;32.179;2;1
1792;197702;8.25;37.74;35.37;2;1
1792;197703;5.88;33.972;37.152;2;1
1792;197704;9.06;14.481;13.851;2;1
1792;197705;8.43;7.068;7.718;2;1
1792;197706;9.08;8.744;8.934;2;1
1792;197707;9.27;20.935;20.985;2;1
1792;197708;9.32;8.156;6.556;2;1
1792;197709;7.72;20.693;22.943;2;1
1792;197710;9.97;15.25;13.52;2;1
1792;197711;8.24;32.806;30.956;2;1
1792;197712;6.39;21.228;20.838;2;1
1792;197801;6;23.224;25.844;2;1
1792;197802;8.62;37.67;38.74;2;1
1792;197803;9.69;69.345;65.875;2;1
1792;197804;6.22;26.663;28.233;2;1
1792;197805;7.79;26.412;25.492;2;1
1792;197806;6.87;20.46;19.7;2;1
1792;197807;6.11;14.507;16.047;2;1
1792;197808;7.65;8.484;7.464;2;1
1792;197809;6.63;25.177;24.567;2;1
1792;197810;6.02;21.09;21.7;2;1
1792;197811;6.63;17.798;17.678;2;1
1792;197812;6.51;9.789;12.739;2;1
1792;197901;9.46;36.219;35.139;2;1
1792;197902;8.38;68.584;70.224;2;1
1792;197903;10.02;50.198;48.708;2;1
1792;197904;8.53;62.899;63.159;2;1
1792;197905;8.79;22.239;22.019;2;1
1792;197906;8.57;14.869;11.909;2;1
1792;197907;5.61;7.456;7.916;2;1
1792;197908;6.07;10.532;10.672;2;1
1792;197909;6.21;20.485;21.875;2;1
1792;197910;7.6;8.977;7.857;2;1
1792;197911;6.48;19.345;20.115;2;1
1792;197912;7.25;28.702;29.682;2;1
1792;198001;8.23;28.564;29.984;2;1
1792;198002;9.65;16.891;14.551;2;1
1792;198003;7.31;11.457;12.537;2;1
1792;198004;8.39;15.872;15.522;2;1
1792;198005;8.04;17.099;16.489;2;1
1792;198006;7.43;10.895;11.565;2;1
1792;198007;8.1;12.77;9.15;2;1
1792;198008;4.48;7.318;2.838;2;1
1792;198009;0;1.028;4.948;2;1
1792;198010;3.92;2.576;7.926;2;1
1792;198011;9.27;23.9;20.45;2;1
1792;198012;5.82;29.29;31;2;1
1792;198101;7.53;17.143;15.903;2;1
1792;198102;6.29;10.892;11.992;2;1
1792;198103;7.39;7.561;9.451;2;1
1792;198104;9.28;15.042;12.662;2;1
1792;198105;6.9;4.518;6.148;2;1
1792;198106;8.53;12.589;10.569;2;1
1792;198107;6.51;9.128;10.828;2;1
1792;198108;8.21;7.18;7.14;2;1
1792;198109;8.17;8.991;8.271;2;1
1792;198110;7.45;5.978;6.378;2;1
1792;198111;7.85;34.023;33.643;2;1
1792;198112;7.47;16.792;18.992;2;1
1792;198201;9.67;42.257;40.677;2;1
1792;198202;8.09;8.47;9.01;2;1
1792;198203;8.63;30.077;29.447;2;1
1792;198204;8;24.238;23.488;2;1
1792;198205;7.25;6.094;6.074;2;1
1792;198206;7.23;2.968;3.778;2;1
1792;198207;8.04;3.893;4.413;2;1
1792;198208;8.56;6.714;7.504;2;1
1792;198209;9.35;5.422;2.769;2;1
1792;198210;6.697;2.15;1.489;2;1
1792;198211;6.036;9.969;12.485;2;1
1792;198212;8.552;44.274;43.46;2;1
1792;198301;7.738;29.221;30.193;2;1
1792;198302;8.71;15.296;15.642;2;1
1792;198303;9.056;9.819;9.203;2;1
1792;198304;8.44;16.965;17.08;2;1
1792;198305;8.555;29.746;30.192;2;1
1792;198306;9.001;14.864;13.714;2;1
1792;198307;7.851;21.521;22.441;2;1
1792;198308;8.771;14.179;14.921;2;1
1792;198309;9.513;28.254;23.245;2;1
1792;198310;4.504;9.707;10.205;2;1
1792;198311;5.002;12.007;10.903;2;1
1792;198312;3.898;9.528;13.257;2;1
1792;198401;7.627;13.727;15.335;2;1
1792;198402;9.235;24.21;22.581;2;1
1792;198403;7.606;17.881;18.516;2;1
1792;198404;8.241;19.203;19.291;2;1
1792;198405;8.329;26.23;26.076;2;1
1792;198406;8.175;19.167;18.879;2;1
1792;198407;7.887;22.872;22.045;2;1
1792;198408;7.06;23.873;24.419;2;1
1792;198409;7.606;19.68;18.643;2;1
1792;198410;6.569;18.345;20.547;2;1
1792;198411;8.771;24.017;24.217;2;1
1792;198412;8.971;27.447;26.761;2;1
1792;198501;8.285;27.237;26.946;2;1
1792;198502;7.994;30.838;30.128;2;1
1792;198503;7.284;34.501;36.335;2;1
1792;198504;9.118;29.677;29.818;2;1
1792;198505;9.259;16.342;14.864;2;1
1792;198506;7.781;8.203;7.821;2;1
1792;198507;7.399;6.901;6.936;2;1
1792;198508;7.434;6.167;7.036;2;1
1792;198509;8.303;12.176;10.26;2;1
1792;198510;6.387;7.361;8.264;2;1
1792;198511;7.29;20.319;21.491;2;1
1792;198512;8.462;23.318;24.353;2;1
1792;198601;9.497;5.913;4.878;2;1
1792;198602;8.462;6.651;7.424;2;1
1792;198603;9.235;16.679;16.798;2;1
1792;198604;9.354;16.952;16.599;2;1
1792;198605;9.001;16.461;16.269;2;1
1792;198606;8.809;11.054;10.7;2;1
1792;198607;8.455;13.492;13.744;2;1
1792;198608;8.707;14.971;15.938;2;1
1792;198609;9.674;7.432;6.876;2;1
1792;198610;9.118;4.604;2.933;2;1
1792;198611;7.447;9.666;10.922;2;1
1792;198612;8.703;28.869;29.751;2;1
1792;198701;9.585;14.205;11.486;2;1
1792;198702;6.866;1.397;4.036;2;1
1792;198703;9.505;16.035;13.693;2;1
1792;198704;7.163;8.712;9.33;2;1
1792;198705;7.781;3.861;4.505;2;1
1792;198706;8.425;0.543;1.314;2;1
1792;198707;9.196;10.861;10.528;2;1
1792;198708;8.863;18.987;16.448;2;1
1792;198709;6.324;7.113;7.441;2;1
1792;198710;6.652;5.266;8.288;2;1
1792;198711;9.674;25.773;22.129;2;1
1792;198712;6.03;19.348;22.593;2;1
1792;198801;9.275;30.316;29.541;2;1
1792;198802;8.5;60.248;58.286;2;1
1792;198803;6.538;10.128;12.082;2;1
1792;198804;8.492;19.366;20.18;2;1
1792;198805;9.306;23.638;22.854;2;1
1792;198806;8.522;19.781;19.841;2;1
1792;198807;8.582;18.917;19.665;2;1
1792;198808;9.33;25.977;26.108;2;1
1792;198809;9.461;11.611;9.924;2;1
1792;198810;7.774;8.876;8.57;2;1
1792;198811;7.468;4.512;4.903;2;1
1792;198812;7.859;0.848;0.77;2;1
1792;198901;7.781;0.523;0.693;2;1
1792;198902;7.951;3.945;3.902;2;1
1792;198903;7.908;0.147;1.147;2;1
1792;198904;8.908;3.37;3.104;2;1
1792;198905;8.642;8.281;8.228;2;1
1792;198906;8.589;12.407;12.543;2;1
1792;198907;8.725;15.632;15.414;2;1
1792;198908;8.507;10.106;9.848;2;1
1792;198909;8.249;0.722;1.1;2;1
1792;198910;8.627;7.453;5.658;2;1
1792;198911;6.832;7.504;7.801;2;1
1792;198912;7.129;11.776;14.418;2;1
1792;199001;9.771;23.65;23.066;2;1
1792;199002;9.187;27.223;25.347;2;1
1792;199003;7.311;7.189;7.381;2;1
1792;199004;7.503;6.281;6.637;2;1
1792;199005;7.859;13.926;15.153;2;1
1792;199006;9.086;14.849;14.556;2;1
1792;199007;8.793;13.363;13.75;2;1
1792;199008;9.18;0.167;0.21;2;1
1792;199009;9.223;6.657;5.874;2;1
1792;199010;7.669;10.133;9.34;1;1
1792;199011;6.898;4.565;3.794;1;1
1792;199012;8.877;3.059;5.038;1;1
1792;199101;8.507;16.816;16.446;1;1
1792;199102;6.8;16.323;14.616;1;1
1792;199103;6.423;13.631;13.254;1;1
1792;199104;6.562;18.626;18.765;1;1
1792;199105;8.017;12.836;14.291;1;1
1792;199106;8.974;7.562;8.519;1;1
1792;199107;9.665;13.321;14.012;1;1
1792;199108;7.881;11.111;9.327;1;1
1792;199109;7.945;0.672;0.736;1;1
1792;199110;7.069;15.353;14.477;1;1
1792;199111;6.806;6.734;6.471;1;1
1792;199112;8.103;18.442;19.739;1;1
1792;199201;7.393;10.431;9.721;1;1
1792;199202;9.52;3.216;5.343;1;1
1792;199203;8.403;12.575;11.458;1;1
1792;199204;9.504;1.013;2.114;1;1
1792;199205;8.862;4.98;4.338;1;1
1792;199206;9.125;1.33;1.593;1;1
1792;199207;8.771;1.867;1.513;1;1
1792;199208;8.285;8.727;8.241;1;1
1792;199209;6.735;2.145;0.595;1;1
1792;199210;7.967;5.016;6.248;1;1
1792;199211;7.366;9.181;8.58;1;1
1792;199212;6.846;16.867;16.347;1;1
1792;199301;7.803;22.895;23.852;1;1
1792;199302;7.264;23.212;22.673;1;1
1792;199303;7.669;7.26;7.665;1;1
1792;199304;8.351;1.684;2.366;1;1
1792;199305;9.117;2.558;3.324;1;1
1792;199306;9.795;3.746;4.424;1;1
1792;199307;9.227;14.019;13.451;1;1
1792;199308;9.689;1.431;1.893;1;1
1792;199309;8.839;1.433;0.583;1;1
1792;199310;9.016;27.826;28.003;1;1
1792;199311;9.392;24.763;25.139;1;1
1792;199312;9.377;15.687;15.672;1;1
1792;199401;8.687;56.332;55.642;1;1
1792;199402;8.809;32.169;32.291;1;1
1792;199403;9.173;29.243;29.607;1;1
1792;199404;9.094;10.862;10.783;1;1
1792;199405;9.512;13.316;13.734;1;1
1792;199406;9.673;6.617;6.778;1;1
1792;199407;9.117;8.953;8.397;1;1
1792;199408;9.377;4.929;5.189;1;1
1792;199409;9.258;3.175;3.056;1;1
1792;199410;8.954;18.594;18.29;1;1
1792;199411;8.993;9.441;9.48;1;1
1792;199412;8.924;8.624;8.555;1;1
1792;199501;8.839;5.444;5.359;1;1
1792;199502;8.559;6.624;6.344;1;1
1792;199503;6.355;31.181;28.977;1;1
1792;199504;6.55;4.451;4.646;1;1
1792;199505;6.793;17.748;17.991;1;1
1792;199506;8.089;12.552;13.848;1;1
1792;199507;9.047;12.741;13.699;1;1
1792;199508;9.078;7.9;7.931;1;1
1792;199509;9.14;8.966;9.028;1;1
1792;199510;9.416;17.629;17.905;1;1
1792;199511;9.44;3.457;3.481;1;1
1792;199512;9.4;18.943;18.903;1;1
1792;199601;9.496;67.442;67.538;1;1
1792;199602;8.396;48.063;46.963;1;1
1792;199603;7.931;19.772;19.307;1;1
1792;199604;7.874;11.875;11.818;1;1
1792;199605;8.855;15.32;16.301;1;1
1792;199606;7.761;23.556;22.462;1;1
1792;199607;9.528;16.838;18.605;1;1
1792;199608;8.962;5.544;4.978;1;1
1792;199609;7.917;18.008;16.963;1;1
1792;199610;8.537;14.339;14.959;1;1
1792;199611;9.055;5.869;6.387;1;1
1792;199612;8.714;7.488;7.147;1;1
1792;199701;8.359;18.204;17.849;1;1
1792;199702;8.143;20.782;20.566;1;1
1792;199703;8.496;21.273;21.626;1;1
1792;199704;8.809;12.337;12.65;1;1
1792;199705;9.588;2.003;2.782;1;1
1792;199706;9.472;2.418;2.302;1;1
1792;199707;7.434;3.589;1.551;1;1
1792;199708;5.604;6.692;4.862;1;1
1792;199709;7.967;11.955;14.318;1;1
1792;199710;7.831;9.039;8.903;1;1
1792;199711;9.536;3.696;5.401;1;1
1792;199712;9.246;42.193;41.903;1;1
1792;199801;8.285;37.128;36.167;1;1
1792;199802;7.974;24.208;23.897;1;1
1792;199803;9.09;7.399;8.515;1;1
1792;199804;9.313;32.646;32.869;1;1
1792;199805;8.198;42.736;41.621;1;1
1792;199806;8.695;10.858;11.355;1;1
1792;199807;9.14;16.495;16.94;1;1
1792;199808;8.985;14.785;14.63;1;1
1792;199809;8.752;27.402;27.169;1;1
1792;199810;8.601;10.738;10.587;1;1
1792;199811;8.782;3.839;4.02;1;1
1792;199812;8.522;6.216;5.956;1;1
1792;199901;8.282;3.796;3.556;1;1
1792;199902;8.97;7.139;7.827;1;1
1792;199903;8.586;11.222;10.838;1;1
1792;199904;9.234;8.906;9.554;1;1
1792;199905;9.125;4.044;3.935;1;1
1792;199906;9.113;3.006;2.994;1;1
1792;199907;7.799;20.56;19.246;1;1
1792;199908;8.552;23.681;24.434;1;1
1792;199909;7.046;20.642;19.136;1;1
1792;199910;8.3;6.725;7.979;1;1
1792;199911;7.318;18.351;17.369;1;1
1792;199912;7.778;12.692;13.152;1;1
1792;200001;7.321;7.739;7.282;1;1
1792;200002;9.23;2.075;3.984;1;1
1792;200003;8.02;6.707;5.497;1;1
1792;200004;7.687;6.465;6.132;1;1
1792;200005;7.393;6.436;6.142;1;1
1792;200006;7.458;3.722;3.787;1;1
1792;200007;5.547;19.649;17.738;1;1
1792;200008;6.607;10.073;11.133;1;1
1792;200009;6.931;12.975;13.299;1;1
1792;200010;6.687;8.933;8.689;1;1
1792;200011;7.754;16.308;17.375;1;1
1792;200012;8.924;63.026;64.196;1;1
1792;200101;9.113;64.472;64.661;1;1
1792;200102;7.541;63.156;61.584;1;1
1792;200103;9.109;78.456;80.024;1;1
1792;200104;7.569;47.037;45.497;1;1
1792;200105;9.266;17.244;18.941;1;1
1792;200106;8.813;11.977;11.524;1;1
1792;200107;8.778;11.175;11.14;1;1
1792;200108;8.962;5.105;5.289;1;1
1792;200109;8.839;21.16;21.037;1;1
1792;200110;8.01;12.633;11.804;1;1
1792;200111;8.477;10.734;11.201;1;1
1792;200112;8.418;13.487;13.428;1;1
1792;200201;8.733;1.966;2.281;1;1
1792;200202;7.359;4.001;2.627;1;1
1792;200203;7.673;2.193;2.507;1;1
1792;200204;9.164;3.765;5.256;1;1
1792;200205;8.981;7.094;6.911;1;1
1792;200206;9.242;7.994;8.255;1;1
1792;200207;9.746;6.341;6.845;1;1
1792;200208;9.706;1.253;1.213;1;1
1792;200209;9.673;1.268;1.235;1;1
1792;200210;7.87;3.43;1.627;1;1
1792;200211;8.782;2.271;3.183;1;1
1792;200212;8.665;15.237;15.12;1;1
1792;200301;7.335;52.206;50.876;1;1
1792;200302;7.19;32.472;32.327;1;1
1792;200303;6.771;27.674;27.255;1;1
1792;200304;7.42;13.622;14.271;1;1
1792;200305;9.329;17.348;19.257;1;1
1792;200306;8.355;6.532;5.558;1;1
1792;200307;9.46;13.919;15.024;1;1
1792;200308;4.239;18.099;12.878;1;1
1792;200309;9.661;8.593;14.015;1;1
1792;200310;8.129;14.685;13.153;1;1
1792;200311;7.274;8.952;8.097;1;1
1792;200312;8.129;17.153;18.008;1;1
1792;200401;8.496;18.555;18.922;1;1
1792;200402;7.81;11.901;11.215;1;1
1792;200403;7.733;13.559;13.482;1;1
1792;200404;5.084;10.345;7.696;1;1
1792;200405;8.95;4.589;8.455;1;1
1792;200406;8.241;7.815;7.106;1;1
1792;200407;8.665;5.466;5.89;1;1
1792;200408;9.29;11.978;12.603;1;1
1792;200409;5.152;16.854;12.716;1;1
1792;200410;7.257;8.37;10.475;1;1
1792;200411;7.26;9.263;9.266;1;1
1792;200412;8.271;8.428;9.439;1;1
1792;200501;7.824;13.016;12.569;1;1
1792;200502;8.045;8.023;8.244;1;1
1792;200503;8.267;3.146;3.368;1;1
1792;200504;6.784;4.258;2.775;1;1
1792;200505;7.74;1.71;2.666;1;1
1792;200506;8.638;3.277;4.175;1;1
1792;200507;8.132;17.576;17.07;1;1
1792;200508;6.436;10.438;8.742;1;1
1792;200509;6.203;8.727;8.494;1;1
1792;200510;6.983;0.557;1.337;1;1
1792;200511;7.981;0.65;1.648;1;1
1792;200512;8.474;3.614;4.107;1;1
1792;200601;7.913;10.427;9.866;1;1
1792;200602;7.853;2.79;2.73;1;1
1792;200603;8.274;7.036;7.457;1;1
1792;200604;6.661;8.562;6.949;1;1
1792;200605;6.658;5.579;5.576;1;1
1792;200606;7.821;3.903;5.066;1;1
1792;200607;4.207;23.106;19.492;1;1
1792;200608;6.944;0.557;3.294;1;1
1792;200609;8.205;12.949;14.21;1;1
1792;200610;3.792;11.126;6.713;1;1
1792;200611;3.868;8.044;8.12;1;1
1792;200612;3.777;29.387;29.296;1;1
1792;200701;3.957;23.028;23.208;1;1
1792;200702;3.971;19.046;19.06;1;1
1792;200703;3.873;27.36;27.262;1;1
1792;200704;3.909;8.5;8.536;1;1
1792;200705;3.916;3.049;3.056;1;1
1792;200706;4.044;5.211;5.339;1;1
1792;200707;3.819;19.697;19.472;1;1
1792;200708;5.201;1.141;2.523;1;1
1792;200709;6.33;9.269;10.398;1;1
1792;200710;7.988;2.948;4.606;1;1
1792;200711;8.002;4.401;4.415;1;1
1792;200712;8.462;5.582;6.042;1;1
1792;200801;8.433;7.41;7.381;1;1
1792;200802;8.608;4.177;4.352;1;1
1792;200803;8.35;3.139;2.881;1;1
1792;200804;7.337;8.753;7.74;1;1
1792;200805;6.94;8.213;7.816;1;1
1792;200806;6.092;16.861;16.013;1;1
1792;200807;7.307;17.483;18.698;1;1
1792;200808;7.297;4.987;4.977;1;1
1792;200809;7.478;4.933;5.114;1;1
1792;200810;8.156;3.239;3.917;1;1
1792;200811;7.372;4.62;3.836;1;1
1792;200812;7.7;4.636;4.964;1;1
1792;200901;8.2;15.915;16.415;1;1
1792;200902;8.48;31.435;31.715;1;1
1792;200903;8.153;20.525;20.198;1;1
1792;200904;8.551;9.227;9.625;1;1
1792;200905;6.969;10.46;8.878;1;1
1792;200906;7.092;8.39;8.513;1;1
1792;200907;7.155;20.159;20.222;1;1
1792;200908;7.172;6.269;6.286;1;1
1792;200909;6.224;3.483;2.535;1;1
1792;200910;6.93;1.25;1.956;1;1
1792;200911;6.661;13.775;13.506;1;1
1792;200912;6.764;15.71;15.813;1;1
1792;201001;9.202;50.683;53.121;1;1
1792;201002;9.652;31.656;32.106;1;1
1792;201003;8.059;51.567;49.974;1;1
1792;201004;6.401;23.742;22.084;1;1
1792;201005;6.638;14.358;14.595;1;1
1792;201006;9.7;26.223;29.285;1;1
1792;201007;9.559;25.826;25.685;1;1
1792;201008;8.861;7.76;7.062;1;1
1792;201009;8.372;3.283;2.794;1;1
1792;201010;9.19;7.647;8.465;1;1
1792;201011;8.6;20.472;19.882;1;1
1792;201012;8.23;21.781;21.411;1;1
1792;201101;6.86;30.113;28.743;1;1
1792;201102;6.55;12.832;12.522;1;1
1792;201103;7.57;18.503;19.523;1;1
1792;201104;6.88;21.277;20.587;1;1
1792;201105;6.6;6.59;6.31;1;1
1792;201106;5.99;6.229;5.619;1;1
1792;201107;6.56;3.535;4.105;1;1
1792;201108;6.52;1.551;1.511;1;1
1792;201109;6.51;1.294;1.284;1;1
1792;201110;6.505;1.4;1.395;1;1
1792;201111;6.492;0.983;0.97;1;1
1792;201112;7.303;5.097;5.908;1;1
1792;201201;8.001;50.567;51.265;1;1
1792;201202;7.581;9.494;9.074;1;1
1792;201203;8.317;1.027;1.763;1;1
1792;201204;8.016;3.261;2.96;1;1
1792;201205;8.117;3.233;3.334;1;1
1792;201206;7.283;8.625;7.791;1;1
1792;201207;8.391;4.445;5.553;1;1
1792;201208;7.788;12.635;12.032;1;1
1792;201209;8.226;20.842;21.28;1;1
1792;201210;5.616;4.296;1.686;1;1
1792;201211;6.075;0.683;1.142;1;1
1792;201212;7.362;0.562;1.849;1;1
1792;201301;6.931;6.745;6.314;1;1
1792;201302;6.559;41.418;41.046;1;1
1792;201303;7.458;29.578;30.477;1;1
1792;201304;7.465;46.694;46.701;1;1
1792;201305;6.703;17.959;17.197;1;1
1792;201306;8.642;5.542;7.481;1;1
1792;201307;8.684;10.556;10.598;1;1
1792;201308;8.916;4.403;4.635;1;1
1792;201309;9.016;7.946;8.046;1;1
1792;201310;7.862;9.19;8.036;1;1
1792;201311;7.427;7.329;6.894;1;1
1792;201312;8.684;15.199;16.456;1;1
1792;201401;7.4;36.163;34.879;1;1
1792;201402;7.761;59.056;59.417;1;1
1792;201403;6.597;53.806;52.642;1;1
1792;201404;7.352;33.51;34.265;1;1
1792;201405;8.103;16.216;16.967;1;1
1792;201406;8.348;3.55;3.795;1;1
1792;201407;8.47;10.803;10.925;1;1
1792;201408;5.416;16.034;12.98;1;1
1792;201409;6.944;17.546;19.074;1;1
1792;201410;6.75;9.707;9.513;1;1
1792;201411;6.77;10.25;10.27;1;1
1792;201412;7.62;8.132;8.982;1;1
1792;201501;8.87;13.326;14.576;1;1
1792;201502;7.79;25.347;24.267;1;1
1792;201503;8.11;28.266;28.586;1;1
1792;201504;8.21;12.888;12.988;1;1
1792;201505;8.04;10.178;10.008;1;1
1792;201506;8.14;8.716;8.816;1;1
1792;201507;8.29;0.762;0.912;1;1
1792;201508;7.2;1.927;0.837;1;1
1792;201509;7.86;8.042;8.702;1;1
1792;201510;8.84;9.91;10.89;1;1
1792;201511;8.14;10.603;9.903;1;1
1792;201512;8.52;1.577;1.957;1;1
1792;201601;8.09;23.572;23.142;1;1
1792;201602;7.06;37.736;36.706;1;1
1792;201603;7.62;41.882;42.442;1;1
1792;201604;6.31;42.982;41.672;1;1
1792;201605;7.9;29.779;31.369;1;1
1792;201606;8.04;20.747;20.887;1;1
1792;201607;3.84;8.222;4.022;1;1
1792;201608;7.3;3.39;6.85;1;1
1792;201609;7.86;7.031;7.591;1;1
1792;201610;7.85;8.43;8.42;1;1
1792;201611;8.57;6.28;7;1;1
1792;201612;8.54;11.8;11.77;1;1
1792;201701;8.87;14.54;14.87;1;1
1792;201702;8.83;4.609;4.569;1;1
1792;201703;8.68;4.439;4.289;1;1
1792;201704;7.04;7;5.36;1;1
1792;201705;7.76;1.571;2.291;1;1
1792;201706;7.09;5.17;4.5;1;1
1792;201707;6.72;1.22;0.85;1;1
1792;201708;8.63;0.949;2.859;1;1
1792;201709;7.33;15.1;13.8;1;1
1792;201710;6.94;1.14;0.75;1;1
1792;201711;6.84;0.813;0.713;1;1
1792;201712;7.4;1.261;1.821;1;1
1792;201801;7.41;3.358;3.368;1;1
1792;201802;8.18;5.83;6.6;1;1
1792;201803;7.86;14.066;13.746;1;1
1792;201804;7.92;36.896;36.956;1;1
1792;201805;8.23;13.921;14.231;1;1
1792;201806;4.53;21.496;17.796;1;1
1792;201807;9.04;6.248;10.758;1;1
1792;201808;8.46;23.98;23.4;1;1
1792;201809;7.73;8.359;7.629;1;1
1792;201810;8.31;3.379;3.959;1;1
1792;201811;8.11;6.791;6.591;1;1
1792;201812;8.1;35.758;35.748;1;1
1792;201901;8.64;3.913;4.453;1;1
1792;201902;8.11;7.399;6.869;1;1
1792;201903;7.96;3.695;3.545;1;1
1792;201904;8.07;7.474;7.584;1;1
1792;201905;7.77;11.381;11.081;1;1
1792;201906;3.8;10.194;6.224;1;1
1792;201907;8.45;2.448;7.098;1;1
1792;201908;8.02;2.114;1.684;1;1
1792;201909;7.38;5.232;4.592;1;1
1792;201910;8.14;4.483;5.243;1;1
1792;201911;8.08;18.988;18.928;1;1
1792;201912;8.94;69.278;70.138;1;1
1792;202001;8.13;30.435;29.625;1;1
1792;202002;7.95;21.53;21.35;1;1
1792;202003;7.81;16.352;16.212;1;1
1792;202004;7.82;9.538;9.548;1;1
1792;202005;8.69;20.375;21.245;1;1
1792;202006;6.57;14.079;11.959;1;1
1792;202007;7.81;1.082;2.322;1;1
1792;202008;8.7;3.838;4.728;1;1
1792;202009;8.42;8.093;7.813;1;1
1792;202010;8.02;3.943;3.543;1;1
1792;202011;8.71;8.182;8.872;1;1
1792;202012;8.12;15.302;14.712;1;1
1792;202101;7.51;32.166;31.556;1;1
1792;202102;6.63;49.341;48.461;1;1
1792;202103;7.76;30.958;32.088;1;1
1792;202104;7.69;18.938;18.868;1;1
1792;202105;7.87;3.225;3.405;1;1
1792;202106;7.43;7.624;7.184;1;1
1792;202107;6.51;3.306;2.386;1;1
1792;202108;8.61;5.265;7.365;1;1
1792;202109;7.5;13.165;12.055;1;1
1794;197210;;;;2;1
1794;197211;;;;2;1
1794;197212;;;;2;1
1794;197301;;;;2;1
1794;197302;;;;2;1
1794;197303;2.1;9.126;8.366;2;1
1794;197304;1.34;5.235;4.755;2;1
1794;197305;0.86;15.639;16.899;2;1
1794;197306;2.12;6.178;4.798;2;1
1794;197307;0.74;2.642;2.512;2;1
1794;197308;0.61;0.892;1.132;2;1
1794;197309;0.85;0.429;0.699;2;1
1794;197310;1.12;5.797;5.497;2;1
1794;197311;0.82;2.842;2.672;2;1
1794;197312;0.65;5.218;6.398;2;1
1794;197401;1.83;22.74;24.44;2;1
1794;197402;3.53;23.141;22.551;2;1
1794;197403;2.94;14.057;13.097;2;1
1794;197404;1.98;8.904;7.974;2;1
1794;197405;1.05;6.189;6.979;2;1
1794;197406;1.84;3.949;4.119;2;1
1794;197407;2.01;3.832;3.032;2;1
1794;197408;1.21;1.367;0.907;2;1
1794;197409;0.75;0.378;0.908;2;1
1794;197410;1.28;1.591;1.461;2;1
1794;197411;1.15;5.928;6.598;2;1
1794;197412;1.82;4.987;4.637;2;1
1794;197501;1.47;9.831;11.681;2;1
1794;197502;3.32;13.78;12.34;2;1
1794;197503;1.88;18.327;18.417;2;1
1794;197504;1.97;7.799;6.629;2;1
1794;197505;0.8;4.642;4.602;2;1
1794;197506;0.76;2.108;2.478;2;1
1794;197507;1.13;0.895;1.525;2;1
1794;197508;1.76;0.51;0.4;2;1
1794;197509;1.65;0.551;0.931;2;1
1794;197510;2.03;3.885;2.765;2;1
1794;197511;0.91;5.732;5.832;2;1
1794;197512;1.01;7.795;7.435;2;1
1794;197601;0.65;3.447;3.477;2;1
1794;197602;0.68;10.04;11.38;2;1
1794;197603;2.02;10.385;9.925;2;1
1794;197604;1.56;3.536;3.826;2;1
1794;197605;1.85;2.08;1.6;2;1
1794;197606;1.37;1.026;0.666;2;1
1794;197607;1.01;1.044;0.694;2;1
1794;197608;0.66;0.039;0.569;2;1
1794;197609;1.19;0.671;0.841;2;1
1794;197610;1.36;14.03;;2;1
1794;197611;;;;2;1
1794;197612;;;;2;1
1794;197701;;;;2;1
1794;197702;;;;2;1
1794;197703;;;;2;1
1794;197704;;;;2;1
1794;197705;;;;2;1
1794;197706;;;;2;1
1794;197707;;;;2;1
1794;197708;;;;2;1
1794;197709;;;;2;1
1795;195810;3.4;0.973;0.971;2;3
1795;195811;3.398;0.43;0.341;2;3
1795;195812;3.309;0.68;0.871;2;3
1795;195901;3.5;0.483;0.483;2;3
1795;195902;3.5;0.563;0.124;2;3
1795;195903;3.061;0.698;0.9;2;3
1795;195904;3.263;0.656;0.848;2;3
1795;195905;3.455;0.697;0.712;2;3
1795;195906;3.47;1.357;0.797;2;3
1795;195907;2.91;1.434;0.509;2;3
1795;195908;1.985;0.784;0.599;2;3
1795;195909;1.8;0.695;0.615;2;3
1795;195910;1.72;0.175;0.71;2;1
1795;195911;2.255;;;2;1
1795;195912;3.5;1.764;0.961;2;1
1795;196001;2.697;5.184;5.587;2;1
1795;196002;3.1;3.361;3.651;2;1
1795;196003;3.39;3.04;3.094;2;1
1795;196004;3.444;1.263;1.302;2;1
1795;196005;3.483;1.614;1.367;2;1
1795;196006;3.236;1.234;0.568;2;1
1795;196007;2.57;0.876;0.416;2;1
1795;196008;2.11;0.899;0.389;2;1
1795;196009;1.6;0.449;0.539;2;1
1795;196010;1.69;1.602;3.382;2;1
1795;196011;3.47;2.119;2.119;2;1
1795;196012;3.47;3.161;2.901;2;1
1795;196101;3.21;3.286;3.386;2;1
1795;196102;3.31;3.118;3.038;2;1
1795;196103;3.23;3.122;2.292;2;1
1795;196104;2.4;1.653;2.703;2;1
1795;196105;3.45;2.7;2.65;2;1
1795;196106;3.4;2.679;1.709;2;1
1795;196107;2.43;1.3;1.01;2;1
1795;196108;2.14;1.02;0.43;2;1
1795;196109;1.55;0.346;0.416;2;1
1795;196110;1.62;1.4;2.78;2;1
1795;196111;3;3.383;3.433;2;1
1795;196112;3.05;4.027;3.987;2;1
1795;196201;3.01;4.17;4.45;2;1
1795;196202;3.29;;;2;1
1795;196203;2.89;;;2;1
1795;196204;3.25;;;2;1
1795;196205;3.4;;;2;1
1795;196206;2.44;2.862;2.652;2;1
1795;196207;2.23;;;2;1
1795;196208;2.03;;;2;1
1795;196209;1.72;;;2;1
1795;196301;2.2;;;2;1
1795;197611;2.78;25.802;24.912;2;1
1795;197612;1.89;25.41;25.74;2;1
1795;197701;2.22;24.464;25.654;2;1
1795;197702;3.41;40.229;40.229;2;1
1795;197703;3.41;16.851;16.011;2;1
1795;197704;2.57;10.55;9.86;2;1
1795;197705;1.88;6.724;7.134;2;1
1795;197706;2.29;9.55;9.84;2;1
1795;197707;2.58;7.867;7.607;2;1
1795;197708;2.32;3.065;3.035;2;1
1795;197709;2.29;2.509;1.919;2;1
1795;197710;1.7;7.848;8.608;2;1
1795;197711;2.46;7.047;5.637;2;1
1795;197712;1.05;22.114;23.174;2;1
1795;197801;2.11;21.081;22.371;2;1
1795;197802;3.4;22.3;22.09;2;1
1795;197803;3.19;17;16.3;2;1
1795;197804;2.49;8.041;8.561;2;1
1795;197805;3.01;9.634;8.194;2;1
1795;197806;1.57;1.683;2.813;2;1
1795;197807;2.7;1.835;1.225;2;1
1795;197808;2.09;0.649;0.489;2;1
1795;197809;1.93;0.009;0.289;2;1
1795;197810;2.21;1.293;1.103;2;1
1795;197811;2.02;0.293;0.473;2;1
1795;197812;2.2;16.413;17.553;2;1
1795;197901;3.34;21.813;21.883;2;1
1795;197902;3.41;38.413;37.973;2;1
1795;197903;2.97;14.94;15.43;2;1
1795;197904;3.46;11.433;10.923;2;1
1795;197905;2.95;4.498;4.398;2;1
1795;197906;2.85;3.398;2.768;2;1
1795;197907;2.22;1.106;0.886;2;1
1795;197908;2;0.002;0.312;2;1
1795;197909;2.31;0.034;0.254;2;1
1795;197910;2.53;3.163;2.213;2;1
1795;197911;1.58;6.163;6.443;2;1
1795;197912;1.86;9.349;9.599;2;1
1795;198001;2.11;10.797;10.767;2;1
1795;198002;2.08;5.524;6.394;2;1
1795;198003;2.95;8.494;9.014;2;1
1795;198004;3.47;8.387;8.067;2;1
1795;198005;3.15;6.165;6.215;2;1
1795;198006;3.2;3.459;2.759;2;1
1795;198007;2.5;1.502;1.362;2;1
1795;198008;2.36;0.594;0.514;2;1
1795;198009;2.28;1.178;0.488;2;1
1795;198010;1.59;1.349;1.779;2;1
1795;198011;2.02;7.061;6.331;2;1
1795;198012;1.29;8.201;8.961;2;1
1795;198101;2.05;7.838;6.678;2;1
1795;198102;0.89;1.314;2.534;2;1
1795;198103;2.11;7.837;8.167;2;1
1795;198104;2.44;4.753;4.263;2;1
1795;198105;1.95;1.799;3.029;2;1
1795;198106;3.18;1.944;1.724;2;1
1795;198107;2.96;1.213;0.483;2;1
1795;198108;2.23;1.051;0.311;2;1
1795;198109;1.49;2.665;2.135;2;1
1795;198110;0.96;2.827;3.987;2;1
1795;198111;2.12;0.588;0.948;2;1
1795;198112;2.48;14.793;15.113;2;1
1795;198201;2.8;8.719;7.889;2;1
1795;198202;1.97;4.499;4.909;2;1
1795;198203;2.38;2.448;2.258;2;1
1795;198204;2.19;1.286;1.356;2;1
1795;198205;2.26;1.315;1.045;2;1
1795;198206;1.99;0.66;1.36;2;1
1795;198207;2.69;0.165;0.585;2;1
1795;198208;3.11;0;0.14;2;1
1795;198209;3.25;0;0.283;2;1
1795;198210;3.533;2.728;1.271;2;1
1795;198211;2.076;5.01;5.219;2;1
1795;198212;2.285;11.741;11.774;2;1
1795;198301;2.318;5.637;4.594;2;1
1795;198302;1.275;1.901;2.816;2;1
1795;198303;2.19;2.571;2.944;2;1
1795;198304;2.563;4.503;4.693;2;1
1795;198305;2.753;9.418;9.619;2;1
1795;198306;2.954;3.056;2.436;2;1
1795;198307;2.334;2.051;2.142;2;1
1795;198308;2.425;1.114;0.796;2;1
1795;198309;2.107;2.027;0.488;2;1
1795;198310;0.568;0.542;1.149;2;1
1795;198311;1.175;0.642;1.793;2;1
1795;198312;2.326;3.806;4.825;2;1
1795;198401;3.345;7.408;7.355;2;1
1795;198402;3.292;5.022;4.834;2;1
1795;198403;3.104;5.037;5.41;2;1
1795;198404;3.477;7.773;7.077;2;1
1795;198405;2.781;4.923;4.795;2;1
1795;198406;2.653;4.8;3.828;2;1
1795;198407;1.681;3.677;3.22;2;1
1795;198408;1.224;0.491;0.714;2;1
1795;198409;1.447;0;0.366;2;1
1795;198410;1.813;0;1.543;2;1
1795;198411;3.356;0.059;0.059;2;1
1795;198412;3.356;0.083;;2;1
1795;198501;2.537;0.062;0.701;2;1
1795;198502;3.176;0.082;;2;1
1795;198503;2.698;0.051;0.775;2;1
1795;198504;3.422;0.046;;2;1
1795;198505;2.52;0.049;;2;1
1795;198506;1.959;10.212;10.571;2;1
1795;198507;2.318;0.003;0.052;2;1
1795;198508;2.367;0.004;;2;1
1795;198509;2.238;0.016;;2;1
1795;198510;0.659;1.266;1.131;2;1
1795;198511;0.524;1.032;1.238;2;1
1795;198512;0.73;2.263;4.053;2;1
1795;198601;2.52;;;2;1
1795;198602;2.468;;;2;1
1795;198603;3.367;5.715;4.417;2;1
1795;198604;2.069;4.337;4.762;2;1
1795;198605;2.494;4.136;3.194;2;1
1795;198606;1.552;1.401;0.991;2;1
1795;198607;1.142;0.294;0.533;2;1
1795;198608;1.381;0.958;0.757;2;1
1795;198609;1.18;0.322;0.682;2;1
1795;198610;1.54;1.267;0.402;2;1
1795;198611;0.675;1.887;2.236;2;1
1795;198612;1.024;2.438;3.66;2;1
1795;198701;2.246;3.226;3.019;2;1
1795;198702;2.039;4.159;4.226;2;1
1795;198703;2.106;4.563;4.548;2;1
1795;198704;2.091;4.055;4.07;2;1
1795;198705;2.106;2.138;2.064;2;1
1795;198706;2.032;1.731;2.075;2;1
1795;198707;2.376;1.691;1.303;2;1
1795;198708;1.988;1.149;1.23;2;1
1795;198709;2.069;1.677;0.202;2;1
1795;198710;0.594;3.378;5.062;2;1
1795;198711;2.278;5.94;5.761;2;1
1795;198712;2.099;5.715;5.73;2;1
1795;198801;2.114;6.478;7.731;2;1
1795;198802;3.367;11.645;10.67;2;1
1795;198803;2.392;3.016;2.745;2;1
1795;198804;2.121;3.187;3.577;2;1
1795;198805;2.511;3.215;3.61;2;1
1795;198806;2.906;3.613;2.812;2;1
1795;198807;2.105;3.361;3.447;2;1
1795;198808;2.191;0.879;0.749;2;1
1795;198809;2.061;0.949;0.942;2;1
1795;198810;2.054;0.888;0.903;2;1
1795;198811;2.069;1.871;0.461;2;1
1795;198812;0.659;0.654;1.015;2;1
1795;198901;1.02;1.015;1.165;2;1
1795;198902;1.17;0.872;2.128;2;1
1795;198903;2.426;2.733;2.309;2;1
1795;198904;2.002;4.806;6.107;2;1
1795;198905;3.303;3.834;3.898;2;1
1795;198906;3.367;3.629;2.346;2;1
1795;198907;2.084;2.259;2.12;2;1
1795;198908;1.945;0.059;0.258;2;1
1795;198909;2.144;0.374;0.218;2;1
1795;198910;1.988;0.761;0.436;2;1
1795;198911;1.663;1.69;2.015;2;1
1795;198912;1.988;5.635;5.642;2;1
1795;199001;1.995;5.717;6.312;2;1
1795;199002;2.59;5.62;5.55;2;1
1795;199003;2.52;4.547;3;2;1
1795;199004;0.973;2.708;3.01;2;1
1795;199005;1.275;0.516;1.287;2;1
1795;199006;2.046;0.313;0.593;2;1
1795;199007;2.326;1.934;1.603;2;1
1795;199008;1.995;0.893;;2;1
1795;199009;0.936;0.284;;2;1
1795;199010;0.632;0.582;0.978;2;1
1795;199011;1.028;1.708;1.789;2;1
1795;199012;1.109;2.892;3.53;2;1
1795;199101;1.747;5.759;5.792;2;1
1795;199102;1.78;5.226;5.598;2;1
1795;199103;2.152;8.824;9.407;2;1
1795;199104;2.735;3.574;3.093;2;1
1795;199105;2.254;1.428;1.452;2;1
1795;199106;2.278;0.71;0.523;2;1
1795;199107;2.091;0.838;0.608;2;1
1795;199108;1.861;0.595;0.31;2;1
1795;199109;1.576;0.434;0.381;2;1
1795;199110;1.523;1.456;1.203;2;1
1795;199111;1.27;4.989;5.593;2;1
1795;199112;1.874;2.87;1.743;2;1
1795;199201;0.747;2.272;2.228;2;1
1795;199202;0.703;1.427;1.437;2;1
1795;199203;0.713;1.051;1.424;2;1
1795;199204;1.086;4.251;5.286;2;1
1795;199205;2.121;1.127;1.39;2;1
1795;199206;2.384;2.592;2.383;2;1
1795;199207;2.175;1.418;1.202;2;1
1795;199208;1.959;0.942;0.541;2;1
1795;199209;1.558;0.772;0.622;2;1
1795;199210;1.408;1.199;1.584;2;1
1795;199211;1.793;4.123;3.955;2;1
1795;199212;1.625;7.821;7.853;2;1
1795;199301;1.657;3.673;2.981;2;1
1795;199302;0.965;1.35;1.575;2;1
1795;199303;1.19;0.979;1.242;2;1
1795;199304;1.453;2.132;2.733;2;1
1795;199305;2.054;4.091;4.372;2;1
1795;199306;2.335;3.85;3.85;2;1
1795;199307;2.335;2.906;1.957;2;1
1795;199308;1.386;1.636;1.851;2;1
1795;199309;1.601;1.778;1.796;2;1
1795;199310;1.619;6.81;7.72;2;1
1795;199311;2.529;5.666;5.236;2;1
1795;199312;2.099;5.927;5.98;2;1
1795;199401;2.152;11.276;11.592;2;1
1795;199402;2.468;6.543;7.179;2;1
1795;199403;3.104;5.609;4.232;2;1
1795;199404;1.727;2.214;2.608;2;1
1795;199405;2.121;3.735;3.679;2;1
1795;199406;2.065;2.644;2.015;2;1
1795;199407;1.436;1.137;1.143;2;1
1795;199408;1.442;0.774;0.74;2;1
1795;199409;1.408;0.679;0.903;2;1
1795;199410;1.589;;;1;1
1795;199411;1.254;;;1;1
1795;199412;2.401;;;1;1
1795;199501;2.842;16.598;17.039;1;1
1795;199502;3.14;25.02;25.318;1;1
1795;199503;2.216;19.392;18.468;1;1
1795;199504;2.446;6.334;6.564;1;1
1795;199505;2.055;4.56;4.169;1;1
1795;199506;1.91;3.142;2.997;1;1
1795;199507;1.767;2.741;2.598;1;1
1795;199508;1.094;2.906;2.233;1;1
1795;199509;1.827;0.966;1.699;1;1
1795;199510;0.984;4.813;3.97;1;1
1795;199511;2.312;9.501;10.829;1;1
1795;199512;3.129;29.517;30.334;1;1
1795;199601;3.181;32.839;32.891;1;1
1795;199602;2.776;19.808;19.403;1;1
1795;199603;2.395;5.425;5.044;1;1
1795;199604;2.329;5.772;5.706;1;1
1795;199605;2.185;5.563;5.419;1;1
1795;199606;2.256;1.555;1.626;1;1
1795;199607;2.048;1.028;0.82;1;1
1795;199608;0.902;1.46;0.314;1;1
1795;199609;1.184;0.585;0.867;1;1
1795;199610;1.001;1.387;1.204;1;1
1795;199611;3.171;9.467;11.637;1;1
1795;199612;2.567;10.523;9.919;1;1
1795;199701;1.967;9.479;8.879;1;1
1795;199702;1.442;5.279;4.754;1;1
1795;199703;2.063;1.691;2.312;1;1
1795;199704;2.123;1.032;1.092;1;1
1795;199705;1.939;3.341;3.157;1;1
1795;199706;1.794;4.381;4.236;1;1
1795;199707;2.804;1.275;2.285;1;1
1795;199708;1.695;1.862;0.753;1;1
1795;199709;1.208;1.203;0.716;1;1
1795;199710;2.871;0.807;2.47;1;1
1795;199711;3.191;13.021;13.341;1;1
1795;199712;3.058;14.139;14.006;1;1
1795;199801;3.048;11.171;11.161;1;1
1795;199802;1.676;5.062;3.69;1;1
1795;199803;2.28;1.615;2.219;1;1
1795;199804;3.351;11.208;12.279;1;1
1795;199805;2.272;6.798;5.719;1;1
1795;199806;1.96;2.526;2.214;1;1
1795;199807;2.108;0.491;0.639;1;1
1795;199808;2.108;0.121;0.121;1;1
1795;199809;2.158;0.387;0.437;1;1
1795;199810;0.975;5.411;4.228;1;1
1795;199811;1.108;6.995;7.128;1;1
1795;199812;1.223;5.526;5.641;1;1
1795;199901;1.374;;;1;1
1795;199902;0.951;;;1;1
1795;199903;1.04;;;1;1
1795;199904;2.268;;;1;1
1795;199905;1.964;;;1;1
1795;199906;1.661;2.04;1.737;1;1
1795;199907;1.957;0.177;0.473;1;1
1795;199908;1.325;0.887;0.255;1;1
1795;199909;1.418;;;1;1
1795;199910;3.29;;;1;1
1795;199911;1.521;;;1;1
1795;199912;2.45;;;1;1
1795;200001;1.237;5.705;4.492;1;1
1795;200002;1.699;;;1;1
1795;200003;1.135;;;1;1
1795;200004;3.344;9.5;11.709;1;1
1795;200005;2.433;;;1;1
1795;200006;1.347;;;1;1
1795;200007;1.253;;;1;1
1795;200008;1.243;0.21;0.2;1;1
1795;200009;0.895;;;1;1
1795;200010;1.001;;;1;1
1795;200011;3.082;11.525;13.606;1;1
1795;200012;3.022;;;1;1
1795;200101;3.29;;;1;1
1795;200102;2.021;;;1;1
1795;200103;2.875;7.495;8.349;1;1
1795;200104;2.109;9.674;8.908;1;1
1795;200105;2.311;7.553;7.755;1;1
1795;200106;1.982;1.782;1.453;1;1
1795;200107;1.289;1.239;0.546;1;1
1795;200108;1.527;0.299;0.537;1;1
1795;200109;1.215;;;1;1
1795;200110;0.895;1.066;0.746;1;1
1795;200111;0.825;0.548;0.478;1;1
1795;200112;0.877;0.346;0.398;1;1
1795;200201;0.993;;;1;1
1795;200202;1.047;3.516;3.57;1;1
1795;200203;0.899;;;1;1
1795;200204;0.846;1.961;1.908;1;1
1795;200205;1.155;2.273;2.582;1;1
1795;200206;1.751;;;1;1
1795;200207;1.113;;;1;1
1795;200208;1.38;;;1;1
1795;200209;0.654;0.985;0.259;1;1
1795;200210;1.527;;;1;1
1795;200211;2.844;10.42;11.737;1;1
1795;200212;2.677;9.996;9.829;1;1
1795;200301;2.686;9.867;9.876;1;1
1795;200302;1.606;7.551;6.471;1;1
1795;200303;0.899;5.478;4.771;1;1
1795;200304;1.476;4.337;4.914;1;1
1795;200305;1.553;2.894;2.971;1;1
1795;200306;1.527;;;1;1
1795;200307;1.359;0.579;0.411;1;1
1795;200308;0.877;0.458;;1;1
1795;200309;0.823;;;1;1
1795;200310;0.812;1.011;1;1;1
1795;200311;2.74;4.89;6.818;1;1
1795;200312;1.35;8.942;7.552;1;1
1795;200401;2.471;8.268;9.389;1;1
1795;200402;0.793;5.962;4.284;1;1
1795;200403;0.859;3.404;3.47;1;1
1795;200404;0.859;3.594;3.594;1;1
1795;200405;1.636;3.205;3.982;1;1
1795;200406;1.252;1.547;1.163;1;1
1795;200407;0.537;1.08;0.365;1;1
1795;200408;0.499;0.467;0.429;1;1
1795;200409;0.561;;;1;1
1795;200410;1.695;;;1;1
1795;200411;0.692;4.337;3.334;1;1
1795;200412;0.806;2.868;2.982;1;1
1795;200501;0.675;2.929;2.798;1;1
1795;200502;0.636;1.434;1.395;1;1
1795;200503;0.976;1.65;1.99;1;1
1795;200504;1.221;;;1;1
1795;200505;1.444;3.067;3.29;1;1
1795;200506;1.533;0.562;0.651;1;1
1795;200507;1.344;;;1;1
1795;200508;0.934;;;1;1
1795;200509;0.727;0.13;;1;1
1795;200510;0.884;0.078;0.235;1;1
1795;200511;0.66;1.097;0.873;1;1
1795;200512;1.166;3.974;4.48;1;1
1795;200601;0.754;;;1;1
1795;200602;1.423;2.877;3.546;1;1
1795;200603;1.936;11.396;11.909;1;1
1795;200604;1.857;6.013;5.934;1;1
1795;200605;1.277;2.575;1.995;1;1
1795;200606;1.201;0.553;0.477;1;1
1795;200607;1.199;0.026;0.024;1;1
1795;200608;1.047;;;1;1
1795;200609;0.717;0.38;0.05;1;1
1795;200610;1.853;5.105;6.241;1;1
1795;200611;2.53;8.303;8.98;1;1
1795;200612;1.924;10.049;9.443;1;1
1795;200701;0.821;4.957;3.854;1;1
1795;200702;2.408;7.853;9.44;1;1
1795;200703;1.573;8.017;7.182;1;1
1795;200704;1.108;3.212;2.747;1;1
1795;200705;2.037;2.263;3.192;1;1
1795;200706;1.943;2.868;2.774;1;1
1795;200707;0.884;2.534;1.475;1;1
1795;200708;1.02;0.216;0.352;1;1
1795;200709;0.962;0.086;0.028;1;1
1795;200710;0.629;1.192;0.859;1;1
1795;200711;0.783;0.559;0.713;1;1
1795;200712;0.829;0.839;0.885;1;1
1795;200801;0.649;7.994;7.814;1;1
1795;200802;0.993;3.116;3.46;1;1
1795;200803;1.94;5.288;6.235;1;1
1795;200804;2.021;16.917;16.998;1;1
1795;200805;2.359;15.948;16.286;1;1
1795;200806;1.347;10.129;9.117;1;1
1795;200807;0.717;4.589;3.959;1;1
1795;200808;0.829;1.132;1.244;1;1
1795;200809;0.744;0.98;0.895;1;1
1795;200810;0.816;0.775;0.847;1;1
1795;200811;0.736;2.497;2.417;1;1
1795;200812;1.936;15.444;16.644;1;1
1795;200901;2.91;18.963;19.937;1;1
1795;200902;2.101;22.821;22.012;1;1
1795;200903;1.103;14.349;13.351;1;1
1795;200904;0.866;5.33;5.093;1;1
1795;200905;0.888;5.555;5.577;1;1
1795;200906;0.978;7.525;7.615;1;1
1795;200907;0.983;2.801;2.806;1;1
1795;200908;0.838;1.013;0.868;1;1
1795;200909;0.764;0.554;0.48;1;1
1795;200910;0.802;1.389;1.427;1;1
1795;200911;2.045;11.226;12.469;1;1
1795;200912;2.794;34.506;35.255;1;1
1795;201001;2.799;29.417;29.422;1;1
1795;201002;3.014;20.087;20.302;1;1
1795;201003;2.926;20.162;20.074;1;1
1795;201004;1.783;17.845;16.702;1;1
1795;201005;0.911;7.479;6.607;1;1
1795;201006;1.802;2.946;3.837;1;1
1795;201007;0.957;3.875;3.03;1;1
1795;201008;0.936;0.655;0.634;1;1
1795;201009;0.888;0.558;0.51;1;1
1795;201010;1.1;1.548;1.76;1;1
1795;201011;1.82;11.976;12.696;1;1
1795;201012;1.7;18.007;17.887;1;1
1795;201101;1.57;18.939;18.809;1;1
1795;201102;1.81;15.531;15.771;1;1
1795;201103;1.62;11.82;11.63;1;1
1795;201104;1.02;7.415;6.815;1;1
1795;201105;1.79;2.051;2.821;1;1
1795;201106;1.35;1.849;1.409;1;1
1795;201107;0.9;1.439;0.989;1;1
1795;201108;0.81;0.703;0.613;1;1
1795;201109;0.77;0.508;0.468;1;1
1795;201110;0.964;0.551;0.745;1;1
1795;201111;0.746;2.621;2.403;1;1
1795;201112;0.725;6.357;6.336;1;1
1795;201201;0.934;3.629;3.838;1;1
1795;201202;1.067;2.523;2.656;1;1
1795;201203;1.38;1.247;1.56;1;1
1795;201204;1.823;8.55;8.993;1;1
1795;201205;1.812;13.41;13.399;1;1
1795;201206;2.408;4.404;5;1;1
1795;201207;1.318;4.328;3.238;1;1
1795;201208;1.095;1.968;1.745;1;1
1795;201209;1.072;1.259;1.236;1;1
1795;201210;0.699;2.814;2.441;1;1
1795;201211;0.781;7.017;7.099;1;1
1795;201212;2.009;13.483;14.711;1;1
1795;201301;2.91;37.513;38.414;1;1
1795;201302;2.417;18.189;17.696;1;1
1795;201303;2.844;33.482;33.909;1;1
1795;201304;2.333;23.307;22.796;1;1
1795;201305;2.484;6.262;6.413;1;1
1795;201306;2.558;3.072;3.146;1;1
1795;201307;1.744;4.988;4.174;1;1
1795;201308;1.432;1.022;0.71;1;1
1795;201309;0.857;2.928;2.353;1;1
1795;201310;1.982;1.08;2.205;1;1
1795;201311;1.108;14.156;13.282;1;1
1795;201312;2.814;8.741;10.447;1;1
1795;201401;2.844;38.512;38.542;1;1
1795;201402;2.849;40.643;40.648;1;1
1795;201403;1.82;25.69;24.661;1;1
1795;201404;1.986;11.316;11.482;1;1
1795;201405;2.549;4.793;5.356;1;1
1795;201406;2.311;3.434;3.196;1;1
1795;201407;2.311;1.349;1.349;1;1
1795;201408;1.042;2.748;1.479;1;1
1795;201409;0.682;4.212;3.852;1;1
1795;201410;2.07;2.373;3.761;1;1
1795;201411;2.57;12.949;13.449;1;1
1795;201412;1.39;15.08;13.9;1;1
1795;201501;2.62;12.01;13.24;1;1
1795;201502;2.31;16.401;16.091;1;1
1795;201503;1.52;13.341;12.551;1;1
1795;201504;1.18;5.757;5.417;1;1
1795;201505;2.06;4.792;5.672;1;1
1795;201506;1.32;3.459;2.719;1;1
1795;201507;1.19;1.007;0.877;1;1
1795;201508;1.12;0.502;0.432;1;1
1795;201509;1.02;0.724;0.624;1;1
1795;201510;1.1;2.886;2.966;1;1
1795;201511;0.94;4.604;4.444;1;1
1795;201512;1.05;3.165;3.275;1;1
1795;201601;3;27.042;28.992;1;1
1795;201602;2.88;31.88;31.76;1;1
1795;201603;2.83;24.943;24.893;1;1
1795;201604;2.6;24.198;23.968;1;1
1795;201605;1.92;17.715;17.035;1;1
1795;201606;1.64;9.506;9.226;1;1
1795;201607;2.2;0.499;1.059;1;1
1795;201608;2.16;0.507;0.467;1;1
1795;201609;2.15;0.48;0.47;1;1
1795;201610;2.11;0.619;0.579;1;1
1795;201611;1.35;2.37;1.61;1;1
1795;201612;1.14;1.879;1.669;1;1
1795;201701;0.81;3.109;2.779;1;1
1795;201702;1.16;12.22;12.57;1;1
1795;201703;1.01;10.75;10.6;1;1
1795;201704;1.41;3.28;3.68;1;1
1795;201705;0.94;6.6;6.13;1;1
1795;201706;1.46;1.319;1.839;1;1
1795;201707;1.57;0.659;0.769;1;1
1795;201708;1.36;0.639;0.429;1;1
1795;201709;0.7;1.089;0.429;1;1
1795;201710;0.68;0.497;0.477;1;1
1795;201711;0.74;0.48;0.54;1;1
1795;201712;2.28;4.824;6.364;1;1
1795;201801;1.96;21.548;21.228;1;1
1795;201802;1.96;15.943;15.943;1;1
1795;201803;3.01;32.58;33.63;1;1
1795;201804;2.05;27.908;26.948;1;1
1795;201805;1.59;6.812;6.352;1;1
1795;201806;2.1;5.496;6.006;1;1
1795;201807;0.84;8.851;7.591;1;1
1795;201808;0.96;1.749;1.869;1;1
1795;201809;0.98;0.48;0.5;1;1
1795;201810;1.03;0.623;0.673;1;1
1795;201811;1.5;7.631;8.101;1;1
1795;201812;1.95;12.509;12.959;1;1
1795;201901;3.04;10.857;11.947;1;1
1795;201902;1.67;19.28;17.91;1;1
1795;201903;1.42;12.883;12.633;1;1
1795;201904;2.01;16.706;17.296;1;1
1795;201905;1.51;7.752;7.252;1;1
1795;201906;1.89;1.623;2.003;1;1
1795;201907;0.78;5.178;4.068;1;1
1795;201908;0.7;0.496;0.416;1;1
1795;201909;0.69;0.438;0.428;1;1
1795;201910;1.02;2.16;2.49;1;1
1795;201911;2.89;22.876;24.746;1;1
1795;201912;2.98;38.888;38.978;1;1
1795;202001;2.13;19.154;18.304;1;1
1795;202002;1.26;12.472;11.602;1;1
1795;202003;2.03;14.556;15.326;1;1
1795;202004;1.78;6.402;6.152;1;1
1795;202005;1.95;7.114;7.284;1;1
1795;202006;0.95;5.126;4.126;1;1
1795;202007;0.91;0.643;0.603;1;1
1795;202008;0.71;0.868;0.668;1;1
1795;202009;0.7;1.184;1.174;1;1
1795;202010;1.07;1.5;1.87;1;1
1795;202011;0.91;5.676;5.516;1;1
1795;202012;2.09;19.631;20.811;1;1
1795;202101;2.93;24.29;25.13;1;1
1795;202102;2.94;34.47;34.48;1;1
1795;202103;1.7;15.642;14.402;1;1
1795;202104;1.43;5.608;5.338;1;1
1795;202105;1.8;4.755;5.125;1;1
1795;202106;2.42;2.071;2.691;1;1
1795;202107;1.16;4.623;3.363;1;1
1795;202108;1.18;0.522;0.542;1;1
1795;202109;1.16;0.801;0.781;1;1
1796;197810;5.37;1.132;0.142;2;1
1796;197811;4.38;0.328;0.378;2;1
1796;197812;4.43;0.026;7.266;2;1
1796;197901;11.67;3.041;10.381;2;1
1796;197902;19.01;18.714;20.294;2;1
1796;197903;20.59;11.206;11.246;2;1
1796;197904;20.63;8.631;8.581;2;1
1796;197905;20.58;3.516;3.526;2;1
1796;197906;20.59;4.51;2.61;2;1
1796;197907;18.69;8.277;1.757;2;1
1796;197908;12.17;7.068;1.098;2;1
1796;197909;6.2;2.998;0.768;2;1
1796;197910;3.97;0.268;0.828;2;1
1796;197911;4.53;0.389;2.949;2;1
1796;197912;7.09;0.536;3.986;2;1
1796;198001;10.54;0.518;6.688;2;1
1796;198002;16.71;2.808;4.358;2;1
1796;198003;18.26;2.73;3.73;2;1
1796;198004;19.26;3.292;3.782;2;1
1796;198005;19.75;1.21;1.89;2;1
1796;198006;20.43;1.002;1.052;2;1
1796;198007;20.48;6.739;1.149;2;1
1796;198008;14.89;6.091;0.971;2;1
1796;198009;9.77;4.251;0.562;2;1
1796;198010;5.912;0.6;0.42;1;1
1796;198011;6.087;0.581;0.756;1;1
1796;198012;7.572;0.48;1.965;1;1
1796;198101;9.183;0.313;1.924;1;1
1796;198102;10.46;0.262;1.539;1;1
1796;198103;13.286;0.172;2.998;1;1
1796;198104;16.205;0.175;3.094;1;1
1796;198105;18.691;0.188;2.674;1;1
1796;198106;19.487;1.19;1.986;1;1
1796;198107;13.713;6.821;1.047;1;1
1796;198108;7.82;6.92;1.027;1;1
1796;198109;4.79;3.689;0.659;1;1
1796;198110;5.574;0.299;1.083;1;1
1796;198111;5.902;0.271;0.599;1;1
1796;198112;13.798;1.077;8.973;1;1
1796;198201;11.923;10.004;8.129;1;1
1796;198202;13.262;0.767;2.106;1;1
1796;198203;15.573;0.226;2.537;1;1
1796;198204;16.645;0.224;1.296;1;1
1796;198205;16.465;1.207;1.027;1;1
1796;198206;16.965;0.531;1.031;1;1
1796;198207;11.946;6.039;1.02;1;1
1796;198208;5.1;7.622;0.776;1;1
1796;198209;2.249;3.415;0.564;1;1
1796;198210;2.249;0.59;0.59;1;1
1796;198211;3.784;0.501;2.036;1;1
1796;198212;9.913;0.427;6.556;1;1
1796;198301;11.969;0.496;2.552;1;1
1796;198302;13.9;0.379;2.31;1;1
1796;198303;16.265;0.293;2.658;1;1
1796;198304;20.405;0.456;4.596;1;1
1796;198305;20.373;0.573;0.541;1;1
1796;198306;20.276;0.555;0.458;1;1
1796;198307;16.295;5.619;1.638;1;1
1796;198308;12.91;4.204;0.819;1;1
1796;198309;7.807;5.809;0.706;1;1
1796;198310;2.849;5.28;0.322;1;1
1796;198311;1.767;1.466;0.384;1;1
1796;198312;3.307;0.316;1.856;1;1
1796;198401;7.179;0.216;4.088;1;1
1796;198402;11.607;0.247;4.675;1;1
1796;198403;14.103;0.281;2.777;1;1
1796;198404;19.695;0.342;5.934;1;1
1796;198405;20.308;0.723;1.336;1;1
1796;198406;20.292;0.555;0.539;1;1
1796;198407;17.781;3.474;0.963;1;1
1796;198408;11.511;7.011;0.741;1;1
1796;198409;6.635;5.521;0.645;1;1
1796;198410;4.432;2.879;0.676;1;1
1796;198411;5.469;3.587;4.624;1;1
1796;198412;5.495;5.146;5.172;1;1
1796;198501;11.25;0.502;6.257;1;1
1796;198502;18.225;3.678;10.653;1;1
1796;198503;17.015;7.416;6.206;1;1
1796;198504;18.924;2.765;4.674;1;1
1796;198505;19.991;0.613;1.68;1;1
1796;198506;19.64;1.486;1.135;1;1
1796;198507;13.254;7.362;0.976;1;1
1796;198508;6.309;7.536;0.591;1;1
1796;198509;2.603;3.815;0.109;1;1
1796;198510;1.217;1.603;0.217;1;1
1796;198511;1.322;0.423;0.528;1;1
1796;198512;2.48;0.383;1.541;1;1
1796;198601;6.482;0.193;4.195;1;1
1796;198602;15.535;0.148;9.201;1;1
1796;198603;19.53;0.463;4.458;1;1
1796;198604;20.09;2.048;2.608;1;1
1796;198605;20.26;1.809;1.979;1;1
1796;198606;18.776;2.314;0.83;1;1
1796;198607;11.785;7.613;0.622;1;1
1796;198608;6.382;6.075;0.672;1;1
1796;198609;4.34;2.342;0.3;1;1
1796;198610;3.688;0.813;0.161;1;1
1796;198611;3.674;0.681;0.667;1;1
1796;198612;4.571;0.271;1.168;1;1
1796;198701;5.923;0.278;1.63;1;1
1796;198702;8.866;0.273;3.216;1;1
1796;198703;10.913;0.327;2.374;1;1
1796;198704;14.437;0.296;3.82;1;1
1796;198705;15.753;0.191;1.507;1;1
1796;198706;15.232;1.315;0.794;1;1
1796;198707;10.532;5.403;0.703;1;1
1796;198708;4.562;6.166;0.196;1;1
1796;198709;1.996;3.075;0.509;1;1
1796;198710;7.715;0.372;6.091;1;1
1796;198711;10.546;1.424;4.255;1;1
1796;198712;10.748;2.805;3.007;1;1
1796;198801;16.795;0.993;7.04;1;1
1796;198802;18.808;6.714;8.727;1;1
1796;198803;19.083;1.571;1.846;1;1
1796;198804;20.308;0.65;1.875;1;1
1796;198805;20.308;0.102;0.102;1;1
1796;198806;20.292;0.026;0.01;1;1
1796;198807;20.178;0.197;0.083;1;1
1796;198808;14.171;6.867;0.86;1;1
1796;198809;6.952;7.862;0.643;1;1
1796;198810;3.823;3.145;0.016;1;1
1796;198811;3.093;0.836;0.106;1;1
1796;198812;3.046;0.349;0.302;1;1
1796;198901;3.046;0.273;0.273;1;1
1796;198902;3.146;0.208;0.308;1;1
1796;198903;4.2;0.128;1.182;1;1
1796;198904;6.287;0.135;2.222;1;1
1796;198905;7.536;0.15;1.399;1;1
1796;198906;8.356;0.151;0.971;1;1
1796;198907;4.243;4.49;0.377;1;1
1796;198908;1.491;3.169;0.417;1;1
1796;198909;1.347;0.31;0.166;1;1
1796;198910;1.345;0.311;0.309;1;1
1796;198911;1.738;0.277;0.67;1;1
1796;198912;5.907;0.229;4.398;1;1
1796;199001;8.802;0.305;3.2;1;1
1796;199002;13.182;0.307;4.687;1;1
1796;199003;14.509;0.358;1.685;1;1
1796;199004;15.26;0.259;1.01;1;1
1796;199005;15.611;0.228;0.579;1;1
1796;199006;11.036;4.684;0.109;1;1
1796;199007;5.749;5.268;;1;1
1796;199008;4.553;0.921;;1;1
1796;199009;3.411;0.924;;1;1
1796;199010;2.889;0.578;0.056;1;1
1796;199011;3.049;0.336;0.496;1;1
1796;199012;3.823;0.308;1.082;1;1
1796;199101;8.655;0.174;5.006;1;1
1796;199102;12.038;0.15;3.533;1;1
1796;199103;19.019;0.183;7.164;1;1
1796;199104;20.276;0.139;1.396;1;1
1796;199105;20.276;0.078;0.078;1;1
1796;199106;17.351;3.268;0.343;1;1
1796;199107;10.647;7.174;0.47;1;1
1796;199108;6.808;4.04;0.201;1;1
1796;199109;3.784;3.007;;1;1
1796;199110;3.71;0.35;0.276;1;1
1796;199111;5.336;0.256;1.882;1;1
1796;199112;6.137;0.287;1.088;1;1
1796;199201;6.952;0.295;1.11;1;1
1796;199202;7.31;0.281;0.639;1;1
1796;199203;7.632;0.303;0.625;1;1
1796;199204;10.017;0.267;2.652;1;1
1796;199205;10.604;0.207;0.794;1;1
1796;199206;11.124;0.204;0.724;1;1
1796;199207;7.807;4.029;0.712;1;1
1796;199208;4.487;3.47;0.15;1;1
1796;199209;4.369;0.379;0.261;1;1
1796;199210;4.631;0.368;0.63;1;1
1796;199211;5.722;0.58;1.671;1;1
1796;199212;10.324;0.253;4.855;1;1
1796;199301;11.704;0.271;1.651;1;1
1796;199302;12.421;0.251;0.968;1;1
1796;199303;13.062;0.281;0.922;1;1
1796;199304;14.482;0.21;1.63;1;1
1796;199305;17.883;0.184;3.585;1;1
1796;199306;20.308;0.15;2.575;1;1
1796;199307;19.344;1.484;0.52;1;1
1796;199308;12.87;7.05;0.576;1;1
1796;199309;11.146;2.002;0.278;1;1
1796;199310;14.188;0.349;3.391;1;1
1796;199311;15.384;0.356;1.552;1;1
1796;199312;18.057;0.766;3.439;1;1
1796;199401;20.324;4.015;6.282;1;1
1796;199402;20.308;4.064;4.048;1;1
1796;199403;20.292;4.5;4.484;1;1
1796;199404;20.276;4.355;4.339;1;1
1796;199405;20.276;4.5;4.5;1;1
1796;199406;19.158;1.73;0.612;1;1
1796;199407;14.154;5.126;0.122;1;1
1796;199408;8.91;5.938;0.694;1;1
1796;199409;7.268;1.591;;1;1
1796;199410;7.256;0.724;0.712;1;1
1796;199411;8.955;0.624;2.323;1;1
1796;199412;10.647;0.323;2.015;1;1
1796;199501;17.045;0.502;6.9;1;1
1796;199502;17.944;6.984;7.883;1;1
1796;199503;16.865;7.154;6.075;1;1
1796;199504;17.126;0.821;1.082;1;1
1796;199505;17.965;0.237;;1;1
1796;199506;16.255;1.976;0.266;1;1
1796;199507;12.145;4.389;0.279;1;1
1796;199508;6.578;5.848;0.281;1;1
1796;199509;4.581;1.989;0;1;1
1796;199510;4.553;0.295;0.267;1;1
1796;199511;6.204;0.167;1.818;1;1
1796;199512;12.974;0.195;6.965;1;1
1796;199601;20.221;2.169;9.416;1;1
1796;199602;18.363;7.283;5.425;1;1
1796;199603;19.041;2.421;3.099;1;1
1796;199604;19.072;3.332;3.363;1;1
1796;199605;19.859;0.579;1.366;1;1
1796;199606;17.617;2.9;0.658;1;1
1796;199607;11.05;6.903;0.336;1;1
1796;199608;6.449;4.659;0.058;1;1
1796;199609;4.544;1.855;;1;1
1796;199610;4.504;0.286;0.246;1;1
1796;199611;6.465;0.265;2.226;1;1
1796;199612;9.56;0.308;3.403;1;1
1796;199701;12.918;0.337;3.695;1;1
1796;199702;14.634;0.293;2.009;1;1
1796;199703;15.715;0.182;1.263;1;1
1796;199704;15.98;0.179;0.444;1;1
1796;199705;16.785;0.185;0.99;1;1
1796;199706;18.057;0.183;1.455;1;1
1796;199707;16.735;2.133;0.811;1;1
1796;199708;10.827;6.072;0.164;1;1
1796;199709;7.887;3.395;0.455;1;1
1796;199710;8.029;0.804;0.946;1;1
1796;199711;12.695;0.778;5.444;1;1
1796;199712;14.001;8.502;9.808;1;1
1796;199801;15.715;5.659;7.373;1;1
1796;199802;17.005;1.633;2.923;1;1
1796;199803;18.108;0.536;1.639;1;1
1796;199804;20.373;2.877;5.142;1;1
1796;199805;20.292;4.018;3.937;1;1
1796;199806;19.903;3.335;2.946;1;1
1796;199807;15.611;6.981;2.689;1;1
1796;199808;9.56;9.824;3.773;1;1
1796;199809;7.697;3.465;1.602;1;1
1796;199810;7.685;0.804;0.792;1;1
1796;199811;7.764;0.778;0.857;1;1
1796;199812;8.103;0.804;1.143;1;1
1796;199901;9.21;0.804;1.911;1;1
1796;199902;9.913;0.726;1.429;1;1
1796;199903;11.436;0.804;2.327;1;1
1796;199904;13.334;0.759;2.657;1;1
1796;199905;15.573;0.777;3.016;1;1
1796;199906;15.905;1.199;1.531;1;1
1796;199907;10.698;6.54;1.333;1;1
1796;199908;6.393;5.573;1.268;1;1
1796;199909;6.115;1.417;1.139;1;1
1796;199910;10.066;0.804;4.755;1;1
1796;199911;12.655;0.778;3.367;1;1
1796;199912;15.545;0.804;3.694;1;1
1796;200001;18.108;0.804;3.367;1;1
1796;200002;18.5;1.365;1.757;1;1
1796;200003;18.617;1.417;1.534;1;1
1796;200004;20.373;0.734;2.49;1;1
1796;200005;20.276;0;;1;1
1796;200006;18.861;1.909;0.494;1;1
1796;200007;14.849;4.916;0.904;1;1
1796;200008;9.969;5.815;0.935;1;1
1796;200009;6.527;3.931;0.489;1;1
1796;200010;6.443;0.804;0.72;1;1
1796;200011;10.662;0.778;4.997;1;1
1796;200012;18.744;8.346;16.428;1;1
1796;200101;20.221;11.5;12.977;1;1
1796;200102;17.637;11.927;9.343;1;1
1796;200103;20.34;9.081;11.784;1;1
1796;200104;18.723;6.471;4.854;1;1
1796;200105;20.276;0.804;2.357;1;1
1796;200106;18.808;2.462;0.994;1;1
1796;200107;14.401;5.054;0.647;1;1
1796;200108;9.486;5.564;0.649;1;1
1796;200109;7.807;2.765;1.086;1;1
1796;200110;7.667;1.045;0.905;1;1
1796;200111;7.459;0.881;0.673;1;1
1796;200112;7.25;0.804;0.595;1;1
1796;200201;7.375;0.774;0.899;1;1
1796;200202;8.134;0.677;1.436;1;1
1796;200203;9.068;0.75;1.684;1;1
1796;200204;9.601;0.695;1.228;1;1
1796;200205;9.927;0.67;0.996;1;1
1796;200206;10.303;0.799;1.175;1;1
1796;200207;5.955;7.629;3.281;1;1
1796;200208;3.688;3.23;0.963;1;1
1796;200209;2.79;1.308;0.41;1;1
1796;200210;3.106;0.67;0.986;1;1
1796;200211;6.779;0.648;4.321;1;1
1796;200212;13.334;0.67;7.225;1;1
1796;200301;20.308;2.233;9.207;1;1
1796;200302;20.232;2.903;2.827;1;1
1796;200303;19.662;3.239;2.669;1;1
1796;200304;20.308;1.481;2.127;1;1
1796;200305;20.243;1.071;1.006;1;1
1796;200306;17.147;3.81;0.714;1;1
1796;200307;12.437;5.265;0.555;1;1
1796;200308;6.354;6.441;0.358;1;1
1796;200309;4.831;1.952;0.429;1;1
1796;200310;4.79;0.727;0.686;1;1
1796;200311;6.797;0.648;2.655;1;1
1796;200312;9.906;;;1;1
1796;200401;14.795;0.67;5.559;1;1
1796;200402;;;;1;1
1796;200403;17.944;0.67;;1;1
1796;200404;18.469;0.648;1.173;1;1
1796;200405;19.009;0.67;1.21;1;1
1796;200406;16.455;3.084;0.53;1;1
1796;200407;10.402;6.173;0.12;1;1
1796;200408;7.566;3.286;0.45;1;1
1796;200409;6.797;1.274;0.505;1;1
1796;200410;7.096;0.804;1.103;1;1
1796;200411;7.703;0.778;1.385;1;1
1796;200412;8.388;0.804;1.489;1;1
1796;200501;9.297;0.804;1.713;1;1
1796;200502;9.581;0.683;0.967;1;1
1796;200503;10.052;0.402;0.873;1;1
1796;200504;10.935;0.389;1.272;1;1
1796;200505;12.306;0.402;1.773;1;1
1796;200506;11.681;1.545;0.92;1;1
1796;200507;7.149;5.268;0.736;1;1
1796;200508;5.159;2.492;0.502;1;1
1796;200509;3.699;;;1;1
1796;200510;3.858;0.67;0.829;1;1
1796;200511;4.293;0.648;1.083;1;1
1796;200512;5.203;0.67;1.58;1;1
1796;200601;6.362;0.67;1.829;1;1
1796;200602;8.078;0.605;2.321;1;1
1796;200603;12.814;0.67;5.406;1;1
1796;200604;15.526;0.648;3.36;1;1
1796;200605;16.485;0.67;1.629;1;1
1796;200606;14.365;3.089;0.969;1;1
1796;200607;9.277;5.789;0.701;1;1
1796;200608;5.504;4.311;0.538;1;1
1796;200609;3.92;2.225;0.641;1;1
1796;200610;5.694;0.372;2.146;1;1
1796;200611;10.101;0.389;4.796;1;1
1796;200612;17.852;0.402;8.153;1;1
1796;200701;19.903;0.402;2.453;1;1
1796;200702;20.276;4.433;4.806;1;1
1796;200703;19.684;4.798;4.206;1;1
1796;200704;20.035;1.823;2.174;1;1
1796;200705;20.26;0.826;1.051;1;1
1796;200706;20.26;0.424;0.424;1;1
1796;200707;17.689;3.28;0.709;1;1
1796;200708;12.076;6.6;0.987;1;1
1796;200709;9.082;3.716;0.722;1;1
1796;200710;8.592;0.968;0.478;1;1
1796;200711;8.407;0.684;0.499;1;1
1796;200712;8.369;0.536;0.498;1;1
1796;200801;9.068;0.536;1.235;1;1
1796;200802;9.594;0.391;0.917;1;1
1796;200803;10.338;0.402;1.146;1;1
1796;200804;14.095;0.389;4.146;1;1
1796;200805;17.474;0.402;3.781;1;1
1796;200806;19.585;0.389;2.5;1;1
1796;200807;16.056;4.764;1.235;1;1
1796;200808;11.6;5.594;1.138;1;1
1796;200809;10.254;1.934;0.588;1;1
1796;200810;10.003;0.804;0.553;1;1
1796;200811;10.122;0.594;0.713;1;1
1796;200812;12.671;0.536;3.085;1;1
1796;200901;16.445;0.562;4.336;1;1
1796;200902;17.31;6.326;7.191;1;1
1796;200903;17.29;3.179;3.159;1;1
1796;200904;18.447;0.518;1.675;1;1
1796;200905;19.388;0.536;1.477;1;1
1796;200906;20.145;0.868;1.625;1;1
1796;200907;16.185;5.219;1.259;1;1
1796;200908;11.577;5.729;1.121;1;1
1796;200909;8.085;4.355;0.863;1;1
1796;200910;7.746;1.086;0.747;1;1
1796;200911;10.431;0.518;3.203;1;1
1796;200912;14.356;5.858;9.783;1;1
1796;201001;15.961;9.152;10.757;1;1
1796;201002;16.385;6.073;6.497;1;1
1796;201003;16.265;7.686;7.566;1;1
1796;201004;17.75;3.309;4.794;1;1
1796;201005;19.443;0.536;2.229;1;1
1796;201006;20.232;0.759;1.548;1;1
1796;201007;17.167;4.462;1.397;1;1
1796;201008;11.496;6.805;1.134;1;1
1796;201009;8.375;4.04;0.919;1;1
1796;201010;7.73;1.68;1.035;1;1
1796;201011;9.18;1.296;2.746;1;1
1796;201012;11.8;1.339;3.959;1;1
1796;201101;14.38;6.382;8.962;1;1
1796;201102;15.47;3.061;4.151;1;1
1796;201103;15.84;3.24;3.61;1;1
1796;201104;17.56;0.7;2.42;1;1
1796;201105;18.43;0.536;1.406;1;1
1796;201106;16.43;2.835;0.835;1;1
1796;201107;11.24;6.302;1.112;1;1
1796;201108;5.91;6.294;0.964;1;1
1796;201109;4.14;2.412;0.642;1;1
1796;201110;4.041;0.623;0.524;1;1
1796;201111;4.272;0.545;0.776;1;1
1796;201112;5.027;0.51;1.265;1;1
1796;201201;5.77;0.268;1.011;1;1
1796;201202;6.315;0.251;0.796;1;1
1796;201203;6.693;0.268;0.646;1;1
1796;201204;8.239;0.259;1.805;1;1
1796;201205;11.176;0.268;3.205;1;1
1796;201206;12.03;0.259;1.113;1;1
1796;201207;9.014;3.983;0.967;1;1
1796;201208;5.046;4.781;0.813;1;1
1796;201209;2.975;2.762;0.691;1;1
1796;201210;3.48;0.268;0.773;1;1
1796;201211;4.12;0.259;0.899;1;1
1796;201212;7.68;0.3;3.86;1;1
1796;201301;14.64;0.456;7.416;1;1
1796;201302;15.88;2.253;3.493;1;1
1796;201303;18.44;2.593;5.153;1;1
1796;201304;19.33;4.803;5.693;1;1
1796;201305;19.72;1.022;1.412;1;1
1796;201306;19.26;0.881;0.421;1;1
1796;201307;14.37;2.877;;1;1
1796;201308;9.36;2.947;;1;1
1796;201309;6.4;1.834;;1;1
1796;201310;7.45;0.325;1.375;1;1
1796;201311;9.8;0.334;2.684;1;1
1796;201312;12.15;0.353;2.703;1;1
1796;201401;16.41;3.609;7.869;1;1
1796;201402;17.06;11.213;11.863;1;1
1796;201403;16.74;4.868;4.548;1;1
1796;201404;18.81;0.621;2.691;1;1
1796;201405;19.98;0.46;1.63;1;1
1796;201406;19.83;0.7;0.55;1;1
1796;201407;16.14;2.278;;1;1
1796;201408;11.01;3.011;;1;1
1796;201409;8.75;1.553;;1;1
1796;201410;8.8;0.544;0.594;1;1
1796;201411;11.65;0.518;3.368;1;1
1796;201412;13.04;0.604;1.994;1;1
1796;201501;14.88;0.689;2.529;1;1
1796;201502;14.47;4.204;3.794;1;1
1796;201503;16.05;1.374;2.954;1;1
1796;201504;17.24;0.457;1.647;1;1
1796;201505;18.3;0.482;1.542;1;1
1796;201506;16.48;1.323;;1;1
1796;201507;11.35;2.919;;1;1
1796;201508;7.75;2.032;;1;1
1796;201509;6;1.231;;1;1
1796;201510;6.33;0.378;0.708;1;1
1796;201511;6.7;0.366;0.736;1;1
1796;201512;6.98;0.377;0.657;1;1
1796;201601;12.78;0.39;6.19;1;1
1796;201602;14.5;7.267;8.987;1;1
1796;201603;15.04;4.467;5.007;1;1
1796;201604;17.75;2.645;5.355;1;1
1796;201605;19.25;1.368;2.868;1;1
1796;201606;18.32;1.465;0.535;1;1
1796;201607;15.37;1.946;;1;1
1796;201608;9.92;3.288;;1;1
1796;201609;6.98;1.878;;1;1
1796;201610;6.96;0.311;0.291;1;1
1796;201611;7.08;0.301;0.421;1;1
1796;201612;7.08;0.311;0.311;1;1
1796;201701;7.15;0.311;0.381;1;1
1796;201702;9.04;0.281;2.171;1;1
1796;201703;10.29;0.311;1.561;1;1
1796;201704;10.95;0.301;0.961;1;1
1796;201705;11.54;0.311;0.901;1;1
1796;201706;11;0.631;0.091;1;1
1796;201707;7.16;2.18;;1;1
1796;201708;3.64;2.15;;1;1
1796;201709;3.66;0.301;0.321;1;1
1796;201710;3.64;0.268;0.248;1;1
1796;201711;3.64;0.259;0.259;1;1
1796;201712;4.37;0.27;1;1;1
1796;201801;6.08;0.306;2.016;1;1
1796;201802;8.41;0.319;2.649;1;1
1796;201803;17.05;0.37;9.01;1;1
1796;201804;19.21;3.007;5.167;1;1
1796;201805;19.29;0.938;1.018;1;1
1796;201806;19.83;0.74;1.28;1;1
1796;201807;18.38;1.397;;1;1
1796;201808;12.64;3.48;;1;1
1796;201809;9.15;2.05;;1;1
1796;201810;8.8;0.562;0.212;1;1
1796;201811;9.98;0.386;1.566;1;1
1796;201812;11.22;0.717;1.957;1;1
1796;201901;13.07;0.675;2.525;1;1
1796;201902;15.04;1.474;3.444;1;1
1796;201903;16.78;0.683;2.423;1;1
1796;201904;19.08;0.463;2.763;1;1
1796;201905;19.13;1.018;1.068;1;1
1796;201906;18.93;0.675;0.475;1;1
1796;201907;14.34;2.696;;1;1
1796;201908;9.28;2.99;;1;1
1796;201909;6.57;1.764;;1;1
1796;201910;6.43;0.755;0.615;1;1
1796;201911;11.45;0.775;5.795;1;1
1796;201912;14.92;8.076;11.546;1;1
1796;202001;12.56;5.267;2.907;1;1
1796;202002;13.6;1.157;2.197;1;1
1796;202003;16.31;0.69;3.4;1;1
1796;202004;17.68;0.674;2.044;1;1
1796;202005;18.75;0.694;1.764;1;1
1796;202006;14.89;3.385;;1;1
1796;202007;9.55;3.276;;1;1
1796;202008;6.26;2.175;;1;1
1796;202009;4.25;1.443;;1;1
1796;202010;4.24;0.402;0.392;1;1
1796;202011;4.37;0.4;0.53;1;1
1796;202012;7.83;0.448;3.908;1;1
1796;202101;12.25;0.445;4.865;1;1
1796;202102;16.42;7.214;11.384;1;1
1796;202103;17.35;1.825;2.755;1;1
1796;202104;18.27;0.462;1.382;1;1
1796;202105;19.06;0.433;1.223;1;1
1796;202106;18.55;0.81;0.3;1;1
1796;202107;12.77;3.649;;1;1
1796;202108;6.86;3.772;;1;1
1796;202109;4.86;1.209;;1;1
1807;197210;;;;2;1
1807;197211;;;;2;1
1807;197212;;;;2;1
1807;197301;;;;2;1
1807;197302;;;;2;1
1807;197303;;;;2;1
1807;197304;;;;2;1
1807;197305;;;;2;1
1807;197306;49.91;0.809;7.799;2;1
1807;197307;56.9;0.865;3.155;2;1
1807;197308;59.19;9.054;1.194;2;1
1807;197309;51.33;16.157;1.957;2;1
1807;197310;37.13;14.782;4.122;2;1
1807;197311;26.47;15.756;4.256;2;1
1807;197312;14.97;20.028;11.538;2;1
1807;197401;6.48;12.467;44.907;2;1
1807;197402;38.92;21.673;45.663;2;1
1807;197403;62.91;5.784;15.034;2;1
1807;197404;72.16;12.754;10.004;2;1
1807;197405;69.41;6.405;7.305;2;1
1807;197406;70.31;1.128;8.888;2;1
1807;197407;78.07;3.502;4.262;2;1
1807;197408;78.83;2.832;0.432;2;1
1807;197409;76.43;13.664;2.504;2;1
1807;197410;65.27;37.01;4.63;2;1
1807;197411;32.89;34.58;13.95;2;1
1807;197412;12.26;11.135;6.785;2;1
1807;197501;7.91;12.74;12.81;2;1
1807;197502;7.98;0.838;17.908;2;1
1807;197503;25.05;4.939;33.919;2;1
1807;197504;54.03;0.016;7.266;2;1
1807;197505;61.28;2.11;4.47;2;1
1807;197506;63.64;5.316;2.526;2;1
1807;197507;60.85;13.807;2.317;2;1
1807;197508;49.36;8.902;0.852;2;1
1807;197509;41.31;23.928;2.958;2;1
1807;197510;20.34;15.201;3.571;2;1
1807;197511;8.71;5.8;5.01;2;1
1807;197512;7.92;8.828;7.888;2;1
1807;197601;6.98;4.169;4.319;2;1
1807;197602;7.13;0;10.93;2;1
1807;197603;18.06;2.152;10.042;2;1
1807;197604;25.95;3.931;7.441;2;1
1807;197605;29.46;6.607;3.417;2;1
1807;197606;26.27;7.879;1.299;2;1
1807;197607;19.69;6.524;1.654;2;1
1807;197608;14.82;0.669;0.669;2;1
1807;197609;14.82;0;0.77;2;1
1807;197610;15.59;5.287;12.147;2;1
1807;197611;22.45;8.764;16.784;2;1
1807;197612;30.47;8.173;28.353;2;1
1807;197701;50.65;16.799;42.389;2;1
1807;197702;76.24;62.335;62.895;2;1
1807;197703;76.8;28.784;30.494;2;1
1807;197704;78.51;11.437;17.017;2;1
1807;197705;84.09;7.397;8.267;2;1
1807;197706;84.96;5.696;5.966;2;1
1807;197707;85.23;3.487;3.217;2;1
1807;197708;84.96;1.807;1.407;2;1
1807;197709;84.56;7.263;1.083;2;1
1807;197710;78.38;0.391;3.431;2;1
1807;197711;81.42;0.437;3.307;2;1
1807;197712;84.29;23.871;19.671;2;1
1807;197801;80.09;24.513;23.773;2;1
1807;197802;79.35;53.611;60.281;2;1
1807;197803;86.02;41.078;34.078;2;1
1807;197804;79.02;12.617;15.147;2;1
1807;197805;81.55;15.145;17.815;2;1
1807;197806;84.22;9.386;5.656;2;1
1807;197807;80.49;2.18;0.71;2;1
1807;197808;79.02;12.779;1.199;2;1
1807;197809;67.44;16.272;1.232;2;1
1807;197810;52.4;37.977;29.447;2;1
1807;197811;43.87;15.168;2.198;2;1
1807;197812;30.9;32.797;70.177;2;1
1807;197901;68.28;59.141;45.481;2;1
1807;197902;54.62;48.534;75.664;2;1
1807;197903;81.75;33.102;34.702;2;1
1807;197904;83.35;40.465;38.065;2;1
1807;197905;80.95;7.906;10.106;2;1
1807;197906;83.15;2.022;4.212;2;1
1807;197907;85.34;5.636;1.646;2;1
1807;197908;81.35;3.016;;2;1
1807;197909;78.01;14.941;1.521;2;1
1807;197910;64.59;18.857;7.997;2;1
1807;197911;53.73;38.013;11.303;2;1
1807;197912;27.02;33.763;12.343;2;1
1807;198001;5.6;17.86;17.87;2;1
1807;198002;5.61;19.417;17.427;2;1
1807;198003;3.62;11.154;15.384;2;1
1807;198004;7.85;18.305;18.275;2;1
1807;198005;7.82;1.705;9.265;2;1
1807;198006;15.38;2.244;4.004;2;1
1807;198007;17.14;0.139;1.059;2;1
1807;198008;18.06;0;0.22;2;1
1807;198009;18.28;2.424;0.294;2;1
1807;198010;16.15;1.464;0.584;2;1
1807;198011;15.27;3.423;4.193;2;1
1807;198012;16.04;7.177;4.397;2;1
1807;198101;13.26;5.739;3.429;2;1
1807;198102;10.95;4.927;4.157;2;1
1807;198103;10.18;14.005;13.935;2;1
1807;198104;10.11;8.986;13.456;2;1
1807;198105;14.58;19.909;12.949;2;1
1807;198106;7.62;0;4.22;2;1
1807;198107;11.84;0.07;0.73;2;1
1807;198108;12.5;0.417;0.017;2;1
1807;198109;12.1;3.523;1.143;2;1
1807;198110;9.72;4.778;4.088;2;1
1807;198111;9.03;2.486;1.726;2;1
1807;198112;8.27;21.929;42.179;2;1
1807;198201;28.52;45.188;32.998;2;1
1807;198202;16.33;15.663;15.213;2;1
1807;198203;15.88;0.039;8.059;2;1
1807;198204;23.9;0.192;4.492;2;1
1807;198205;28.2;0.067;4.757;2;1
1807;198206;32.89;0.538;2.358;2;1
1807;198207;34.71;0.224;0.444;2;1
1807;198208;34.93;0.593;0.953;2;1
1807;198209;35.29;3.65;0.848;2;1
1807;198210;32.488;8.016;3.289;2;1
1807;198211;27.761;20.937;17.691;2;1
1807;198212;24.515;12.102;22.139;2;1
1807;198301;34.552;6.872;9.356;2;1
1807;198302;37.036;5.587;10.683;2;1
1807;198303;42.132;6.395;9.151;2;1
1807;198304;44.888;24.177;27.125;2;1
1807;198305;47.836;41.662;38.879;2;1
1807;198306;45.053;13.846;10.114;2;1
1807;198307;41.321;24.042;7.136;2;1
1807;198308;24.415;0.668;2.843;2;1
1807;198309;26.59;0;0.868;2;1
1807;198310;27.458;0;0.637;2;1
1807;198311;28.095;6.6;6.461;2;1
1807;198312;27.956;20.555;28.872;2;1
1807;198401;36.273;13.478;19.924;2;1
1807;198402;42.719;15.109;14.173;2;1
1807;198403;41.783;15.729;15.883;2;1
1807;198404;41.937;19.678;19.601;2;1
1807;198405;41.86;19.87;13.873;2;1
1807;198406;35.863;6.865;11.941;2;1
1807;198407;40.939;16.622;4.973;2;1
1807;198408;29.29;8.51;1.298;2;1
1807;198409;22.078;5.431;0.762;2;1
1807;198410;17.409;7.9;4.481;2;1
1807;198411;13.99;24.026;23.647;2;1
1807;198412;13.611;22.592;27.501;2;1
1807;198501;18.52;16.653;37.465;2;1
1807;198502;39.332;60.172;55.992;2;1
1807;198503;35.152;16.382;24.583;2;1
1807;198504;43.353;24.302;25.961;2;1
1807;198505;45.012;4.13;7.301;2;1
1807;198506;48.183;27.365;10.831;2;1
1807;198507;31.649;1.853;1.242;2;1
1807;198508;31.038;1.871;0.648;2;1
1807;198509;29.815;8.448;1.99;2;1
1807;198510;23.357;8.344;2.768;2;1
1807;198511;17.781;16.02;5.364;2;1
1807;198512;7.125;14.742;19.075;2;1
1807;198601;11.458;;;2;1
1807;198602;33.54;;;2;1
1807;198603;54.551;20.602;17.451;2;1
1807;198604;51.4;17.569;15.052;2;1
1807;198605;48.883;0.13;7.754;2;1
1807;198606;56.507;1.09;2.242;2;1
1807;198607;57.659;15.619;3.095;2;1
1807;198608;45.135;0.453;0.207;2;1
1807;198609;44.889;2.682;2.97;2;1
1807;198610;45.177;9.327;2.284;2;1
1807;198611;38.134;26.5;10.26;2;1
1807;198612;21.894;11.324;9.801;2;1
1807;198701;20.371;16.775;13.333;2;1
1807;198702;16.929;23.027;20.476;2;1
1807;198703;14.378;9.73;10.987;2;1
1807;198704;15.635;2.946;22.262;2;1
1807;198705;34.951;9.039;9.577;2;1
1807;198706;35.489;39.08;5.719;2;1
1807;198707;2.128;3.297;1.169;2;1
1807;198708;0;1.335;1.335;2;1
1807;198709;0;1.291;1.291;2;1
1807;198710;0;1.648;23.381;2;1
1807;198711;21.733;20.428;19.045;2;1
1807;198712;20.35;23.072;27.237;2;1
1807;198801;24.515;26.991;48.191;2;1
1807;198802;45.715;34.671;35.595;2;1
1807;198803;46.639;12.83;8.675;2;1
1807;198804;42.484;19.452;12.967;2;1
1807;198805;35.999;17.058;13.172;2;1
1807;198806;32.113;12.025;10.289;2;1
1807;198807;30.377;20.09;8.213;2;1
1807;198808;18.5;13.898;2.892;2;1
1807;198809;7.494;8.427;0.933;2;1
1807;198810;0;0;3.042;2;1
1807;198811;3.042;8.723;6.222;2;1
1807;198812;0.541;3.046;5.165;2;1
1807;198901;2.66;4.097;3.661;2;1
1807;198902;2.224;1.421;7.762;2;1
1807;198903;8.565;6.092;12.247;2;1
1807;198904;14.72;2.255;16.053;2;1
1807;198905;28.518;1.704;7.475;2;1
1807;198906;34.289;11.894;6.293;2;1
1807;198907;28.688;17.802;11.542;2;1
1807;198908;22.428;2.176;0.67;2;1
1807;198909;20.922;6.214;1.695;2;1
1807;198910;16.403;0.017;0.562;2;1
1807;198911;16.948;4.484;11.976;2;1
1807;198912;24.44;41.608;68.705;2;1
1807;199001;51.537;32.163;27.604;2;1
1807;199002;46.978;29.899;28.056;2;1
1807;199003;45.135;15.351;8.602;2;1
1807;199004;38.386;22.032;11.159;2;1
1807;199005;27.513;4.974;4.7;2;1
1807;199006;27.239;2.174;1.848;2;1
1807;199007;26.913;1.27;0.075;2;1
1807;199008;25.718;3.362;1.219;2;1
1807;199009;23.575;10.011;3.461;2;1
1807;199010;17.025;8.631;6.691;2;1
1807;199011;15.085;14.926;9.235;2;1
1807;199012;9.394;6.698;6.07;2;1
1807;199101;8.766;14.157;19.415;2;1
1807;199102;14.024;8.182;14.573;2;1
1807;199103;20.415;15.515;37.077;2;1
1807;199104;41.977;11.36;11.476;2;1
1807;199105;42.093;10.08;5.8;2;1
1807;199106;37.813;7.21;4.549;2;1
1807;199107;35.152;9.615;4.337;2;1
1807;199108;29.874;10.803;5.419;2;1
1807;199109;24.49;7.847;2.661;2;1
1807;199110;19.304;0.25;0.65;2;1
1807;199111;19.704;12.988;11.482;2;1
1807;199112;18.198;12.925;7.442;2;1
1807;199201;12.715;10.6;11.366;2;1
1807;199202;13.481;7.229;6.715;2;1
1807;199203;12.967;3.811;4.636;2;1
1807;199204;13.792;2.762;14.924;2;1
1807;199205;25.954;0.32;4.093;2;1
1807;199206;29.727;4.179;5.733;2;1
1807;199207;31.281;6.455;2.441;2;1
1807;199208;27.267;6.09;1.891;2;1
1807;199209;23.068;4.26;1.217;2;1
1807;199210;20.025;4.888;2.526;2;1
1807;199211;17.663;6.609;3.874;2;1
1807;199212;14.928;13.596;17.722;2;1
1807;199301;19.054;16.373;11.177;2;1
1807;199302;13.858;5.342;4.499;2;1
1807;199303;13.015;1.505;3.54;2;1
1807;199304;15.05;1.565;8.021;2;1
1807;199305;21.506;5.279;15.886;2;1
1807;199306;32.113;8.572;10.096;2;1
1807;199307;33.637;11.458;3.592;2;1
1807;199308;25.771;2.474;0.523;2;1
1807;199309;23.82;3.423;2.008;2;1
1807;199310;22.405;20.142;26.568;2;1
1807;199311;28.831;29.781;18.07;2;1
1807;199312;17.12;15.743;13.018;2;1
1807;199401;14.395;10.521;37.18;2;1
1807;199402;41.054;10.27;22.952;2;1
1807;199403;53.736;14.629;14.344;2;1
1807;199404;53.451;7.371;7.656;2;1
1807;199405;53.736;22.243;21.675;2;1
1807;199406;53.168;11.741;8.387;2;1
1807;199407;49.814;9.948;4.533;2;1
1807;199408;44.399;6.563;2.238;2;1
1807;199409;40.074;17.314;5.308;2;1
1807;199410;22.032;12.822;6.109;1;1
1807;199411;13.383;21.363;12.714;1;1
1807;199412;14.293;6.725;7.635;1;1
1807;199501;31.296;15.618;32.621;1;1
1807;199502;49.162;8.702;26.568;1;1
1807;199503;49.651;13.597;14.086;1;1
1807;199504;45.481;9.681;5.511;1;1
1807;199505;46.527;6.816;7.862;1;1
1807;199506;40.917;11.047;5.437;1;1
1807;199507;35.167;9.641;3.891;1;1
1807;199508;29.334;8.828;2.995;1;1
1807;199509;26.659;5.833;3.158;1;1
1807;199510;24.23;6.664;4.235;1;1
1807;199511;23.227;14.103;13.1;1;1
1807;199512;39.939;22.516;39.228;1;1
1807;199601;49.562;73.287;82.91;1;1
1807;199602;46.569;31.703;28.71;1;1
1807;199603;53.419;8.258;15.108;1;1
1807;199604;50.008;20.238;16.827;1;1
1807;199605;49.517;15.031;14.54;1;1
1807;199606;42.971;14.165;7.619;1;1
1807;199607;35.605;9.947;2.581;1;1
1807;199608;31.973;4.612;0.98;1;1
1807;199609;24.405;9.304;1.736;1;1
1807;199610;20.627;6.558;2.78;1;1
1807;199611;22.821;6.886;9.08;1;1
1807;199612;33.523;13.275;23.977;1;1
1807;199701;41.107;18.395;25.979;1;1
1807;199702;36.426;17.486;12.805;1;1
1807;199703;29.83;13.514;6.918;1;1
1807;199704;25.603;8.141;3.914;1;1
1807;199705;30.065;1.805;6.267;1;1
1807;199706;37.579;3.635;11.149;1;1
1807;199707;37.863;2.982;3.266;1;1
1807;199708;37.262;1.462;0.861;1;1
1807;199709;30.751;7.779;1.268;1;1
1807;199710;28.903;6.259;4.411;1;1
1807;199711;55.244;14.842;41.183;1;1
1807;199712;56.028;40.169;40.953;1;1
1807;199801;56.472;29.02;29.464;1;1
1807;199802;57.674;9.839;11.041;1;1
1807;199803;52.572;13.262;8.16;1;1
1807;199804;57.825;25.212;30.465;1;1
1807;199805;50.053;21.303;13.531;1;1
1807;199806;52.759;3.936;6.642;1;1
1807;199807;47.679;7.246;2.166;1;1
1807;199808;38.185;13.386;3.892;1;1
1807;199809;32.222;9.404;3.441;1;1
1807;199810;19.319;16.222;3.319;1;1
1807;199811;9.034;12.771;2.486;1;1
1807;199812;3.299;8.437;2.702;1;1
1807;199901;9.771;3.456;9.928;1;1
1807;199902;13.947;1.14;5.316;1;1
1807;199903;22.692;1.975;10.72;1;1
1807;199904;32.904;0.793;11.005;1;1
1807;199905;43.597;3.375;14.068;1;1
1807;199906;43.437;3.996;3.836;1;1
1807;199907;42.254;1.733;0.55;1;1
1807;199908;41.249;1.282;0.277;1;1
1807;199909;38.355;6.713;3.819;1;1
1807;199910;48.275;7.211;17.131;1;1
1807;199911;38.319;24.458;14.502;1;1
1807;199912;38.463;17.321;17.465;1;1
1807;200001;29.937;21.14;12.614;1;1
1807;200002;28.75;10.454;9.267;1;1
1807;200003;25.283;8.526;5.059;1;1
1807;200004;45.222;4.931;24.87;1;1
1807;200005;55.185;5.883;15.846;1;1
1807;200006;42.606;17.924;5.345;1;1
1807;200007;27.463;18.393;3.25;1;1
1807;200008;23.849;3.901;0.287;1;1
1807;200009;3.321;20.563;0.035;1;1
1807;200010;3.173;1.311;1.163;1;1
1807;200011;15.749;6.185;18.761;1;1
1807;200012;58.68;48.877;91.808;1;1
1807;200101;60.653;88.525;90.498;1;1
1807;200102;49.02;51.232;39.599;1;1
1807;200103;61.82;80.482;93.282;1;1
1807;200104;41.749;41.814;21.743;1;1
1807;200105;31.346;24.942;14.539;1;1
1807;200106;23.507;11.23;3.391;1;1
1807;200107;17.376;7.275;1.144;1;1
1807;200108;12.69;4.578;;1;1
1807;200109;11.7;1.077;0.087;1;1
1807;200110;14.13;0.969;3.399;1;1
1807;200111;4.745;10.491;1.106;1;1
1807;200112;4.319;1.778;1.352;1;1
1807;200201;10.958;0.309;6.948;1;1
1807;200202;20.246;0;9.288;1;1
1807;200203;30.68;0.183;10.617;1;1
1807;200204;36.072;0.156;5.548;1;1
1807;200205;24.772;17.139;5.839;1;1
1807;200206;27.162;0;2.39;1;1
1807;200207;27.573;0;0.411;1;1
1807;200208;26.57;0.271;;1;1
1807;200209;26.515;0.389;0.334;1;1
1807;200210;26.622;6.332;6.439;1;1
1807;200211;28.128;26.383;27.889;1;1
1807;200212;58.119;22.025;52.016;1;1
1807;200301;53.789;56.577;52.247;1;1
1807;200302;57.11;9.201;12.522;1;1
1807;200303;51.68;22.868;17.438;1;1
1807;200304;45.058;25.665;19.043;1;1
1807;200305;42.527;12.057;9.526;1;1
1807;200306;42.371;2.69;2.534;1;1
1807;200307;35.833;8.207;1.669;1;1
1807;200308;30.77;5.594;0.531;1;1
1807;200309;24.047;7.578;0.855;1;1
1807;200310;24.52;1.656;2.129;1;1
1807;200311;21.601;13.977;11.058;1;1
1807;200312;22.977;15.238;16.614;1;1
1807;200401;30.801;5.541;13.365;1;1
1807;200402;37.251;1.702;8.152;1;1
1807;200403;43;2.045;7.794;1;1
1807;200404;49.685;0.257;6.942;1;1
1807;200405;53.456;1.606;5.377;1;1
1807;200406;50.902;4.175;1.621;1;1
1807;200407;36.415;15.739;1.252;1;1
1807;200408;19.966;18.566;2.117;1;1
1807;200409;15.249;5.711;0.994;1;1
1807;200410;23.776;2.615;11.142;1;1
1807;200411;25.18;6.544;7.948;1;1
1807;200412;29.295;2.188;6.303;1;1
1807;200501;27.739;6.781;5.225;1;1
1807;200502;26.117;6.043;4.421;1;1
1807;200503;30.951;2.856;7.69;1;1
1807;200504;36.415;2.681;8.145;1;1
1807;200505;39.743;1.792;5.12;1;1
1807;200506;33.609;9.311;3.177;1;1
1807;200507;30.71;4.38;1.481;1;1
1807;200508;28.95;2.935;1.175;1;1
1807;200509;24.445;5.932;1.427;1;1
1807;200510;21.15;6.89;3.595;1;1
1807;200511;17.944;8.901;5.695;1;1
1807;200512;24.671;3.238;9.965;1;1
1807;200601;26.435;5.974;7.738;1;1
1807;200602;30.62;4.199;8.384;1;1
1807;200603;48.275;10.168;27.823;1;1
1807;200604;49.596;18.674;19.995;1;1
1807;200605;50.493;5.706;6.603;1;1
1807;200606;50.043;3.44;2.99;1;1
1807;200607;42.371;9.529;1.857;1;1
1807;200608;38.971;4.698;1.298;1;1
1807;200609;36.106;4.385;1.52;1;1
1807;200610;43;6.358;13.252;1;1
1807;200611;42.645;28.249;27.894;1;1
1807;200612;53.314;23.172;33.841;1;1
1807;200701;51.496;12.89;11.072;1;1
1807;200702;57.21;16.091;21.805;1;1
1807;200703;55.38;20.707;18.877;1;1
1807;200704;56.86;6.558;8.038;1;1
1807;200705;57.815;6.347;7.302;1;1
1807;200706;58.323;5.911;6.419;1;1
1807;200707;44.689;18.186;4.552;1;1
1807;200708;42.881;3.428;1.62;1;1
1807;200709;36.971;8.094;2.184;1;1
1807;200710;29.527;9.674;2.23;1;1
1807;200711;29.556;1.757;1.786;1;1
1807;200712;29.036;3.214;2.694;1;1
1807;200801;30.62;10.298;11.882;1;1
1807;200802;33.48;4.155;7.015;1;1
1807;200803;36.936;2.605;6.061;1;1
1807;200804;50.088;8.984;22.136;1;1
1807;200805;56.116;4.928;10.956;1;1
1807;200806;55.772;6.646;6.302;1;1
1807;200807;40.945;17.9;3.073;1;1
1807;200808;36.415;6.211;1.681;1;1
1807;200809;31.042;7.366;1.993;1;1
1807;200810;24.823;8.438;2.219;1;1
1807;200811;24.52;2.792;2.489;1;1
1807;200812;25.052;7.518;8.05;1;1
1807;200901;31.408;15.999;22.355;1;1
1807;200902;47.668;8.455;24.715;1;1
1807;200903;36.692;22.944;11.968;1;1
1807;200904;40.041;3.183;6.532;1;1
1807;200905;40.19;4.737;4.886;1;1
1807;200906;38.571;5.727;4.108;1;1
1807;200907;37.357;3.523;2.309;1;1
1807;200908;34.69;4.127;1.46;1;1
1807;200909;24.722;11.746;1.778;1;1
1807;200910;23.776;3.32;2.374;1;1
1807;200911;23.58;12.838;12.642;1;1
1807;200912;49.463;22.364;48.247;1;1
1807;201001;48.668;54.558;53.763;1;1
1807;201002;61.714;29.817;42.863;1;1
1807;201003;56.81;45.836;40.932;1;1
1807;201004;55.722;22.687;21.599;1;1
1807;201005;46.855;18.683;9.816;1;1
1807;201006;45.471;7.15;5.766;1;1
1807;201007;34.195;14.443;3.167;1;1
1807;201008;25.206;10.694;1.705;1;1
1807;201009;18.976;7.44;1.21;1;1
1807;201010;18.75;6.62;6.394;1;1
1807;201011;16.99;20.711;18.951;1;1
1807;201012;31.22;15.85;30.08;1;1
1807;201101;56.46;12.889;38.129;1;1
1807;201102;58.94;19.472;21.952;1;1
1807;201103;54.89;19.259;15.209;1;1
1807;201104;50.99;13.781;9.881;1;1
1807;201105;47.67;11.206;7.886;1;1
1807;201106;40.19;11.595;4.115;1;1
1807;201107;35.56;6.343;1.713;1;1
1807;201108;26.94;10.618;1.998;1;1
1807;201109;26.73;1.4;1.19;1;1
1807;201110;28.045;2.009;3.324;1;1
1807;201111;25.308;13.69;10.953;1;1
1807;201112;18.223;16.171;9.086;1;1
1807;201201;18.648;5.863;6.288;1;1
1807;201202;20.86;1.972;4.184;1;1
1807;201203;21.15;3.272;3.562;1;1
1807;201204;26.729;1.983;7.562;1;1
1807;201205;39.411;2.394;15.076;1;1
1807;201206;38.499;5.033;4.121;1;1
1807;201207;37.853;1.967;1.321;1;1
1807;201208;31.9;6.936;0.983;1;1
1807;201209;25.257;7.927;1.284;1;1
1807;201210;19.688;7.617;2.048;1;1
1807;201211;20.095;3.532;3.939;1;1
1807;201212;26.249;10.743;16.897;1;1
1807;201301;44.893;15.644;34.288;1;1
1807;201302;49.953;14.373;19.433;1;1
1807;201303;58.527;32.605;41.179;1;1
1807;201304;58.272;29.856;29.601;1;1
1807;201305;55.38;12.017;9.125;1;1
1807;201306;51.404;8.093;4.117;1;1
1807;201307;38.139;15.398;2.133;1;1
1807;201308;28.807;10.589;1.257;1;1
1807;201309;22.13;7.94;1.263;1;1
1807;201310;23.434;8.308;9.612;1;1
1807;201311;20.573;12.085;9.224;1;1
1807;201312;28.551;10.344;18.322;1;1
1807;201401;53.172;25.245;49.866;1;1
1807;201402;57.21;61.91;65.948;1;1
1807;201403;58.476;20.392;21.658;1;1
1807;201404;54.411;21.719;17.654;1;1
1807;201405;50.674;11.03;7.293;1;1
1807;201406;45.761;8.757;3.844;1;1
1807;201407;43;4.329;1.568;1;1
1807;201408;38.355;5.616;0.971;1;1
1807;201409;38.103;1.41;1.158;1;1
1807;201410;27.35;20.77;10.017;1;1
1807;201411;20.18;28.951;21.781;1;1
1807;201412;22.32;10.951;13.091;1;1
1807;201501;21.83;12.78;12.29;1;1
1807;201502;24.52;13.751;16.441;1;1
1807;201503;28.55;4.133;8.163;1;1
1807;201504;32.27;1.972;5.692;1;1
1807;201505;38.28;2.217;8.227;1;1
1807;201506;38.5;1.975;2.195;1;1
1807;201507;37.29;1.459;0.249;1;1
1807;201508;34.72;2.934;0.364;1;1
1807;201509;29.7;6.272;1.252;1;1
1807;201510;24.6;9.908;4.808;1;1
1807;201511;25.5;3.185;4.085;1;1
1807;201512;26.83;5.389;6.719;1;1
1807;201601;56.57;13.161;42.901;1;1
1807;201602;53.56;42.625;39.615;1;1
1807;201603;59.12;16.531;22.091;1;1
1807;201604;52.58;45.902;39.362;1;1
1807;201605;55.65;19.363;22.433;1;1
1807;201606;51.89;11.809;8.049;1;1
1807;201607;46.04;7.65;1.8;1;1
1807;201608;40.09;6.671;0.721;1;1
1807;201609;35;5.996;0.906;1;1
1807;201610;19.53;18.01;2.54;1;1
1807;201611;19.73;2.391;2.591;1;1
1807;201612;19.98;2.841;3.091;1;1
1807;201701;18.79;4.25;3.06;1;1
1807;201702;37.38;2.65;21.24;1;1
1807;201703;44.98;1.88;9.48;1;1
1807;201704;47.19;4.3;6.51;1;1
1807;201705;51.17;4.66;8.64;1;1
1807;201706;51.48;2.25;2.56;1;1
1807;201707;49.57;2.73;0.82;1;1
1807;201708;47.8;1.74;;1;1
1807;201709;41.02;7.33;0.55;1;1
1807;201710;39.4;1.989;0.369;1;1
1807;201711;38.86;1.63;1.09;1;1
1807;201712;28.56;16.832;6.532;1;1
1807;201801;31.97;7.12;10.53;1;1
1807;201802;33.27;5.275;6.575;1;1
1807;201803;58.72;30.004;55.454;1;1
1807;201804;57.76;34.527;33.567;1;1
1807;201805;50.23;17.428;9.898;1;1
1807;201806;53.09;4.094;6.954;1;1
1807;201807;48.91;7.366;3.186;1;1
1807;201808;40.49;9.257;0.837;1;1
1807;201809;34.67;6.589;0.769;1;1
1807;201810;30.02;5.861;1.211;1;1
1807;201811;34.03;6.904;10.914;1;1
1807;201812;33.96;13.179;13.109;1;1
1807;201901;30.25;12.944;9.234;1;1
1807;201902;32.65;9.287;11.687;1;1
1807;201903;37.21;9.625;14.185;1;1
1807;201904;45.51;9.609;17.909;1;1
1807;201905;50.9;2.307;7.697;1;1
1807;201906;52.96;1.579;3.639;1;1
1807;201907;42.07;12.963;2.073;1;1
1807;201908;37.38;5.319;0.629;1;1
1807;201909;32.71;5.023;0.353;1;1
1807;201910;26.96;8.38;2.63;1;1
1807;201911;25.37;15.201;13.611;1;1
1807;201912;53.23;19.533;47.393;1;1
1807;202001;56.38;16.035;19.185;1;1
1807;202002;54.64;14.906;13.166;1;1
1807;202003;56.87;16.283;18.513;1;1
1807;202004;57.02;13.07;13.22;1;1
1807;202005;54.17;11.955;9.105;1;1
1807;202006;48.87;8.463;3.163;1;1
1807;202007;46.08;2.903;0.113;1;1
1807;202008;38.9;7.603;0.423;1;1
1807;202009;22.28;18.461;1.841;1;1
1807;202010;20.23;3.889;1.839;1;1
1807;202011;21;2.768;3.538;1;1
1807;202012;27.34;9.831;16.171;1;1
1807;202101;33.74;16.229;22.629;1;1
1807;202102;57.91;22.795;46.965;1;1
1807;202103;54.4;18.94;15.43;1;1
1807;202104;46.62;18.077;10.297;1;1
1807;202105;41.17;14.916;9.466;1;1
1807;202106;38.43;7.56;4.82;1;1
1807;202107;34.67;5.286;1.526;1;1
1807;202108;23.38;12.782;1.492;1;1
1807;202109;22.55;1.357;0.527;1;1
1808;195810;15.39;11.851;6.111;2;1
1808;195811;9.65;11.14;4.31;2;1
1808;195812;2.82;6.461;56.991;2;1
1808;195901;53.35;41.244;64.624;2;1
1808;195902;76.73;32.047;30.697;2;1
1808;195903;75.38;61.54;62.89;2;1
1808;195904;76.73;64.979;64.979;2;1
1808;195905;76.73;41.382;41.382;2;1
1808;195906;76.73;24.722;18.212;2;1
1808;195907;70.22;32.284;6.734;2;1
1808;195908;44.67;16.585;4.225;2;1
1808;195909;32.31;14.57;6.76;2;1
1808;195910;24.5;22.205;9.305;2;1
1808;195911;11.6;12.571;41.971;2;1
1808;195912;41;212.838;248.538;2;1
1808;196001;76.7;123.811;123.811;2;1
1808;196002;76.7;201.442;201.442;2;1
1808;196003;76.7;180.498;180.498;2;1
1808;196004;76.7;57.689;57.689;2;1
1808;196005;76.7;23.492;22.192;2;1
1808;196006;75.4;26.421;12.921;2;1
1808;196007;61.9;30.966;3.366;2;1
1808;196008;34.3;4.294;3.694;2;1
1808;196009;33.7;17.677;5.377;2;1
1808;196010;21.4;12.738;54.438;2;1
1808;196011;63.1;135.168;148.768;2;1
1808;196012;76.7;119.935;119.935;2;1
1808;196101;76.7;129.749;129.749;2;1
1808;196102;76.7;54.885;54.885;2;1
1808;196103;76.7;39.301;32.401;2;1
1808;196104;69.8;26.362;33.262;2;1
1808;196105;76.7;21.791;21.791;2;1
1808;196106;76.7;17.898;11.998;2;1
1808;196107;70.8;29.443;6.643;2;1
1808;196108;48;14.018;3.918;2;1
1808;196109;37.9;14.798;2.398;2;1
1808;196110;25.5;20.491;7.391;2;1
1808;196111;12.4;13.732;18.032;2;1
1808;196112;16.7;22.338;82.338;2;1
1808;196201;76.7;107.675;107.675;2;1
1808;196202;76.7;;;2;1
1808;196203;76.7;;;2;1
1808;196204;76.7;;;2;1
1808;196205;76.7;26.406;25.506;2;1
1808;196206;75.8;22.906;11.806;2;1
1808;196207;64.7;;;2;1
1808;196208;43.7;;;2;1
1808;196209;37.5;;;2;1
1808;196210;20.3;18.317;4.017;2;1
1808;196211;6;9.228;4.828;2;1
1808;196212;1.6;3.802;6.402;2;1
1808;196301;4.2;34.716;70.316;2;1
1808;196302;39.8;100.112;133.612;2;1
1808;196303;73.3;118.29;119.59;2;1
1808;196304;74.6;57.603;58.503;2;1
1808;196305;75.5;22.196;20.496;2;1
1808;196306;73.8;19.466;18.966;2;1
1808;196307;73.3;13.686;5.986;2;1
1808;196308;65.6;16.528;3.628;2;1
1808;196309;52.7;16.572;4.012;2;1
1808;196310;40.14;24.071;4.341;2;1
1808;196311;20.41;36.314;86.834;2;1
1808;196312;70.93;82.607;84.027;2;1
1808;196401;72.35;30.404;33.114;2;1
1808;196402;75.06;91.446;86.666;2;1
1808;196403;70.28;136.702;137.282;2;1
1808;196404;70.86;40.867;45.067;2;1
1808;196405;75.06;17.513;16.803;2;1
1808;196406;74.35;17.712;16.782;2;1
1808;196407;73.42;18.386;7.716;2;1
1808;196408;62.75;18.438;3.518;2;1
1808;196409;47.83;20.157;3.627;2;1
1808;196410;31.3;16.969;5.369;2;1
1808;196411;19.7;16.416;3.716;2;1
1808;196412;7;7.517;5.217;2;1
1808;196501;4.7;0.467;11.167;2;1
1808;196502;15.4;15.993;14.793;2;1
1808;196503;14.2;26.654;58.954;2;1
1808;196504;46.5;0.441;21.941;2;1
1808;196505;68;10.679;12.279;2;1
1808;196506;69.6;12.83;7.03;2;1
1808;196507;63.8;17.332;4.332;2;1
1808;196508;50.8;18.265;3.365;2;1
1808;196509;35.9;5.003;;2;1
1808;196510;25.55;13.172;6.612;2;1
1808;196511;18.99;6.683;24.073;2;1
1808;196512;36.38;35.02;72.79;2;1
1808;196601;74.15;133.691;136.271;2;1
1808;196602;76.73;314.643;314.643;2;1
1808;196603;76.73;68.183;68.183;2;1
1808;196604;76.73;114.077;114.077;2;1
1808;196605;76.73;33.813;32.913;2;1
1808;196606;75.83;36.033;31.643;2;1
1808;196607;71.44;22.501;8.321;2;1
1808;196608;57.26;0.309;3.089;2;1
1808;196609;60.04;26.906;6.226;2;1
1808;196610;39.36;22.168;16.318;2;1
1808;196611;33.51;24.762;34.422;2;1
1808;196612;43.17;30.79;29.9;2;1
1808;196701;42.28;17.375;36.685;2;1
1808;196702;61.59;38.941;54.081;2;1
1808;196703;76.73;56.39;53.75;2;1
1808;196704;74.09;32.896;30.316;2;1
1808;196705;71.51;25.911;30.811;2;1
1808;196706;76.41;22.582;13.362;2;1
1808;196707;67.19;15.549;5.389;2;1
1808;196708;57.03;13.382;3.332;2;1
1808;196709;46.98;14.808;3.318;2;1
1808;196710;35.49;15.906;4.906;2;1
1808;196711;24.49;16.78;11.28;2;1
1808;196712;18.99;17.131;8.981;2;1
1808;196801;10.84;11.826;9.116;2;1
1808;196802;8.13;2.594;50.264;2;1
1808;196803;55.8;24.936;36.126;2;1
1808;196804;66.99;37.894;47.634;2;1
1808;196805;76.73;32.88;32.43;2;1
1808;196806;76.28;16.323;12.773;2;1
1808;196807;72.73;18.023;5.853;2;1
1808;196808;60.56;13.036;4.086;2;1
1808;196809;51.61;19.361;8.501;2;1
1808;196810;40.75;20.39;8.42;2;1
1808;196811;28.78;32.624;25.474;2;1
1808;196812;21.63;32.735;86.615;2;1
1808;196901;75.51;112.621;113.841;2;1
1808;196902;76.73;114.406;114.406;2;1
1808;196903;76.73;191.443;191.443;2;1
1808;196904;76.73;52.788;52.788;2;1
1808;196905;76.73;52.817;52.817;2;1
1808;196906;76.73;36.783;35.303;2;1
1808;196907;75.25;26.896;12.896;2;1
1808;196908;61.25;14.392;3.972;2;1
1808;196909;50.83;19.69;8.07;2;1
1808;196910;39.21;17.222;9.412;2;1
1808;196911;31.4;30.891;21.411;2;1
1808;196912;21.92;31.862;25.422;2;1
1808;197001;15.48;32.061;93.311;2;1
1808;197002;76.73;34.867;34.837;2;1
1808;197003;76.7;36.943;31.683;2;1
1808;197004;71.44;33.396;20.786;2;1
1808;197005;58.83;23.779;36.139;2;1
1808;197006;71.19;26.175;16.055;2;1
1808;197007;61.07;33.729;8.099;2;1
1808;197008;35.44;7.44;2.44;2;1
1808;197009;30.44;13.267;3.667;2;1
1808;197010;20.84;8.04;1.9;2;1
1808;197011;14.7;6.362;5.312;2;1
1808;197012;13.65;12.797;8.167;2;1
1808;197101;9.02;8.278;49.048;2;1
1808;197102;49.79;36.234;37.174;2;1
1808;197103;50.73;28.381;44.841;2;1
1808;197104;67.19;34.948;44.488;2;1
1808;197105;76.73;54.672;54.672;2;1
1808;197106;76.73;34.419;30.679;2;1
1808;197107;72.99;23.591;20.301;2;1
1808;197108;69.7;16.182;10.642;2;1
1808;197109;64.16;6.811;7.321;2;1
1808;197110;64.67;36.733;6.843;2;1
1808;197111;34.78;25.961;8.411;2;1
1808;197112;17.23;17.891;9.741;2;1
1808;197201;9.08;12.457;33.697;2;1
1808;197202;30.32;100.704;147.114;2;1
1808;197203;76.73;82.997;82.677;2;1
1808;197204;76.41;36.198;30.718;2;1
1808;197205;70.93;20.752;21.852;2;1
1808;197206;72.03;15.704;12.604;2;1
1808;197207;68.93;37.292;6.042;2;1
1808;197208;37.68;8.364;1.794;2;1
1808;197209;31.11;0;2.69;2;1
1808;197210;33.8;12.302;6.252;2;1
1808;197211;27.75;23.817;16.687;2;1
1808;197212;20.62;26.835;41.615;2;1
1808;197301;35.4;45.725;86.675;2;1
1808;197302;76.35;40.928;41.308;2;1
1808;197303;76.73;29.409;26.059;2;1
1808;197304;73.38;37.341;16.661;2;1
1808;197305;52.7;44.807;62.587;2;1
1808;197306;70.48;33.191;24.011;2;1
1808;197307;61.3;19.925;10.955;2;1
1808;197308;52.33;11.375;7.225;2;1
1808;197309;48.18;13.827;7.777;2;1
1808;197310;42.13;26.513;14.373;2;1
1808;197311;29.99;22.468;12.648;2;1
1808;197312;20.17;34.51;29.79;2;1
1808;197401;15.45;90.848;134.398;2;1
1808;197402;59;155.846;172.936;2;1
1808;197403;76.09;90.577;69.007;2;1
1808;197404;54.52;35.594;39.564;2;1
1808;197405;58.49;29.646;30.846;2;1
1808;197406;59.69;28.092;28.502;2;1
1808;197407;60.1;28.061;16.451;2;1
1808;197408;48.49;30.318;8.478;2;1
1808;197409;26.65;21.181;9.921;2;1
1808;197410;15.39;14.751;14.181;2;1
1808;197411;14.82;8.784;31.004;2;1
1808;197412;37.04;48.778;23.958;2;1
1808;197501;12.22;18.492;35.592;2;1
1808;197502;29.32;48.586;58.776;2;1
1808;197503;39.51;86.313;101.263;2;1
1808;197504;54.46;43.222;35.952;2;1
1808;197505;47.19;21.92;23.01;2;1
1808;197506;48.28;15.539;11.269;2;1
1808;197507;44.01;13.755;9.405;2;1
1808;197508;39.66;10.657;5.407;2;1
1808;197509;34.41;6.74;12.88;2;1
1808;197510;40.55;14.892;13.312;2;1
1808;197511;38.97;25.82;15.63;2;1
1808;197512;28.78;27.936;19.216;2;1
1808;197601;20.06;31.109;16.079;2;1
1808;197602;5.03;16.372;31.402;2;1
1808;197603;20.06;14.793;26.003;2;1
1808;197604;31.27;8.728;20.388;2;1
1808;197605;42.93;4.281;12.081;2;1
1808;197606;50.73;3.127;7.787;2;1
1808;197607;55.39;9.084;6.634;2;1
1808;197608;52.94;1.1;1.45;2;1
1808;197609;53.29;7.085;3.065;2;1
1808;197610;49.27;24.767;26.847;2;1
1808;197611;51.35;50.708;54.808;2;1
1808;197612;55.45;85.75;103.55;2;1
1808;197701;73.25;138.983;140.663;2;1
1808;197702;74.93;242.734;240.944;2;1
1808;197703;73.14;113.85;115.19;2;1
1808;197704;74.48;76.138;68.198;2;1
1808;197705;66.54;35.141;37.401;2;1
1808;197706;68.8;33.742;32.902;2;1
1808;197707;67.96;31.666;21.736;2;1
1808;197708;58.03;24.472;9.712;2;1
1808;197709;43.27;21.681;9.101;2;1
1808;197710;30.69;28.933;15.183;2;1
1808;197711;16.94;13.996;10.586;2;1
1808;197712;13.53;24.881;69.431;2;1
1808;197801;58.08;78.458;90.658;2;1
1808;197802;70.28;219.219;220.769;2;1
1808;197803;71.83;180.897;180.827;2;1
1808;197804;71.76;82.268;65.718;2;1
1808;197805;55.21;61.308;69.758;2;1
1808;197806;63.66;26.914;29.854;2;1
1808;197807;66.6;23.771;11.271;2;1
1808;197808;54.1;19.018;15.478;2;1
1808;197809;50.56;26.691;19.201;2;1
1808;197810;43.07;72.923;54.743;2;1
1808;197811;24.89;26.582;21.062;2;1
1808;197812;19.37;113.311;160.221;2;1
1808;197901;66.28;198.264;204.904;2;1
1808;197902;72.92;304.487;306.037;2;1
1808;197903;74.47;282.828;280.118;2;1
1808;197904;71.76;155.447;159.447;2;1
1808;197905;75.76;58.897;49.737;2;1
1808;197906;66.6;22.55;23.33;2;1
1808;197907;67.38;27.912;14.922;2;1
1808;197908;54.39;15.304;7.104;2;1
1808;197909;46.19;28.636;18.776;2;1
1808;197910;36.33;26.302;30.862;2;1
1808;197911;40.89;53.584;57.944;2;1
1808;197912;45.25;65.054;60.844;2;1
1808;198001;41.04;47.782;71.022;2;1
1808;198002;64.28;65.908;74.748;2;1
1808;198003;73.12;60.512;62.312;2;1
1808;198004;74.92;71.82;64.08;2;1
1808;198005;67.18;31.807;38.327;2;1
1808;198006;73.7;18.657;18.267;2;1
1808;198007;73.31;16.133;7.423;2;1
1808;198008;64.6;10.789;4.029;2;1
1808;198009;57.84;12.08;5.48;2;1
1808;198010;51.24;11.109;6.259;2;1
1808;198011;46.39;16.76;11.46;2;1
1808;198012;41.09;21.632;17.342;2;1
1808;198101;36.8;18.066;14.396;2;1
1808;198102;33.13;10.89;13;2;1
1808;198103;35.24;4.069;32.259;2;1
1808;198104;63.43;22.453;33.563;2;1
1808;198105;74.54;43.8;41.02;2;1
1808;198106;71.76;15.002;12.682;2;1
1808;198107;69.44;13.503;4.673;2;1
1808;198108;60.61;10.53;3.67;2;1
1808;198109;53.75;16.164;11.364;2;1
1808;198110;48.95;15.273;14.343;2;1
1808;198111;48.02;16.442;9.212;2;1
1808;198112;40.79;67.467;89.927;2;1
1808;198201;63.25;104.965;114.505;2;1
1808;198202;72.79;77.782;57.802;2;1
1808;198203;52.81;45.295;30.505;2;1
1808;198204;38.02;11.451;15.111;2;1
1808;198205;41.68;7.863;9.843;2;1
1808;198206;43.66;8.452;8.402;2;1
1808;198207;43.61;8.279;3.529;2;1
1808;198208;38.86;0.443;1.783;2;1
1808;198209;40.2;2.85;5.389;2;1
1808;198210;42.739;10.363;13.512;2;1
1808;198211;45.888;40.31;45.799;2;1
1808;198212;51.377;61.249;75.914;2;1
1808;198301;66.042;64.262;43.205;2;1
1808;198302;44.985;37.135;39.872;2;1
1808;198303;47.722;43.452;35.982;2;1
1808;198304;40.252;53.584;88.651;2;1
1808;198305;75.319;138.126;138.254;2;1
1808;198306;75.447;56.159;53.352;2;1
1808;198307;72.64;31.32;31.447;2;1
1808;198308;72.767;17.315;11.335;2;1
1808;198309;66.787;22.245;8.48;2;1
1808;198310;53.022;27.148;8.03;2;1
1808;198311;33.904;29.675;19.004;2;1
1808;198312;23.233;55.336;86.966;2;1
1808;198401;54.863;77.756;83.011;2;1
1808;198402;60.118;74.52;72.49;2;1
1808;198403;58.088;67.735;60.772;2;1
1808;198404;51.125;78.83;85.912;2;1
1808;198405;58.207;79.109;59.67;2;1
1808;198406;38.768;45.112;36.001;2;1
1808;198407;29.657;0;23.766;2;1
1808;198408;53.423;0;9.786;2;1
1808;198409;63.209;37.805;10.769;2;1
1808;198410;36.173;25.239;18.054;2;1
1808;198411;28.988;53.622;65.841;2;1
1808;198412;41.207;81.711;97.47;2;1
1808;198501;56.966;94.252;112.862;2;1
1808;198502;75.576;159.123;157.78;2;1
1808;198503;74.233;90.633;90.059;2;1
1808;198504;73.659;98.558;95.07;2;1
1808;198505;70.171;57.635;33.674;2;1
1808;198506;46.21;34.868;46.214;2;1
1808;198507;57.556;20.986;8.415;2;1
1808;198508;44.985;15.343;7.769;2;1
1808;198509;37.411;16.74;10.006;2;1
1808;198510;30.677;20.196;10.233;2;1
1808;198511;20.714;34.875;23.943;2;1
1808;198512;9.782;37.411;45.449;2;1
1808;198601;17.82;;;2;1
1808;198602;10.751;;;2;1
1808;198603;73.404;92.627;82.188;2;1
1808;198604;62.965;71.778;63.33;2;1
1808;198605;54.517;56.561;32.807;2;1
1808;198606;30.763;22.905;14.907;2;1
1808;198607;22.765;5.479;16.573;2;1
1808;198608;33.859;13.35;4.468;2;1
1808;198609;24.977;3.292;6.318;2;1
1808;198610;28.003;10.342;13.361;2;1
1808;198611;31.022;37.79;35.467;2;1
1808;198612;28.699;43.829;28.038;2;1
1808;198701;12.908;39.943;37.399;2;1
1808;198702;10.364;41.083;58.276;2;1
1808;198703;27.557;22.704;37.219;2;1
1808;198704;42.072;31.658;51.395;2;1
1808;198705;61.809;28.218;28.339;2;1
1808;198706;61.93;34.784;41.641;2;1
1808;198707;68.787;14.445;6.378;2;1
1808;198708;60.72;13.073;3.956;2;1
1808;198709;51.603;35.299;10.218;2;1
1808;198710;26.522;35.277;45.354;2;1
1808;198711;36.599;79.756;64.108;2;1
1808;198712;20.951;82.925;90.921;2;1
1808;198801;28.947;107.765;147.856;2;1
1808;198802;69.038;133.246;139.336;2;1
1808;198803;75.128;77.867;46.308;2;1
1808;198804;43.569;53.015;59.147;2;1
1808;198805;49.701;43.053;55.89;2;1
1808;198806;62.538;42.396;38.839;2;1
1808;198807;58.981;44.6;38.3;2;1
1808;198808;52.681;21.027;17.991;2;1
1808;198809;49.645;22.413;10.903;2;1
1808;198810;38.135;31.241;9.935;2;1
1808;198811;16.829;25.402;15.135;2;1
1808;198812;6.562;13.996;10.823;2;1
1808;198901;3.389;7.438;10.58;2;1
1808;198902;6.531;5.651;13.354;2;1
1808;198903;14.234;7.04;27.258;2;1
1808;198904;34.452;16.062;36.184;2;1
1808;198905;54.574;30.621;21.35;2;1
1808;198906;45.303;17.098;21.33;2;1
1808;198907;49.535;13.174;11.743;2;1
1808;198908;48.104;6.73;3.137;2;1
1808;198909;44.511;4.725;5.252;2;1
1808;198910;45.038;18.253;8.638;2;1
1808;198911;35.423;34.776;19.932;2;1
1808;198912;20.579;95.852;150.017;2;1
1808;199001;74.744;94.289;92.694;2;1
1808;199002;73.149;100.084;92.544;2;1
1808;199003;65.609;60.732;42.682;2;1
1808;199004;47.559;39.079;40.889;2;1
1808;199005;49.369;11.439;15.665;2;1
1808;199006;53.595;3.482;7.148;2;1
1808;199007;57.261;5.764;3.135;2;1
1808;199008;54.632;7.069;3.478;2;1
1808;199009;51.041;13.417;7.785;2;1
1808;199010;45.409;32.34;12.635;2;1
1808;199011;25.704;31.914;18.995;2;1
1808;199012;12.785;15.508;14.14;2;1
1808;199101;11.417;50.823;52.438;2;1
1808;199102;13.032;37.223;46.142;2;1
1808;199103;21.951;74.782;114.276;2;1
1808;199104;61.445;44.779;43.152;2;1
1808;199105;59.818;30.208;23.985;2;1
1808;199106;53.595;19.687;14.799;2;1
1808;199107;48.707;16.57;10.294;2;1
1808;199108;42.431;14.669;8.411;2;1
1808;199109;36.173;15.326;7.278;2;1
1808;199110;28.125;25.441;14.175;2;1
1808;199111;16.859;32.061;27.503;2;1
1808;199112;12.301;31.318;24.081;2;1
1808;199201;5.064;20.519;28.737;2;1
1808;199202;13.282;17.564;18.437;2;1
1808;199203;14.155;12.935;13.467;2;1
1808;199204;14.687;10.135;28.539;2;1
1808;199205;33.091;4.096;9.481;2;1
1808;199206;38.476;13.875;11.903;2;1
1808;199207;36.504;12.147;7.186;2;1
1808;199208;31.543;13.238;8.021;2;1
1808;199209;26.326;9.858;5.976;2;1
1808;199210;22.444;14.684;11.312;2;1
1808;199211;19.072;16.25;11.544;2;1
1808;199212;14.366;38.757;38.811;2;1
1808;199301;14.42;30.387;30.979;2;1
1808;199302;15.012;17.697;15.082;2;1
1808;199303;12.397;12;10.441;2;1
1808;199304;10.838;7.673;17.247;2;1
1808;199305;20.412;9.062;36.59;2;1
1808;199306;47.94;21.236;32.396;2;1
1808;199307;59.1;31.283;20.561;2;1
1808;199308;48.378;20.407;10.847;2;1
1808;199309;38.818;13.298;6.902;2;1
1808;199310;32.422;45.163;57.252;2;1
1808;199311;44.511;51.356;60.555;2;1
1808;199312;53.71;77.563;51.978;2;1
1808;199401;28.125;89.555;134.07;2;1
1808;199402;72.64;77.063;79.935;2;1
1808;199403;75.512;79.14;60.948;2;1
1808;199404;57.32;36.597;29.981;2;1
1808;199405;50.704;45.384;58.073;2;1
1808;199406;63.393;37.281;34.548;2;1
1808;199407;60.66;19.484;13.167;2;1
1808;199408;54.343;19.807;9.555;2;1
1808;199409;44.091;26.291;16.515;2;1
1808;199410;26.444;24.396;15.788;1;1
1808;199411;16.859;40.563;30.978;1;1
1808;199412;20.179;22.572;25.892;1;1
1808;199501;43.933;56.612;80.366;1;1
1808;199502;55.101;67.135;78.303;1;1
1808;199503;50.316;66.862;62.077;1;1
1808;199504;37.985;37.268;24.937;1;1
1808;199505;41.257;21.741;25.013;1;1
1808;199506;37.937;19.157;15.837;1;1
1808;199507;37.023;10.908;9.994;1;1
1808;199508;32.994;11.709;7.68;1;1
1808;199509;26.195;13.57;6.771;1;1
1808;199510;24.434;11.464;9.703;1;1
1808;199511;33.083;18.434;27.083;1;1
1808;199512;67.733;54.127;88.777;1;1
1808;199601;71.572;279.477;283.316;1;1
1808;199602;74.053;100.976;103.457;1;1
1808;199603;66.984;61.889;54.82;1;1
1808;199604;68.359;64.752;66.127;1;1
1808;199605;62.181;49.713;43.535;1;1
1808;199606;53.83;30.672;22.321;1;1
1808;199607;47.398;16.753;10.321;1;1
1808;199608;42.122;12.042;6.766;1;1
1808;199609;37.358;18.889;14.125;1;1
1808;199610;33.218;12.395;8.255;1;1
1808;199611;39.356;16.633;22.771;1;1
1808;199612;50.093;51.338;62.075;1;1
1808;199701;58.214;77.294;85.415;1;1
1808;199702;42.122;66.604;50.512;1;1
1808;199703;34.63;40.347;32.855;1;1
1808;199704;29.689;24.967;20.026;1;1
1808;199705;39.208;6.418;15.937;1;1
1808;199706;57.503;6.418;24.713;1;1
1808;199707;59.466;8.328;10.291;1;1
1808;199708;53.543;13.202;7.279;1;1
1808;199709;38.667;26.58;11.704;1;1
1808;199710;32.592;20.99;14.915;1;1
1808;199711;67.359;60.314;95.081;1;1
1808;199712;68.108;158.266;159.015;1;1
1808;199801;68.546;115.438;115.876;1;1
1808;199802;62.547;58.749;52.75;1;1
1808;199803;59.885;42.504;39.842;1;1
1808;199804;68.484;99.906;108.505;1;1
1808;199805;60.667;69.49;61.673;1;1
1808;199806;62.73;20.157;22.22;1;1
1808;199807;52.97;21.612;11.852;1;1
1808;199808;48.38;16.847;12.257;1;1
1808;199809;36.689;24.287;12.596;1;1
1808;199810;21.613;35.967;20.891;1;1
1808;199811;12.035;28.925;19.347;1;1
1808;199812;8.139;20.074;16.178;1;1
1808;199901;18.704;8.59;19.155;1;1
1808;199902;24.173;7.586;13.055;1;1
1808;199903;39.701;5.351;20.879;1;1
1808;199904;54.058;6.965;21.322;1;1
1808;199905;62.666;29.824;38.432;1;1
1808;199906;57.088;21.894;16.316;1;1
1808;199907;44.931;18.549;6.392;1;1
1808;199908;42.121;7.655;4.845;1;1
1808;199909;44.72;14.74;17.339;1;1
1808;199910;54.52;34.416;44.216;1;1
1808;199911;43.255;70.644;59.379;1;1
1808;199912;46.693;61.33;64.768;1;1
1808;200001;38.373;73.084;64.764;1;1
1808;200002;36.831;40.805;39.263;1;1
1808;200003;41.003;21.87;26.042;1;1
1808;200004;60.123;36.406;55.526;1;1
1808;200005;56.149;58.992;55.018;1;1
1808;200006;56.559;31.665;32.075;1;1
1808;200007;65.182;14.999;23.622;1;1
1808;200008;63.778;9.364;7.96;1;1
1808;200009;35.133;51.558;22.913;1;1
1808;200010;2.626;38.425;5.918;1;1
1808;200011;32.06;16.581;46.015;1;1
1808;200012;66.669;224.456;259.065;1;1
1808;200101;66.794;312.92;313.045;1;1
1808;200102;70.142;169.544;172.892;1;1
1808;200103;69.829;351.266;350.953;1;1
1808;200104;66.227;111.181;107.579;1;1
1808;200105;67.4;68.626;69.799;1;1
1808;200106;64.205;28.653;25.458;1;1
1808;200107;44.803;36.037;16.635;1;1
1808;200108;35.405;18.827;9.429;1;1
1808;200109;31.542;7.619;3.756;1;1
1808;200110;33.264;6.42;8.142;1;1
1808;200111;20.59;31.228;18.554;1;1
1808;200112;8.512;23.094;11.016;1;1
1808;200201;10.957;8.006;10.451;1;1
1808;200202;26.47;0.535;16.048;1;1
1808;200203;44.141;0.454;18.125;1;1
1808;200204;55.041;1.534;12.434;1;1
1808;200205;62.118;18.706;25.783;1;1
1808;200206;62.666;5.467;6.015;1;1
1808;200207;54.462;10.295;2.091;1;1
1808;200208;42.304;14.485;2.327;1;1
1808;200209;30.24;15.693;3.629;1;1
1808;200210;16.487;33.031;19.278;1;1
1808;200211;32.281;60.333;76.127;1;1
1808;200212;62.788;110.736;141.243;1;1
1808;200301;69.735;206.887;213.834;1;1
1808;200302;65.676;73.158;69.099;1;1
1808;200303;62.422;81.649;78.395;1;1
1808;200304;60.906;76.998;75.482;1;1
1808;200305;66.794;32.995;38.883;1;1
1808;200306;56.266;24.691;14.163;1;1
1808;200307;35.838;35.361;14.933;1;1
1808;200308;21.795;24.241;10.198;1;1
1808;200309;17.557;15.151;10.913;1;1
1808;200310;16.169;8.975;7.587;1;1
1808;200311;16.14;32.925;32.896;1;1
1808;200312;13.513;56.967;54.34;1;1
1808;200401;25.806;29.122;41.415;1;1
1808;200402;39.552;16.727;30.473;1;1
1808;200403;57.797;11.322;29.567;1;1
1808;200404;55.274;27.142;24.619;1;1
1808;200405;62.178;10.609;17.513;1;1
1808;200406;58.628;13.577;10.027;1;1
1808;200407;43.984;34.196;19.552;1;1
1808;200408;28.687;38.143;22.846;1;1
1808;200409;25.001;13.443;9.757;1;1
1808;200410;18.735;26.997;20.731;1;1
1808;200411;15.997;29.641;26.903;1;1
1808;200412;22.075;14.699;20.777;1;1
1808;200501;21.07;22.639;21.634;1;1
1808;200502;18.389;18.442;15.761;1;1
1808;200503;25.001;7.713;14.325;1;1
1808;200504;37.936;3.895;16.83;1;1
1808;200505;48.05;3.741;13.855;1;1
1808;200506;50.594;10.505;13.049;1;1
1808;200507;31.796;25.783;6.985;1;1
1808;200508;26.76;4.398;;1;1
1808;200509;25.358;8.358;6.956;1;1
1808;200510;22.159;14.151;10.952;1;1
1808;200511;16.326;22.39;16.557;1;1
1808;200512;17.845;13.613;15.132;1;1
1808;200601;18.122;17.527;17.804;1;1
1808;200602;27.358;9.707;18.943;1;1
1808;200603;48.941;37.384;58.967;1;1
1808;200604;47.464;65.736;64.259;1;1
1808;200605;53.841;16.444;22.821;1;1
1808;200606;50.272;14.195;10.626;1;1
1808;200607;37.419;26.271;13.418;1;1
1808;200608;35.012;8.301;5.894;1;1
1808;200609;29.534;12.154;6.676;1;1
1808;200610;28.208;20.813;19.487;1;1
1808;200611;29.033;59.169;59.994;1;1
1808;200612;44.47;83.448;98.885;1;1
1808;200701;40.362;49.905;45.797;1;1
1808;200702;53.268;58.276;71.182;1;1
1808;200703;49.604;79.971;76.307;1;1
1808;200704;51.619;28.71;30.725;1;1
1808;200705;58.82;20.77;27.971;1;1
1808;200706;51.45;30.959;23.589;1;1
1808;200707;33.321;46.173;28.044;1;1
1808;200708;32.338;6.747;5.764;1;1
1808;200709;26.919;15.817;10.398;1;1
1808;200710;20.88;18.963;12.924;1;1
1808;200711;21.461;3.321;3.902;1;1
1808;200712;22.442;4.715;5.696;1;1
1808;200801;27.198;22.525;27.281;1;1
1808;200802;31.766;12.547;17.115;1;1
1808;200803;38.728;7.911;14.873;1;1
1808;200804;42.854;37.714;41.84;1;1
1808;200805;55.462;16.194;28.802;1;1
1808;200806;51.901;24.809;21.248;1;1
1808;200807;37.901;37.391;23.391;1;1
1808;200808;30.982;16.342;9.423;1;1
1808;200809;25.09;16.74;10.848;1;1
1808;200810;23.45;12.531;10.891;1;1
1808;200811;19.003;11.833;7.386;1;1
1808;200812;23.743;13.879;18.619;1;1
1808;200901;39.516;37.425;53.198;1;1
1808;200902;47.79;73.72;81.994;1;1
1808;200903;42.185;59.048;53.443;1;1
1808;200904;43.841;18.719;20.375;1;1
1808;200905;42.391;16.082;14.632;1;1
1808;200906;43.164;11.421;12.194;1;1
1808;200907;39.072;9.636;5.544;1;1
1808;200908;28.577;17.241;6.746;1;1
1808;200909;26.248;14.812;12.483;1;1
1808;200910;16.646;19.031;9.429;1;1
1808;200911;16.764;29.51;29.628;1;1
1808;200912;62.68;90.372;136.288;1;1
1808;201001;63.719;214.795;215.834;1;1
1808;201002;63.719;135.18;135.18;1;1
1808;201003;62.436;167.983;166.7;1;1
1808;201004;56.455;99.017;93.036;1;1
1808;201005;58.404;48.291;50.24;1;1
1808;201006;54.418;28.924;24.938;1;1
1808;201007;35.012;41.622;22.216;1;1
1808;201008;26.879;21.417;13.284;1;1
1808;201009;23.56;12.859;9.54;1;1
1808;201010;20.98;17.668;15.088;1;1
1808;201011;19.81;49.767;48.597;1;1
1808;201012;26.92;71.04;78.15;1;1
1808;201101;55.87;82.434;111.384;1;1
1808;201102;60.98;83.371;88.481;1;1
1808;201103;51.67;78.405;69.095;1;1
1808;201104;49.05;48.759;46.139;1;1
1808;201105;52.47;29.975;33.395;1;1
1808;201106;55.06;16.977;19.567;1;1
1808;201107;48.17;16.512;9.622;1;1
1808;201108;32.96;29.122;13.912;1;1
1808;201109;18.56;20.568;6.168;1;1
1808;201110;17.662;6.648;5.75;1;1
1808;201111;23.523;15.593;21.454;1;1
1808;201112;20.341;33.169;29.987;1;1
1808;201201;21.948;15.09;16.697;1;1
1808;201202;22.265;9.404;9.721;1;1
1808;201203;27.078;2.911;7.724;1;1
1808;201204;29.157;11.543;13.622;1;1
1808;201205;36.701;22.216;29.76;1;1
1808;201206;42.339;5.023;10.661;1;1
1808;201207;37.563;7.126;2.35;1;1
1808;201208;27.801;16.878;7.116;1;1
1808;201209;23.015;11.992;7.206;1;1
1808;201210;14.385;18.452;9.822;1;1
1808;201211;16.734;3.497;5.846;1;1
1808;201212;28.66;25.03;36.956;1;1
1808;201301;61.707;75.925;108.972;1;1
1808;201302;58.047;82.636;78.976;1;1
1808;201303;60.98;132.003;134.936;1;1
1808;201304;58.939;120.338;118.297;1;1
1808;201305;50.495;52.509;44.065;1;1
1808;201306;48.227;22.096;19.828;1;1
1808;201307;41.218;24.99;17.981;1;1
1808;201308;25.898;28.498;13.178;1;1
1808;201309;18.215;17.773;10.09;1;1
1808;201310;23.051;13.223;18.059;1;1
1808;201311;16.413;41.115;34.477;1;1
1808;201312;35.57;31.913;51.07;1;1
1808;201401;61.949;134.023;160.402;1;1
1808;201402;62.132;231.337;231.52;1;1
1808;201403;57.161;102.504;97.533;1;1
1808;201404;48.721;82.746;74.306;1;1
1808;201405;53.726;26.823;31.828;1;1
1808;201406;51.901;19.68;17.855;1;1
1808;201407;46.976;12.512;7.587;1;1
1808;201408;35.43;19.304;7.758;1;1
1808;201409;20.076;22.364;7.01;1;1
1808;201410;24.37;24.634;28.928;1;1
1808;201411;24.49;70.33;70.45;1;1
1808;201412;17;59;51.51;1;1
1808;201501;22.48;43.564;49.044;1;1
1808;201502;26.92;68.706;73.146;1;1
1808;201503;24.52;38.799;36.399;1;1
1808;201504;36.65;5.642;17.772;1;1
1808;201505;48.45;9.066;20.866;1;1
1808;201506;49.83;6.054;7.434;1;1
1808;201507;45.53;7.415;3.115;1;1
1808;201508;39.86;10.083;4.413;1;1
1808;201509;36.75;12.103;8.993;1;1
1808;201510;31.47;24.063;18.783;1;1
1808;201511;22.8;20.209;11.539;1;1
1808;201512;25.32;10.17;12.69;1;1
1808;201601;55.32;79.039;109.039;1;1
1808;201602;61.57;147.177;153.427;1;1
1808;201603;61.69;94.758;94.878;1;1
1808;201604;63.32;139.907;141.537;1;1
1808;201605;64.85;90.796;92.326;1;1
1808;201606;50.07;54.443;39.663;1;1
1808;201607;45.34;20.736;16.006;1;1
1808;201608;37.83;17.63;10.12;1;1
1808;201609;22.94;27.534;12.644;1;1
1808;201610;23.82;19.56;20.44;1;1
1808;201611;16.94;16.81;9.93;1;1
1808;201612;19.72;4.62;7.4;1;1
1808;201701;17.66;13.23;11.17;1;1
1808;201702;34.27;22.15;38.76;1;1
1808;201703;34.05;24.9;24.68;1;1
1808;201704;36.03;13.76;15.74;1;1
1808;201705;38.07;12.06;14.1;1;1
1808;201706;36.75;5.53;4.21;1;1
1808;201707;33.29;6.23;2.77;1;1
1808;201708;29.46;5.201;1.371;1;1
1808;201709;24.18;14.4;9.12;1;1
1808;201710;19.16;8.817;3.797;1;1
1808;201711;15.54;8.338;4.718;1;1
1808;201712;23.25;14.102;21.812;1;1
1808;201801;24.73;26.698;28.178;1;1
1808;201802;26.37;20.607;22.247;1;1
1808;201803;63.08;115.468;152.178;1;1
1808;201804;63.14;129.226;129.286;1;1
1808;201805;60.37;45.371;42.601;1;1
1808;201806;60.43;24.222;24.282;1;1
1808;201807;46.02;32.384;17.974;1;1
1808;201808;33.56;24.854;12.394;1;1
1808;201809;23.01;20.182;9.632;1;1
1808;201810;16.8;15.617;9.407;1;1
1808;201811;21.81;18.046;23.056;1;1
1808;201812;29.42;32.173;39.783;1;1
1808;201901;35.86;28.701;35.141;1;1
1808;201902;43.42;37.312;44.872;1;1
1808;201903;46.13;40.611;43.321;1;1
1808;201904;61.45;41.414;56.734;1;1
1808;201905;56.59;31.081;26.221;1;1
1808;201906;60.85;7.356;11.616;1;1
1808;201907;42.7;34.326;16.176;1;1
1808;201908;28.93;21.602;7.832;1;1
1808;201909;15.84;21.651;8.561;1;1
1808;201910;17.14;10.561;11.861;1;1
1808;201911;22.9;28.859;34.619;1;1
1808;201912;63.38;93.938;134.418;1;1
1808;202001;54.17;80.213;71.003;1;1
1808;202002;44.76;61.602;52.192;1;1
1808;202003;50.13;62.64;68.01;1;1
1808;202004;59.3;38.881;48.051;1;1
1808;202005;58.06;35.632;34.392;1;1
1808;202006;58.88;15.05;15.87;1;1
1808;202007;52.19;11.432;4.742;1;1
1808;202008;46.77;12.936;7.516;1;1
1808;202009;38.5;26.468;18.198;1;1
1808;202010;24.4;22.163;8.063;1;1
1808;202011;15.57;18.198;9.368;1;1
1808;202012;20.78;25.295;30.505;1;1
1808;202101;33.42;37.623;50.263;1;1
1808;202102;61.93;114.336;142.846;1;1
1808;202103;52.41;73.503;63.983;1;1
1808;202104;54.28;39.783;41.653;1;1
1808;202105;63.44;24.912;34.072;1;1
1808;202106;57.18;25.47;19.21;1;1
1808;202107;41.04;25.917;9.777;1;1
1808;202108;26.07;29.223;14.253;1;1
1808;202109;19.85;10.189;3.969;1;1
